job_id,title,company,url,first_seen,last_seen,active,Location,Salary,Language Requirements,Education,Programming Languages,Required Software / Tools,Work Arrangement,Job Type,Experience Level
1854188,Feljesztőmérnök,FUX Zrt.,https://www.cvonline.hu/hu/master/allas/fejlesztomernok-1854188,2026-03-09,2026-03-25,True,,,"{'Language': 'English', 'Level': 'B2'}",Bachelor,,"Windows, MS Office",,Full-time,
1858566,"IT-Service Continuity Manager (m,w,d)",Vienna,https://www.cvonline.hu/hu/allas/it-service-continuity-manager-mwd-1858566,2026-03-09,2026-03-25,True,Europe and Asia,60000 EUR gross/year,"{'English': 'B2'}, {'German': 'C1'}","Bachelor, Master",,,Hybrid (2 days/week home-office),Full-time,3-5 years
1854055,IT hálózati mérnök,Mavir Zrt.,https://www.cvonline.hu/hu/allas/it-halozati-mernok-1854055,2026-03-09,2026-03-25,True,Budapest,,"{'Language': 'English', 'CEFR Level': 'B2'}",Bachelor,,,Home-Office,Full-time,3-5 years
1858593,ADATBÁZIS ÜZEMELTETÉSI SZAKÉRTŐ (ORACLE/MSSQL),BECK AND PARTNERS Kft.,https://www.cvonline.hu/hu/allas/adatbazis-uzemeltetesi-szakerto-oracle-mssql-1858593,2026-03-09,2026-03-25,True,Budapest,,English: B2,,,"Oracle, MSSQL, RMAN, Oracle RAC, Data Guard, ASM, Enterprise Manager Cloud Control",Home-Office,Full-time,5+ years
1858586,Diákmunka - DevOps,MŰISZ Iskolaszövetkezet,https://www.cvonline.hu/hu/allas/diakmunka-devops-1858586,2026-03-09,2026-03-25,True,,3000-5000 Ft/hour,,"Bachelor, Master, PhD",,"Kubernetes, Docker, Podman, containerd, cri-o, Jenkins, Travis, Bamboo, CircleCI, NodeJS, React",Hybrid,Full-time,
1849682,Számítógép szerelő technikus,Pannon-Work Cégcsoport,https://www.cvonline.hu/hu/allas/szamitogep-szerelo-technikus-1849682,2026-03-09,2026-03-23,False,,,,High School with Diploma,,,Multiple shifts,Full-time,
1712134,SPS-Softwareentwickler für Modernisierungs- und Supportprojekte (m/w/d),Laendle,https://www.cvonline.hu/hu/allas/sps-softwareentwickler-fur-modernisierungs-und-supportprojekte-m-w-d-1712134,2026-03-09,2026-03-09,False,,,,Bachelor,"Siemens S7, TIA",,,Full-time,1-3 years
1853989,SAP IBP Consultant (Supply Chain Planning),Randstad Hungary Kft.,https://www.cvonline.hu/hu/allas/sap-ibp-consultant-supply-chain-planning-1853989,2026-03-09,2026-03-25,True,Hungary,,"English: B2, German: unknown",Bachelor or comparable qualification,"SAP ABAP OO, Python","SAP IBP, SAP S4/HANA, Python",Home-Office,Full-time,5+ years
1844333,"Web&ERP támogató konzulens (Web, Backend)",Hire-One Kft.,https://www.cvonline.hu/hu/allas/weberp-tamogato-konzulens-web-backend-1844333,2026-03-09,2026-03-17,False,,,{'English': 'B2'},Bachelor,"HTML, CSS, JavaScript, .NET (C#)","REST API, SQL",,,3-5 years
1858621,IT TECHNIKUS,BECK AND PARTNERS Kft.,https://www.cvonline.hu/hu/allas/it-technikus-1858621,2026-03-09,2026-03-23,False,Győr,,"{'Language': 'English', 'CEFR Level': 'B'}",Bachelor,,"Windows, Microsoft Active Directory",On-site,Full-time,1-3 years
1844225,"Customer Technology Advisor - Cloud 


(m/w/d)",Vienna,https://www.cvonline.hu/hu/allas/customer-technology-advisor-cloud-m-w-d-1844225,2026-03-09,2026-03-17,False,,110000 EUR gross/year + 20% Bonus,"English: B2, German: native",,,,Home-Office,Full-time,5+ years
1844158,Senior rendszermérnök (Adatbázis adminisztrátor),Magyar Posta ZRt.,https://www.cvonline.hu/hu/allas/senior-rendszermernok-adatbazis-adminisztrator-1844158,2026-03-09,2026-03-17,False,Budapest,,"{'Language': 'English', 'CEFR Level': 'alap szintű'}",szakirányú informatikai végzettség,"SQL, PLSQL, pgSQL",Linux,On-site with home office,Full-time,2-5 éves szakmai tapasztalat
1849451,ADATBÁZIS ÜZEMELTETÉSI SZAKÉRTŐ (ORACLE/MSSQL),BECK AND PARTNERS Kft.,https://www.cvonline.hu/hu/allas/adatbazis-uzemeltetesi-szakerto-oracle-mssql-1849451,2026-03-09,2026-03-23,False,Budapest,,English: B2,,,"Oracle, MSSQL, RMAN, Oracle RAC, Data Guard, ASM, Enterprise Manager Cloud Control",Home-Office,Full-time,5+ years
1858168,Business Consultant (m/w/d),Vienna,https://www.cvonline.hu/hu/allas/business-consultant-m-w-d-1858168,2026-03-09,2026-03-25,True,Wien,50000 EUR gross/year,,Bachelor,,,Home-Office,Full-time,0-1 years
1853685,Műszaki üzemeltető és karbantartó technikus - Budapest (Országos lefedettség),Man at Work Humánszolgáltató és Személyzeti Tanácsadó Kft.,https://www.cvonline.hu/hu/allas/muszaki-uzemelteto-es-karbantarto-technikus-budapest-orszagos-lefedettseg-1853685,2026-03-09,2026-03-25,True,Budapest,750000-850000 Ft/hó,,"Középfokú műszaki végzettség (villamos, elektronikai, informatikai, hálózati területen)",,,Túlnyomórészt kültéri munkavégzés,Full-time,
1858319,Diákmunka - Beágyazott Szoftverfejlesztő Gyakornok,MŰISZ Iskolaszövetkezet,https://www.cvonline.hu/hu/allas/diakmunka-beagyazott-szoftverfejleszto-gyakornok-1858319,2026-03-09,2026-03-25,True,,2390 Ft/hour,English,Bachelor,C,,Part-time (flexible schedule),Internship/Student job,
1853682,IT Manager,HSA Kft.,https://www.cvonline.hu/hu/allas/it-manager-1853682,2026-03-09,2026-03-25,True,,,{'English': 'B2'},Bachelor,,"Microsoft Windows, Microsoft Office",,Full-time,5+ years
1843994,Senior/Principal Software Engineer,Trenkwalder Kft,https://www.cvonline.hu/hu/allas/senior-principal-software-engineer-1843994,2026-03-09,2026-03-17,False,Debrecen,,English: B2,"Bachelor/Master (Informatikai, villamosmérnöki vagy hasonló területen)","C++, LabVIEW, LabVIEW FPGA, VeriStand",Azure DevOps,Hybrid,Full-time,5+ years
1843982,IT szakértő,MÁV Szolgáltató Központ Zrt.,https://www.cvonline.hu/hu/allas/it-szakerto-1843982,2026-03-09,2026-03-17,False,Budapest,20526.00 EUR gross/month,English: B2,"Bachelor, Master",,"MS Windows, Android, MDM, AD, SCCM, MS Office, MS Excel",On-site,Full-time,3-5 years
1838728,Junior BI Developer,HAYS Hungary Kft.,https://www.cvonline.hu/hu/allas/bi-developer-1838728,2026-03-09,2026-03-10,False,Budapest,,English: B2,,"Power BI, Power Automate, MS Excel","Power BI, Power Automate",Hybrid,Full-time,2-3 years
1858273,Hálózati rendszermérnök (medior vagy senior),MÁV Szolgáltató Központ Zrt.,https://www.cvonline.hu/hu/allas/halozati-rendszermernok-medior-vagy-senior-1858273,2026-03-09,2026-03-25,True,Budapest,20526.00 EUR gross/month,,Bachelor,Linux,"Cisco, Fortinet, F5, Docker",On-site,Full-time,3-5 years
1858140,Intermediate QA Automation Engineer,HAYS Hungary Kft.,https://www.cvonline.hu/hu/allas/intermediate-qa-automation-engineer-1858140,2026-03-09,2026-03-25,True,Hungary,,,,"{'name': 'scripting language (not specified)', 'level': None}","Postman, Bruno, JMeter",,Full-time,5+ years
1858163,System Test Engineer (m/f/x),Vienna,https://www.cvonline.hu/hu/allas/system-test-engineer-m-f-x-1858163,2026-03-09,2026-03-09,False,Wien,3300 EUR brutto/month,"English: B2, Deutsch: B2","Abgeschlossene Ausbildung im technischen Bereich (HTL, FH, Universität)",,,Hybrid,Full-time,
1723529,Software Developer (m/w/d)*,Laendle,https://www.cvonline.hu/hu/allas/software-developer-m-w-d-1723529,2026-03-09,2026-03-09,False,Kennelbach,37289 EUR gross/year,"English: B2, German: native",Bachelor with IT-Schwerpunkt,"PLSQL, Perl","JIRA, Confluence",Hybrid,Full-time,1-3 years
1723530,EDI/API Projektkoordinator*in,Laendle,https://www.cvonline.hu/hu/allas/edi-api-projektkoordinatorin-1723530,2026-03-09,2026-03-09,False,Kennelbach,37289 EUR brutto p.a.,"Deutsch: B2, English: B2","HTL, HAK, Lehre",,"Jira, Confluence",,Full-time,3-5 years
1719935,DevOps Engineer Embedded Systems m/w/d,Laendle,https://www.cvonline.hu/hu/allas/devops-engineer-embedded-systems-m-w-d-1719935,2026-03-09,2026-03-09,False,,,,,,,,,
1719936,Embedded Software Developer m/w/d,Laendle,https://www.cvonline.hu/hu/allas/embedded-software-developer-m-w-d-1719936,2026-03-09,2026-03-09,False,,,,,,,,,
1719937,IT Systemadministrator:in,Laendle,https://www.cvonline.hu/hu/allas/it-technikerin-systemadministratorin-it-system-engineer-1719937,2026-03-09,2026-03-09,False,,,,,,,,,
1719939,Modern Workplace Consultant (m/w/d)*,Laendle,https://www.cvonline.hu/hu/allas/modern-workplace-consultant-m-w-d-1719939,2026-03-09,2026-03-09,False,Kennelbach,37289 EUR brutto p.a.,"English: B2, German: native",Bachelor (im Bereich IT),,Microsoft 365,Hybrid,Full-time,3-5 years
1853574,SAP business analyst,Hire-One Kft.,https://www.cvonline.hu/hu/allas/sap-business-analyst-1853574,2026-03-09,2026-03-25,True,,Competitive,"{'English': 'B2'}, {'Hungarian': 'Native'}",,ABAP,"SAP MM, SAP PP, S/4 Hana",Home-Office,Full-time,5+ years
1843826,Network Monitoring Systems Platform Engineer,Trenkwalder Kft,https://www.cvonline.hu/hu/allas/network-monitoring-systems-platform-engineer-1843826,2026-03-09,2026-03-16,False,,,"{'language': 'English', 'level': 'B2'}",,"Unix, Windows",OSS/infrastructure management tools,Hybrid,Full-time,3-5 years
1853457,Senior rendszermérnök (Linux rendszermérnök),Magyar Posta ZRt.,https://www.cvonline.hu/hu/allas/senior-rendszermernok-linux-rendszermernok-1853457,2026-03-09,2026-03-25,True,Budapest,,,,Red Hat Linux,"Satellite, IPA, Ansible, LVM, Shell/Bash, sFTP, FTP, HTTPS, TCP/IP",On-site with home office,Full-time,5+ years
1849041,Automatizálási rendszermérnök,Magyar Posta ZRt.,https://www.cvonline.hu/hu/allas/automatizalasi-rendszermernok-1849041,2026-03-09,2026-03-23,False,Budaörs,,English: B2,Bachelor,"Ms Windows Server, Linux","RavenDB, MSSQL, vmWare",Hybrid,Full-time,
1843777,Szoftvertesztelő,Starjobs Magyarország,https://www.cvonline.hu/hu/allas/szoftvertesztelo-1843777,2026-03-09,2026-03-16,False,,,"{'Language': 'English', 'Level': 'B2'}","Bachelor, Master, PhD",C#,"VisualStudio, GitHub, JIRA, Polarion",,Full-time,3-5 years
1843780,Logisztikai és E-szolgáltatások Üzemeltetési Osztályvezető,Magyar Posta ZRt.,https://www.cvonline.hu/hu/allas/logisztikai-es-e-szolgaltatasok-uzemeltetesi-osztalyvezeto-1843780,2026-03-09,2026-03-17,False,Budapest,,,Bachelor,"Docker, Kubernetes",Azure DevOps,Home-Office,Full-time,3-5 years
1838521,Senior rendszermérnök (IT tervezési rendszermérnök),Magyar Posta ZRt.,https://www.cvonline.hu/hu/allas/senior-rendszermernok-it-tervezesi-rendszermernok-1838521,2026-03-09,2026-03-16,False,Budapest,,"{'Language': 'English', 'Level': 'null'}",,,,On-site,Full-time,5+ years
1848994,Unreal Engine/C++ Developer,HAYS Hungary Kft.,https://www.cvonline.hu/hu/allas/unreal-engine-c-developer-1848994,2026-03-09,2026-03-23,False,Sweden,,English: B2,"Bachelor's degree in Computer Science, Software Engineering, or a related field","C++, .Net Blazor","Unreal Engine, Git, Bitbucket, Artifactory, Azure DevOps",,,
1848995,C#/.NET Developer,HAYS Hungary Kft.,https://www.cvonline.hu/hu/allas/c-net-developer-1848995,2026-03-09,2026-03-23,False,Sweden,,English: B2,"Bachelor's degree in Computer Science, Software Engineering, or a related field","C#, .Net, .Net Blazor","MS SQL, PostgreSQL, Git, Bitbucket, Artifactory, Azure DevOps",,,
1719744,Senior Systemadministrator (m/w/d) – Microsoft 365 / VMware / NetApp,Laendle,https://www.cvonline.hu/hu/allas/senior-systemadministrator-m-w-d-microsoft-365-vmware-netapp-1719744,2026-03-09,2026-03-09,False,,,"{'English': 'B2'}, {'German': 'native'}",Bachelor,PowerShell,"Microsoft 365, VMware vSphere/ESXi, NetApp-Storage-Systeme",,,3-5 years
1857844,Szoftver Technikus,Pannonjob Kft.,https://www.cvonline.hu/hu/allas/szoftver-technikus-1857844,2026-03-09,2026-03-25,True,Üllő,,English: B2,,,,,,
1843561,Solution Architect Specialist,Trenkwalder Kft,https://www.cvonline.hu/hu/allas/solution-architect-specialist-1843561,2026-03-09,2026-03-16,False,,,,,,,Hybrid,Full-time,5+ years
1838314,DevOps Engineer (mid-level / senior),Trenkwalder Kft,https://www.cvonline.hu/hu/allas/devops-engineer-mid-level-senior-1838314,2026-03-09,2026-03-09,False,,,"{'Language': 'English', 'Level': 'B2'}, {'Language': 'Hungarian', 'Level': None}","Bachelor, Master",Shell script,"Docker, Kubernetes, AWS or Azure cloud services, Terraform, Prometheus, Grafana, Datadog",,,3+ years
1853267,Informatikai szolgáltatás menedzsment munkatárs,MÁV Szolgáltató Központ Zrt.,https://www.cvonline.hu/hu/allas/informatikai-szolgaltatas-menedzsment-munkatars-1853267,2026-03-09,2026-03-25,True,Budapest,,English: B2,Bachelor,,,On-site,Full-time,0-1 years
1853243,Műszaki promóter,Mind-Diák Szövetkezet,https://www.cvonline.hu/hu/allas/muszaki-promoter-1853243,2026-03-09,2026-03-25,True,Soroksár,3500 Ft gross/hour,English,,,,On-site,Part-time,
1853247,Sales Support Intern,Mind-Diák Szövetkezet,https://www.cvonline.hu/hu/allas/sales-support-intern-1853247,2026-03-09,2026-03-25,True,,2500 Ft/hour gross,{'English': 'B2'},Active or passive student status at least two year finished,,"MS Office (Excel, Word, PowerPoint, Outlook)",Hybrid,Full-time,0-1 years
1843506,Rendszergazda gyakornok,Mind-Diák Szövetkezet,https://www.cvonline.hu/hu/allas/rendszergazda-gyakornok-1843506,2026-03-09,2026-03-16,False,Budapest,2145 Ft/óra gross/hour,,High School with Diploma,,"Windows, Linux",On-site,Full-time,
1715286,Data Engineer/Data Modeler für den Bereich Data & Analytics (m/w/d),Laendle,https://www.cvonline.hu/hu/allas/data-engineer-data-modeler-fur-den-bereich-data-analytics-m-w-d-1715286,2026-03-09,2026-03-09,False,Deutschland,,English: B2,Bachelor,"SQL, RDBMS, SSIS, Power BI, SSRS, SSAS","MS SQL-Server, ETL- und Reporting-Tools basierend auf MS BI Stack 2019",Hybrid,Full-time,
1853212,Microsoft Dynamics CRM Developer,Hire-One Kft.,https://www.cvonline.hu/hu/allas/microsoft-dynamics-crm-developer-1853212,2026-03-09,2026-03-25,True,,,English: B2,IT végzettség,"C#, .NET, JavaScript, Power Automate","Microsoft Dynamics CRM, PowerBI",Home-Office,,
1853220,Finance Data Analyst,Randstad Hungary Kft.,https://www.cvonline.hu/hu/allas/finance-data-analyst-1853220,2026-03-09,2026-03-25,True,,,English: Fluent,,"Power BI, DAX, Power Query, Python, VBA, SQL","Power Automate, Power Apps, Copilot",Hybrid,Full-time,
1853222,Agile Quality Engineer (Mobile  iOS & Android),Randstad Hungary Kft.,https://www.cvonline.hu/hu/allas/agile-quality-engineer-mobile-ios-android-1853222,2026-03-09,2026-03-25,True,Budapest,,,,,,Home-Office,Full-time,3-5 years
1843386,Teszt technikus,Randstad Hungary Kft.,https://www.cvonline.hu/hu/allas/teszt-technikus-1843386,2026-03-09,2026-03-17,False,Komárom,,English: B1,High School with Diploma,"Windows OS, MS Office, Linux, Ubuntu",,"3 műszakos munkarend, vagy folyamatos 12 óra vállalása",Full-time,
1843413,IT Projectmanager,Randstad Hungary Kft.,https://www.cvonline.hu/hu/allas/it-projectmanager-1843413,2026-03-09,2026-03-16,False,,,English: B2,,,"Jira, Confluence, Notion",Hybrid,Full-time,3-5 years
1843420,Szolgáltatásmenedzser (Bérszámfejtés tapasztalattal),Randstad Hungary Kft.,https://www.cvonline.hu/hu/allas/szolgaltatasmenedzser-berszamfejtes-tapasztalattal-1843420,2026-03-09,2026-03-17,False,,,English: B2,,,,Home office,,
1848719,Medior full stack PHP fejlesztőt,Viapan „Dologidő” Kft.,https://www.cvonline.hu/hu/allas/medior-full-stack-php-fejlesztot-1848719,2026-03-09,2026-03-14,False,Tata,,English: B2,Bachelor,"PHP, JavaScript","PostgreSQL, Linux",Hybrid,Full-time,
1848722,Senior Data Engineer,Randstad Hungary Kft.,https://www.cvonline.hu/hu/allas/senior-data-engineer-1848722,2026-03-09,2026-03-17,False,,,"{'Language': 'English', 'CEFR Level': None}",,Python,"Azure Data Factory, Microsoft SQL Server (MSSQL), Azure Cloud",Full Remote Opportunity,Full-time,
1843356,IT fejlesztőmérnök (Somogy megye),Hire-One Kft.,https://www.cvonline.hu/hu/allas/it-mernok-somogy-megye-1843356,2026-03-09,2026-03-14,False,,,"{'Language': 'English', 'Level': 'B2'}",Bachelor,"C#, .NET",MySQL,Home-Office,,3-5 years
1838104,CoreMedia Developer,Randstad Hungary Kft.,https://www.cvonline.hu/hu/allas/coremedia-developer-1838104,2026-03-09,2026-03-16,False,Hungary,,English: B2,"Bachelor, Master, PhD","Java, JavaScript, HTML, CSS, Spring Boot, REST, Docker, Grafana, NoSQL Databases (e.g. MongoDB)","CoreMedia Content Management System, Product Information Management system, Translation Management System, CI/CD pipelines, DevOps tools (e.g., Docker, Kubernetes, Azure DevOps), Agile development and tools",Hybrid,Full-time,
1843321,BUDAPEST - NUKLEÁRIS MÉRNÖK GYAKORNOK (DIÁKMUNKA),Job Force Iskolaszövetkezet,https://www.cvonline.hu/hu/allas/budapest-nuklearis-mernok-gyakornok-diakmunka-1843321,2026-03-09,2026-03-17,False,,2500 HUF/hour,English,Master (MsC),,,Full-time,Full-time,
1848614,Medior Szoftverfejlesztő (JAVA),HUNAM Personnel Solutions Kft.,https://www.cvonline.hu/hu/allas/medior-szoftverfejleszto-java-1848614,2026-03-09,2026-03-22,False,,,"{'Language': 'English', 'Level': 'B2'}",Bachelor,Java,"Dynatrace, Splunk, CloudWatch",,Full-time,3-5 years
1848615,Senior Tesztautomatizáló mérnök német nyelvtudással,HUNAM Personnel Solutions Kft.,https://www.cvonline.hu/hu/allas/senior-tesztautomatizalo-mernok-nemet-nyelvtudassal-1848615,2026-03-09,2026-03-13,False,Bécs,,"Német: B2, Angol",,"Java, Python","JMeter, Playwright, Katalon, Bamboo, Azure, Kubernetes, RabbitMQ, Argocd",Hybrid,Full-time,3-5 years
1848638,Senior fullstack fejlesztő (.NET),HUNAM Personnel Solutions Kft.,https://www.cvonline.hu/hu/allas/senior-fullstack-fejleszto-net-1848638,2026-03-09,2026-03-13,False,Budapest,,English: B2,Bachelor,"C#, .NET, Entity Framework, T-SQL, HTML, CSS, Javascript, Typescript","Redis, Elasticsearch",Hybrid (80-90% Home Office),Full-time,
1848640,Medior Tesztautomatizáló Mérnök,HUNAM Personnel Solutions Kft.,https://www.cvonline.hu/hu/allas/medior-tesztautomatizalo-mernok-1848640,2026-03-09,2026-03-22,False,Hungary,,English: B2,Bachelor,"Java, Python, JS, C#","Selenium WebDriver, Appium, Git/SVN",On-site,Full-time,2-3 years
1848652,SAP modulgazda,Work Force Kft.,https://www.cvonline.hu/hu/allas/sap-modulgazda-1848652,2026-03-09,2026-03-16,False,Budapest,,English,,SAP,SAP,Home office,Full-time,2-3 years
1857694,IT Security Expert (Public Key Infrastructure),Randstad Hungary Kft.,https://www.cvonline.hu/hu/allas/it-security-expert-public-key-infrastructure-1857694,2026-03-09,2026-03-25,True,Hungary,,,"Bachelor, Master, PhD",,"PKI solutions, Certificate Authorities (CAs), Hardware Security Modules (HSM)",Hybrid,Full-time,5+ years
1857686,Global DATA Engineer,Hire-One Kft.,https://www.cvonline.hu/hu/allas/global-data-engineer-1857686,2026-03-09,2026-03-18,False,,,"{'Language': 'English', 'Level': 'B2'}",,"dbt, SQL, PowerBI","Git, CI/CD",,,
1853099,IT Service Desk Agent - German speaking,Trenkwalder Kft,https://www.cvonline.hu/hu/allas/it-service-desk-agent-german-speaking-1853099,2026-03-09,2026-03-25,True,,,"German: B2, English: C1",Bachelor,,MS Office,Home-Office (50%),Full-time,
1843197,French speaking First Line Analyst,Trenkwalder Kft,https://www.cvonline.hu/hu/allas/french-speaking-first-line-analyst-1843197,2026-03-09,2026-03-11,False,,2000 EUR gross/month,"English: B2, French: Fluent",,,MS Office,,,
1843216,Chief Product Owner (m/w/d) CRM,Vienna,https://www.cvonline.hu/hu/allas/chief-product-owner-m-w-d-crm-1843216,2026-03-09,2026-03-14,False,Wien,"85,000 EUR gross/year",English: B2,Bachelor or comparable education,,,Hybrid (On-site with home office),Full-time,5+ years
1843217,Full-Stack-Developer (m/w/d),Vienna,https://www.cvonline.hu/hu/allas/full-stack-developer-m-w-d-1843217,2026-03-09,2026-03-14,False,Wien,55000 EUR gross/year + bonus,"English: B2, German: native",Bachelor or comparable qualification,"C#, .NET, ASP.NET Core","SQL Server, Azure",Hybrid (up to 3 days home office per week),Full-time,3-5 years
1848415,Diákmunka - Technical Writer,MŰISZ Iskolaszövetkezet,https://www.cvonline.hu/hu/allas/diakmunka-technical-writer-1848415,2026-03-09,2026-03-22,False,Bérezés,,English: B2,"Ongoing studies in IT/economics/technology/engineering, High School with Diploma",,Grafana,Hybrid,Full-time,0-1 years
1848436,Diákmunka - C++ programozó,MŰISZ Iskolaszövetkezet,https://www.cvonline.hu/hu/allas/diakmunka-c-programozo-1848436,2026-03-09,2026-03-22,False,,2500 HUF/hour,,"17 years or older, daytime students with a valid contract","C++, C#",,,,1-2 years
1848437,Diákmunka - IT biztonsági tanácsadó,MŰISZ Iskolaszövetkezet,https://www.cvonline.hu/hu/allas/diakmunka-it-biztonsagi-tanacsado-1848437,2026-03-09,2026-03-22,False,,2400 Ft/hour,,Bachelor,,"MS Office, Outlook",On-site,Full-time,
1853016,IT Operátor,Magyar Posta ZRt.,https://www.cvonline.hu/hu/allas/it-operator-1853016,2026-03-09,2026-03-25,True,Budapest,,,Bachelor,,Powershell,Hybrid,Full-time,1-3 years
1853025,Diákmunka - Onsite Services Technician Intern,MŰISZ Iskolaszövetkezet,https://www.cvonline.hu/hu/allas/diakmunka-onsite-services-technician-intern-1853025,2026-03-09,2026-03-25,True,Hungary,2200 HUF/hour,"English: B2, Hungarian: B2",Ongoing studies in a university,,,On-site,Internship,0-1 years
1843073,IT Üzleti elemző,Magyar Posta ZRt.,https://www.cvonline.hu/hu/allas/it-uzleti-elemzo-1843073,2026-03-09,2026-03-16,False,Budapest,,"{'Language': 'English', 'CEFR Level': 'null'}","Bachelor, Master, PhD",,"MS Visio, BPMN 2.0, UML",On-site with home office,Full-time,3-5 years
1843095,SAP DevOps témavezető szakértő (SAP modulgazda),Magyar Posta ZRt.,https://www.cvonline.hu/hu/allas/sap-devops-temavezeto-szakerto-sap-modulgazda-1843095,2026-03-09,2026-03-16,False,Budapest,,English: B2,Bachelor,,"SAP S/4HANA, FIORI",Home-Office,Full-time,3-5 years
1843055,FULL STACK JAVA FEJLESZTŐ,BECK AND PARTNERS Kft.,https://www.cvonline.hu/hu/allas/full-stack-java-fejleszto-1843055,2026-03-09,2026-03-14,False,"Budapest, VIII. kerület",,English: B2,Bachelor,"Java, Spring, SQL, Angular, Python","AWS, Docker, Kubernetes, JUnit, Mockito, SNS, SQS, Kafka",Hybrid,Full-time,7+ years
1843031,ERP támogató (IT),Carl Zeiss Vision Hungary Kft.,https://www.cvonline.hu/hu/master/allas/erp-tamogato-it-1843031,2026-03-09,2026-03-14,False,Mátészalka,,English: B2,Bachelor or higher in Informatics/Engineering,"SQL, Linux, Windows, PHP","Oracle, Microsoft Power BI, Microsoft Visio",,Full-time,
1848309,Application Operation and Maintenance Specialist (REF5123I),Deutsche Telekom IT Solutions,https://www.cvonline.hu/hu/allas/application-operation-and-maintenance-specialist-ref5123i-1848309,2026-03-09,2026-03-17,False,Hungary,,German: B2,,,,Home-Office,Full-time,5+ years
1848310,Application Operation and Maintenance Specialist (REF5123I),Deutsche Telekom IT Solutions,https://www.cvonline.hu/hu/allas/application-operation-and-maintenance-specialist-ref5123i-1848310,2026-03-09,2026-03-17,False,Hungary,,German: B2,,,,Home-Office,Full-time,5+ years
1848311,Application Operation and Maintenance Specialist (REF5123I),Deutsche Telekom IT Solutions,https://www.cvonline.hu/hu/allas/application-operation-and-maintenance-specialist-ref5123i-1848311,2026-03-09,2026-03-17,False,Hungary,,German: B2,,,,Home-Office,Full-time,5+ years
1848312,Application Operation and Maintenance Specialist (REF5123I),Deutsche Telekom IT Solutions,https://www.cvonline.hu/hu/allas/application-operation-and-maintenance-specialist-ref5123i-1848312,2026-03-09,2026-03-17,False,Hungary,,German: B2,,,,Home-Office,Full-time,5+ years
1843004,3D Artist,HAYS Hungary Kft.,https://www.cvonline.hu/hu/allas/3d-artist-1843004,2026-03-09,2026-03-14,False,,,English,Bachelor,,"Maya, Blender, 3ds Max, ZBrush, Substance Painter/Designer, Unreal Engine",,Full-time,3-5 years
1857661,SENIOR JAVA FEJLESZTŐ,BECK AND PARTNERS Kft.,https://www.cvonline.hu/hu/allas/senior-java-fejleszto-1857661,2026-03-09,2026-03-25,True,Budapest,,"{'Language': 'English', 'CEFR Level': 'B2'}",Bachelor,"Java, Spring (Spring Boot), Hibernate/JPA","Git, Maven/Gradle, IntelliJ/Eclipse/VS Code",Hybrid,Full-time,5+ years
1857834,Diákmunka - Junior műszaki adminisztrátor,MŰISZ Iskolaszövetkezet,https://www.cvonline.hu/hu/allas/diakmunka-junior-muszaki-adminisztrator-1857834,2026-03-09,2026-03-25,True,,2300 Ft/hour,,"Bachelor, Master, PhD (in fields like electrical engineering, mechanical engineering, mechatronics)",,MS Office,Part-time (minimum 20 hours/week with flexible schedule),Full-time,0-1 years
1857760,Senior Full Stack Developer,HAYS Hungary Kft.,https://www.cvonline.hu/hu/allas/senior-full-stack-developer-1857760,2026-03-09,2026-03-23,False,Hungary,,,,"{'Frontend': ['React', 'JavaScript', 'TypeScript']}, {'Backend': ['Java 11/17/21/22', 'Spring Boot']}","GitHub, GitLab, Oracle Database, Liquibase, HBase",,Full-time,5+ years
1852712,Szoftver technikus,Pannonjob Kft.,https://www.cvonline.hu/hu/allas/szoftver-technikus-1852712,2026-03-09,2026-03-25,True,Vecsési járás,,English: B1,High School with Diploma,Linux,,,Full-time,0-1 years
1857537,Diákmunka -  Automation and reporting developer gyakornok,MŰISZ Iskolaszövetkezet,https://www.cvonline.hu/hu/allas/diakmunka-automation-and-reporting-developer-gyakornok-1857537,2026-03-09,2026-03-25,True,Hungary,2800-3000 HUF/hour,,Bachelor,"Python, SQL","Power BI, Playwright, Selenium",Hybrid,Full-time,0-1 years
1857222,Lehrling (m/w/d) für den Lehrberuf Mechatronik / Hauptmodul Automatisierungstechnik,Vienna,https://www.cvonline.hu/hu/allas/lehrling-m-w-d-fur-den-lehrberuf-mechatronik-hauptmodul-automatisierungstechnik-1857222,2026-03-09,2026-03-25,True,Mödling,1155 EUR brutto/month,,High School with Diploma,,,,Full-time,
1852651,E-Sport Streamer,Pannon-Work Cégcsoport,https://www.cvonline.hu/hu/allas/e-sport-streamer-1852651,2026-03-09,2026-03-25,True,,,English: B2,,,,,Full-time,
1718841,Teamleiter CRM-Entwicklung MS Dynamics 365 (m/w/d),Laendle,https://www.cvonline.hu/hu/allas/teamleiter-crm-entwicklung-ms-dynamics-365-m-w-d-1718841,2026-03-09,2026-03-09,False,,,"English, German",Bachelor,"JavaScript, C#, .Net","MS Dynamics CRM, Power Automate, Power Apps, Azure DevOps",,Full-time,3-5 years
1718850,Mitarbeiter*in IT-Support,Laendle,https://www.cvonline.hu/hu/allas/mitarbeiterin-it-support-1718850,2026-03-09,2026-03-09,False,Vorarlberger Rheintal,,"English: B2, German: native","Fachschule, HTL etc.",,,Flexible Arbeitsmodell (Home-Office),Full-time,1-3 years
1837466,Portuguese Speaking Sales Support Intern,Mind-Diák Szövetkezet,https://www.cvonline.hu/hu/allas/portuguese-speaking-sales-support-intern-1837466,2026-03-09,2026-03-16,False,,2500 Ft/hour gross,"{'English': 'B2'}, {'Portuguese': 'A1'}",Active or passive student status (at least two years finished),"MS Office: Excel, Word, PowerPoint, Outlook",,Hybrid,Full-time,
1852601,Cloud Platform Engineer (AWS),Randstad Hungary Kft.,https://www.cvonline.hu/hu/allas/cloud-platform-engineer-aws-1852601,2026-03-09,2026-03-25,True,,,{'English': 'CEFR level not specified'},,Python,"AWS, GitHub, Azure DevOps, Jenkins, Terraform, Docker/Kubernetes",Hybrid,Full-time,5+ years
1852602,Senior Azure Devops Engineer,Randstad Hungary Kft.,https://www.cvonline.hu/hu/allas/senior-azure-devops-engineer-1852602,2026-03-09,2026-03-25,True,Hungary,,,,"Docker, Jenkins, Terraform, Git, Kubernetes, Spinnaker, Grafana, Cloudwatch, Kibana","Bash shell scripting, Azure, PostgreSQL, RabbitMQ or Aurora DB, Ansible, Microservice, AWS certificate",,,5+ years
1852603,Application Developer (Salesforce),Randstad Hungary Kft.,https://www.cvonline.hu/hu/allas/application-developer-salesforce-1852603,2026-03-09,2026-03-16,False,Budapest,,{'English': 'CEFR level not specified'},Bachelor's degree in IT/Computer Science (optional),"Salesforce, Apex, Lightning, Visualforce, JavaScript","Salesforce CRM, Enterprise systems, SaaS applications",Hybrid,Full-time,
1852604,Application Support Engineer (Workday),Randstad Hungary Kft.,https://www.cvonline.hu/hu/allas/application-support-engineer-workday-1852604,2026-03-09,2026-03-16,False,Budapest,,"{'Language': 'Salesforce Platform Developer I or II certification'}, {'Language': 'Java, Python, JavaScript, .NET'}",Bachelor’s degree in IT/Computer Science,"Apex, Lightning, Visualforce","Salesforce CRM, Workday",Hybrid Model: Enjoy the best of both worlds with a flexible schedule (usually 2-3 days in the office).,,
1852605,Application Support Engineer (Salesforce),Randstad Hungary Kft.,https://www.cvonline.hu/hu/allas/application-support-engineer-salesforce-1852605,2026-03-09,2026-03-16,False,Budapest,,,,,"Salesforce, Jira, ServiceNow",Hybrid,Full-time,3-5 years
1852606,BI Analyst,Randstad Hungary Kft.,https://www.cvonline.hu/hu/allas/bi-analyst-1852606,2026-03-09,2026-03-16,False,Budapest,,,,Power BI,"Azure Data Factory, Salesforce, ERP systems",Hybrid,Full-time,2-4 years
1852608,BI Developer,Randstad Hungary Kft.,https://www.cvonline.hu/hu/allas/bi-developer-1852608,2026-03-09,2026-03-16,False,Budapest,,{'English': 'CEFR level not specified'},Bachelor's degree in IT/Computer Science (optional),"Salesforce, Apex, Lightning, Visualforce, JavaScript","Salesforce CRM, APIs, data models",Hybrid,Full-time,
1852609,Infrastructure Project Engineer,Randstad Hungary Kft.,https://www.cvonline.hu/hu/allas/infrastructure-project-engineer-1852609,2026-03-09,2026-03-16,False,Budapest,,,,,"Microsoft Office 365, Exchange Online, Teams, SharePoint, OneDrive",Hybrid,Full-time,
1847963,SAP SuccessFactors System Specialist,Randstad Hungary Kft.,https://www.cvonline.hu/hu/allas/sap-successfactors-system-specialist-1847963,2026-03-09,2026-03-20,False,City not specified,,"{'Language': 'English', 'CEFR Level': 'B2'}, {'Language': 'German', 'CEFR Level': None}","Degree in Computer Science, Business Informatics, HR IT, or a comparable qualification",,SAP SuccessFactors,Hybrid,Full-time,2+ years
1847964,SAP SuccessFactors System Specialist,Randstad Hungary Kft.,https://www.cvonline.hu/hu/allas/sap-successfactors-system-specialist-1847964,2026-03-09,2026-03-20,False,City not specified,,"{'Language': 'English', 'Level': 'B2'}, {'Language': 'German', 'Level': 'Not specified'}","Degree in Computer Science, Business Informatics, HR IT, or a comparable qualification",,SAP SuccessFactors,Hybrid,Full-time,2+ years
1847966,IT integrációs rendszerszervező,Randstad Hungary Kft.,https://www.cvonline.hu/hu/allas/it-integracios-rendszerszervezo-1847966,2026-03-09,2026-03-20,False,Budapest,,{'English': 'B2'},Bachelor,Java (J2EE),"Tibco, MQ, Oracle, SQL, XML, XSD",Home-Office,Full-time,
1847969,Business Analyst (Hybrid - Siófok),Randstad Hungary Kft.,https://www.cvonline.hu/hu/allas/business-analyst-hybrid-siofok-1847969,2026-03-09,2026-03-20,False,Siófok,,"English: Alapszintű, English: Tárgyalási szintű",Felsőfokú informatikai főiskolai vagy egyetemi végzettség,,,Hybrid,Full-time,5+ years
1837390,Teszt technikus,Hire-One Kft.,https://www.cvonline.hu/hu/allas/teszt-technikus-1837390,2026-03-09,2026-03-09,False,,,"{'Language': 'English', 'Level': 'B2'}",High School with Diploma,,"Windows OS, Microsoft Office",Three-shift work arrangement (Három műszakos munkarend),Full-time,
1837391,Rendszer technikus,Hire-One Kft.,https://www.cvonline.hu/hu/allas/it-technikus-1837391,2026-03-09,2026-03-09,False,Tatabánya,,,High School with Diploma,,,"Műszakos munkarend (3 műszak 8 óra, 5+2)",,
1852530,IT Tesztmérnök,Work Force Kft.,https://www.cvonline.hu/hu/allas/it-tesztmernok-1852530,2026-03-09,2026-03-25,True,,,English: B2,Bachelor,"Java, Python",,,Full-time,0-1 years
1857397,IT Support Specialist (German speaking),Trenkwalder Kft,https://www.cvonline.hu/hu/allas/it-support-specialist-german-speaking-1857397,2026-03-09,2026-03-11,False,,,"German: B2, English: A1",Bachelor,,MS Office,Home-Office,Full-time,1-3 years
1847628,Business Consultant (m/w/d),Vienna,https://www.cvonline.hu/hu/allas/business-consultant-m-w-d-1847628,2026-03-09,2026-03-22,False,Wien,50000 EUR gross/year,,Bachelor with Finance/Accounting focus or first work experience in finance field,,,Home-Office (with high-quality IT equipment) or On-site at customer's location,Full-time,0-1 years
1847656,Full-Stack-Developer (m/w/d),Vienna,https://www.cvonline.hu/hu/allas/full-stack-developer-m-w-d-1847656,2026-03-09,2026-03-14,False,Wien,55000 EUR gross/year,English: B2,Bachelor,"C#, .NET, ASP.NET Core","SQL Server, Azure",Hybrid,Full-time,3-5 years
1857043,IT RENDSZERGAZDA,BECK AND PARTNERS Kft.,https://www.cvonline.hu/hu/allas/it-rendszergazda-1857043,2026-03-09,2026-03-25,True,Budapest,,English: B2,High School with Diploma,,"Microsoft Power Platform, Linux, Azure",Hybrid,Full-time,1-3 years
1847437,Senior product owner,Magyar Posta ZRt.,https://www.cvonline.hu/hu/allas/senior-product-owner-1847437,2026-03-09,2026-03-22,False,Budapest,,,Felsőfokú végzettség (IT vagy gazdasági területen),,"Word, Excel, Power Point, Outlook",Full-time,Full-time,5+ years
1852354,Diákmunka - Software Developer trainee,MŰISZ Iskolaszövetkezet,https://www.cvonline.hu/hu/allas/diakmunka-software-developer-trainee-1852354,2026-03-09,2026-03-23,False,,2200-2800 Ft/hour,"{'English': 'B2'}, {'German': None}",Bachelor,C#,.Net development environment,Hybrid,Full-time,0-1 years
1852357,Diákmunka - Student for IT Support & Virtual Integration Tester,MŰISZ Iskolaszövetkezet,https://www.cvonline.hu/hu/allas/diakmunka-student-it-support-virtual-integration-tester-1852357,2026-03-09,2026-03-23,False,Hungary,,,Bachelor,"C#, .NET, C++","PowerShell, Windows OS",Hybrid,Full-time,5+ years
1847349,Medior .NET Developer,HAYS Hungary Kft.,https://www.cvonline.hu/hu/allas/medior-net-developer-1847349,2026-03-09,2026-03-17,False,Hungary,,,,"C#, .NET","Azure App Services, Azure Functions, Git repositories (Bitbucket or GitHub), Terraform",,Full-time,3-5 years
1847350,Senior Scrum Master (German speaking),HAYS Hungary Kft.,https://www.cvonline.hu/hu/allas/senior-scrum-master-german-speaking-1847350,2026-03-09,2026-03-20,False,Hungary,,"{'English': 'C1'}, {'German': 'C1'}",,"Jira, Confluence",,,Full-time,5+ years
1718404,Rollout Planer:in Glasfasernetz FTTH,Laendle,https://www.cvonline.hu/hu/allas/rollout-planerin-glasfasernetz-ftth-1718404,2026-03-09,2026-03-09,False,,,,,,,,,
1718405,Baukoordinator:in Glasfaserausbau FTTH,Laendle,https://www.cvonline.hu/hu/allas/baukoordinatorin-glasfaserausbau-ftth-1718405,2026-03-09,2026-03-09,False,,,,,,,,,
1847124,RENDSZERGAZDA,HABI Kft.,https://www.cvonline.hu/hu/lite/allas/rendszergazda-1847124,2026-03-09,2026-03-20,False,Kiskunhalas,,English: B2,Bachelor,,"Microsoft Azure, Windows Server 2012 R2, Office 365, Octopus 8 ERP, pfSense, Ubiquiti",On-site,Full-time,3-5 years
1847125,GAZDASÁGINFORMATIKUS,HABI Kft.,https://www.cvonline.hu/hu/lite/allas/gazdasaginformatikus-1847125,2026-03-09,2026-03-20,False,Kiskunhalas,,,"Bachelor, Master, PhD (gazdaságinformatikus, gazdasági vagy IT területen)",,"ERP-rendszerek, Power BI/ SQL",On-site,Full-time,
1847126,IT SUPPORT MUNKATÁRS,HABI Kft.,https://www.cvonline.hu/hu/lite/allas/it-support-munkatars-1847126,2026-03-09,2026-03-20,False,Kiskunhalas,,English,Bachelor,,,On-site,Full-time,2-3 years
1857045,IT SUPPORT MUNKATÁRS,BECK AND PARTNERS Kft.,https://www.cvonline.hu/hu/allas/it-support-munkatars-1857045,2026-03-09,2026-03-25,True,Budapest,,Hungarian,High School with Diploma,,"MS Windows, MS Office",On-site,Full-time,1-3 years
1842182,IT vezető,Trenkwalder Kft,https://www.cvonline.hu/hu/allas/it-vezeto-1842182,2026-03-09,2026-03-14,False,,,English: B2,Bachelor,,,,Full-time,3-5 years
1842165,Diákmunka - Informatikai rendszertámogató gyakornok,MŰISZ Iskolaszövetkezet,https://www.cvonline.hu/hu/allas/diakmunka-informatikai-rendszertamogato-gyakornok-1842165,2026-03-09,2026-03-14,False,,2600 Ft/hour,English: B1,Bachelor,,"Zabbix, M365, Google Workspace, Linux (RHEL, Ubuntu), Windows, Windows Server, Postfix, Exchange",On-site with home office,Full-time,
1722074,Senior System Engineer 80-100% (w/m/d),Laendle,https://www.cvonline.hu/hu/allas/senior-system-engineer-80-100-w-m-d-1722074,2026-03-09,2026-03-09,False,Du möchtest in einem innovativen und international ausgerichteten Umfeld arbeiten?,,"English: B2, German",Bachelor,"Linux, Windows, Oracle, MS-SQL","VMware, Microsoft, RHEL",,Full-time,3-5 years
1713712,Bereichsassistenz IT 80% (m/w/d),Laendle,https://www.cvonline.hu/hu/allas/bereichsassistenz-it-80-m-w-d-1713712,2026-03-09,2026-03-09,False,,,"{'English': 'B2'}, {'German': 'native'}",High School with Diploma,SAP,MS-Office,On-site,Full-time,
1856497,IT mérnök,Humán Centrum Kft.,https://www.cvonline.hu/hu/allas/it-mernok-1856497,2026-03-09,2026-03-18,False,,,"{'Language': 'English', 'Level': 'B2'}",Felsőfokú informatikai végzettség,,"Windows Server, VMware, Azure, AWS",Normál munkarend (Full-time),Full-time,
1842014,SAP ABAP Developer (Logistics),Pannonjob Kft.,https://www.cvonline.hu/hu/allas/sap-abap-developer-logistics-1842014,2026-03-09,2026-03-14,False,Hajdú-Bihar megye,,English: B2,,ABAP (classic and/or OO),"S/4 HANA, EWM, WM, LE, TM modules",Hybrid,Full-time,3-5 years
1851904,Mobiltelefon tesztelő,Viapan „Dologidő” Kft.,https://www.cvonline.hu/hu/allas/mobiltelefon-tesztelo-1851904,2026-03-09,2026-03-10,False,Budaörs,,,High School with Diploma,,"MS Office, Excel, webes alkalmazások",On-site,Full-time,
1851905,Mobiltelefon tesztelő,Viapan „Dologidő” Kft.,https://www.cvonline.hu/hu/allas/mobiltelefon-tesztelo-1851905,2026-03-09,2026-03-10,False,Budaörs,,,High School with Diploma,,"MS Office, Excel, webes alkalmazások",On-site,Full-time,
1851906,Mobiltelefon tesztelő,Viapan „Dologidő” Kft.,https://www.cvonline.hu/hu/allas/mobiltelefon-tesztelo-1851906,2026-03-09,2026-03-10,False,Budaörs,,,High School with Diploma,,"MS Office, Excel, webes alkalmazások",On-site,Full-time,
1851910,Senior Java Developer with SAP Commerce Cloud/Hybris Focus,Randstad Hungary Kft.,https://www.cvonline.hu/hu/allas/senior-java-developer-sap-commerce-cloud-hybris-focus-1851910,2026-03-09,2026-03-25,True,Hungary,,"English: B2, German: unknown","University degree in (Business) Informatics, Computer Science, Business Administration, or a comparable discipline.","Java, Spring framework","SAP Commerce Cloud, REST API, CI/CD tools, Agile software development practices (e.g., SCRUM)",Home-Office,,
1851911,Senior Angular developer with SAP commerce/Hybris focus,Randstad Hungary Kft.,https://www.cvonline.hu/hu/allas/senior-angular-developer-sap-commerce-hybris-focus-1851911,2026-03-09,2026-03-25,True,,,"English: B2, German: unknown","University degree in (Business) Informatics, Computer Science, Business Administration, or related field","JavaScript/TypeScript, HTML5, CSS3, Angular","SAP Commerce Cloud, Spartacus, CI/CD pipelines, SCRUM",Home-Office,,
1846904,Application Specialist - IFS ERP system,Randstad Hungary Kft.,https://www.cvonline.hu/hu/allas/application-specialist-ifs-erp-system-1846904,2026-03-09,2026-03-20,False,,,"{'Language': 'English', 'Level': 'CEFR not specified'}",,,IFS ERP system,Hybrid,Full-time,5+ years
1846910,Rendszerszervező (pénzügyi terület),Randstad Hungary Kft.,https://www.cvonline.hu/hu/allas/rendszerszervezo-penzugyi-terulet-1846910,2026-03-09,2026-03-20,False,,,English: B2,Bachelor,,"Atlassian Jira, Confluence",Home-Office,Full-time,5+ years
1841934,Full Stack PHP Developer,Hire-One Kft.,https://www.cvonline.hu/hu/allas/full-stack-php-developer-1841934,2026-03-09,2026-03-25,True,,,"{'Language': 'Hungarian', 'Level': None}",,"PHP, JavaScript","HTML5, CSS3, SQL, Linux",Remote,Full-time,
1841935,Full Stack PHP Developer,Hire-One Kft.,https://www.cvonline.hu/hu/allas/full-stack-php-developer-1841935,2026-03-09,2026-03-25,True,,,"{'Language': 'Hungarian', 'Level': None}",,"PHP, JavaScript","HTML5, CSS3, SQL, Linux",Remote,Full-time,
1841945,Rust Developer,Randstad Hungary Kft.,https://www.cvonline.hu/hu/allas/rust-developer-1841945,2026-03-09,2026-03-16,False,Budapest,,,,Rust,"Tokio, Actix, gRPC/REST, Kafka, NATS, Solana, NEAR, Substrate, Docker, Kubernetes, Terraform, PostgreSQL, MongoDB, Redis",Hybrid,,8+ years
1841946,Digital Solutions Manager,Randstad Hungary Kft.,https://www.cvonline.hu/hu/allas/digital-solutions-manager-1841946,2026-03-09,2026-03-16,False,Budapest,,English,,,"Workday, Salesforce, Azure services (Logic Apps, DevOps)",Hybrid,Full-time,
1841947,IT Security Engineer,Randstad Hungary Kft.,https://www.cvonline.hu/hu/allas/it-security-engineer-1841947,2026-03-09,2026-03-16,False,Budapest,,English,,,"SIEM, Endpoint protection (EDR), Firewalls, Email security gateways, Vulnerability management tools, Azure cloud environment",Hybrid,Full-time,2+ years
1841948,Data and Reporting Manager,Randstad Hungary Kft.,https://www.cvonline.hu/hu/allas/data-and-reporting-manager-1841948,2026-03-09,2026-03-16,False,Budapest,,English,,"SQL, Power BI (DAX, data modeling)","Snowflake, Azure Data Factory, Power BI",Hybrid,Full-time,
1841950,Power Platform Consultant,Randstad Hungary Kft.,https://www.cvonline.hu/hu/allas/power-platform-consultant-1841950,2026-03-09,2026-03-16,False,,,,,"Power Apps, Power Automate","Microsoft Power Platform, Copilot Studio",Flexible working conditions,Full-time,2+ years
1841925,Műszaki rajzoló/konstruktőr,Viapan „Dologidő” Kft.,https://www.cvonline.hu/hu/allas/muszaki-rajzolo-konstruktor-1841925,2026-03-09,2026-03-11,False,,,"Német, angol",Középfokú,,"CAD szoftver (pl. Inventor), MS Office","Irodai, tervezhető munkarend",Full-time,
1841878,SZERVIZTECHNIKUS / IT ÜZEMELTETÉSI TECHNIKUS,BECK AND PARTNERS Kft.,https://www.cvonline.hu/hu/allas/szerviztechnikus-it-uzemeltetesi-technikus-1841878,2026-03-09,2026-03-11,False,Miskolc,,"{'Language': 'English', 'CEFR Level': 'B2'}",Középfokú műszaki vagy informatikai végzettség,,,On-site with home office,Full-time,1-3 years
1841879,IT RENDSZERMÉRNÖK,BECK AND PARTNERS Kft.,https://www.cvonline.hu/hu/allas/it-rendszermernok-1841879,2026-03-09,2026-03-11,False,Budapest,,"{'Language': 'English', 'Level': 'B2'}",Bachelor,,"Microsoft 365, Azure",Full-time,Full-time,3-5 years
1846847,NPD PROJECT MANAGER (Supporting the Soft Flow NPD Programs),BECK AND PARTNERS Kft.,https://www.cvonline.hu/hu/allas/npd-project-manager-supporting-soft-flow-npd-programs-1846847,2026-03-09,2026-03-18,False,Pécs,,English: B2,"Bachelor, Master",,,Hybrid,Full-time,3-5 years
1848558,Szoftverfejlesztő,HSA Kft.,https://www.cvonline.hu/hu/allas/szoftverfejleszto-1848558,2026-03-09,2026-03-20,False,Budapest,,"English: B2, German",Felsőfokú végzettség (Informatikai vagy műszaki),,"PowerApps, Power Automate, MS SQL, GitHub, Powershell",Hybrid,Full-time,
1843606,Dutch Speaking Customer Service Specialist,HSA Kft.,https://www.cvonline.hu/hu/allas/dutch-speaking-customer-service-specialist-1843606,2026-03-09,2026-03-16,False,Budapest,,"Dutch: C1, English: B2",High School with Diploma,,"MS Office, WLAN, Bluetooth",On-site,Full-time,0-1 years
1843607,Holland nyelvű ügyfélszolgálati munkatárs,HSA Kft.,https://www.cvonline.hu/hu/allas/holland-nyelvu-ugyfelszolgalati-munkatars-1843607,2026-03-09,2026-03-16,False,Budapest,,"{'English': 'B2'}, {'Dutch': 'C1'}",Bachelor,,"MS Office, WLAN, Bluetooth",,,
1843609,PLC programmer,HSA Kft.,https://www.cvonline.hu/hu/allas/plc-programmer-1843609,2026-03-09,2026-03-16,False,Germany,,"{'English': 'C1'}, {'Hungarian': 'C1'}","Completed engineering studies of technician training on the field of mechatronics, automation technology, or electrical engineering",PLC,,,,3-5 years
1854396,SAP Specialista,I.K. Hofmann Personal Kft.,https://www.cvonline.hu/hu/lite/allas/sap-specialista-1854396,2026-03-09,2026-03-25,True,Debrecen,,English: B2,,"SAP EWM, SAP MM, SAP PP","ERP system, Ticketing system, SAP S/4HANA",Hybrid,Full-time,3-5 years
1851674,IT Team Leader,Starjobs Magyarország,https://www.cvonline.hu/hu/allas/it-team-leader-1851674,2026-03-09,2026-03-17,False,,,"{'Language': 'English', 'Level': 'B2'}",Felsőfokú végzettség (Bachelor),,,,Full-time,5+ years
1856492,Senior BI Developer,HAYS Hungary Kft.,https://www.cvonline.hu/hu/allas/senior-bi-developer-1856492,2026-03-09,2026-03-25,True,Budapest,,English: B2,,"Power BI (M, DAX), MS SQL, Power Automate, Power Platform","MS Excel, Power BI",Hybrid,Full-time,5+ years
1851604,IT szakértő,MÁV Szolgáltató Központ Zrt.,https://www.cvonline.hu/hu/allas/it-szakerto-1851604,2026-03-09,2026-03-25,True,Kecskemét,2000 EUR gross/month,"{'Language': 'English', 'CEFR Level': 'B'}","Bachelor, Master",,"MS Windows, Android, MDM software, AD domain environment, SCCM software, MS Office, MS Excel","On-site, Home-Office",Full-time,3-5 years
1851605,SAP modulgazda,MÁV Szolgáltató Központ Zrt.,https://www.cvonline.hu/hu/allas/sap-modulgazda-1851605,2026-03-09,2026-03-25,True,Budapest,20526.00 EUR gross/month,,Bachelor or higher (műszaki or gazdálkodási or informatika),,"SAP ECC, SuccessFactors",On-site with home office,Full-time,3-5 years
1851606,IT üzemeltető (support és rendszergazda feladatokkal) - Kecskemét,Man at Work Humánszolgáltató és Személyzeti Tanácsadó Kft.,https://www.cvonline.hu/hu/allas/it-operator-kecskemet-1851606,2026-03-09,2026-03-23,False,Kecskemét,,English: B2,Bachelor,,"VMware, Veeam, Power BI, ManageEngine",Full-time,Full-time,
1846542,IT Business Analyst,HAYS Hungary Kft.,https://www.cvonline.hu/hu/allas/it-business-analyst-1846542,2026-03-09,2026-03-20,False,Budapest,,English: B2,College degree or equivalent experience,"Python, SQL (Microsoft or Oracle)",MS Office suite,Home-Office with On-site possibility,Full-time,2+ years
1846543,Senior Data Engineer,HAYS Hungary Kft.,https://www.cvonline.hu/hu/allas/senior-data-engineer-1846543,2026-03-09,2026-03-20,False,Budapest,,English: B2,,Python,"Apache Spark, Apache HBase, Apache Kafka, Google Cloud Platform (GCP), Azure, Hadoop ecosystem, Terraform, PostgreSQL, MongoDB, Google BigQuery",Home-Office,,5+ years
1841388,SAP Analyst,HAYS Hungary Kft.,https://www.cvonline.hu/hu/allas/sap-analyst-1841388,2026-03-09,2026-03-25,True,Budapest,,English: B2,,"ABAP, S/4HANA","Fiori applications, Procurement SaaS solutions",,Full-time,5+ years
1841390,IT Configuration Specialist,HAYS Hungary Kft.,https://www.cvonline.hu/hu/allas/it-configuration-specialist-1841390,2026-03-09,2026-03-25,True,Hungary,,English: B2,,,"Salesforce, SAP CRM, Microsoft Dynamics",Home-Office,Full-time,2-3 years
1841031,SAP ABAP fejlesztő (logisztika),Pannonjob Kft.,https://www.cvonline.hu/hu/allas/sap-abap-fejleszto-logisztika-1841031,2026-03-09,2026-03-14,False,Debrecen,,English: B2,,ABAP (classic or OO),"SAP EWM, SAP WM, SAP LE, SAP TM, S/4 HANA",Hybrid,Full-time,3-5 years
1841032,SAP Software Engineer,Pannonjob Kft.,https://www.cvonline.hu/hu/allas/sap-software-engineer-1841032,2026-03-09,2026-03-14,False,Debrecen,,English: B2,"University degree or equivalent in Information Technologies, Industrial Engineering or Mathematics with focus on IT",ABAP,"S/4 HANA, EWM, WM, LE, TM, Kafka, Jira, Confluence",,,3 years of SAP implementation experience
1841033,SAP Szoftvermérnök,Pannonjob Kft.,https://www.cvonline.hu/hu/allas/sap-szoftvermernok-1841033,2026-03-09,2026-03-14,False,Hajdú-Bihar megye,,English: B2,,,"SAP ERP, EWM (Extended Warehouse Management), SAP LE, SAP TM, Jira, Confluence",On-site,Full-time,1-3 years
1841092,SAP Logistics Application Expert (EWM/WM/LE/TM),Pannonjob Kft.,https://www.cvonline.hu/hu/allas/sap-logistics-application-expert-ewm-wm-le-tm-1841092,2026-03-09,2026-03-14,False,Debrecen,,English: B2,Felsőfokú végzettség,,"SAP S/4HANA, EWM, WM, LE, TM, ABAP, Kafka, Jira, Confluence",On-site,Full-time,2-3 years
1841093,SAP Logistics Application Expert (EWM/WM/LE/TM),Pannonjob Kft.,https://www.cvonline.hu/hu/allas/sap-logistics-application-expert-ewm-wm-le-tm-1841093,2026-03-09,2026-03-14,False,Debrecen,,English: B2,University degree,ABAP,"SAP S/4HANA, EWM, WM, LE, TM, Kafka, Jira, Confluence",,,2-3 years
1841117,IT mérnök,Pannonjob Kft.,https://www.cvonline.hu/hu/allas/it-mernok-1841117,2026-03-09,2026-03-14,False,Miskolc,,"Magyar, Angol",Felsőfokú informatikai végzettség,,"TCP/IP, LAN/WAN, VPN, tűzfalak, Windows Server, Virtualizáció (VMware), Cloud platformok (Azure, AWS)",Általános,,
1856498,IT technikus (üzemeltetés),MÁV Szolgáltató Központ Zrt.,https://www.cvonline.hu/hu/allas/it-technikus-uzemeltetes-1856498,2026-03-09,2026-03-25,True,Miskolc,20526.00 EUR gross/month,,High School with Diploma or Bachelor,,"MS Windows, Android, MS Office",On-site,Full-time,1-3 years
1840634,Holland nyelvű Technical Support Analyst,HSA Kft.,https://www.cvonline.hu/hu/allas/holland-nyelvu-technical-support-analyst-1840634,2026-03-09,2026-03-13,False,Debrecen,,"{'English': 'B2'}, {'Dutch': 'C1'}",Bachelor,,"MS Office, WLAN, Bluetooth",,,
1840635,Dutch Speaking Technical Support Analyst,HSA Kft.,https://www.cvonline.hu/hu/allas/dutch-speaking-technical-support-analyst-1840635,2026-03-09,2026-03-13,False,Debrecen,,"Dutch: C1, English: B2",High School with Diploma,,"MS Office, WLAN, Bluetooth",,Full-time,0-1 years
1856132,ADATKÖZPONTI HARDVER ÜZEMELTETŐ RENDSZERMÉRNÖK,BECK AND PARTNERS Kft.,https://www.cvonline.hu/hu/allas/adatkozponti-hardver-uzemelteto-rendszermernok-1856132,2026-03-09,2026-03-25,True,Budapest,,English: B2,Bachelor,,,Hybrid,Full-time,3-5 years
1856377,SENIOR IT BUSINESS ANALYST (BANKI TERÜLET),BECK AND PARTNERS Kft.,https://www.cvonline.hu/hu/allas/senior-it-business-analyst-banki-terulet-1856377,2026-03-09,2026-03-25,True,Budapest,,English: B2,Felsőfokú gazdasági és/vagy informatikai végzettség,,,Hybrid (3 days home office),Full-time,5+ years
1856133,SENIOR IT SOLUTION ARCHITECT (SOLA),BECK AND PARTNERS Kft.,https://www.cvonline.hu/hu/allas/senior-it-solution-architect-sola-1856133,2026-03-09,2026-03-25,True,Budapest,,English: B2,Bachelor,,,Hybrid,Full-time,5+ years
1851361,Diákmunka - Begyázott rendszereket tesztelő gyakornok,MŰISZ Iskolaszövetkezet,https://www.cvonline.hu/hu/allas/diakmunka-begyazott-rendszereket-tesztelo-gyakornok-1851361,2026-03-09,2026-03-17,False,XI. kerületi Infopark,,{'English': 'B2'},Bachelor,Python,"Behave, SVN, Jenkins",Home-Office,,
1840921,Diákmunka - Test engineer trainee - Simotion project,MŰISZ Iskolaszövetkezet,https://www.cvonline.hu/hu/allas/diakmunka-test-engineer-trainee-simotion-project-1840921,2026-03-09,2026-03-23,False,Szeged,,English,Ongoing specialized higher education (IT or electrical engineering),C#,"Windows, TFS",Home office opportunity and flexible working hours,,
1840923,Diákmunka - IT támogató munkatárs (IT Support Specialist),MŰISZ Iskolaszövetkezet,https://www.cvonline.hu/hu/allas/diakmunka-it-tamogato-munkatars-it-support-specialist-1840923,2026-03-09,2026-03-17,False,Hungary,,English: A1,High School with Diploma,,"Windows 11 Pro, Microsoft 365, VPN",Hybrid,Full-time,
1855804,Lehre Mechatronik / Hauptmodul Automatisierungstechnik,Vienna,https://www.cvonline.hu/hu/allas/lehre-mechatronik-hauptmodul-automatisierungstechnik-1855804,2026-03-09,2026-03-09,False,Böhlerwerk,,,High School with Diploma,,,,Full-time,
1851354,IT szakértő,MÁV Szolgáltató Központ Zrt.,https://www.cvonline.hu/hu/allas/it-szakerto-1851354,2026-03-09,2026-03-25,True,Pécs,,"{'Language': 'English', 'Level': 'B'}","Bachelor, Master",,"MS Windows, Android, MDM, AD, SCCM, MS Office, MS Excel",On-site,Full-time,3-5 years
1855801,Global Administrator - EPLAN Cloud Manager (m/w/d),Vienna,https://www.cvonline.hu/hu/allas/global-administrator-eplan-cloud-manager-m-w-d-1855801,2026-03-09,2026-03-14,False,Wien,70000 EUR gross/month,"{'English': None}, {'German': None}",Technische Ausbildung (HTL oder Studium),,"EPLAN Plattform, Electric P8, Pro Panel",Home-Office,Full-time,
1855786,PLC programozó,HSA Kft.,https://www.cvonline.hu/hu/allas/plc-programozo-1855786,2026-03-09,2026-03-16,False,Németország,,{'English': 'B2-C1'},Bachelor,PLC,,Hybrid,Full-time,3-5 years
1851322,Értékesítési szaktanácsadó,Mind-Diák Szövetkezet,https://www.cvonline.hu/hu/allas/ertekesitesi-szaktanacsado-1851322,2026-03-09,2026-03-22,False,Soroksár,3500 Ft gross/hour,English,,,,On-site,Part-time,
1728574,Teamleiter (m/w/d) im Bereich Softwareentwicklung,Laendle,https://www.cvonline.hu/hu/allas/teamleiter-m-w-d-im-bereich-softwareentwicklung-1728574,2026-03-09,2026-03-09,False,,,{'English': 'B2'},"Bachelor, Master",,,,,5+ years
1728577,Solutionarchitekt*in mit Fokus SAP,Laendle,https://www.cvonline.hu/hu/allas/solutionarchitektin-mit-fokus-sap-1728577,2026-03-09,2026-03-09,False,Kennelbach,37289 EUR brutto p.a.,"Deutsch (Wort und Schrift), English (Wort und Schrift)","HTL, FH/Uni",,"SAP-Systemen (z.B. S/4HANA, Fiori,...)",,Full-time,
1728578,Product Lead (m/w/d),Laendle,https://www.cvonline.hu/hu/allas/product-lead-m-w-d-1728578,2026-03-09,2026-03-09,False,Kennelbach,37289 EUR brutto p.a.,"Deutsch: sehr gut, English: sehr gut",,,,,Full-time,
1728579,IT-Infrastruktur Architekt*in,Laendle,https://www.cvonline.hu/hu/allas/it-infrastruktur-architektin-1728579,2026-03-09,2026-03-09,False,Kennelbach,37289 EUR gross/year,"Deutsch (Wort und Schrift), English (Wort und Schrift)",Bachelor or comparable qualification,,Terraform,,Full-time,5+ years
1717426,ERP Solution Architect (m/w/d),Laendle,https://www.cvonline.hu/hu/allas/erp-solution-architect-m-w-d-1717426,2026-03-09,2026-03-09,False,,Mindestentgelt der Metallindustrie (abhängig von Qualifikation und Erfahrung),"{'English': 'B2'}, {'Deutsch': 'native'}",Bachelor of Wirtschaftsinformatik oder höhere technische bzw. kaufmännische Ausbildung,,ERP-System,,Full-time,Mehrjährige Erfahrung im ERP-Umfeld erforderlich
1717427,.NET Backend Developer (m/w/d),Laendle,https://www.cvonline.hu/hu/allas/net-backend-developer-m-w-d-1717427,2026-03-09,2026-03-09,False,,Mindestentgelt der Metallindustrie (abhängig von der beruflichen Qualifikation und Berufserfahrung),English: B2,Technische Ausbildung,".NET, Java","AWS, Azure",,Full-time,
1717432,Systems Engineer - Central Clientmanagement (m/w/d)*,Laendle,https://www.cvonline.hu/hu/allas/systems-engineer-central-clientmanagement-m-w-d-1717432,2026-03-09,2026-03-09,False,Kennelbach,37289 EUR brutto p.a.,"Deutsch: B2, English: B2","Bachelor, Master, Lehre, FH/Uni",,Windows-Clients,Hybrid,Full-time,3-5 years
1717433,Systems Engineer - Windows Server (m/w/d)*,Laendle,https://www.cvonline.hu/hu/allas/systems-engineer-windows-server-m-w-d-1717433,2026-03-09,2026-03-09,False,Kennelbach,37289 EUR brutto p.a.,"Deutsch: B2, English: B2","Bachelor, Master, Lehre, FH/Uni",,Windows Server,Hybrid,Full-time,3-5 years
1713058,CRM-Entwickler MS Dynamics 365 (m/w/d),Laendle,https://www.cvonline.hu/hu/allas/crm-entwickler-ms-dynamics-365-m-w-d-1713058,2026-03-09,2026-03-09,False,,,"{'English': 'B2'}, {'German': 'native'}","Bachelor, Master","C#, SQL, JavaScript","MS Dynamics 365 CRM, Microsoft Power Platform (Power Apps, Power Automate, Power Pages), .NET",,,2-5 years
1840872,Szoftverfejlesztő gyakornok,Mind-Diák Szövetkezet,https://www.cvonline.hu/hu/allas/szoftverfejleszto-gyakornok-1840872,2026-03-09,2026-03-16,False,,2400 HUF/hour,{'Language': 'Hungarian'},Bachelor,"C#, .Net, MS SQL, ASP.Net, SQL",,Hybrid,Full-time,
1840878,Manuális tesztelő gyakornok,Mind-Diák Szövetkezet,https://www.cvonline.hu/hu/allas/manualis-tesztelo-gyakornok-1840878,2026-03-09,2026-03-16,False,,2400 HUF/hour,,Bachelor or Master (active or passive day-time student),,,Flexible schedule,Part-time,
1728567,Software Entwickler Programmiersysteme (w/m/d),Laendle,https://www.cvonline.hu/hu/allas/software-entwickler-programmiersysteme-w-m-d-1728567,2026-03-09,2026-03-09,False,Feldkirch,,{'English': 'B2'},Bachelor,"Java, JavaScript",,Gleitzeit (Flexible working hours),Full-time,1-3 years
1728568,Abteilungsleiter Software Programmiersysteme (w/m/d),Laendle,https://www.cvonline.hu/hu/allas/abteilungsleiter-software-programmiersysteme-w-m-d-1728568,2026-03-09,2026-03-09,False,"Feldkirch, Innsbruck",,"{'English': 'B1'}, {'German': 'B2'}","Uni, FH","C, C++, Java, Rust","IEC 61131-3, C, C++",Gleitzeit (Flexible working hours),,
1728569,Testentwickler Hardware & Software (w/m/d),Laendle,https://www.cvonline.hu/hu/allas/testentwickler-hardware-software-w-m-d-1728569,2026-03-09,2026-03-09,False,"Feldkirch, Innsbruck",,"{'English': 'B1'}, {'German': 'B2'}","Technical Education (FH, HTL, Apprenticeship) or comparable qualification","IEC61131-3, C/C++/C#, Java, JavaScript",,Flexible working hours and free time arrangement,Full-time,0-1 years
1728570,Teamleiter SPS-Applikation (w/m/d),Laendle,https://www.cvonline.hu/hu/allas/teamleiter-sps-applikation-w-m-d-1728570,2026-03-09,2026-03-09,False,Feldkirch,,"English: B2, German","Bachelor or Ausbildung in Elektrotechnik, Automatisierungstechnik oder Mechatronik","IEC 61131, C/C++, Matlab/Simulink",,Hybrid (On-site with home office),Full-time,3-5 years
1851265,HR System Specialist,Randstad Hungary Kft.,https://www.cvonline.hu/hu/allas/hr-system-specialist-1851265,2026-03-09,2026-03-16,False,,,English: B2,,,"SuccessFactors, SAP SF Recruiting modules",,Full-time,3-5 years
1851268,IT Support and Automation Specialist,Randstad Hungary Kft.,https://www.cvonline.hu/hu/allas/it-support-and-automation-specialist-1851268,2026-03-09,2026-03-16,False,SEE region,,English: B2,,"JavaScript, Python, PowerShell","Microsoft Office 365, Windows 11",Hybrid,Full-time,2-3 years
1851269,Manuális Tesztelő / QA Specialist,Randstad Hungary Kft.,https://www.cvonline.hu/hu/allas/manualis-tesztelo-qa-specialist-1851269,2026-03-09,2026-03-25,True,,,,,,,Home office,,1-3 years
1846095,German Speaking Presales Specialist,Randstad Hungary Kft.,https://www.cvonline.hu/hu/allas/german-speaking-presales-specialist-1846095,2026-03-09,2026-03-18,False,,,"{'Language': 'English', 'Level': 'B2'}, {'Language': 'German', 'Level': 'Native'}",,,Salesforce,Home-Office,Full-time,3-5 years
1840785,Application Support Expert - IT Laboratory & LIMS,Randstad Hungary Kft.,https://www.cvonline.hu/hu/allas/application-support-expert-it-laboratory-lims-1840785,2026-03-09,2026-03-16,False,Budapest,,"{'English': 'CEFR B2'}, {'French': 'CEFR unknown'}",Relevant degree,,"LIMS, CDS",,Full-time,5+ years
1855738,JUNIOR POWER BI SPECIALIST (3878),HumanField Vezető- és Specialistakiválasztó Kft.,https://www.cvonline.hu/hu/allas/junior-power-bi-specialist-3878-1855738,2026-03-09,2026-03-25,True,,,"{'language': 'English', 'level': 'B2'}",Bachelor,,"Microsoft Power Automate, Business Intelligence, Microsoft Power BI, Microsoft Power Apps, PowerPivot, Low-Code Development, RPA, Low-code, No-code",Hybrid,,0-1 years
1840753,LEAD BACKEND DEVELOPER (Node.js),BECK AND PARTNERS Kft.,https://www.cvonline.hu/hu/allas/lead-backend-developer-nodejs-1840753,2026-03-09,2026-03-11,False,Budapest,,"{'Language': 'English', 'CEFR Level': 'B2'}",Bachelor,"Node.js, TypeScript","Docker, Kafka, NestJS, GraphQL",Hybrid,Full-time,5-7 years
1846037,ERP LOGISZTIKAI KONZULENS/TANÁCSADÓ,BECK AND PARTNERS Kft.,https://www.cvonline.hu/hu/allas/erp-logisztikai-konzulens-tanacsado-1846037,2026-03-09,2026-03-17,False,Budapest,,English: B2,Bachelor,,,Hybrid,Full-time,3-5 years
1855802,IT Sales & Key Account Manager:in (m/w/d),Vienna,https://www.cvonline.hu/hu/allas/it-sales-key-account-managerin-m-w-d-1855802,2026-03-09,2026-03-25,True,Vienna,"65000 EUR brutto/Jahr (38,5 Std.)","{'English': 'B2-C1'}, {'German': 'C1-C2'}",Universitäts- oder FH-Abschluss,,,Hybrid (Home-Office),Full-time,3+ years
1851204,SAP consultant (CO),Hire-One Kft.,https://www.cvonline.hu/hu/allas/sap-consultant-co-1851204,2026-03-09,2026-03-25,True,Europe,,English: B2,Bachelor,SAP ABAP,"SAP CO, SAP 4/HANA",Hybrid,Full-time,3-5 years
1851205,SAP consultant (CO),Hire-One Kft.,https://www.cvonline.hu/hu/allas/sap-consultant-co-1851205,2026-03-09,2026-03-25,True,Europe,,English: B2,Bachelor,SAP ABAP,"SAP CO, SAP 4/HANA",Hybrid,Full-time,3-5 years
1851206,SAP consultant (CO),Hire-One Kft.,https://www.cvonline.hu/hu/allas/sap-consultant-co-1851206,2026-03-09,2026-03-25,True,Europe,,English: B2,Bachelor,SAP ABAP,"SAP CO, SAP 4/HANA",Hybrid,Full-time,3-5 years
1855704,Raktári kisegítő,Mind-Diák Szövetkezet,https://www.cvonline.hu/hu/allas/raktari-kisegito-1855704,2026-03-09,2026-03-25,True,Csepel,,,High School with Diploma,,,On-site,Full-time,
1855790,System Engineer (m/f/x),Vienna,https://www.cvonline.hu/hu/allas/system-engineer-m-f-x-1855790,2026-03-09,2026-03-25,True,Wien,3200 EUR brutto/month,"English: B2, Deutsch: B2",,,,Hybrid,Full-time,1-3 years
1845230,Business Analyst,HUNAM Personnel Solutions Kft.,https://www.cvonline.hu/hu/allas/business-analyst-1845230,2026-03-09,2026-03-17,False,Siófok,,{'English': 'B2'},Bachelor,,"Sharepoint, irodai alkalmazások, robotikában",Home-Office,Full-time,3-5 years
1855610,RENDSZERGAZDA,BECK AND PARTNERS Kft.,https://www.cvonline.hu/hu/allas/rendszergazda-1855610,2026-03-09,2026-03-25,True,Budapest,,English,"Bachelor, Master",,"M-Files, Novitax",On-site with home office,Full-time,3-5 years
1840546,IT Systemtechnik Lehrling (m/w/x),Vienna,https://www.cvonline.hu/hu/allas/it-systemtechnik-lehrling-m-w-x-1840546,2026-03-09,2026-03-13,False,Wien,,Deutsch: sehr gut,"Abgeschlossene Pflichtschule (9. Klasse) oder eine abgebrochene Schulausbildung (AHS, BHS)",,,Vollzeit,Lehrstelle,
1840566,Lehrling Mechatronik - Fertigungstechnik (all genders),Vienna,https://www.cvonline.hu/hu/allas/lehrling-mechatronik-fertigungstechnik-all-genders-1840566,2026-03-09,2026-03-13,False,Österreich,,"Deutsch, Englisch",Matura,,,,Lehre,
1840569,Lehrling für den Beruf Mechatronik,Vienna,https://www.cvonline.hu/hu/allas/lehrling-fur-den-beruf-mechatronik-1840569,2026-03-09,2026-03-13,False,Wien,1138.23 EUR brutto/month,,Lehre (3.5 Jahre),,,On-site with home office,Full-time,
1855793,Softwaretester (m/w/d),Vienna,https://www.cvonline.hu/hu/allas/softwaretester-m-w-d-1855793,2026-03-09,2026-03-25,True,City not specified,42882 EUR gross/year,{'English': None},Bachelor,,MS Office,Hybrid (up to 80% home office),Full-time,0-1 years
1845844,SENIOR SZOFTVERFEJLESZTŐ,A-Credit 2000 Tanácsadó és Szolgáltató Kft.,https://www.cvonline.hu/hu/allas/senior-szoftverfejleszto-1845844,2026-03-09,2026-03-18,False,Székesfehérvár,,English: Dokumentum-olvasás szintű,Bachelor,"C#, .Net, MS-SQL, C/C++",Git,"Hybrid (2 days on-site, Home Office)",Full-time,3-5 years
1845838,Product Manager,A-Credit 2000 Tanácsadó és Szolgáltató Kft.,https://www.cvonline.hu/hu/allas/product-manager-1845838,2026-03-09,2026-03-18,False,Székesfehérvár,,"English: C1, Hungarian: Native",,,,,,5+ years
1850980,Diákmunka - Data Scientist – Total Vehicle Quality,MŰISZ Iskolaszövetkezet,https://www.cvonline.hu/hu/allas/diakmunka-data-scientist-total-vehicle-quality-1850980,2026-03-09,2026-03-25,True,Budapest,,{'English': 'B2'},Bachelor,"Python, SQL","React, C++",,,
1851009,"Diákmunka - Data Scientist – Q✦Lab (Validation, Integration Total Vehicle)",MŰISZ Iskolaszövetkezet,https://www.cvonline.hu/hu/allas/diakmunka-data-scientist-qlab-validation-integration-total-vehicle-1851009,2026-03-09,2026-03-25,True,,2145 EUR/hour,,High School with Diploma,"Python, SQL","React, C++",,Full-time,
1855739,JUNIOR RPA DEVELOPER (3876),HumanField Vezető- és Specialistakiválasztó Kft.,https://www.cvonline.hu/hu/allas/junior-rpa-developer-3876-1855739,2026-03-09,2026-03-25,True,,,"{'language': 'English', 'level': 'B2'}",Bachelor,,"UiPath, Automation Anywhere, Power BI, Microsoft Power Automate, Business Intelligence, Microsoft Power Apps, PowerPivot, Low-Code Development, RPA, Low-code, No-code",Home-Office,,0-1 years
1845815,Diákmunka - C++ Developer Trainee SINUMERIK HMI,MŰISZ Iskolaszövetkezet,https://www.cvonline.hu/hu/allas/diakmunka-c-developer-trainee-sinumerik-hmi-1845815,2026-03-09,2026-03-18,False,Budapest,,"{'English': 'CEFR level not specified'}, {'German': 'CEFR level not specified'}",Ongoing studies in a relevant field (engineering or informatics),"C, C++",,Home-Office,Full-time,
1845774,Csalás-megelőzési és az Információbiztonsági gyakornok,MFB Magyar Fejlesztési Bank Zrt.,https://www.cvonline.hu/hu/lite/allas/csalas-megelozesi-es-az-informaciobiztonsagi-gyakornok-1845774,2026-03-09,2026-03-18,False,Budapest,,,Bachelor,,,Hybrid,Full-time,0-1 years
1850906,IT PROJEKT KOORDINÁTOR,BECK AND PARTNERS Kft.,https://www.cvonline.hu/hu/allas/it-projekt-koordinator-1850906,2026-03-09,2026-03-23,False,Budapest,,,High School with Diploma,,"JIRA, Business Central (Navision)",Home-Office,Full-time,1-3 years
1845658,Software Solution Architect,HAYS Hungary Kft.,https://www.cvonline.hu/hu/allas/software-solution-architect-1845658,2026-03-09,2026-03-18,False,,,"{'Language': 'English', 'CEFR Level': 'B2'}",,,,Home-Office,Full-time,3-5 years
1845659,"Data Analyst (SQL, Power BI)",HAYS Hungary Kft.,https://www.cvonline.hu/hu/allas/data-analyst-sql-power-bi-1845659,2026-03-09,2026-03-18,False,Budapest,,English: B2,,"SQL, Power BI, Spotfire","Spotfire, PowerBI",Hybrid,Full-time,1-3 years
1845731,iOS Developer,HAYS Hungary Kft.,https://www.cvonline.hu/hu/allas/ios-developer-1845731,2026-03-09,2026-03-17,False,,,,,"{'Name': 'Swift', 'CEFR Level': 'A2'}","Xcode, Interface Builder, Storyboards, Firebase suite (Auth, Database, Storage, Remote Config, Crashlytics), Payment processing (RevenueCat, StoreKit), Analytics platforms (Mixpanel, Google Analytics), Push notifications (OneSignal), Social login (Google Sign-In, Facebook Login, Sign in with Apple), Git, Fastlane for CI/CD automation, XcodeGen for project generation",Hybrid,,5+ years
1855792,Senior Consultant (w/m/d) SAP BI,Vienna,https://www.cvonline.hu/hu/allas/senior-consultant-w-m-d-sap-bi-1855792,2026-03-09,2026-03-25,True,Österreich,80000 EUR gross/year,Deutsch: sehr gut,"HTL, Uni, FH","ABAP, ABAP WebDynpro, ABAP OO","SAP BW/BI, SAP HANA, Business Objects, BW on HANA, BW/4 HANA, SAP Analytics Cloud",Hybrid,Full-time,6+ years
1845541,Project Manager Supply Planning - EMEA,Carl Zeiss Vision Hungary Kft.,https://www.cvonline.hu/hu/master/allas/project-manager-supply-planning-emea-1845541,2026-03-09,2026-03-18,False,Mátészalka,,English: B2,"Bachelor's degree in Supply Chain Management, Business Administration, or a related field.",,"Microsoft Excel, Power Point",,Full-time,3-5 years
1727975,Anwendungsentwickler (m/w/d)),Laendle,https://www.cvonline.hu/hu/allas/anwendungsentwickler-m-w-d-1727975,2026-03-09,2026-03-09,False,,,English: B2,Höhere technische Ausbildung im Bereich IT,"Power Apps, Power Automate","SharePoint, Microsoft Power Plattform",Hybrid,Full-time,
1727976,Oracle Datenbank Administrator:in,Laendle,https://www.cvonline.hu/hu/allas/oracle-datenbank-administratorin-1727976,2026-03-09,2026-03-09,False,,,,,Oracle,,Flexible,,
1727978,Softwareentwickler Applikationssoftware Baumaschinen (m/w/d),Laendle,https://www.cvonline.hu/hu/allas/softwareentwickler-applikationssoftware-baumaschinen-m-w-d-1727978,2026-03-09,2026-03-09,False,,2000 EUR gross/month,"{'English': 'B2'}, {'German': 'native'}",Bachelor,,,Hybrid,Full-time,1-3 years
1727981,Teamlead Software Development (m/w/d),Laendle,https://www.cvonline.hu/hu/allas/teamlead-software-development-m-w-d-1727981,2026-03-09,2026-03-09,False,,,"{'English': 'B2'}, {'German': 'native'}",Bachelor,,,Hybrid,Full-time,5+ years
1727982,Spezialist:in Prozessmanagement,Laendle,https://www.cvonline.hu/hu/allas/spezialistin-prozessmanagement-1727982,2026-03-09,2026-03-09,False,,,,,,,,,
1727984,Telekom-Techniker:in,Laendle,https://www.cvonline.hu/hu/allas/telekom-technikerin-1727984,2026-03-09,2026-03-09,False,,,,,,,,,
1728006,Service Desk Engineer (m/w/d),Laendle,https://www.cvonline.hu/hu/allas/service-desk-engineer-m-w-d-1728006,2026-03-09,2026-03-09,False,,,"{'English': 'B2'}, {'German': 'B2'}","HTL, Lehre Systemtechnik",,"Ticketsystem, Windows, O365, AD",,,0-1 years
1850583,Firmware Engineer,Trenkwalder Kft,https://www.cvonline.hu/hu/allas/firmware-engineer-1850583,2026-03-09,2026-03-10,False,Magyarország,,English: B2,"Bachelor or Master in Electrical Engineering, Software Engineering or similar field","C++, Python",,Hybrid (home office),Full-time,5+ years
1840042,"Customer Technology Advisor - Mainframe (m,w,d)",Vienna,https://www.cvonline.hu/hu/allas/customer-technology-advisor-mainframe-mwd-1840042,2026-03-09,2026-03-11,False,,110000 EUR gross/year,"English: B2, German: native",Bachelor,,,Home-Office,Full-time,3-5 years
1840063,Mechatronik - Elektromaschinentechnik (m/w/d),Vienna,https://www.cvonline.hu/hu/allas/mechatronik-elektromaschinentechnik-m-w-d-1840063,2026-03-09,2026-03-11,False,Wiener Neudorf,1223.52 EUR brutto/month,English: B1,,,,Full-time,Apprenticeship (Lehrling),
1840071,Lehrstelle Mechatronik- und Fertigungstechnik (m/w/d),Vienna,https://www.cvonline.hu/hu/allas/lehrstelle-mechatronik-und-fertigungstechnik-m-w-d-1840071,2026-03-09,2026-03-11,False,Amstetten,1071 EUR brutto/month,,Lehre mit Matura,,,On-site,Full-time,
1716639,Solution Architect CPQ - Configure Price Quote (m/w/d),Laendle,https://www.cvonline.hu/hu/allas/solution-architect-cpq-configure-price-quote-m-w-d-1716639,2026-03-09,2026-03-09,False,,,{'English': 'B2'},Bachelor,,,Hybrid,Full-time,3-5 years
1855258,French Speaking Catalogue Specialist,Trenkwalder Kft,https://www.cvonline.hu/hu/allas/french-speaking-catalogue-specialist-1855258,2026-03-09,2026-03-25,True,,,"English: B2, French: B2",,"Excel, Word, PowerPoint",formatted catalogue file uploads,Home-Office,Full-time,1-3 years
1850468,Frontend Developer (Angular - Access Management),Randstad Hungary Kft.,https://www.cvonline.hu/hu/allas/frontend-developer-angular-access-management-1850468,2026-03-09,2026-03-16,False,Hungary,,,,Angular,,Hybrid (10% onsite),Full-time,
1850475,CPQ & Technical Sales Configurator Specialist,Randstad Hungary Kft.,https://www.cvonline.hu/hu/allas/cpq-technical-sales-configurator-specialist-1850475,2026-03-09,2026-03-25,True,,,,Bachelor,,"SAP CPQ, Fortinet",Hybrid or fully remote,Full-time,2-5 years
1850479,MES Engineer (hybrid),Randstad Hungary Kft.,https://www.cvonline.hu/hu/allas/mes-engineer-hybrid-1850479,2026-03-09,2026-03-25,True,,,,Bachelor,,"Siemens Opcenter, Rockwell FactoryTalk, Wonderware",Hybrid,Full-time,8-10 years
1839898,Network Engineer,Randstad Hungary Kft.,https://www.cvonline.hu/hu/allas/network-engineer-1839898,2026-03-09,2026-03-16,False,Europe,,"{'English': 'Fluent'}, {'Hungarian': 'Preferred'}","Bachelor, Master, PhD (Computer Sciences, Information technology, Engineering)",,"Cisco, Zscaler",On-site with home office,Full-time,5+ years
1839907,IT biztonsági szakértő (SIEM),Randstad Hungary Kft.,https://www.cvonline.hu/hu/allas/it-biztonsagi-szakerto-siem-1839907,2026-03-09,2026-03-16,False,Hungary,,English: B2,Bachelor,,,Hybrid,Full-time,3-5 years
1839908,IT biztonsági szakértő,Randstad Hungary Kft.,https://www.cvonline.hu/hu/allas/it-biztonsagi-szakerto-1839908,2026-03-09,2026-03-16,False,Budapest,,English: B2,Bachelor,,,Hybrid,Full-time,3-5 years
1845259,Senior DevOps Engineer (with strong AWS and basic Java skills),Randstad Hungary Kft.,https://www.cvonline.hu/hu/allas/senior-devops-engineer-strong-aws-and-basic-java-skills-1845259,2026-03-09,2026-03-17,False,Hungary,,,,Java,"Jenkins, AWS, Kubernetes, SpringBoot",,Full-time,5+ years
1845262,Senior Information Security Manager,Randstad Hungary Kft.,https://www.cvonline.hu/hu/allas/senior-information-security-manager-1845262,2026-03-09,2026-03-17,False,Budapest,,English,,,,Hybrid,Full-time,5+ years
1845267,Senior Scrum Master (German speaker),Randstad Hungary Kft.,https://www.cvonline.hu/hu/allas/senior-scrum-master-german-speaker-1845267,2026-03-09,2026-03-20,False,,,"{'English': 'C1'}, {'German': 'C1'}",,,"Jira, Confluence",,,
1845270,DevOps Engineer,Randstad Hungary Kft.,https://www.cvonline.hu/hu/allas/devops-engineer-1845270,2026-03-09,2026-03-16,False,,,English: B2,,,"Kubernetes, GitLab CI/CD, ArgoCD, Terraform","Home-Office, Hybrid",Full-time,3-5 years
1845248,Senior Account Executive / SW Sales Professional,Hire-One Kft.,https://www.cvonline.hu/hu/allas/senior-account-executive-sw-sales-professional-1845248,2026-03-09,2026-03-16,False,Budapest,,English: B2,,,HubSpot,Home-Office (2 days/week in Budapest),Full-time,More than 3 years
1845253,"Web&ERP támogató konzulens (Web, Backend)",Hire-One Kft.,https://www.cvonline.hu/hu/allas/weberp-tamogato-konzulens-web-backend-1845253,2026-03-09,2026-03-18,False,,,{'English': 'B2'},Bachelor,"HTML, CSS, JavaScript, .NET (C#)","REST API, SQL",,,3-5 years
1850397,HÁLÓZATI RENDSZERGAZDA (INFORMATIKAI ÉS HÍRKÖZLÉSI REFERENS),BECK AND PARTNERS Kft.,https://www.cvonline.hu/hu/allas/halozati-rendszergazda-informatikai-es-hirkozlesi-referens-1850397,2026-03-09,2026-03-22,False,Budapest,,English: A1,Bachelor,,,Full-time,Teljes munkaidő,5+ years
1850400,INFORMATIKUS (INFORMATIKAI ÉS HÍRKÖZLÉSI REFERENS),BECK AND PARTNERS Kft.,https://www.cvonline.hu/hu/allas/informatikus-informatikai-es-hirkozlesi-referens-1850400,2026-03-09,2026-03-22,False,Budapest,,English: A1,Bachelor,,"Juniper, Cisco, Forti, HP, VMWare, MS Windows",On-site with home office,Full-time,5+ years
1845208,IT RENDSZERSZERVEZŐ,BECK AND PARTNERS Kft.,https://www.cvonline.hu/hu/allas/it-rendszerszervezo-1845208,2026-03-09,2026-03-16,False,Budapest,,,"Bachelor, Master",,"Atlassian termékcsalád (Jira, Confluence), Kafka, MQ",Hybrid,Full-time,3-5 years
1850391,IT TECHNIKUS,BECK AND PARTNERS Kft.,https://www.cvonline.hu/hu/allas/it-technikus-1850391,2026-03-09,2026-03-22,False,Győr,,"{'Language': 'English', 'CEFR Level': 'B'}",Bachelor,,"Windows, Microsoft Active Directory",On-site,Full-time,1-3 years
1850396,IT ASSZISZTENS,BECK AND PARTNERS Kft.,https://www.cvonline.hu/hu/allas/it-asszisztens-1850396,2026-03-09,2026-03-22,False,Budapest,,"{'Language': 'English', 'Level': 'A1'}",High School with Diploma,,"Microsoft Office, Excel",On-site,Full-time,0-1 years
1844973,Sales Data Analyst,Trenkwalder Kft,https://www.cvonline.hu/hu/allas/sales-data-analyst-1844973,2026-03-09,2026-03-18,False,,,English: B2,,,"SAP Analytics Cloud, Power BI, Tableau",Home Office,Full-time,
1844961,Senior Consultant SAP S/4 Hana Finance,Vienna,https://www.cvonline.hu/hu/allas/senior-consultant-sap-s-4-hana-finance-1844961,2026-03-09,2026-03-18,False,Vienna,55200 EUR gross/year,"German: Fluent, English: Proficient",,,SAP S/4HANA,Hybrid,Full-time,3-5 years
1844976,Businesskundenbetreuer in der Telekommunikation (m/w/d),Vienna,https://www.cvonline.hu/hu/allas/businesskundenbetreuer-der-telekommunikation-m-w-d-1844976,2026-03-09,2026-03-18,False,Wien,"{'gross': 2124.0, 'net': None, 'currency': 'EUR', 'period': 'month'}",Deutsch: B2,Bachelor,,,On-site with home office,Full-time,0-1 years
1850141,Diákmunka - C# Developer Trainee (MAC),MŰISZ Iskolaszövetkezet,https://www.cvonline.hu/hu/allas/diakmunka-c-developer-trainee-mac-1850141,2026-03-09,2026-03-11,False,Szeged,,English: B2,Ongoing specialized higher education (IT or electrical engineering),C#,"Visual Studio IDE, Version control system",Home-Office,,
1839578,Diákmunka - Szoftvertesztelő gyakornok,MŰISZ Iskolaszövetkezet,https://www.cvonline.hu/hu/allas/diakmunka-szoftvertesztelo-gyakornok-1839578,2026-03-09,2026-03-11,False,,2390 Ft/hour,English,Bachelor (active student),,,,,
1849997,Windows Administrator (REF4785N),Deutsche Telekom IT Solutions,https://www.cvonline.hu/hu/allas/windows-administrator-ref4785n-1849997,2026-03-09,2026-03-17,False,Hungary,,"German: B2, English: B2",,"Powershell, Terraform, Microsoft Windows Scripting","Microsoft Server, Microsoft Azure Active Directory (AD), NFS authorization management",Home-Office,Full-time,3-5 years
1849998,Windows Administrator (REF4785N),Deutsche Telekom IT Solutions,https://www.cvonline.hu/hu/allas/windows-administrator-ref4785n-1849998,2026-03-09,2026-03-17,False,Hungary,,"German: B2, English: B2",,"Powershell, Terraform, Microsoft Windows Scripting","Microsoft Server, Microsoft Azure Active Directory (AD), NFS authorization management",Home-Office,Full-time,3-5 years
1849999,Windows Administrator (REF4785N),Deutsche Telekom IT Solutions,https://www.cvonline.hu/hu/allas/windows-administrator-ref4785n-1849999,2026-03-09,2026-03-17,False,Hungary,,"German: B2, English: B2",,"Powershell, Terraform, Microsoft Windows Scripting","Microsoft Server, Microsoft Azure Active Directory (AD), NFS authorization management",Home-Office,Full-time,3-5 years
1850000,Windows Administrator (REF4785N),Deutsche Telekom IT Solutions,https://www.cvonline.hu/hu/allas/windows-administrator-ref4785n-1850000,2026-03-09,2026-03-17,False,Hungary,,"German: B2, English: B2",,"Powershell, Terraform, Microsoft Windows Scripting","Microsoft Server, Microsoft Azure Active Directory (AD), NFS authorization management",Home-Office,Full-time,3-5 years
1854301,TECHNOLÓGIAI VEZETŐ,Besthunters Tanácsadó Iroda,https://www.cvonline.hu/hu/lite/allas/technologiai-vezeto-1854301,2026-03-09,2026-03-25,True,Ajkai,,{'English': 'B'},Bachelor,CAD/CAM,,,Full-time,3-5 years
1852592,LEAD FRONTEND DEVELOPER & TECHNICAL MENTOR (3861),HumanField Vezető- és Specialistakiválasztó Kft.,https://www.cvonline.hu/hu/allas/lead-frontend-developer-technical-mentor-3861-1852592,2026-03-09,2026-03-25,True,,,,,"React, TypeScript","Redux Toolkit, TanStack Table, TanStack Query, Azure AD, MSAL, Storybook, Playwright, CI/CD, Tailwind CSS, atomic design, Final Form, React Hook Form",Home office lehetőség (Rugalmas munkarend),,5+ years
1852587,AI DEVELOPER (3866),HumanField Vezető- és Specialistakiválasztó Kft.,https://www.cvonline.hu/hu/allas/ai-developer-3866-1852587,2026-03-09,2026-03-25,True,,,"{'Language': 'English', 'CEFR Level': None}",,Python,"OpenAI API, LLM API (Claude, OpenAI, AWS Bedrock), Agent Frameworks (Claude Agent SDK, OpenAI Codex SDK, pydantic-ai), Neo4j graph database, FastAPI",Remote,,5+ years
1840803,SAP Subject Matter Expert (3835),HumanField Vezető- és Specialistakiválasztó Kft.,https://www.cvonline.hu/hu/allas/sap-subject-matter-expert-3835-1840803,2026-03-09,2026-03-11,False,,,English: B2,Releváns felsőfokú végzettség,,"SAP ERP, SAP HANA, SAP S/4 HANA, Enterprise Resource Planning, ERP, SAP Implementation, SAP Fiori",Hybrid,,
1840804,SAP Subject Matter Expert (3835),HumanField Vezető- és Specialistakiválasztó Kft.,https://www.cvonline.hu/hu/allas/sap-subject-matter-expert-3835-1840804,2026-03-09,2026-03-11,False,,,English: B2,Releváns felsőfokú végzettség,,"SAP ERP, SAP HANA, SAP S/4 HANA, Enterprise Resource Planning, ERP, SAP Implementation, SAP Fiori",Hybrid,,
1848697,SENIOR SALESFORCE DEVELOPER (3848),HumanField Vezető- és Specialistakiválasztó Kft.,https://www.cvonline.hu/hu/allas/senior-salesforce-developer-3848-1848697,2026-03-09,2026-03-22,False,,,"{'Language': 'English', 'CEFR Level': 'B2'}",,"Salesforce, JavaScript, Java, C#","Customer Relationship Management (CRM), Salesforce Sales Cloud",Home-Office,Full-time,3-5 years
1848698,SENIOR SALESFORCE DEVELOPER (3848),HumanField Vezető- és Specialistakiválasztó Kft.,https://www.cvonline.hu/hu/allas/senior-salesforce-developer-3848-1848698,2026-03-09,2026-03-22,False,,,"{'Language': 'English', 'CEFR Level': 'B2'}",,"Apex, LWC, JavaScript, Java, C#","Salesforce, Einstein 1, Lightning, Agentforce, Salesforce Sales Cloud",Home-Office,,3-5 years
1853204,ANGULAR DEVELOPER (3871),HumanField Vezető- és Specialistakiválasztó Kft.,https://www.cvonline.hu/hu/allas/angular-developer-3871-1853204,2026-03-09,2026-03-25,True,,,English: B2,,"Angular, HTML, CSS, JavaScript",Git,Full-remote,Full-time,3-5 years
1854736,SENIOR INTEGRÁCIÓS SPECIALISTA (JAVA),BECK AND PARTNERS Kft.,https://www.cvonline.hu/hu/allas/senior-integracios-specialista-java-1854736,2026-03-09,2026-03-25,True,Pécs,,English: B2,Bachelor,"Java, Spring Boot, SQL","Kubernetes, Git, CI/CD",Hybrid,Full-time,7+ years
1854772,Szoftverbevezetési tanácsadó,Randstad Hungary Kft.,https://www.cvonline.hu/hu/allas/szoftverbevezetesi-tanacsado-1854772,2026-03-09,2026-03-25,True,,,English: B2,,,,Home office,,
1854765,IT operátor,Viapan „Dologidő” Kft.,https://www.cvonline.hu/hu/allas/it-operator-1854765,2026-03-09,2026-03-25,True,Kecskeméti,,English: B2,Relevant degree,,"VMware, Veeam, Power BI, ManageEngine",On-site,Full-time,
1854270,SAP-szakértő,Trenkwalder Kft,https://www.cvonline.hu/hu/allas/sap-szakerto-1854270,2026-03-09,2026-03-25,True,,,"English: C1, Hungarian",Bachelor,SAP,ERP systems,,,5+ years
1854332,Elektronikai gyártósori munkatárs,Humán Centrum Kft.,https://www.cvonline.hu/hu/allas/elektronikai-gyartosori-munkatars-1854332,2026-03-09,2026-03-25,True,,"100% of the gross salary, paid monthly",English: B2,High School with Diploma,,SAP Business One,On-site,Full-time,0-1 years
1854333,IT technikus (üzemeltetés),MÁV Szolgáltató Központ Zrt.,https://www.cvonline.hu/hu/allas/it-technikus-uzemeltetes-1854333,2026-03-09,2026-03-25,True,Budapest,20526.00 EUR gross/month,,High School with Diploma or Bachelor,,"MS Windows, Android, MS Office",On-site,Full-time,1-3 years
1859274,"Embedded Quality Assurance Engineer, 80-100% (f/m/x)",Laendle,https://www.cvonline.hu/hu/allas/embedded-quality-assurance-engineer-80-100-f-m-x-1859274,2026-03-10,2026-03-14,False,"Klaus, Austria",,English: B2,"Bachelor or Master in Informatik, Elektrotechnik or related field","Python, Linux",,Hybrid (On-site with home office),Full-time,3-5 years
1859284,Senior Frontend Developer (m/w/d)*,Laendle,https://www.cvonline.hu/hu/allas/senior-frontend-developer-m-w-d-1859284,2026-03-10,2026-03-25,True,Kennelbach,37289 EUR brutto p.a.,"English: B2, German: native",,"React, Angular, Typescript",,,Full-time,3-5 years
1859302,Web Frontend Developer,Hire-One Kft.,https://www.cvonline.hu/hu/allas/web-frontend-developer-1859302,2026-03-10,2026-03-11,False,Pozsony,,"Hungarian: B2, English: B2",Bachelor,"HTML, JavaScript, CSS, Angular",,Home-Office,Full-time,3-5 years
1859303,Teszt technikus,Hire-One Kft.,https://www.cvonline.hu/hu/allas/teszt-technikus-1859303,2026-03-10,2026-03-25,True,,,"{'Language': 'English', 'Level': 'B2'}",High School with Diploma,,"Windows OS, Microsoft Office",Three-shift work arrangement,Full-time,
1859247,"Werkstudent:in – DevOps & Automatisierung, 40 – 50 % (w/m/d)",Laendle,https://www.cvonline.hu/hu/allas/werkstudentin-devops-automatisierung-40-50-w-m-d-1859247,2026-03-10,2026-03-20,False,"Klaus, Austria",,"English: B2, German: native",Bachelor (in progress),"Linux, Ansible, GitLab CI/CD, Packer","SentinelOne, Checkmk, NinjaOne, 1Password Vault",,,
1859219,IT System Engineer - Microsoft/Office 365 (f/m/x),Laendle,https://www.cvonline.hu/hu/allas/it-system-engineer-microsoft-office-365-f-m-x-1859219,2026-03-10,2026-03-25,True,HÖCHST,,English: B2,,,"PowerShell, Exchange, Teams, SharePoint, Azure AD",On-site,Full-time,3-5 years
1859286,Global Leader Supply Chain Integration (m/w/d),Laendle,https://www.cvonline.hu/hu/allas/global-leader-supply-chain-integration-m-w-d-1859286,2026-03-10,2026-03-25,True,Rankweil,,"English, German","HTL, HAK or Studienabschluss in Betriebswirtschaft or Wirtschaftsinformatik",,"SAP Systemen, SCM Modulen and Lösungen (MM, SD, EWM, ARIBA)",Hybrid,Full-time,3-5 years
1859255,Senior Business Analyst - Digital Banking,Laendle,https://www.cvonline.hu/hu/allas/senior-business-analyst-digital-banking-1859255,2026-03-10,2026-03-25,True,City not specified,,,"Bachelor, Master",,,Hybrid (up to 40% home office),Full-time,3-5 years
1859236,SAP Inhouse Consultant (m/w) für S/4 Rollout-Projekte Schwerpunkt MM,Laendle,https://www.cvonline.hu/hu/allas/sap-inhouse-consultant-m-w-fur-s-4-rollout-projekte-schwerpunkt-mm-1859236,2026-03-10,2026-03-25,True,Deutschland,,English: B2,Wirtschaftsinformatik (Bachelor/Master),,"SAP S/4HANA, State-of-the-Art-Tools",On-site with home office,Full-time,5+ years
1859224,Junior IT Entwickler:in (Avaloq),Laendle,https://www.cvonline.hu/hu/allas/junior-it-entwicklerin-avaloq-1859224,2026-03-10,2026-03-25,True,,,,"Bachelor, Master",,Avaloq,,,0-1 years
1859214,"Cloud Application Developer, 80-100% (f/m/x)",Laendle,https://www.cvonline.hu/hu/allas/cloud-application-developer-80-100-f-m-x-1859214,2026-03-10,2026-03-25,True,Klaus,,English: B2,Bachelor of Informatik or comparable qualification,"C#, .NET, Blazor, ASP.NET Core, Docker, Terraform, Kubernetes","Visual Studio, Azure Cloud Services",,Full-time,Mehrjährige Erfahrung
1859266,ERP Solution Architect (m/w/d),Laendle,https://www.cvonline.hu/hu/allas/erp-solution-architect-m-w-d-1859266,2026-03-10,2026-03-14,False,,2000 EUR gross/month,"{'English': 'B2'}, {'German': 'Native'}","Bachelor, Master",,ERP,Hybrid,Full-time,3-5 years
1859217,"ICT System Engineer Datacenter  (Linux, Storage & Virtualisierung)",Laendle,https://www.cvonline.hu/hu/allas/ict-system-engineer-datacenter-linux-storage-virtualisierung-1859217,2026-03-10,2026-03-25,True,,,,Bachelor,"Linux, Ansible","Red Hat, Satellite, GitLab",,,3-5 years
1859171,German Speaking Technical Support Analyst,HSA Kft.,https://www.cvonline.hu/hu/allas/german-speaking-technical-support-analyst-1859171,2026-03-10,2026-03-25,True,Debrecen,,"German: B2-C1, English: B2",High School with Diploma,,,,,
1859237,IT System Administrator - Middleware (m/w/d),Laendle,https://www.cvonline.hu/hu/allas/it-system-administrator-middleware-m-w-d-1859237,2026-03-10,2026-03-25,True,HÖCHST,,,"HTL-Informatik, IT-Lehre, o.ä.","Windows, Linux","Docker/Kubernetes, Git, CI/CD, Azure Cloud",On-site with home office,Full-time,
1859250,Full Stack Entwickler:in,Laendle,https://www.cvonline.hu/hu/allas/full-stack-entwicklerin-1859250,2026-03-10,2026-03-18,False,,,,,"C#, .NET Core, SQL, Vue.js, Typescript",,,,3-5 years
1859278,"Technical Writer, 80-100% (f/m/x)",Laendle,https://www.cvonline.hu/hu/allas/technical-writer-80-100-f-m-x-1859278,2026-03-10,2026-03-13,False,"Martina Hafner-Höfle, OMICRON electronics GmbH",,"{'English': 'B2'}, {'German': None}",,,,,,
1859281,"IT-SYSTEMADMINISTRATOR, SCHWERPUNKT SECURITY (M/W/D)",Laendle,https://www.cvonline.hu/hu/allas/it-systemadministrator-schwerpunkt-security-m-w-d-1859281,2026-03-10,2026-03-11,False,,,,Bachelor,,,,Full-time,
1859289,Senior Techincal Solution Architect D365 (all gender),Laendle,https://www.cvonline.hu/hu/allas/senior-techincal-solution-architect-d365-all-gender-1859289,2026-03-10,2026-03-11,False,Hard,,"English: B2, German: B2",,,"Microsoft Dynamics 365 Finance & Operations, Lifecycle Services, Power Platform Admin Center, Azure DevOps",Home-Office,Full-time,5+ years
1859269,IT-Inhouse Consultant Supply Chain Management / Produktionsplanung (m/w/d),Laendle,https://www.cvonline.hu/hu/allas/it-inhouse-consultant-supply-chain-management-produktionsplanung-m-w-d-1859269,2026-03-10,2026-03-14,False,HÖCHST,,"Deutsch, English",Bachelor (Wirtschaftsinformatik),,"SAP PP, SAP S/4HANA",Home-Office,Full-time,5+ years
1859253,IT-Projektleiter (m/w/d),Laendle,https://www.cvonline.hu/hu/allas/it-projektleiter-m-w-d-1859253,2026-03-10,2026-03-18,False,HÖCHST,,"English: B2, Deutsch",Bachelor,,,Home-Office,Full-time,3-5 years
1859229,Entwicklungsingenieur für Assistenz- & Automatisierungssysteme (m/w/d),Laendle,https://www.cvonline.hu/hu/allas/entwicklungsingenieur-fur-assistenz-automatisierungssysteme-m-w-d-1859229,2026-03-10,2026-03-22,False,,2000 EUR gross/month,"{'English': 'B2'}, {'German': 'Native'}",,"Python, C++",,Hybrid,Full-time,3-5 years
1859239,SAP Inhouse Consultant (m/w/d),Laendle,https://www.cvonline.hu/hu/allas/sap-inhouse-consultant-m-w-d-1859239,2026-03-10,2026-03-25,True,,,,,,,,,
1859228,Teamlead Software Development (m/w/d),Laendle,https://www.cvonline.hu/hu/allas/teamlead-software-development-m-w-d-1859228,2026-03-10,2026-03-22,False,,,"{'English': 'B2'}, {'German': 'native'}",Bachelor,,,Hybrid,Full-time,5+ years
1859288,Spezialist:in für digitale klinische Prozesse,Laendle,https://www.cvonline.hu/hu/allas/spezialistin-fur-digitale-klinische-prozesse-1859288,2026-03-10,2026-03-25,True,Feldkirch,,,"Bachelor or equivalent in Informatik, Wirtschaftsinformatik, etc.",,,On-site with home office,Full-time,1-3 years
1859232,Junior Product Owner - Digitale Produkte & Services,Laendle,https://www.cvonline.hu/hu/allas/junior-product-owner-digitale-produkte-services-1859232,2026-03-10,2026-03-25,True,,,,,,,,,
1859264,Business Analyst (m/w/d),Laendle,https://www.cvonline.hu/hu/allas/business-analyst-m-w-d-1859264,2026-03-10,2026-03-14,False,,Mindestentgelt der Metallindustrie (abhängig von Qualifikation und Erfahrung),English: B2,Bachelor,,,Hybrid,Full-time,3-5 years
1859268,IT-Inhouse Consultant Order-To-Cash (m/w/d),Laendle,https://www.cvonline.hu/hu/allas/it-inhouse-consultant-order-cash-m-w-d-1859268,2026-03-10,2026-03-14,False,HÖCHST,,{'English': 'B2'},Bachelor,,,Home-Office,Full-time,3-5 years
1859260,Team Lead - Solution Architect (m/w/d),Laendle,https://www.cvonline.hu/hu/allas/team-lead-solution-architect-m-w-d-1859260,2026-03-10,2026-03-14,False,,2000 EUR gross/month,,"Bachelor, Master",,,Hybrid,Full-time,5+ years
1859234,Learning Coordinator Information Services & Organization,Laendle,https://www.cvonline.hu/hu/allas/learning-coordinator-information-services-organization-1859234,2026-03-10,2026-03-22,False,HÖCHST,,"Deutsch: B2, English: B2",,,,Hybrid,Full-time,
1859244,Teamleiter IT-Infrastruktur (m/w/d),Laendle,https://www.cvonline.hu/hu/allas/teamleiter-it-infrastruktur-m-w-d-1859244,2026-03-10,2026-03-25,True,,Mindestentgelt der Metallindustrie (abhängig von Qualifikation und Erfahrung),"{'English': 'B2'}, {'German': 'native'}",Bachelor,,,Hybrid (Home-Office-Möglichkeit),Full-time,5+ years
1859283,Business Analyst,Laendle,https://www.cvonline.hu/hu/allas/business-analyst-1859283,2026-03-10,2026-03-25,True,,,,,,,,,
1859223,IT Digital Workplace Specialist (m/w),Laendle,https://www.cvonline.hu/hu/allas/it-digital-workplace-specialist-m-w-1859223,2026-03-10,2026-03-25,True,,,"{'English': 'B2'}, {'German': 'native'}",Bachelor,,Microsoft 365,,Full-time,3-5 years
1859213,"Cloud DevOps Engineer - .NET / Azure, 80-100% (f/m/x)",Laendle,https://www.cvonline.hu/hu/allas/cloud-devops-engineer-net-azure-80-100-f-m-x-1859213,2026-03-10,2026-03-25,True,Klaus,,English: B2,Bachelor of Informatik or comparable qualification,"C#, .NET, Blazor, ASP.NET Core","Docker, Terraform, Kubernetes, Azure DevOps",,Full-time,Mehrjährige praktische Erfahrung
1859270,Application Engineer für digitale Lösungen in der Fertigung (m/w/d),Laendle,https://www.cvonline.hu/hu/allas/application-engineer-fur-digitale-losungen-der-fertigung-m-w-d-1859270,2026-03-10,2026-03-13,False,,Mindestentgelt der Metallindustrie (abhängig von Qualifikation und Erfahrung),,"Bachelor oder höher im Bereich IT, Ingenieurwesen oder vergleichbar",,"APIs, Datenbanken, MES/ERP-Systeme",Hybrid (Flexible Arbeitszeiten mit Home-Office-Möglichkeit),Full-time,Keine spezifische Erfahrung angegeben
1859233,CRM-Entwickler MS Dynamics 365 (m/w/d),Laendle,https://www.cvonline.hu/hu/allas/crm-entwickler-ms-dynamics-365-m-w-d-1859233,2026-03-10,2026-03-25,True,,,"{'English': 'B2'}, {'German': 'native'}","Bachelor, Master","C#, SQL, JavaScript","MS Dynamics 365 CRM, Microsoft Power Platform (Power Apps, Power Automate, Power Pages), .NET",,,2-5 years
1859271,IT-Inhouse Consultant Supply Chain Management / Materialdisposition (m/w/d),Laendle,https://www.cvonline.hu/hu/allas/it-inhouse-consultant-supply-chain-management-materialdisposition-m-w-d-1859271,2026-03-10,2026-03-14,False,HÖCHST,,"English, German",,,"SAP ERP, SAP APO, SAP S/4HANA, IBP",Home-Office,Full-time,5+ years
1859267,IT-Inhouse Consulting Logistics Execution (m/w/d),Laendle,https://www.cvonline.hu/hu/allas/it-inhouse-consulting-logistics-execution-m-w-d-1859267,2026-03-10,2026-03-14,False,,,"{'Language': 'English', 'CEFR Level': 'B2'}, {'Language': 'German', 'CEFR Level': None}",Bachelor,,,Home-Office,Full-time,1-3 years
1859240,IT System Engineer (m/w/d),Laendle,https://www.cvonline.hu/hu/allas/it-system-engineer-m-w-d-1859240,2026-03-10,2026-03-20,False,HÖCHST,,English,,"Windows Server, Linux","Active Directory, Group Policies",Hybrid,Full-time,3-5 years
1859220,IT Platform Engineer ServiceNow (m/w/d),Laendle,https://www.cvonline.hu/hu/allas/it-platform-engineer-servicenow-m-w-d-1859220,2026-03-10,2026-03-25,True,HÖCHST,,"English: B2, German",Bachelor,"PowerShell, SQL","ServiceNow, Webservice, REST",Hybrid,Full-time,3-5 years
1859287,SAP Inhouse Consultant PP/PM (m/w/d),Laendle,https://www.cvonline.hu/hu/allas/sap-inhouse-consultant-pp-pm-m-w-d-1859287,2026-03-10,2026-03-25,True,,,{'English': 'B2'},Bachelor,,"SAP, S/4HANA",Hybrid,Full-time,1-3 years
1859218,IT Data Analytics Specialist,Laendle,https://www.cvonline.hu/hu/allas/it-data-analytics-specialist-1859218,2026-03-10,2026-03-25,True,,,,Bachelor,SQL,"Qlik (Sense, Cloud, QMC, WIP)",,,
1859259,Software Developer - Data & System Integration Solutions (m/w/d),Laendle,https://www.cvonline.hu/hu/allas/software-developer-data-system-integration-solutions-m-w-d-1859259,2026-03-10,2026-03-14,False,,Mindestentgelt der Metallindustrie (abhängig von Qualifikation und Erfahrung),,,,"Tyk.IO, Kafka",Hybrid,Full-time,3-5 years
1859256,Abteilungsleiter Software Programmiersysteme (w/m/d),Laendle,https://www.cvonline.hu/hu/allas/abteilungsleiter-software-programmiersysteme-w-m-d-1859256,2026-03-10,2026-03-25,True,Feldkirch,,"English: B1, German: B2",Bachelor or equivalent qualification,"C, C++, Java, Rust","IEC 61131-3, C and C++",Gleitzeit (Flexible working hours),Full-time,
1859248,"Learning Systems Administrator, 80-100% (f/m/x)",Laendle,https://www.cvonline.hu/hu/allas/learning-systems-administrator-80-100-f-m-x-1859248,2026-03-10,2026-03-25,True,"Klaus, Austria, Erlangen, Germany",,"['English: B2'], ['German']",,,"docebo, CRM",,,
1859225,Senior Cyber Security Specialist,Laendle,https://www.cvonline.hu/hu/allas/senior-cyber-security-specialist-1859225,2026-03-10,2026-03-25,True,,,,,,,,,
1859226,Daten- und Business Intelligence Experte im Kundendienst Baumaschinen (m/w/d),Laendle,https://www.cvonline.hu/hu/allas/daten-und-business-intelligence-experte-im-kundendienst-baumaschinen-m-w-d-1859226,2026-03-10,2026-03-22,False,,,"{'Language': 'English', 'CEFR Level': 'B2'}",Bachelor,"Java, Python, C#","Microsoft Dynamics 365, Power BI, PowerApps",Hybrid,Full-time,1-3 years
1859304,Rendszer technikus,Hire-One Kft.,https://www.cvonline.hu/hu/allas/rendszer-technikus-1859304,2026-03-10,2026-03-25,True,Tatabánya,,,High School with Diploma,,,"Műszakos munkarend (3 műszak 8 óra, 5+2)",Full-time,
1859221,Support & Operations Specialist (m/w/d),Laendle,https://www.cvonline.hu/hu/allas/support-operations-specialist-m-w-d-1859221,2026-03-10,2026-03-25,True,,,,,,,,,
1859241,"Software Quality Engineer – Test Automation, 80-100% (w/m/x)",Laendle,https://www.cvonline.hu/hu/allas/software-quality-engineer-test-automation-80-100-w-m-x-1859241,2026-03-10,2026-03-25,True,"Klaus, Austria",,English: B2,"Technische Ausbildung in Informatik, Mechatronik oder einer vergleichbaren Fachrichtung","C#, .NET-Framework",,On-site with home office,Full-time,
1859243,Teamleiter Service Desk (m/w/d),Laendle,https://www.cvonline.hu/hu/allas/teamleiter-service-desk-m-w-d-1859243,2026-03-10,2026-03-25,True,unknown,,"{'English': 'B2'}, {'German': 'native'}",Bachelor,Windows,,Hybrid,Full-time,3-5 years
1859265,.NET Backend Developer (m/w/d),Laendle,https://www.cvonline.hu/hu/allas/net-backend-developer-m-w-d-1859265,2026-03-10,2026-03-14,False,Unknown,,"{'Language': 'English', 'CEFR Level': 'B2'}",Technische Ausbildung (Bachelor or Master),"Java, .NET","AWS, Azure, No-SQL database",Hybrid,Full-time,
1859282,IT-Mitarbeiter im Löwen Hotel Montafon (m/w/d),Laendle,https://www.cvonline.hu/hu/allas/it-mitarbeiter-im-lowen-hotel-montafon-m-w-d-1859282,2026-03-10,2026-03-11,False,Vorarlberg,,,Bachelor,,"Microsoft 365, Fidelio Suite8, Oracle Simphony, Salto ProAccess Space, Geutebrück G-Core, Easreserve",Hybrid,Full-time,3-5 years
1859222,"Senior Conversion, Experience & Growth Manager(m/w/d)",Laendle,https://www.cvonline.hu/hu/allas/senior-conversion-experience-growth-managerm-w-d-1859222,2026-03-10,2026-03-25,True,,,,,,,On-site,Full-time,3-5 years
1859238,System Engineer - Applications,Laendle,https://www.cvonline.hu/hu/allas/system-engineer-applications-1859238,2026-03-10,2026-03-25,True,,,,,,,,,
1859252,IT-Inhouse Consultant Product Lifecycle (m/w/d),Laendle,https://www.cvonline.hu/hu/allas/it-inhouse-consultant-product-lifecycle-m-w-d-1859252,2026-03-10,2026-03-18,False,HÖCHST,,"Deutsch, English",Bachelor,,"Teamcenter, SolidWorks, SAP",Home-Office,Full-time,3-5 years
1859257,PCB Layoutdesigner (w/m/d),Laendle,https://www.cvonline.hu/hu/allas/pcb-layoutdesigner-w-m-d-1859257,2026-03-10,2026-03-25,True,Feldkirch,,"{'English': 'B1'}, {'German': 'C1'}",HTL (High School with Diploma),Altium Designer,Altium Designer,Gleitzeit Arbeit und Freizeit flexibel einteilen und gestalten,,
1858812,DevOps Engineer (mid-level / senior),Trenkwalder Kft,https://www.cvonline.hu/hu/allas/devops-engineer-mid-level-senior-1858812,2026-03-10,2026-03-18,False,,,"{'Language': 'English', 'Level': 'B2'}, {'Language': 'Hungarian', 'Level': None}","Bachelor, Master",Shell script,"Docker, Kubernetes, AWS or Azure cloud services, Terraform, Prometheus, Grafana, Datadog",,,3+ years
1859990,Mechatronik - Automatisierungstechnik,Vienna,https://www.cvonline.hu/hu/allas/mechatronik-automatisierungstechnik-1859990,2026-03-11,2026-03-25,True,Wien,1071 EUR gross/month,,High School with Diploma,,,,Full-time,0-1 years
1860080,Technischer Redakteur (w/m/d) in Teilzeit,Laendle,https://www.cvonline.hu/hu/allas/technischer-redakteur-w-m-d-teilzeit-1860080,2026-03-11,2026-03-25,True,Feldkirch/Innsbruck,,"English: B2, German: native",High School with Diploma,,"XML-basierte Redaktionssysteme, Grafikprogramme",Part-time (20-23 Wochenstunden),Part-time,0-1 years
1860095,Diákmunka - Digital Solutions Intern,MŰISZ Iskolaszövetkezet,https://www.cvonline.hu/hu/allas/diakmunka-digital-solutions-intern-1860095,2026-03-11,2026-03-25,True,Hungary,2200 HUF/hour,"English: Fluent, Hungarian: Fluent","Ongoing university studies in Hungary, IT field (Applications, Infrastructure, Cybersecurity)",,"MS Office, Excel",Hybrid,Internship,
1859889,Lead System Administrator (Linux),HAYS Hungary Kft.,https://www.cvonline.hu/hu/allas/lead-system-administrator-linux-1859889,2026-03-11,2026-03-25,True,Budapest,,English: B2,Felsőfokú végzettség,"Python, Ansible","Docker, Kubernetes",On-site,Full-time,5+ years
1860079,Lead Security Engineer (w/m/d),Laendle,https://www.cvonline.hu/hu/allas/lead-security-engineer-w-m-d-1860079,2026-03-11,2026-03-25,True,"Feldkirch, Innsbruck",,"{'English': 'B2'}, {'German': 'B1'}","Abgeschlossene technische Ausbildung (HTL, FH oder Universität)","C++, Java, JavaScript, Rust",,Part-time (80-100%),Full-time,
1859890,Linux System Administrator,HAYS Hungary Kft.,https://www.cvonline.hu/hu/allas/linux-system-administrator-1859890,2026-03-11,2026-03-25,True,North part of Pest County,,English: B2,,Linux,,On-site with home office,Full-time,5+ years
1860029,Businesskundenbetreuer in der Telekommunikation,Vienna,https://www.cvonline.hu/hu/allas/businesskundenbetreuer-der-telekommunikation-1860029,2026-03-11,2026-03-25,True,Wien,"32,894.26 EUR gross/year","{'English': 'B2'}, {'German': None}",,,MS-Office,Hybrid (Schichtdienst),Full-time,0-1 years
1859897,Operational Readiness Manager,HAYS Hungary Kft.,https://www.cvonline.hu/hu/allas/operational-readiness-manager-1859897,2026-03-11,2026-03-25,True,,,,Bachelor,,"NetSuite, Salesforce",Full-time,Full-time,5+ years
1860081,Bereichsleiter Hardware Entwicklung (w/m/d),Laendle,https://www.cvonline.hu/hu/allas/bereichsleiter-hardware-entwicklung-w-m-d-1860081,2026-03-11,2026-03-25,True,Feldkirch,,"English: B2, German: native","Bachelor, Master, PhD",,,Gleitzeit (Flexible working hours),Full-time,Mehrjährige Führungserfahrung (Several years of leadership experience)
1859715,MEDIOR FULL STACK FEJLESZTŐ (HOME OFFICE),BECK AND PARTNERS Kft.,https://www.cvonline.hu/hu/allas/medior-full-stack-fejleszto-home-office-1859715,2026-03-11,2026-03-25,True,Távmunka/remote,900000 - 1200000 Ft / hó,,,"JavaScript, TypeScript",,Home office,Full-time,3-5 years
1859517,Junior BI Developer,HAYS Hungary Kft.,https://www.cvonline.hu/hu/allas/junior-bi-developer-1859517,2026-03-11,2026-03-25,True,Budapest,,English: B2,,"Power BI, Power Automate, MS Excel","Power BI, Power Automate",Hybrid,Full-time,2-3 years
1859892,IT Security Expert,HAYS Hungary Kft.,https://www.cvonline.hu/hu/allas/it-security-expert-1859892,2026-03-11,2026-03-25,True,,450000 HUF gross/year,,Bachelor,,,,Full-time,0-1 years
1859767,IT-Mitarbeiter im Löwen Hotel Montafon (m/w/d),Laendle,https://www.cvonline.hu/hu/allas/it-mitarbeiter-im-lowen-hotel-montafon-m-w-d-1859767,2026-03-11,2026-03-25,True,Vorarlberg,,,Bachelor,,"Microsoft 365, Fidelio Suite8, Oracle Simphony, Salto ProAccess Space, Geutebrück G-Core, Easreserve",Hybrid,Full-time,3-5 years
1859895,CRM IT Consultant,HAYS Hungary Kft.,https://www.cvonline.hu/hu/allas/crm-it-consultant-1859895,2026-03-11,2026-03-25,True,Hungary,,English: B2,Master,,,Home-Office,Full-time,3-5 years
1859723,IT SUPPORT SPECIALIST - NÉMET NYELVŰ (JR/MDR/SR),BECK AND PARTNERS Kft.,https://www.cvonline.hu/hu/allas/it-support-specialist-nemet-nyelvu-jr-mdr-sr-1859723,2026-03-11,2026-03-25,True,Budapest,,German: C1,,,,50% Home office,,
1861145,SAP Subject Matter Expert (3835),HumanField Vezető- és Specialistakiválasztó Kft.,https://www.cvonline.hu/hu/allas/sap-subject-matter-expert-3835-1861145,2026-03-13,2026-03-13,False,,,English: B2,Releváns felsőfokú végzettség,,"SAP ERP, SAP HANA, SAP S/4 HANA, Enterprise Resource Planning, ERP, SAP Implementation, SAP Fiori",Hybrid,,
1861144,SAP Subject Matter Expert (3835),HumanField Vezető- és Specialistakiválasztó Kft.,https://www.cvonline.hu/hu/allas/sap-subject-matter-expert-3835-1861144,2026-03-13,2026-03-13,False,,,English: B2,Releváns felsőfokú végzettség,,"SAP ERP, SAP HANA, SAP S/4 HANA, Enterprise Resource Planning, ERP, SAP Implementation, SAP Fiori",Hybrid,,
1861071,Application Engineer für digitale Lösungen in der Fertigung (m/w/d),Laendle,https://www.cvonline.hu/hu/allas/application-engineer-fur-digitale-losungen-der-fertigung-m-w-d-1861071,2026-03-13,2026-03-25,True,,Mindestentgelt der Metallindustrie (abhängig von Qualifikation und Erfahrung),,"Bachelor oder höher im Bereich IT, Ingenieurwesen oder vergleichbar",,"APIs, Datenbanken, MES/ERP-Systeme",Hybrid (Flexible Arbeitszeiten mit Home-Office-Möglichkeit),Full-time,Keine spezifische Erfahrung angegeben
1860969,Rendszergazda,Szent Kristóf Szakrendelő Nonprofit Kft,https://www.cvonline.hu/hu/lite/allas/rendszergazda-1860969,2026-03-13,2026-03-25,True,Budapest,,,Informatikai vagy rendszergazdai végzettség / releváns szakmai tapasztalat,,,,,
1860968,ERP - pénzügyi modul tanácsadó,Mihalek Vezetői Tanácsadó Kft.,https://www.cvonline.hu/hu/allas/erp-penzugyi-modul-tanacsado-1860968,2026-03-13,2026-03-25,True,Budapest,,English: B2,,,,Hybrid,Full-time,3-5 years
1860919,IT Infrastruktúra Üzemeltetési gyakornok,MFB Magyar Fejlesztési Bank Zrt.,https://www.cvonline.hu/hu/lite/allas/it-infrastruktura-uzemeltetesi-gyakornok-1860919,2026-03-13,2026-03-25,True,,2000 EUR gross/month,,Bachelor,,Excel,Hybrid,Full-time,0-1 years
1861122,LEAD BACKEND DEVELOPER (Node.js),BECK AND PARTNERS Kft.,https://www.cvonline.hu/hu/allas/lead-backend-developer-nodejs-1861122,2026-03-13,2026-03-25,True,Budapest,,"{'Language': 'English', 'CEFR Level': 'B2'}",Bachelor,"Node.js, TypeScript","Docker, Kafka, NestJS, GraphQL",Hybrid,Full-time,5-7 years
1861086,Diákmunka - Test automation framework developer trainee,MŰISZ Iskolaszövetkezet,https://www.cvonline.hu/hu/allas/diakmunka-test-automation-framework-developer-trainee-1861086,2026-03-13,2026-03-25,True,Budapest,,English: B1,Ongoing studies in engineering or informatics,"C#, ASP.NET Core Web API, Selenium, UI Automation",Azure DevOps,Hybrid,,
1860671,Mechatronik - Elektromaschinentechnik (m/w/d),Vienna,https://www.cvonline.hu/hu/allas/mechatronik-elektromaschinentechnik-m-w-d-1860671,2026-03-13,2026-03-25,True,Wiener Neudorf,1223.52 EUR brutto/month,English: B1,,,,Full-time,Apprenticeship (Lehrling),
1860676,Lehrstelle Mechatronik- und Fertigungstechnik (m/w/d),Vienna,https://www.cvonline.hu/hu/allas/lehrstelle-mechatronik-und-fertigungstechnik-m-w-d-1860676,2026-03-13,2026-03-25,True,Amstetten,1071 EUR brutto/month,,Lehre mit Matura,,,On-site,Full-time,
1861072,Integration Specialist (m/w/d)*,Laendle,https://www.cvonline.hu/hu/allas/integration-specialist-m-w-d-1861072,2026-03-13,2026-03-25,True,Kennelbach,37289 EUR gross/year,"English: B2, German: native",Bachelor or comparable experience,,"XML, EDIFACT, TMS (Transport Management System)",Hybrid,Full-time,3-5 years
1860551,INFORMATIKAI ASSZISZTENS,BECK AND PARTNERS Kft.,https://www.cvonline.hu/hu/allas/informatikai-asszisztens-1860551,2026-03-13,2026-03-25,True,Budaörs,,English: B2,High School with Diploma,,"MS Office, Windows",On-site,Full-time,3-5 years
1860655,"Customer Technology Advisor - Mainframe (m,w,d)",Vienna,https://www.cvonline.hu/hu/allas/customer-technology-advisor-mainframe-mwd-1860655,2026-03-13,2026-03-25,True,,110000 EUR gross/year,"English: B2, German: native",Bachelor,,,Home-Office,Full-time,3-5 years
1860491,Diákmunka - Szoftvertesztelő gyakornok,MŰISZ Iskolaszövetkezet,https://www.cvonline.hu/hu/allas/diakmunka-szoftvertesztelo-gyakornok-1860491,2026-03-13,2026-03-25,True,,2500 Ft/hour,English,Bachelor (active student),,,,,
1860587,IT Infrastructure Specialist,HAYS Hungary Kft.,https://www.cvonline.hu/hu/allas/it-infrastructure-specialist-1860587,2026-03-13,2026-03-25,True,Budapest,,,Informatikai diploma vagy ezzel egyenértékű szakmai tapasztalat,,"VMware, Hyper-V, Windows Server, Cisco, IBM, Cloudian, QNAP, NetApp Ontap",On-site with home office,Full-time,10-12 év releváns tapasztalat
1860470,Netzplaner:in Glasfasernetz (FTTH),Laendle,https://www.cvonline.hu/hu/allas/netzplanerin-glasfasernetz-ftth-1860470,2026-03-13,2026-03-25,True,,,,,,,,,
1860586,IT Specialist,HAYS Hungary Kft.,https://www.cvonline.hu/hu/allas/it-specialist-1860586,2026-03-13,2026-03-25,True,Somogy megye,,"English: B2, German: B2",Bachelor,,,Hybrid,Full-time,
1860588,IT Support & Network Specialist,HAYS Hungary Kft.,https://www.cvonline.hu/hu/allas/it-support-network-specialist-1860588,2026-03-13,2026-03-25,True,Budapest,,,,,"Omada/Unifi/Cisco, VMware, Veeam",On-site with home office,Full-time,3-5 years
1860589,Senior Azure DevOps Engineer,HAYS Hungary Kft.,https://www.cvonline.hu/hu/allas/senior-azure-devops-engineer-1860589,2026-03-13,2026-03-25,True,Budapest,,,,"Docker, Jenkins, Terraform, Git","Kubernetes, Spinnaker, Grafana, CloudWatch, Kibana, Bash shell scripting, Ansible, PostgreSQL, RabbitMQ, Aurora DB",Hybrid,Full-time,5+ years
1861517,Solution Architect,MBH Bank Nyrt.,https://www.cvonline.hu/hu/lite/allas/solution-architect-home-office-1861517,2026-03-14,2026-03-25,True,,,,Felsőfokú szakirányú végzettség (informatikus/közgazdász),,,Home office lehetőséget biztosítunk,,Hasonló területen szerzett tapasztalat (min. 3 év tapasztalat)
1861516,Enterprise Architect,MBH Bank Nyrt.,https://www.cvonline.hu/hu/lite/allas/enterprise-architect-home-office-1861516,2026-03-14,2026-03-25,True,Hungary,,English: B2,"Bachelor, Master",,,Home-Office,Full-time,3-5 years
1861513,Data Streaming szervező,MBH Bank Nyrt.,https://www.cvonline.hu/hu/lite/allas/data-streaming-szervezo-home-office-1861513,2026-03-14,2026-03-25,True,Hungary,,English,Bachelor or higher,,Confluent Kafka,Home-Office,Full-time,3+ years
1861509,Rendszerszervező - ITSM rendszerek,MBH Bank Nyrt.,https://www.cvonline.hu/hu/lite/allas/rendszerszervezo-itsm-rendszerek-home-office-1861509,2026-03-14,2026-03-25,True,Hungary,,English,Bachelor or higher,,,Home-Office,Full-time,4+ years
1861507,Incidensmenedzser - Budapest,MBH Bank Nyrt.,https://www.cvonline.hu/hu/lite/allas/incidensmenedzser-budapest-home-office-1861507,2026-03-14,2026-03-25,True,Hungary,,,"Bachelor, Master, PhD",,,Home-Office,Full-time,3-5 years
1861504,Arksys üzemeltető,MBH Bank Nyrt.,https://www.cvonline.hu/hu/lite/allas/arksys-uzemelteto-home-office-1861504,2026-03-14,2026-03-25,True,Hungary,,English: B2,Középfokú informatikai végzettség,"SQL (DB2/400 SQL), ILE RPG, CL programnyelvek","Arksys rendszer, AS/400 környezet",Home office lehetőséget biztosítunk,,3 év tapasztalat
1861502,Oracle adatbázis üzemeltető,MBH Bank Nyrt.,https://www.cvonline.hu/hu/lite/allas/oracle-adatbazis-uzemelteto-home-office-1861502,2026-03-14,2026-03-25,True,Hungary,,English: B2,Felsőfokú szakirányú végzettség,,"Oracle DB, Oracle Exadata Cloud@Customer, RMAN, Oracle Enterprise Manager Cloud Control",Home office lehetőséget biztosítunk,Full-time,5+ years
1861500,Linux rendszergazda,MBH Bank Nyrt.,https://www.cvonline.hu/hu/lite/allas/linux-rendszergazda-home-office-1861500,2026-03-14,2026-03-25,True,Hungary,,English,Felsőfokú informatikai végzettség,"Shell, Ansible, Python","Red Hat Linux, Jira, VMware vCenter",Home office lehetőséget biztosítunk,Full-time,3 év
1861497,Hálózatüzemeltetési mérnök,MBH Bank Nyrt.,https://www.cvonline.hu/hu/lite/allas/halozatuzemeltetesi-mernok-home-office-1861497,2026-03-14,2026-03-25,True,Hungary,,English,Informatikai felsőfokú végzettség,,CISCO eszközök,Home office lehetőséget biztosítunk,Full-time,5+ years
1861496,Hardver és virtualizációs platform üzemeltetési szakmai irányító,MBH Bank Nyrt.,https://www.cvonline.hu/hu/lite/allas/hardver-es-virtualizacios-platform-uzemeltetesi-szakmai-iranyito-home-office-1861496,2026-03-14,2026-03-25,True,Budapest,,English: B2,Bachelor,,,Home-Office,Full-time,5+ years
1861495,Hardver és storage üzemeltető,MBH Bank Nyrt.,https://www.cvonline.hu/hu/lite/allas/hardver-es-storage-uzemelteto-home-office-1861495,2026-03-14,2026-03-25,True,,,English: B2,Bachelor,,,Home-Office,Full-time,3-5 years
1861493,Senior virtualizációs üzemeltető,MBH Bank Nyrt.,https://www.cvonline.hu/hu/lite/allas/senior-virtualizacios-uzemelteto-home-office-1861493,2026-03-14,2026-03-25,True,Budapest,,English: B2,Bachelor,"PowerCLI, PowerShell","VMware, Microsoft Hyper-V",Home-Office,Full-time,3-5 years
1861491,Change és configuration menedzser,MBH Bank Nyrt.,https://www.cvonline.hu/hu/lite/allas/change-es-configuration-menedzser-1861491,2026-03-14,2026-03-25,True,,,,Informatikai vagy műszaki végzettség,,,,,3-5 years
1861489,Cloud szakértő (AWS),MBH Bank Nyrt.,https://www.cvonline.hu/hu/lite/allas/cloud-szakerto-aws-home-office-1861489,2026-03-14,2026-03-25,True,Hungary,,,Felsőfokú informatikai végzettség,,"AWS, Kubernetes, Terraform, Helm",Home office lehetőséget biztosítunk,Full-time,3 év releváns AWS vagy Kubernetes tapasztalat
1861488,Observability mérnök,MBH Bank Nyrt.,https://www.cvonline.hu/hu/lite/allas/observability-mernok-home-office-1861488,2026-03-14,2026-03-25,True,Hungary,,English: B2,Bachelor,,"Prometheus, Grafana, ELK, Dynatrace, Splunk, OpenTelemetry",Home-Office,Full-time,3-5 years
1861484,Virtualizációs rendszermérnök,MBH Bank Nyrt.,https://www.cvonline.hu/hu/lite/allas/virtualizacios-rendszermernok-home-office-1861484,2026-03-14,2026-03-25,True,Budapest,,English: B2,Bachelor,,"VMware, Microsoft Hyper-V, PowerCLI, PowerShell",Home-Office,Full-time,3-5 years
1861483,Rendszerüzemeltető mérnök - mentési rendszerek,MBH Bank Nyrt.,https://www.cvonline.hu/hu/lite/allas/rendszeruzemelteto-mernok-mentesi-rendszerek-home-office-1861483,2026-03-14,2026-03-25,True,Hungary,,,,,"IBM Storage Protect (TSM), Microsoft Data Protection, Veeam Backup & Replication",Home-Office,Full-time,3+ years
1861295,Építésvezető (Balatonfüred),HD Direkt,https://www.cvonline.hu/hu/lite/allas/epitesvezeto-balatonfured-1861295,2026-03-14,2026-03-25,True,Balatonfüred,,English,Bachelor (építésztechnikus végzettség),,"CAD-ek, MS Office",On-site,Full-time,5+ years
1861593,Business Analyst (m/w/d),Laendle,https://www.cvonline.hu/hu/allas/business-analyst-m-w-d-1861593,2026-03-14,2026-03-25,True,,Mindestentgelt der Metallindustrie (abhängig von Qualifikation und Erfahrung),English: B2,Bachelor,,,Hybrid,Full-time,3-5 years
1861610,Diákmunka -  AI Developer Trainee,MŰISZ Iskolaszövetkezet,https://www.cvonline.hu/hu/allas/diakmunka-ai-developer-trainee-1861610,2026-03-14,2026-03-25,True,XI. kerületi Infopark,,English: B2,Bachelor,Python,,On-site with home office,Full-time,
1861570,SENIOR iOS FEJLESZTŐ (Foundation terület),BECK AND PARTNERS Kft.,https://www.cvonline.hu/hu/allas/senior-ios-fejleszto-foundation-terulet-1861570,2026-03-14,2026-03-25,True,Budapest,,English: B2,Bachelor,"Swift, SwiftUI, UIKit","Jira, Git, CI/CD pipeline",Hybrid (3 days home office),Full-time,3-5 years
1861594,.NET Backend Developer (m/w/d),Laendle,https://www.cvonline.hu/hu/allas/net-backend-developer-m-w-d-1861594,2026-03-14,2026-03-25,True,Unknown,,"{'Language': 'English', 'CEFR Level': 'B2'}",Technische Ausbildung (Bachelor or Master),"Java, .NET","AWS, Azure, No-SQL database",Hybrid,Full-time,
1861225,Lehrling für den Beruf Mechatronik,Vienna,https://www.cvonline.hu/hu/allas/lehrling-fur-den-beruf-mechatronik-1861225,2026-03-14,2026-03-25,True,Wien,1138.23 EUR brutto/month,,Lehre (3.5 Jahre),,,On-site with home office,Full-time,
1861608,Diákmunka - AI Project Assistant,MŰISZ Iskolaszövetkezet,https://www.cvonline.hu/hu/allas/diakmunka-ai-project-assistant-1861608,2026-03-14,2026-03-25,True,XI. kerületi Infopark,,English,Bachelor,Python,"Office (PowerPoint, Word)",On-site with home office,Full-time,
1861270,IT INHOUSE CONSULTANT SAP EDI (M/W/D),Laendle,https://www.cvonline.hu/hu/allas/it-inhouse-consultant-sap-edi-m-w-d-1861270,2026-03-14,2026-03-25,True,Rankweil,,{'English': 'B2'},Bachelor,,"Seeburger, Lobster, MuleSoft, Boomi, Sterling",On-site with home office,Full-time,3-5 years
1861595,ERP Solution Architect (m/w/d),Laendle,https://www.cvonline.hu/hu/allas/erp-solution-architect-m-w-d-1861595,2026-03-14,2026-03-25,True,,2000 EUR gross/month,"{'English': 'B2'}, {'German': 'Native'}","Bachelor, Master",,ERP,Hybrid,Full-time,3-5 years
1861268,"DevOps Engineer, 80-100% (w/m/x)",Laendle,https://www.cvonline.hu/hu/allas/devops-engineer-80-100-w-m-x-1861268,2026-03-14,2026-03-25,True,,2000 EUR gross/month,English: B2,Bachelor,"Python, TypeScript","GitLab, Azure DevOps, Docker, Bash, PowerShell, Ansible, Terraform",,Full-time,
1861222,Lehrling Mechatronik - Fertigungstechnik (all genders),Vienna,https://www.cvonline.hu/hu/allas/lehrling-mechatronik-fertigungstechnik-all-genders-1861222,2026-03-14,2026-03-25,True,Österreich,,"Deutsch, Englisch",Matura,,,,Lehre,
1861269,Software- und Systemtechniker:in Energienetze,Laendle,https://www.cvonline.hu/hu/allas/software-und-systemtechnikerin-energienetze-1861269,2026-03-14,2026-03-25,True,,,,,,,,,
1861186,Dutch Speaking Technical Support Analyst,HSA Kft.,https://www.cvonline.hu/hu/allas/dutch-speaking-technical-support-analyst-1861186,2026-03-14,2026-03-25,True,Debrecen,,"Dutch: C1, English: B2",High School with Diploma,,"MS Office, WLAN, Bluetooth",On-site,Full-time,0-1 years
1861185,Holland nyelvű Technical Support Analyst,HSA Kft.,https://www.cvonline.hu/hu/allas/holland-nyelvu-technical-support-analyst-1861185,2026-03-14,2026-03-25,True,Debrecen,,"{'English': 'B2'}, {'Dutch': 'C1'}",Bachelor,,"MS Office, WLAN, Bluetooth",,,
1861215,IT Systemtechnik Lehrling (m/w/x),Vienna,https://www.cvonline.hu/hu/allas/it-systemtechnik-lehrling-m-w-x-1861215,2026-03-14,2026-03-25,True,Wien,,Deutsch: sehr gut,"Abgeschlossene Pflichtschule (9. Klasse) oder eine abgebrochene Schulausbildung (AHS, BHS)",,,Vollzeit,Lehrstelle,
1860216,IT Service Desk Analyst-German and English,ALDI Magyarország Élelmiszer Bt.,https://www.cvonline.hu/hu/lite/allas/it-service-desk-analyst-german-and-english-1860216,2026-03-16,2026-03-25,True,,2000 EUR gross/month,"{'English': 'B2'}, {'German': 'C1'}",High School with Diploma,,,Home-Office,Full-time,
1862359,Chief Product Owner (m/w/d) CRM,Vienna,https://www.cvonline.hu/hu/allas/chief-product-owner-m-w-d-crm-1862359,2026-03-16,2026-03-25,True,Wien,"85,000 EUR gross/year",English: B2,Bachelor or comparable education,,,Hybrid (On-site with home office),Full-time,5+ years
1862271,3D Artist,HAYS Hungary Kft.,https://www.cvonline.hu/hu/allas/3d-artist-1862271,2026-03-16,2026-03-25,True,,,English,Bachelor,,"Maya, Blender, 3ds Max, ZBrush, Substance Painter/Designer, Unreal Engine",,Full-time,3-5 years
1862286,IT fejlesztőmérnök (Somogy megye),Hire-One Kft.,https://www.cvonline.hu/hu/allas/it-fejlesztomernok-somogy-megye-1862286,2026-03-16,2026-03-25,True,,,"{'Language': 'English', 'Level': 'B2'}",Bachelor,"C#, .NET",MySQL,Home-Office,,3-5 years
1862145,FULL STACK JAVA FEJLESZTŐ,BECK AND PARTNERS Kft.,https://www.cvonline.hu/hu/allas/full-stack-java-fejleszto-1862145,2026-03-16,2026-03-25,True,"Budapest, VIII. kerület",,English: B2,Bachelor,"Java, Spring, SQL, Angular, AWS, Python","Docker, Kubernetes, JUnit, Mockito, SNS, SQS, Kafka",Hybrid,Full-time,7+ years
1862174,Group Leader IT Operations,Laendle,https://www.cvonline.hu/hu/allas/group-leader-it-operations-1862174,2026-03-16,2026-03-25,True,,,"{'English': 'B2'}, {'German': 'C1'}",,"Microsoft Technology Stack (MS Server, Azure, M365)","Palo Alto, Cisco",,,3-5 years
1861974,Senior Techincal Solution Architect D365 (all gender),Laendle,https://www.cvonline.hu/hu/allas/senior-techincal-solution-architect-d365-all-gender-1861974,2026-03-16,2026-03-25,True,Hard,,"English: B2, German: B2",,,"Microsoft Dynamics 365 Finance & Operations, Lifecycle Services, Power Platform Admin Center, Azure DevOps",Home-Office,Full-time,5+ years
1861972,Software Developer - Data & System Integration Solutions (m/w/d),Laendle,https://www.cvonline.hu/hu/allas/software-developer-data-system-integration-solutions-m-w-d-1861972,2026-03-16,2026-03-25,True,,Mindestentgelt der Metallindustrie (abhängig von Qualifikation und Erfahrung),,,,"Tyk.IO, Kafka",Hybrid,Full-time,3-5 years
1861973,Team Lead - Solution Architect (m/w/d),Laendle,https://www.cvonline.hu/hu/allas/team-lead-solution-architect-m-w-d-1861973,2026-03-16,2026-03-25,True,,2000 EUR gross/month,,"Bachelor, Master",,,Hybrid,Full-time,5+ years
1861724,SAP ABAP fejlesztő (logisztika),Pannonjob Kft.,https://www.cvonline.hu/hu/allas/sap-abap-fejleszto-logisztika-1861724,2026-03-16,2026-03-25,True,Debrecen,,English: B2,,ABAP (classic or OO),"SAP EWM, SAP WM, SAP LE, SAP TM, S/4 HANA",Hybrid,Full-time,3-5 years
1861804,"IT-SYSTEMADMINISTRATOR, SCHWERPUNKT SECURITY (M/W/D)",Laendle,https://www.cvonline.hu/hu/allas/it-systemadministrator-schwerpunkt-security-m-w-d-1861804,2026-03-16,2026-03-25,True,,,,Bachelor,,,,Full-time,
1861714,SAP Software Engineer,Pannonjob Kft.,https://www.cvonline.hu/hu/allas/sap-software-engineer-1861714,2026-03-16,2026-03-25,True,Debrecen,,English: B2,"University degree or equivalent in Information Technologies, Industrial Engineering or Mathematics with focus on IT",ABAP,"S/4 HANA, EWM, WM, LE, TM, Kafka, Jira, Confluence",,,3 years of SAP implementation experience
1861699,SAP ABAP Developer (Logistics),Pannonjob Kft.,https://www.cvonline.hu/hu/allas/sap-abap-developer-logistics-1861699,2026-03-16,2026-03-25,True,Hajdú-Bihar megye,,English: B2,,ABAP (classic and/or OO),"SAP EWM, SAP WM, SAP LE, SAP TM, S/4 HANA",Hybrid,,3-5 years
1861870,IT vezető,Trenkwalder Kft,https://www.cvonline.hu/hu/allas/it-vezeto-1861870,2026-03-16,2026-03-17,False,,,English: B2,Bachelor,,,,Full-time,3-5 years
1861780,IT mérnök,Pannonjob Kft.,https://www.cvonline.hu/hu/allas/it-mernok-1861780,2026-03-16,2026-03-25,True,Miskolc,,"Magyar, Angol",Felsőfokú informatikai végzettség,,"TCP/IP, LAN/WAN, VPN, tűzfalak, Windows Server, Virtualizáció (VMware), Cloud platformok (Azure, AWS)",Általános,,
1861758,SAP Logistics Application Expert (EWM/WM/LE/TM),Pannonjob Kft.,https://www.cvonline.hu/hu/allas/sap-logistics-application-expert-ewm-wm-le-tm-1861758,2026-03-16,2026-03-25,True,Debrecen,,English: B2,Felsőfokú végzettség,,"SAP S/4HANA, EWM, WM, LE, TM, ABAP, Kafka, Jira, Confluence",On-site,Full-time,2-3 years
1861759,SAP Logistics Application Expert (EWM/WM/LE/TM),Pannonjob Kft.,https://www.cvonline.hu/hu/allas/sap-logistics-application-expert-ewm-wm-le-tm-1861759,2026-03-16,2026-03-25,True,Debrecen,,English: B2,University degree,ABAP,"SAP S/4HANA, EWM, WM, LE, TM, Kafka, Jira, Confluence",,,2-3 years
1861805,Power BI Specialist (m/w/d),Laendle,https://www.cvonline.hu/hu/allas/power-bi-specialist-m-w-d-1861805,2026-03-16,2026-03-25,True,,,,,"Power BI, SQL","Microsoft Azure Cloud, Power BI",Home-Office,Full-time,
1861819,Diákmunka - Informatikai rendszertámogató gyakornok,MŰISZ Iskolaszövetkezet,https://www.cvonline.hu/hu/allas/diakmunka-informatikai-rendszertamogato-gyakornok-1861819,2026-03-16,2026-03-25,True,,2600 Ft/hour,English: B1,Bachelor,,"Zabbix, M365, Google Workspace, Linux (RHEL, Ubuntu), Windows, Windows Server, Postfix, Exchange",On-site with home office,Full-time,
1861715,SAP Szoftvermérnök,Pannonjob Kft.,https://www.cvonline.hu/hu/allas/sap-szoftvermernok-1861715,2026-03-16,2026-03-25,True,Hajdú-Bihar megye,,English: B2,,,"SAP ERP, EWM (Extended Warehouse Management), SAP LE, SAP TM, Jira, Confluence",On-site,Full-time,1-3 years
1863665,Beszerzési és Közbeszerzési gyakornok,MFB Magyar Fejlesztési Bank Zrt.,https://www.cvonline.hu/hu/lite/allas/beszerzesi-es-kozbeszerzesi-gyakornok-1863665,2026-03-17,2026-03-25,True,,2000 EUR gross/month,,Bachelor,,Excel,Hybrid,Full-time,0-1 years
1863573,IT Service Management Consultant (m/w/d),Laendle,https://www.cvonline.hu/hu/allas/it-service-management-consultant-m-w-d-1863573,2026-03-17,2026-03-25,True,,,"{'English': 'B2'}, {'German': 'Native'}",,,,Home-Office,Full-time,5+ years
1863463,IT specialista,Trenkwalder Kft,https://www.cvonline.hu/hu/allas/it-specialista-1863463,2026-03-17,2026-03-25,True,,,"{'English': 'B2'}, {'German': 'B2'}",,Microsoft Dynamics 365 Finance and Operations,Microsoft Dynamics 365 Finance and Operations,Hybrid,Full-time,2+ years
1863385,Application Engineer Intern – JavaScript,Mind-Diák Szövetkezet,https://www.cvonline.hu/hu/allas/application-engineer-intern-javascript-1863385,2026-03-17,2026-03-25,True,,2950 Ft/hour in gross,English: B2,Bachelor,JavaScript,"Snowflake, Spark, Storm, Solr",Hybrid,Internship,
1853009,Core Rendszerek Tervező Csoportvezető,Magyar Posta ZRt.,https://www.cvonline.hu/hu/allas/core-rendszerek-tervezo-csoportvezeto-1853009,2026-03-17,2026-03-25,True,Budapest,,English: B2,Felsőfokú műszaki/informatikai végzettség,,,,Full-time,3-5 years
1853032,Rendszerszervező,Magyar Posta ZRt.,https://www.cvonline.hu/hu/allas/rendszerszervezo-1853032,2026-03-17,2026-03-25,True,Budapest,,English: B2,Bachelor,,,On-site,Full-time,3-5 years
1863365,Szoftverfejlesztő gyakornok,Mind-Diák Szövetkezet,https://www.cvonline.hu/hu/allas/szoftverfejleszto-gyakornok-1863365,2026-03-17,2026-03-25,True,,2400 HUF/hour,{'Language': 'Hungarian'},Bachelor,"C#, .Net, MS SQL, ASP.Net, SQL",,Hybrid,Full-time,
1863401,Polish Speaking Sales Support Intern,Mind-Diák Szövetkezet,https://www.cvonline.hu/hu/allas/polish-speaking-sales-support-intern-1863401,2026-03-17,2026-03-25,True,,2500 Ft/hour gross,"{'English': 'Advanced'}, {'Plosh': 'Advanced'}",Active or passive student status with at least two completed academic year,,"MS Office applications (Excel, Word, PowerPoint, Outlook)","Flexible working hours on weekdays (between 09:00 - 18:00), partly home office",,
1863374,German Speaking Sales Support Intern,Mind-Diák Szövetkezet,https://www.cvonline.hu/hu/allas/german-speaking-sales-support-intern-1863374,2026-03-17,2026-03-25,True,,2500 Ft/hour gross,"{'English': 'Advanced'}, {'German': 'Advanced'}",,"MS Office applications (Excel, Word, PowerPoint, Outlook)",SAP,"Flexible working hours on weekdays (between 09:00 - 17:00), partly home office",,
1863157,IT biztonsági szakértő (SIEM),Randstad Hungary Kft.,https://www.cvonline.hu/hu/allas/it-biztonsagi-szakerto-siem-1863157,2026-03-17,2026-03-25,True,Budapest,,English: B2,Bachelor,,,Hybrid,Full-time,3-5 years
1862823,Senior rendszermérnök (IT tervezési rendszermérnök),Magyar Posta ZRt.,https://www.cvonline.hu/hu/allas/senior-rendszermernok-it-tervezesi-rendszermernok-1862823,2026-03-17,2026-03-25,True,Budapest,,English,,,,On-site,Full-time,5+ years
1862972,Szoftvertesztelő,Starjobs Magyarország,https://www.cvonline.hu/hu/allas/szoftvertesztelo-1862972,2026-03-17,2026-03-25,True,,,"{'Language': 'English', 'Level': 'B2'}","Bachelor, Master, PhD",C#,"VisualStudio, GitHub, JIRA, Polarion",,,3-5 years
1863376,Műszaki értékesítő,Mind-Diák Szövetkezet,https://www.cvonline.hu/hu/allas/muszaki-ertekesito-1863376,2026-03-17,2026-03-20,False,Budapest,,,High School with Diploma,,,On-site,Part-time,
1863158,IT biztonsági szakértő,Randstad Hungary Kft.,https://www.cvonline.hu/hu/allas/it-biztonsagi-szakerto-1863158,2026-03-17,2026-03-25,True,Budapest,,English: B2,Bachelor,,,Hybrid,Full-time,3-5 years
1862753,IT Üzleti elemző,Magyar Posta ZRt.,https://www.cvonline.hu/hu/allas/it-uzleti-elemzo-1862753,2026-03-17,2026-03-25,True,Budapest,,"{'Language': 'English', 'CEFR Level': 'null'}","Bachelor, Master, PhD",,"MS Visio, BPMN 2.0, UML",On-site with home office,Full-time,3-5 years
1863468,Network Monitoring Systems Platform Engineer,Trenkwalder Kft,https://www.cvonline.hu/hu/allas/network-monitoring-systems-platform-engineer-1863468,2026-03-17,2026-03-25,True,,,"{'language': 'English', 'level': 'B2'}",,"Unix, Windows",OSS/infrastructure management tools,Hybrid,Full-time,3-5 years
1863395,Cybersecurity gyakornok,Mind-Diák Szövetkezet,https://www.cvonline.hu/hu/allas/cybersecurity-gyakornok-1863395,2026-03-17,2026-03-25,True,Budapest,2332 Ft/óra,English: B1,Bachelor,,MS Office,Hybrid,Full-time,
1863162,CoreMedia Developer,Randstad Hungary Kft.,https://www.cvonline.hu/hu/allas/coremedia-developer-1863162,2026-03-17,2026-03-25,True,Hungary,,English: B2,"Bachelor, Master, PhD","Java, JavaScript, HTML, CSS, Spring Boot, REST, Docker, Grafana, NoSQL Databases (e.g. MongoDB)","CoreMedia Content Management System, Product Information Management system, Translation Management System, CI/CD pipelines, DevOps tools (e.g., Docker, Kubernetes, Azure DevOps), Agile development and tools",Hybrid,Full-time,
1863384,Application Engineer Intern – Java,Mind-Diák Szövetkezet,https://www.cvonline.hu/hu/allas/application-engineer-intern-java-1863384,2026-03-17,2026-03-25,True,,2950 Ft/hour in gross,English: B2,Bachelor,Java,"Snowflake, Spark, Storm, Solr",Hybrid,Internship,
1863383,Adatközpont operátor gyakornok,Mind-Diák Szövetkezet,https://www.cvonline.hu/hu/allas/adatkozpont-operator-gyakornok-1863383,2026-03-17,2026-03-25,True,Hungary,2544 Ft/óra (gross),English: B2,High School with Diploma,,"Windows, Office programok",On-site,Full-time,
1863366,Manuális tesztelő gyakornok,Mind-Diák Szövetkezet,https://www.cvonline.hu/hu/allas/manualis-tesztelo-gyakornok-1863366,2026-03-17,2026-03-25,True,,2400 HUF/hour,,Bachelor or Master (active or passive day-time student),,,Flexible schedule,Part-time,
1863159,Power Platform Consultant,Randstad Hungary Kft.,https://www.cvonline.hu/hu/allas/power-platform-consultant-1863159,2026-03-17,2026-03-25,True,,,,,"Power Apps, Power Automate","Microsoft Power Platform, Copilot Studio",Flexible working conditions,Full-time,2+ years
1863412,Salesforce Data Quality Intern,Mind-Diák Szövetkezet,https://www.cvonline.hu/hu/allas/salesforce-data-quality-intern-1863412,2026-03-17,2026-03-25,True,Budapest,,English: B2,Bachelor,,,Hybrid,Half-time,
1863386,Application Engineer Intern – Python,Mind-Diák Szövetkezet,https://www.cvonline.hu/hu/allas/application-engineer-intern-python-1863386,2026-03-17,2026-03-25,True,,2950 Ft/hour in gross,English: B2,Bachelor,Python,,Hybrid,Internship,
1863379,IT területen kisegítő diák,Mind-Diák Szövetkezet,https://www.cvonline.hu/hu/allas/it-teruleten-kisegito-diak-1863379,2026-03-17,2026-03-25,True,Bonyhád,,,High School with Diploma,,,,Part-time,
1862941,Holland nyelvű ügyfélszolgálati munkatárs,HSA Kft.,https://www.cvonline.hu/hu/allas/holland-nyelvu-ugyfelszolgalati-munkatars-1862941,2026-03-17,2026-03-25,True,Budapest,,"{'English': 'B2'}, {'Dutch': 'C1'}",Bachelor,,"MS Office, WLAN, Bluetooth",,,
1862940,Dutch Speaking Customer Service Specialist,HSA Kft.,https://www.cvonline.hu/hu/allas/dutch-speaking-customer-service-specialist-1862940,2026-03-17,2026-03-25,True,Budapest,,"Dutch: C1, English: B2",High School with Diploma,,"MS Office, WLAN, Bluetooth",On-site,Full-time,0-1 years
1862699,Pályavasúti szakértő,MÁV Pályaműködtetési Zrt.,https://www.cvonline.hu/hu/allas/palyavasuti-szakerto-1862699,2026-03-17,2026-03-25,True,Budapest,,,Bachelor (műszaki területen szerzett diploma),,SAP PM modul,On-site,Full-time,3-5 years
1862817,SAP DevOps témavezető szakértő (SAP modulgazda),Magyar Posta ZRt.,https://www.cvonline.hu/hu/allas/sap-devops-temavezeto-szakerto-sap-modulgazda-1862817,2026-03-17,2026-03-25,True,Budapest,,English: B2,Bachelor,,"SAP S/4HANA, FIORI",Home-Office,Full-time,3-5 years
1862546,Solution Architect Specialist,Trenkwalder Kft,https://www.cvonline.hu/hu/allas/solution-architect-specialist-1862546,2026-03-17,2026-03-25,True,,,,,,,Hybrid,Full-time,5+ years
1864884,MINŐSÉGBIZTOSÍTÁSI VILLAMOSMÉRNÖK GYAKORNOK - 9.KERÜLET (DIÁKMUNKA),Job Force Iskolaszövetkezet,https://www.cvonline.hu/hu/allas/minosegbiztositasi-villamosmernok-gyakornok-9kerulet-diakmunka-1864884,2026-03-18,2026-03-25,True,Budapest,,English: B2,Aktív nappali tagozatos /25 év alatti passzív hallgatói jogviszonnyal rendelkezel gazdasági mérnöki területen,,,On-site,Full-time,
1864350,IT-Anwenderbetreuer im Bereich Ausführende Logistik (m/w/d),Laendle,https://www.cvonline.hu/hu/allas/it-anwenderbetreuer-im-bereich-ausfuhrende-logistik-m-w-d-1864350,2026-03-18,2026-03-25,True,HÖCHST,,"Deutsch, English",Bachelor,,,Home-Office,Full-time,
1864352,IT-Inhouse Consultant Supply Chain Management / Materialdisposition (m/w/d),Laendle,https://www.cvonline.hu/hu/allas/it-inhouse-consultant-supply-chain-management-materialdisposition-m-w-d-1864352,2026-03-18,2026-03-25,True,HÖCHST,,English,,,"SAP ERP, SAP APO, SAP S/4HANA, IBP",Home-Office,Full-time,5+ years
1864354,IT-Inhouse Consultant Order-To-Cash (m/w/d),Laendle,https://www.cvonline.hu/hu/allas/it-inhouse-consultant-order-cash-m-w-d-1864354,2026-03-18,2026-03-25,True,HÖCHST,,{'English': 'B2'},Bachelor,,,Home-Office,Full-time,3-5 years
1864220,Pénzügyi és adatmenedzsment gyakornok,Mind-Diák Szövetkezet,https://www.cvonline.hu/hu/allas/penzugyi-es-adatmenedzsment-gyakornok-1864220,2026-03-18,2026-03-25,True,Hungary,,English: B2,Bachelor,,"MS Office, Excel, PowerQuery, PowerBI",Hybrid,Part-time,
1864667,IT szakértő,MÁV Szolgáltató Központ Zrt.,https://www.cvonline.hu/hu/allas/it-szakerto-1864667,2026-03-18,2026-03-25,True,Budapest,,"{'Language': 'English', 'Level': 'B'}",Bachelor,,"MS Windows, Android, MDM, AD, SCCM, MS Office, MS Excel",On-site,Full-time,3-5 years
1864256,IT Operátor,Trenkwalder Kft,https://www.cvonline.hu/hu/allas/it-operator-1864256,2026-03-18,2026-03-25,True,,,"{'Language': 'English', 'Level': 'B2'}",Bachelor,,"Microsoft Word, Excel, PowerPoint",,,3-5 years
1864154,Szolgáltatásmenedzser (Bérszámfejtés tapasztalattal),Randstad Hungary Kft.,https://www.cvonline.hu/hu/allas/szolgaltatasmenedzser-berszamfejtes-tapasztalattal-1864154,2026-03-18,2026-03-25,True,,,English: B2,,,,Home office,,
1864286,"Web&ERP támogató konzulens (Web, Backend)",Hire-One Kft.,https://www.cvonline.hu/hu/allas/weberp-tamogato-konzulens-web-backend-1864286,2026-03-18,2026-03-25,True,,,{'English': 'B2'},Bachelor,"HTML, CSS, JavaScript, .NET (C#)","REST API, SQL",,,3-5 years
1864119,BUDAPEST - NUKLEÁRIS MÉRNÖK GYAKORNOK (DIÁKMUNKA),Job Force Iskolaszövetkezet,https://www.cvonline.hu/hu/allas/budapest-nuklearis-mernok-gyakornok-diakmunka-1864119,2026-03-18,2026-03-25,True,,2500 HUF/hour,English,Master (MsC),,,Full-time,Full-time,
1864351,IT-Inhouse Consulting Logistics Execution (m/w/d),Laendle,https://www.cvonline.hu/hu/allas/it-inhouse-consulting-logistics-execution-m-w-d-1864351,2026-03-18,2026-03-25,True,,,"{'Language': 'English', 'CEFR Level': 'B2'}, {'Language': 'German', 'CEFR Level': None}",Bachelor,,,Home-Office,Full-time,1-3 years
1864337,"Customer Technology Advisor - Cloud 


(m/w/d)",Vienna,https://www.cvonline.hu/hu/allas/customer-technology-advisor-cloud-m-w-d-1864337,2026-03-18,2026-03-25,True,,110000 EUR gross/year + 20% Bonus,"English: B2, German: native",,,,Home-Office,Full-time,5+ years
1864216,IT adminisztrátor,Mind-Diák Szövetkezet,https://www.cvonline.hu/hu/allas/it-adminisztrator-1864216,2026-03-18,2026-03-25,True,Budapest,,English: B2,Bachelor,,,On-site,Full-time,
1864353,IT-Inhouse Consultant Supply Chain Management / Produktionsplanung (m/w/d),Laendle,https://www.cvonline.hu/hu/allas/it-inhouse-consultant-supply-chain-management-produktionsplanung-m-w-d-1864353,2026-03-18,2026-03-25,True,HÖCHST,,"Deutsch, English",Bachelor (Wirtschaftsinformatik),,"SAP PP, SAP S/4HANA",Home-Office,Full-time,5+ years
1864001,IT MUNKATÁRS,BECK AND PARTNERS Kft.,https://www.cvonline.hu/hu/allas/it-munkatars-1864001,2026-03-18,2026-03-25,True,Budapest,,,Minimum középfokú szakirányú végzettség,,"Windows, Office 365",On-site with home office,Full-time,
1864223,Rendszergazda gyakornok,Mind-Diák Szövetkezet,https://www.cvonline.hu/hu/allas/rendszergazda-gyakornok-1864223,2026-03-18,2026-03-25,True,Budapest,2145 Ft/óra gross/hour,,High School with Diploma,,"Windows, Linux",On-site,Full-time,
1864158,Teszt technikus,Randstad Hungary Kft.,https://www.cvonline.hu/hu/allas/teszt-technikus-1864158,2026-03-18,2026-03-25,True,Komárom,,English: B1,High School with Diploma,"Windows OS, MS Office, Linux, Ubuntu",,"3 műszakos munkarend, vagy folyamatos 12 óra vállalása",Full-time,
1864074,IT - Infrastructure Support Engineer (m/w/d),Laendle,https://www.cvonline.hu/hu/allas/it-infrastructure-support-engineer-m-w-d-1864074,2026-03-18,2026-03-25,True,,,,,,"Baramundi, Microsoft",,,3-5 years
1863789,Senior/Principal Software Engineer,Trenkwalder Kft,https://www.cvonline.hu/hu/allas/senior-principal-software-engineer-1863789,2026-03-18,2026-03-25,True,Debrecen,,English: B2,"Bachelor/Master (Informatikai, villamosmérnöki vagy hasonló területen)","C++, LabVIEW, LabVIEW FPGA, VeriStand",Azure DevOps,Hybrid,Full-time,5+ years
1863888,Logisztikai és E-szolgáltatások Üzemeltetési Osztályvezető,Magyar Posta ZRt.,https://www.cvonline.hu/hu/allas/logisztikai-es-e-szolgaltatasok-uzemeltetesi-osztalyvezeto-1863888,2026-03-18,2026-03-18,False,Budapest,,,Bachelor,"Docker, Kubernetes",Azure DevOps,Home-Office,Full-time,3-5 years
1866553,Product Owner / Project Manager für Microsoft Dynamics 365,Laendle,https://www.cvonline.hu/hu/allas/product-owner-project-manager-fur-microsoft-dynamics-365-1866553,2026-03-20,2026-03-25,True,,,,,,,,,
1866101,Fogtechnikai informatikus / CAD-CAM technikus,My HR Team Személyzeti Szolgáltató Kft.,https://www.cvonline.hu/hu/lite/allas/fogtechnikai-informatikus-cad-cam-technikus-1866101,2026-03-20,2026-03-25,True,Miskolc,,English: Alapszintű,High School with Diploma,,Speciális fogtechnikai számítógépes program,,,
1866573,Diákmunka - Business Intelligence Trainee,MŰISZ Iskolaszövetkezet,https://www.cvonline.hu/hu/allas/diakmunka-business-intelligence-trainee-1866573,2026-03-20,2026-03-25,True,Budapest,,"{'English': 'Intermediate'}, {'Hungarian': 'Native'}","Ongoing university studies for at least two semesters, in computer science, information systems, business economics, mathematics / statistics, data science or related fields.","Python, R","Power BI, Tableau, Qlik",Hybrid,,
1866168,Alkalmazásfejlesztő,MÁV Szolgáltató Központ Zrt.,https://www.cvonline.hu/hu/allas/alkalmazasfejleszto-1866168,2026-03-20,2026-03-20,False,Sopron,2000 EUR gross/month,,Bachelor,"Java, React","Oracle SQL, Spring Boot, IntelliJ IDEA, GitLab",Részmunkaidő (Part-time),Határozatlan idejű (Indefinite term contract),3-5 years
1866554,Data Platform Engineer (m/w/d)*,Laendle,https://www.cvonline.hu/hu/allas/data-platform-engineer-m-w-d-1866554,2026-03-20,2026-03-25,True,Kennelbach,37289 EUR brutto p.a.,,"Bachelor, Master, PhD","Power BI, SQL","Microsoft Fabric, Denodo",Hybrid,Full-time,3-5 years
1865793,C++  Developer,HAYS Hungary Kft.,https://www.cvonline.hu/hu/allas/c-developer-1865793,2026-03-20,2026-03-25,True,Sweden,,English: B2,"Bachelor's or Master's degree in engineering, computer science, or a related field","C++, Python","Git, Linux, Windows",,,A few years
1865791,Project Manager (Data & Agile),HAYS Hungary Kft.,https://www.cvonline.hu/hu/allas/project-manager-data-agile-1865791,2026-03-20,2026-03-25,True,Hungary,,English,Bachelor,Python,Excel,Home-Office,Full-time,
1865806,Software Solution Architect,HAYS Hungary Kft.,https://www.cvonline.hu/hu/allas/software-solution-architect-1865806,2026-03-20,2026-03-25,True,,,"{'Language': 'English', 'CEFR Level': 'B2'}",,,,Home-Office,Full-time,3-5 years
1865920,Leiter:in Handelssysteme,Laendle,https://www.cvonline.hu/hu/allas/leiterin-handelssysteme-1865920,2026-03-20,2026-03-25,True,,,,,,,,,5+ years
1865807,"Data Analyst (SQL, Power BI)",HAYS Hungary Kft.,https://www.cvonline.hu/hu/allas/data-analyst-sql-power-bi-1865807,2026-03-20,2026-03-25,True,Budapest,,English: B2,,"SQL, Power BI, Spotfire","Spotfire, PowerBI",Hybrid,Full-time,1-3 years
1865912,"Account Delivery Manager (m,w,d)",Vienna,https://www.cvonline.hu/hu/allas/account-delivery-manager-mwd-1865912,2026-03-20,2026-03-25,True,,,"{'Language': 'Deutsch', 'Level': None}",Bachelor,,,Home-Office,Full-time,5+ years
1865323,IT Operátor_Kecskemét,A-Credit 2000 Tanácsadó és Szolgáltató Kft.,https://www.cvonline.hu/hu/allas/it-operator-kecskemet-1865323,2026-03-20,2026-03-25,True,Kecskemét,,English: B2,,,"VMware, Veeam, PowerBi, ManageEngine",,,
1865676,Diákmunka - C++ Developer Trainee SINUMERIK HMI,MŰISZ Iskolaszövetkezet,https://www.cvonline.hu/hu/allas/diakmunka-c-developer-trainee-sinumerik-hmi-1865676,2026-03-20,2026-03-23,False,Budapest,,"{'English': 'CEFR level not specified'}, {'German': 'CEFR level not specified'}",Ongoing studies in a relevant field (engineering or informatics),"C, C++",,Home-Office,Full-time,
1865577,SENIOR SAP FUNCTIONAL SUPPORT EXPERT (WM / SD-EDI),BECK AND PARTNERS Kft.,https://www.cvonline.hu/hu/allas/senior-sap-functional-support-expert-wm-sd-edi-1865577,2026-03-20,2026-03-25,True,Siófok,,English: B2,Bachelor or Master,,,Hybrid (Home Office),Full-time,3-5 years
1865675,Diákmunka - MES fejlesztő gyakornok,MŰISZ Iskolaszövetkezet,https://www.cvonline.hu/hu/allas/diakmunka-mes-fejleszto-gyakornok-1865675,2026-03-20,2026-03-25,True,Budapest,,English,Bachelor,JavaScript,,Hybrid,Full-time,
1865430,IT HD szakértő,MÁV Szolgáltató Központ Zrt.,https://www.cvonline.hu/hu/allas/it-hd-szakerto-1865430,2026-03-20,2026-03-25,True,Záhony,,,szakirányú felsőfokú állami iskolai végzettség,"Office alkalmazások, Active Directory, szerver konzolalkalmazások","távmenedzselő eszközök, ügyfélszolgálati rendszerek",,Határozatlan idejű,legalább 1 év szakmai gyakorlat
1865740,Aladdin Financial Engineering Intern,Mind-Diák Szövetkezet,https://www.cvonline.hu/hu/allas/aladdin-financial-engineering-intern-1865740,2026-03-20,2026-03-25,True,New York City,,English: B2,"Bachelor, Master, PhD","Python, C++","Snowflake, Spark, Storm, Solr, Office tools (Outlook, Word)",Hybrid,Internship,
1865160,Data Engineer Metering Operations,Laendle,https://www.cvonline.hu/hu/allas/data-engineer-metering-operations-1865160,2026-03-20,2026-03-25,True,,,"Python, SQL",,Python,,,,
1865429,IT HD szakértő,MÁV Szolgáltató Központ Zrt.,https://www.cvonline.hu/hu/allas/it-hd-szakerto-1865429,2026-03-20,2026-03-25,True,Budapest,,,Bachelor,,"Office, Active Directory, szerver konzolalkalmazások",On-site with home office,Full-time,1-3 years
1865004,"Web&ERP támogató konzulens (Web, Backend)",Hire-One Kft.,https://www.cvonline.hu/hu/allas/weberp-tamogato-konzulens-web-backend-1865004,2026-03-20,2026-03-25,True,,,{'English': 'B2'},Bachelor,"HTML, CSS, JavaScript, .NET (C#)","REST API, SQL",,,3-5 years
1865056,Senior Consultant SAP S/4 Hana Finance,Vienna,https://www.cvonline.hu/hu/allas/senior-consultant-sap-s-4-hana-finance-1865056,2026-03-20,2026-03-25,True,Vienna,55200 EUR gross/year,"German: Fluent, English: Proficient",,,SAP S/4HANA,Hybrid,Full-time,3-5 years
1865060,Businesskundenbetreuer in der Telekommunikation (m/w/d),Vienna,https://www.cvonline.hu/hu/allas/businesskundenbetreuer-der-telekommunikation-m-w-d-1865060,2026-03-20,2026-03-25,True,Wien,"{'gross': 2124.0, 'net': None, 'currency': 'EUR', 'period': 'month'}",Deutsch: B2,Bachelor,,,On-site with home office,Full-time,0-1 years
1864941,Termelést támogató gyakornok,Mind-Diák Szövetkezet,https://www.cvonline.hu/hu/allas/termelest-tamogato-gyakornok-1864941,2026-03-20,2026-03-25,True,Budapest,2050 Ft gross/hour,English: B2,High School with Diploma,,"Excel, PowerPoint, Lists, Power Automate, Sharepoint",Part-time (3-5 days/week),Student job,
1864988,Sales Data Analyst,Trenkwalder Kft,https://www.cvonline.hu/hu/allas/sales-data-analyst-1864988,2026-03-20,2026-03-25,True,,,English: B2,,,"SAP Analytics Cloud, Power BI, Tableau",Home Office,Full-time,
1867150,Senior Scrum Master (German speaking),HAYS Hungary Kft.,https://www.cvonline.hu/hu/allas/senior-scrum-master-german-speaking-1867150,2026-03-22,2026-03-22,False,Hungary,,"{'English': 'C1'}, {'German': 'C1'}",,"Jira, Confluence",,,Full-time,5+ years
1867061,Entwicklungsingenieur für Assistenz- & Automatisierungssysteme (m/w/d),Laendle,https://www.cvonline.hu/hu/allas/entwicklungsingenieur-fur-assistenz-automatisierungssysteme-m-w-d-1867061,2026-03-22,2026-03-25,True,,2000 EUR gross/month,"{'English': 'B2'}, {'German': 'Native'}",,"Python, C++",,Hybrid,Full-time,3-5 years
1866823,SOFTWARE ENTWICKLER FULL STACK (M/W/D),Laendle,https://www.cvonline.hu/hu/allas/software-entwickler-full-stack-m-w-d-1866823,2026-03-22,2026-03-25,True,Götzis,,,"Bachelor (HTL, FH) with Schwerpunkt Webentwicklung","Node.js, .Net Core","PostgreSQL, Azure, Redis",Full-time,Vollzeit-Perspektive (langfristig),
1867062,Teamlead Software Development (m/w/d),Laendle,https://www.cvonline.hu/hu/allas/teamlead-software-development-m-w-d-1867062,2026-03-22,2026-03-25,True,,,"{'English': 'B2'}, {'German': 'native'}",Bachelor,,,Hybrid,Full-time,5+ years
1866824,Junior Data Analyst / Engineer 70–100 %,Laendle,https://www.cvonline.hu/hu/allas/junior-data-analyst-engineer-70-100-1866824,2026-03-22,2026-03-25,True,City not specified,"50,000 - 85,000 EUR gross/year",English: C1,,"SQL, Python","Azure Databricks, Power BI, Git, Microsoft SQL Server 2022",Hybrid,Full-time,
1866607,Senior Scrum Master (German speaker),Randstad Hungary Kft.,https://www.cvonline.hu/hu/allas/senior-scrum-master-german-speaker-1866607,2026-03-22,2026-03-25,True,,,"{'English': 'C1'}, {'German': 'C1'}",,,"Jira, Confluence",,,
1866666,Front-End Developer,HAYS Hungary Kft.,https://www.cvonline.hu/hu/allas/front-end-developer-1866666,2026-03-22,2026-03-25,True,Budapest,,English: B2,,"JavaScript, Vue","Figma, Balsamiq, JustInMind",Hybrid,Full-time,2-5 years
1866670,IT Business Analyst,HAYS Hungary Kft.,https://www.cvonline.hu/hu/allas/it-business-analyst-1866670,2026-03-22,2026-03-25,True,Budapest,,English: B2,College degree or equivalent experience,"Python, SQL (Microsoft or Oracle)",MS Office suite,Home-Office with On-site possibility,Full-time,2+ years
1866657,RENDSZERGAZDA (MICROSOFT KÖRNYEZET),BECK AND PARTNERS Kft.,https://www.cvonline.hu/hu/allas/rendszergazda-microsoft-kornyezet-1866657,2026-03-22,2026-03-25,True,Biatorbágy,,English: B2,,,,Hybrid,Full-time,3-5 years
1866671,Senior Data Engineer,HAYS Hungary Kft.,https://www.cvonline.hu/hu/allas/senior-data-engineer-1866671,2026-03-22,2026-03-25,True,Budapest,,English: B2,,Python,"Apache Spark, Apache HBase, Apache Kafka, Google Cloud Platform (GCP), Azure, Hadoop ecosystem, PostgreSQL, MongoDB, Terraform",Home-Office,,5+ years
1866667,Cyber Security Specialist,HAYS Hungary Kft.,https://www.cvonline.hu/hu/allas/cyber-security-specialist-1866667,2026-03-22,2026-03-25,True,,,{'English': 'Fluent'},Bachelor,,,Full-remote,Full-time,5+ years
1866656,MEDIOR VIRTUALIZÁCIÓS RENDSZERMÉRNÖK,BECK AND PARTNERS Kft.,https://www.cvonline.hu/hu/allas/medior-virtualizacios-rendszermernok-1866656,2026-03-22,2026-03-25,True,Budapest,,English: B2,Bachelor or higher,"PowerCLI, PowerShell","VMware, Microsoft Hyper-V, VDI",Hybrid (2 days in office),Full-time,3-5 years
1868462,IT System Engineer (m/w/d),Laendle,https://www.cvonline.hu/hu/allas/it-system-engineer-m-w-d-1868462,2026-03-23,2026-03-25,True,HÖCHST,,English,,"Windows Server, Linux","Active Directory, Group Policies",Hybrid,Full-time,3-5 years
1868596,IT Operations gyakornok,Mind-Diák Szövetkezet,https://www.cvonline.hu/hu/allas/it-operations-gyakornok-1868596,2026-03-23,2026-03-25,True,Murzilli,,English: B2,High School with Diploma,,,On-site,Full-time,0-1 years
1867761,Diákmunka - IT biztonsági tanácsadó,MŰISZ Iskolaszövetkezet,https://www.cvonline.hu/hu/allas/diakmunka-it-biztonsagi-tanacsado-1867761,2026-03-23,2026-03-25,True,,2400 Ft/hour,,Bachelor,,"MS Office, Outlook",On-site,Full-time,
1867760,Diákmunka - C++ programozó,MŰISZ Iskolaszövetkezet,https://www.cvonline.hu/hu/allas/diakmunka-c-programozo-1867760,2026-03-23,2026-03-25,True,,2500 HUF/hour,,"17 years or older, daytime students with a valid contract","C++, C#",,,,1-2 years
1869522,IT System Engineer - Microsoft/Office 365 (f/m/x),Laendle,https://www.cvonline.hu/hu/allas/it-system-engineer-microsoft-office-365-f-m-x-1869522,2026-03-25,2026-03-25,True,HÖCHST,,English: B2,,,"PowerShell, Exchange, Teams, SharePoint, Azure AD",On-site,Full-time,3-5 years
1869434,Számítógép szerelő technikus,Pannon-Work Cégcsoport,https://www.cvonline.hu/hu/allas/szamitogep-szerelo-technikus-1869434,2026-03-25,2026-03-25,True,,,,High School with Diploma,,,Multiple shifts,Full-time,
1869406,Software Tester (VR Training Devices),HAYS Hungary Kft.,https://www.cvonline.hu/hu/allas/software-tester-vr-training-devices-1869406,2026-03-25,2026-03-25,True,,,English: B2,Bachelor,"Python, C++",Unreal Engine,,Full-time,3-5 years
1869387,IT RENDSZERGAZDA,BECK AND PARTNERS Kft.,https://www.cvonline.hu/hu/allas/it-rendszergazda-1869387,2026-03-25,2026-03-25,True,Budapest,,"{'Language': 'English', 'CEFR Level': 'null'}",Bachelor,"Java, Node.js","Linux, Windows, Apache, Tomcat",Hybrid,Full-time,2-5 years
1869370,IT Operations trainne,Mind-Diák Szövetkezet,https://www.cvonline.hu/hu/allas/it-operations-trainne-1869370,2026-03-25,2026-03-25,True,,3500 HUF/hour,English: intermediate,Student (IT / Computer Science / Engineering / System Administration),,"Windows, macOS, Linux","On-site (Monday to Friday, minimum 20 hours/week)",Short-term,
1869162,ADATBÁZIS ÜZEMELTETÉSI SZAKÉRTŐ (ORACLE/MSSQL),BECK AND PARTNERS Kft.,https://www.cvonline.hu/hu/allas/adatbazis-uzemeltetesi-szakerto-oracle-mssql-1869162,2026-03-25,2026-03-25,True,Budapest,,English: B2,,,"Oracle, MSSQL, RMAN, Oracle RAC, Data Guard, ASM, Enterprise Manager Cloud Control",Home-Office,Full-time,5+ years
1869472,Junior Szoftver technikus,Pannonjob Kft.,https://www.cvonline.hu/hu/allas/junior-szoftver-technikus-1869472,2026-03-25,2026-03-25,True,Vecsési járás,,English: B1,Középfokú műszaki vagy informatikai végzettség,Linux,,Full-time,Full-time,0-1 years
1869069,Automatizálási rendszermérnök,Magyar Posta ZRt.,https://www.cvonline.hu/hu/allas/automatizalasi-rendszermernok-1869069,2026-03-25,2026-03-25,True,Budaörs,,English: B2,Bachelor,"Ms Windows Server, Linux","RavenDB, MSSQL, vmWare",Hybrid,Full-time,
1869256,Application Manager*in Warehouse Solution,Laendle,https://www.cvonline.hu/hu/allas/application-managerin-warehouse-solution-1869256,2026-03-25,2026-03-25,True,Kennelbach,37289 EUR brutto p.a.,"Deutsch: B2, Englisch: B2",,,"Warehouse-Management-Systemen (WMS), EDI, API, XML",Hybrid,Full-time,3-5 years
1869292,Diákmunka - IT biztonsági gyakornok,MŰISZ Iskolaszövetkezet,https://www.cvonline.hu/hu/allas/diakmunka-it-biztonsagi-gyakornok-1869292,2026-03-25,2026-03-25,True,,2500 HUF/hour,English,"University student (17 years old or older, daytime program)",,,On-site,Part-time,
1868963,Informatikai vezető,Trenkwalder Kft,https://www.cvonline.hu/hu/allas/informatikai-vezeto-1868963,2026-03-25,2026-03-25,True,,,"{'Language': 'English', 'Level': 'B2'}, {'Language': 'German', 'Level': 'B2'}",Bachelor,,,Hybrid,Full-time,5+ years
1868759,Systemadministrator:in (mit Fokus auf Netzwerkadministration),Laendle,https://www.cvonline.hu/hu/allas/systemadministratorin-mit-fokus-auf-netzwerkadministration-1868759,2026-03-25,2026-03-25,True,,,,,,,,,
1868770,Diákmunka - Test Engineer Trainee for Industrial Automation,MŰISZ Iskolaszövetkezet,https://www.cvonline.hu/hu/allas/diakmunka-test-engineer-trainee-industrial-automation-1868770,2026-03-25,2026-03-25,True,,2200-2800 Ft/hour,English: B2,"Ongoing higher education studies (electrical engineering, software engineering, mechanical engineering, mechatronics, or similar field)",C#,,Hybrid,,17+ years
1868592,Webshop junior adminisztrátor,Mind-Diák Szövetkezet,https://www.cvonline.hu/hu/allas/webshop-junior-adminisztrator-1868592,2026-03-25,2026-03-25,True,,2700 Ft/óra,,nappali tagozatos hallgatói jogviszony megléte,,Shoprenter rendszer,"hétfőtől péntekig 08.00-17.00 között, rugalmas beosztásban",diákmunka,
1868614,C#/.NET Developer,HAYS Hungary Kft.,https://www.cvonline.hu/hu/allas/c-net-developer-1868614,2026-03-25,2026-03-25,True,Sweden,,English: B2,"Bachelor's degree in Computer Science, Software Engineering, or a related field","C#, .Net, .Net Blazor","MS SQL, PostgreSQL, Git, Bitbucket, Artifactory, Azure DevOps",,,
1868613,Unreal Engine/C++ Developer,HAYS Hungary Kft.,https://www.cvonline.hu/hu/allas/unreal-engine-c-developer-1868613,2026-03-25,2026-03-25,True,Sweden,,English: B2,"Bachelor's degree in Computer Science, Software Engineering, or a related field","C++, .Net Blazor","Unreal Engine, Git, Bitbucket, Artifactory, Azure DevOps",,,
1868595,IT gyakornok,Mind-Diák Szövetkezet,https://www.cvonline.hu/hu/allas/it-gyakornok-1868595,2026-03-25,2026-03-25,True,Svájc,,English: B2,Felsőfokú tanulmányok gazdaságinformatikai területen,,Microsoft Dynamics 365 Business Central,Teljesen virtuális környezetben,Hosszú távú diákmunka-lehetőség,
1867605,Senior product owner,Magyar Posta ZRt.,https://www.cvonline.hu/hu/allas/senior-product-owner-1867605,2026-03-25,2026-03-25,True,Budapest,,,Felsőfokú végzettség (IT vagy gazdasági területen),,"Word, Excel, Power Point, Outlook",Full-time,"Határozott idejű szerződés, teljes munkaidős foglalkoztatás",5+ years
1867709,Daten- und Business Intelligence Experte im Kundendienst Baumaschinen (m/w/d),Laendle,https://www.cvonline.hu/hu/allas/daten-und-business-intelligence-experte-im-kundendienst-baumaschinen-m-w-d-1867709,2026-03-25,2026-03-25,True,,,"{'Language': 'English', 'CEFR Level': 'B2'}",Bachelor,"Java, Python, C#","Microsoft Dynamics 365, Power BI, PowerApps",Hybrid,Full-time,1-3 years
1867742,Diákmunka - Technical Writer,MŰISZ Iskolaszövetkezet,https://www.cvonline.hu/hu/allas/diakmunka-technical-writer-1867742,2026-03-25,2026-03-25,True,Bérezés,,English: B2,"Ongoing studies in IT/economics/technology/engineering, High School with Diploma",,Grafana,Hybrid,Full-time,0-1 years
1867487,Medior Szoftverfejlesztő (JAVA),HUNAM Personnel Solutions Kft.,https://www.cvonline.hu/hu/allas/medior-szoftverfejleszto-java-1867487,2026-03-25,2026-03-25,True,,,"{'Language': 'English', 'Level': 'B2'}",Bachelor,Java,"Dynatrace, Splunk, CloudWatch",,Full-time,3-5 years
1867292,Business Consultant (m/w/d),Vienna,https://www.cvonline.hu/hu/allas/business-consultant-m-w-d-1867292,2026-03-25,2026-03-25,True,Wien,50000 EUR gross/year,,Bachelor with Finance/Accounting focus or first work experience in finance field,,,Home-Office (with high-quality IT equipment) or On-site at customer's location,Full-time,0-1 years
1867488,Medior Tesztautomatizáló Mérnök,HUNAM Personnel Solutions Kft.,https://www.cvonline.hu/hu/allas/medior-tesztautomatizalo-mernok-1867488,2026-03-25,2026-03-25,True,Hungary,,English: B2,Bachelor,"Java, Python, JS, C#","Selenium WebDriver, Appium, Git/SVN",On-site,Full-time,2-3 years
