job_id,title,company,url,first_seen,last_seen,active,Location,Salary,Language Requirements,Education,Programming Languages,Required Software / Tools,Work Arrangement,Job Type,Experience Level,location,salary,employment_type,work_hours,responsibilities,requirements,benefits,contact,jobTitle,employmentType,applyUrl,jobDescription,companyInfo,schedule,tech_stack
1854188,Feljesztőmérnök,FUX Zrt.,https://www.cvonline.hu/hu/master/allas/fejlesztomernok-1854188,2026-03-09,2026-03-25,True,,,English: B2,Master,,AutoCAD,,,,,,,,,,,,,,,,,,
1858566,"IT-Service Continuity Manager (m,w,d)",Vienna,https://www.cvonline.hu/hu/allas/it-service-continuity-manager-mwd-1858566,2026-03-09,2026-03-25,True,not specified,60000 EUR gross/year,"German: Native, English: Good",High School with Diploma,,"Excel, PowerPoint",Hybrid (2 days per week),Full-time,3-5 years,,,,,,,,,,,,,,,
1854055,IT hálózati mérnök,Mavir Zrt.,https://www.cvonline.hu/hu/allas/it-halozati-mernok-1854055,2026-03-09,2026-03-25,True,,,English: B,,,,On-site,Full-time,7+ years,,,,,,,,,,,,,,,
1858593,ADATBÁZIS ÜZEMELTETÉSI SZAKÉRTŐ (ORACLE/MSSQL),BECK AND PARTNERS Kft.,https://www.cvonline.hu/hu/allas/adatbazis-uzemeltetesi-szakerto-oracle-mssql-1858593,2026-03-09,2026-03-25,True,Budapest,,English: B2,,,"Oracle (11g–19c), MSSQL, RMAN, Oracle RAC, Data Guard, ASM, Enterprise Manager Cloud Control",Home-Office,Full-time,5+ years,,,,,,,,,,,,,,,
1858586,Diákmunka - DevOps,MŰISZ Iskolaszövetkezet,https://www.cvonline.hu/hu/allas/diakmunka-devops-1858586,2026-03-09,2026-03-25,True,,3000-5000 Ft/hora,Hungarian: Native,High School with Diploma,"NodeJS, React","Docker/Podman/containerd/cri-o, Kubernetes, AWS, Azure, Jenkins/Travis/Bamboo/CircleCI, GitLab CI/CD, GitHub Actions, Helm Charts, NGINX, GitHub Advanced Security (GHAS)",Hybrid,Short-term,1-3 years,,,,,,,,,,,,,,,
1849682,Számítógép szerelő technikus,Pannon-Work Cégcsoport,https://www.cvonline.hu/hu/allas/szamitogep-szerelo-technikus-1849682,2026-03-09,2026-03-23,False,Komárom,,,High School with Diploma,,,On-site,Full-time,,,,,,,,,,,,,,,,
1712134,SPS-Softwareentwickler für Modernisierungs- und Supportprojekte (m/w/d),Laendle,https://www.cvonline.hu/hu/allas/sps-softwareentwickler-fur-modernisierungs-und-supportprojekte-m-w-d-1712134,2026-03-09,2026-03-09,False,,,German: C1,"Bachelor, Master","Siemens S7, TIA",,On-site with home office,Full-time,1-3 years,,,,,,,,,,,,,,,
1853989,SAP IBP Consultant (Supply Chain Planning),Randstad Hungary Kft.,https://www.cvonline.hu/hu/allas/sap-ibp-consultant-supply-chain-planning-1853989,2026-03-09,2026-03-25,True,,,English: B2,"Bachelor, Master","ABAP OO, ODATA, CDS view, Python","SAP IBP, SAP S4/HANA, SAP APO, SD, VC, MM, PP",Home-Office,Full-time,5+ years,,,,,,,,,,,,,,,
1844333,"Web&ERP támogató konzulens (Web, Backend)",Hire-One Kft.,https://www.cvonline.hu/hu/allas/weberp-tamogato-konzulens-web-backend-1844333,2026-03-09,2026-03-17,False,,,English: Intermediate,"Bachelor, Master","HTML, CSS, JavaScript, .NET (C#), REST API, SQL",Microsoft Dynamics 365,,,3-5 years,,,,,,,,,,,,,,,
1858621,IT TECHNIKUS,BECK AND PARTNERS Kft.,https://www.cvonline.hu/hu/allas/it-technikus-1858621,2026-03-09,2026-03-23,False,Győr,,English: A1,High School with Diploma,,"Microsoft Active Directory, M365, Azure",On-site,Full-time,1-3 years,,,,,,,,,,,,,,,
1844225,"Customer Technology Advisor - Cloud 


(m/w/d)",Vienna,https://www.cvonline.hu/hu/allas/customer-technology-advisor-cloud-m-w-d-1844225,2026-03-09,2026-03-17,False,,110000 EUR gross/year,"English: B2, German: C1",,,,Home-Office,Full-time,5+ years,,,,,,,,,,,,,,,
1844158,Senior rendszermérnök (Adatbázis adminisztrátor),Magyar Posta ZRt.,https://www.cvonline.hu/hu/allas/senior-rendszermernok-adatbazis-adminisztrator-1844158,2026-03-09,2026-03-17,False,Budapest,,English: A1,,,"bash, Python, EnterpriseDB, Ansible, pgbadger",On-site with home office,Full-time,3-5 years,,,,,,,,,,,,,,,
1849451,ADATBÁZIS ÜZEMELTETÉSI SZAKÉRTŐ (ORACLE/MSSQL),BECK AND PARTNERS Kft.,https://www.cvonline.hu/hu/allas/adatbazis-uzemeltetesi-szakerto-oracle-mssql-1849451,2026-03-09,2026-03-23,False,Budapest,,English: B2,,,"Oracle (11g–19c), MSSQL, RMAN, Oracle RAC, Data Guard, ASM, Enterprise Manager Cloud Control",Home-Office,Full-time,5+ years,,,,,,,,,,,,,,,
1858168,Business Consultant (m/w/d),Vienna,https://www.cvonline.hu/hu/allas/business-consultant-m-w-d-1858168,2026-03-09,2026-03-25,True,Wien,50000 EUR gross/year,German: Native,Bachelor,,,Home-Office with on-site at customers,Full-time,1-3 years,,,,,,,,,,,,,,,
1853685,Műszaki üzemeltető és karbantartó technikus - Budapest (Országos lefedettség),Man at Work Humánszolgáltató és Személyzeti Tanácsadó Kft.,https://www.cvonline.hu/hu/allas/muszaki-uzemelteto-es-karbantarto-technikus-budapest-orszagos-lefedettseg-1853685,2026-03-09,2026-03-25,True,Budapest,,Hungarian: Native,High School with Diploma,,,On-site with home office,Full-time,1-3 years,,,,,,,,,,,,,,,
1858319,Diákmunka - Beágyazott Szoftverfejlesztő Gyakornok,MŰISZ Iskolaszövetkezet,https://www.cvonline.hu/hu/allas/diakmunka-beagyazott-szoftverfejleszto-gyakornok-1858319,2026-03-09,2026-03-25,True,,2390 HUF/hora,English: Unknown,High School with Diploma,C,,On-site,Short-term,0-1 years,,,,,,,,,,,,,,,
1853682,IT Manager,HSA Kft.,https://www.cvonline.hu/hu/allas/it-manager-1853682,2026-03-09,2026-03-25,True,,,"English, German",Bachelor,,,,Full-time,5+ years,,,,,,,,,,,,,,,
1843994,Senior/Principal Software Engineer,Trenkwalder Kft,https://www.cvonline.hu/hu/allas/senior-principal-software-engineer-1843994,2026-03-09,2026-03-17,False,,,English: B2,BSc/MSc,"C++, LabVIEW, LabVIEW FPGA, VeriStand",Azure DevOps,Hybrid,,5+ years,,,,,,,,,,,,,,,
1843982,IT szakértő,MÁV Szolgáltató Központ Zrt.,https://www.cvonline.hu/hu/allas/it-szakerto-1843982,2026-03-09,2026-03-17,False,Budapest,,English: A1,Master,,"MS Windows, Android, MDM, AD, SCCM, MS Office, Excel",On-site,Full-time,3-5 years,,,,,,,,,,,,,,,
1838728,Junior BI Developer,HAYS Hungary Kft.,https://www.cvonline.hu/hu/allas/bi-developer-1838728,2026-03-09,2026-03-10,False,Budapest,,English: unknown,,,"Power BI, Power Automate, MS Excel",Hybrid,Full-time,1-3 years,,,,,,,,,,,,,,,
1858273,Hálózati rendszermérnök (medior vagy senior),MÁV Szolgáltató Központ Zrt.,https://www.cvonline.hu/hu/allas/halozati-rendszermernok-medior-vagy-senior-1858273,2026-03-09,2026-03-25,True,Budapest,,Hungarian: Native,Bachelor,,"Cisco, Fortinet, F5, Linux, Docker, Logpoint, Vectra",On-site with home office,Full-time,3-5 years,,,,,,,,,,,,,,,
1858140,Intermediate QA Automation Engineer,HAYS Hungary Kft.,https://www.cvonline.hu/hu/allas/intermediate-qa-automation-engineer-1858140,2026-03-09,2026-03-25,True,,,English: B2,,,"Postman, Bruno, JMeter, Git, Jira, Confluence",,Full-time,3-5 years,,,,,,,,,,,,,,,
1858163,System Test Engineer (m/f/x),Vienna,https://www.cvonline.hu/hu/allas/system-test-engineer-m-f-x-1858163,2026-03-09,2026-03-09,False,Wien,3300 EUR gross/month,"German: Native, English: B2",Bachelor,,,Hybrid,Full-time,1-3 years,,,,,,,,,,,,,,,
1723529,Software Developer (m/w/d)*,Laendle,https://www.cvonline.hu/hu/allas/software-developer-m-w-d-1723529,2026-03-09,2026-03-09,False,Kennelbach,,"German: Native, English: Fluent",High School with Diploma,"PLSQL, Perl","JIRA, Confluence",On-site,Full-time,3-5 years,,,,,,,,,,,,,,,
1723530,EDI/API Projektkoordinator*in,Laendle,https://www.cvonline.hu/hu/allas/edi-api-projektkoordinatorin-1723530,2026-03-09,2026-03-09,False,Kennelbach,,"German: Native, English: B2",High School with Diploma,,"Jira, Confluence",On-site,Full-time,1-3 years,,,,,,,,,,,,,,,
1719935,DevOps Engineer Embedded Systems m/w/d,Laendle,https://www.cvonline.hu/hu/allas/devops-engineer-embedded-systems-m-w-d-1719935,2026-03-09,2026-03-09,False,,,German: Native,"Bachelor, Master",,,On-site,Full-time,3-5 years,,,,,,,,,,,,,,,
1719936,Embedded Software Developer m/w/d,Laendle,https://www.cvonline.hu/hu/allas/embedded-software-developer-m-w-d-1719936,2026-03-09,2026-03-09,False,,,German: Native,"Bachelor, Master",,,On-site,Full-time,3-5 years,,,,,,,,,,,,,,,
1719937,IT Systemadministrator:in,Laendle,https://www.cvonline.hu/hu/allas/it-technikerin-systemadministratorin-it-system-engineer-1719937,2026-03-09,2026-03-09,False,,,German: Native,"High School with Diploma, Bachelor",,,On-site,Full-time,1-3 years,,,,,,,,,,,,,,,
1719939,Modern Workplace Consultant (m/w/d)*,Laendle,https://www.cvonline.hu/hu/allas/modern-workplace-consultant-m-w-d-1719939,2026-03-09,2026-03-09,False,Kennelbach,,"German: Native, English: Fluent",,,Microsoft 365,On-site with home office,Full-time,3-5 years,,,,,,,,,,,,,,,
1853574,SAP business analyst,Hire-One Kft.,https://www.cvonline.hu/hu/allas/sap-business-analyst-1853574,2026-03-09,2026-03-25,True,,Competitive,"Hungarian, English",,ABAP,"SAP MM, SAP PP, S/4HANA",Home-Office (2 times/week),Full-time,5+ years,,,,,,,,,,,,,,,
1843826,Network Monitoring Systems Platform Engineer,Trenkwalder Kft,https://www.cvonline.hu/hu/allas/network-monitoring-systems-platform-engineer-1843826,2026-03-09,2026-03-16,False,,Competitive,English: B2,,,OSS/infrastructure management tools,Hybrid,Full-time,3-5 years,,,,,,,,,,,,,,,
1853457,Senior rendszermérnök (Linux rendszermérnök),Magyar Posta ZRt.,https://www.cvonline.hu/hu/allas/senior-rendszermernok-linux-rendszermernok-1853457,2026-03-09,2026-03-25,True,Budapest,,,,,"Red Hat Linux, Satellite, IPA, Ansible",On-site with home office,Full-time,5+ years,,,,,,,,,,,,,,,
1849041,Automatizálási rendszermérnök,Magyar Posta ZRt.,https://www.cvonline.hu/hu/allas/automatizalasi-rendszermernok-1849041,2026-03-09,2026-03-23,False,Budaörs,,English: B2,High School with Diploma,,"RavenDB, MSSQL, vmWare",On-site,Full-time,1-3 years,,,,,,,,,,,,,,,
1843777,Szoftvertesztelő,Starjobs Magyarország,https://www.cvonline.hu/hu/allas/szoftvertesztelo-1843777,2026-03-09,2026-03-16,False,,,English: B2,"Bachelor, Master, PhD",C#,"VisualStudio, GitHub, JIRA, Polarion",,,3-5 years,,,,,,,,,,,,,,,
1843780,Logisztikai és E-szolgáltatások Üzemeltetési Osztályvezető,Magyar Posta ZRt.,https://www.cvonline.hu/hu/allas/logisztikai-es-e-szolgaltatasok-uzemeltetesi-osztalyvezeto-1843780,2026-03-09,2026-03-17,False,Budapest,,Hungarian: Native,Bachelor,"DevOps, Azure DevOps, OKD, Red Hat Openshift, Docker, Kubernetes",,,Full-time,3-5 years,,,,,,,,,,,,,,,
1838521,Senior rendszermérnök (IT tervezési rendszermérnök),Magyar Posta ZRt.,https://www.cvonline.hu/hu/allas/senior-rendszermernok-it-tervezesi-rendszermernok-1838521,2026-03-09,2026-03-16,False,Budapest,,English: unknown,,,,,,5+ years,,,,,,,,,,,,,,,
1848994,Unreal Engine/C++ Developer,HAYS Hungary Kft.,https://www.cvonline.hu/hu/allas/unreal-engine-c-developer-1848994,2026-03-09,2026-03-23,False,,,English: B2,"Bachelor, Master","C++, Unreal Engine","Git, Bitbucket, Artifactory, Azure DevOps",,Full-time,3-5 years,,,,,,,,,,,,,,,
1848995,C#/.NET Developer,HAYS Hungary Kft.,https://www.cvonline.hu/hu/allas/c-net-developer-1848995,2026-03-09,2026-03-23,False,,,English: B2,"Bachelor, Master","C#, .Net","REST APIs, MS SQL, PostgreSQL, Git, Bitbucket, Artifactory, Azure DevOps",,Full-time,3-5 years,,,,,,,,,,,,,,,
1719744,Senior Systemadministrator (m/w/d) – Microsoft 365 / VMware / NetApp,Laendle,https://www.cvonline.hu/hu/allas/senior-systemadministrator-m-w-d-microsoft-365-vmware-netapp-1719744,2026-03-09,2026-03-09,False,,,"English: B2, German: C1","Bachelor, Master",,"PowerShell, Automatisierungstools",,,5+ years,,,,,,,,,,,,,,,
1857844,Szoftver Technikus,Pannonjob Kft.,https://www.cvonline.hu/hu/allas/szoftver-technikus-1857844,2026-03-09,2026-03-25,True,Üllő,,English: A1,,,,On-site,Full-time,3-5 years,,,,,,,,,,,,,,,
1843555,Senior SAP Consultant (w/m/x),"{'name': 'Erfolgreiches IT-Beratungsunternehmen', 'industry': 'Handels- und Konsumgüterindustrie', 'employees': 'Über 150 Mitarbeiter', 'location': 'Europaweit'}",https://www.cvonline.hu/hu/allas/senior-sap-consultant-w-m-x-1843555,2026-03-09,2026-03-14,False,,,,,,,,,,"Salzburg, Oberösterreich, Wien","{'min': '3.500€', 'max': '6.000€'}",Vollzeit (ab 38 Wochenstunden),4 Tage in der Woche,"Umfassende Beratung und Betreuung von Kunden im nationalen und internationalen Retail-Umfeld, Unterstützung und Begleitung von SAP-Projekten im Einzelhandelsbereich, Erarbeitung effizienter Strukturen gemeinsam mit dem Kunden, Projekt- sowie Prozessmanagement","Abgeschlossene höhere Ausbildung (FH/Uni), Mehrjährige Berufserfahrung im SAP-Umfeld, Kenntnisse im Retail-Umfeld wünschenswert, Ausgeprägtes Prozessverständnis sowie Kundenorientierung, Selbständige Arbeitsweise und Reisebereitschaft, Sehr gute Deutsch- und Englischkenntnisse","Firmenauto, welches auch privat genutzt werden kann, Workation Möglichkeit, Unterstützung beim Eigenheimbau mit einem geringen Zinssatz, Individuelle Weiterbildungs- und Weiterentwicklungsmöglichkeiten in der SAP-Welt, Abwechslungsreiche SAP-Projekte im internationalen Umfeld, Kollegiales und hochmotiviertes Team, Flexible Arbeitseinteilung mit Home-Office Möglichkeit","{'name': 'Monir Forster Recruiting Partner IT', 'phone': '+43 732 61 12 21 -225', 'email': '', 'website': ''}",,,,,,,
1843561,Solution Architect Specialist,Trenkwalder Kft,https://www.cvonline.hu/hu/allas/solution-architect-specialist-1843561,2026-03-09,2026-03-16,False,,Competitive base salary,English,Master,,,Hybrid,Full-time,5+ years,,,,,,,,,,,,,,,
1838314,DevOps Engineer (mid-level / senior),Trenkwalder Kft,https://www.cvonline.hu/hu/allas/devops-engineer-mid-level-senior-1838314,2026-03-09,2026-03-09,False,,,"English, Hungarian",BSc/MSc in Computer Science or related field,Shell,"Docker, Kubernetes, Terraform, Prometheus, Grafana, Datadog, AWS/Azure cloud services, RabbitMQ",Home-Office,Full-time,3+ years,,,,,,,,,,,,,,,
1853267,Informatikai szolgáltatás menedzsment munkatárs,MÁV Szolgáltató Központ Zrt.,https://www.cvonline.hu/hu/allas/informatikai-szolgaltatas-menedzsment-munkatars-1853267,2026-03-09,2026-03-25,True,Budapest,,English: C1,Master,,,On-site,Full-time,5+ years,,,,,,,,,,,,,,,
1853243,Műszaki promóter,Mind-Diák Szövetkezet,https://www.cvonline.hu/hu/allas/muszaki-promoter-1853243,2026-03-09,2026-03-25,True,Soroksár,,English,,,,On-site with home office,Short-term,0-1 years,,,,,,,,,,,,,,,
1853247,Sales Support Intern,Mind-Diák Szövetkezet,https://www.cvonline.hu/hu/allas/sales-support-intern-1853247,2026-03-09,2026-03-25,True,,2500 HUF/hour gross,English: Advanced,,,"MS Office (Excel, Word, PowerPoint, Outlook)",Hybrid,Short-term,0-1 years,,,,,,,,,,,,,,,
1843506,Rendszergazda gyakornok,Mind-Diák Szövetkezet,https://www.cvonline.hu/hu/allas/rendszergazda-gyakornok-1843506,2026-03-09,2026-03-16,False,,2145 HUF/hour,Hungarian: Native,High School with Diploma,Windows/Linux,Active Directory,On-site,Full-time,,,,,,,,,,,,,,,,
1715286,Data Engineer/Data Modeler für den Bereich Data & Analytics (m/w/d),Laendle,https://www.cvonline.hu/hu/allas/data-engineer-data-modeler-fur-den-bereich-data-analytics-m-w-d-1715286,2026-03-09,2026-03-09,False,,,German: B2,"Bachelor, Master",,"SQL, RDBMS, MS SQL-Server, ETL-tools, Power BI, SSIS, SSRS, SSAS",Hybrid,Full-time,3-5 years,,,,,,,,,,,,,,,
1853212,Microsoft Dynamics CRM Developer,Hire-One Kft.,https://www.cvonline.hu/hu/allas/microsoft-dynamics-crm-developer-1853212,2026-03-09,2026-03-25,True,,,English: Active,"IT degree, Relevant MS Dynamics CRM development experience","C#, .NET, JavaScript, Power Automate, Plugins",Microsoft Dynamics CRM,Home-Office,Full-time,3-5 years,,,,,,,,,,,,,,,
1853220,Finance Data Analyst,Randstad Hungary Kft.,https://www.cvonline.hu/hu/allas/finance-data-analyst-1853220,2026-03-09,2026-03-25,True,,,English: Fluent,,"DAX, Power Query, Python, VBA","Power BI, Power Automate, Power Apps, Excel",Hybrid,Full-time,,,,,,,,,,,,,,,,
1853222,Agile Quality Engineer (Mobile  iOS & Android),Randstad Hungary Kft.,https://www.cvonline.hu/hu/allas/agile-quality-engineer-mobile-ios-android-1853222,2026-03-09,2026-03-25,True,Hungary,,English: B2,,,,Home-Office,Full-time,3-5 years,,,,,,,,,,,,,,,
1843386,Teszt technikus,Randstad Hungary Kft.,https://www.cvonline.hu/hu/allas/teszt-technikus-1843386,2026-03-09,2026-03-17,False,Komárom,,English: A1,High School with Diploma,,"Windows OS, MS Office, Linux, Ubuntu","3 műszakos munkarend, vagy folyamatos 12 óra vállalása",,,,,,,,,,,,,,,,,
1843413,IT Projectmanager,Randstad Hungary Kft.,https://www.cvonline.hu/hu/allas/it-projectmanager-1843413,2026-03-09,2026-03-16,False,,,English,,,"Jira, Confluence, Notion",Hybrid,,,,,,,,,,,,,,,,,
1843420,Szolgáltatásmenedzser (Bérszámfejtés tapasztalattal),Randstad Hungary Kft.,https://www.cvonline.hu/hu/allas/szolgaltatasmenedzser-berszamfejtes-tapasztalattal-1843420,2026-03-09,2026-03-17,False,,,English: Fluent,,,Atlassian products,Home-Office,Full-time,1-3 years,,,,,,,,,,,,,,,
1848719,Medior full stack PHP fejlesztőt,Viapan „Dologidő” Kft.,https://www.cvonline.hu/hu/allas/medior-full-stack-php-fejlesztot-1848719,2026-03-09,2026-03-14,False,Tata,,English: B2,,"PHP, JavaScript","Git, PostgreSQL, Linux",On-site with home office,Full-time,3-5 years,,,,,,,,,,,,,,,
1848722,Senior Data Engineer,Randstad Hungary Kft.,https://www.cvonline.hu/hu/allas/senior-data-engineer-1848722,2026-03-09,2026-03-17,False,,,English,"Bachelor, Master",Python,"Azure Data Factory, Microsoft SQL Server (MSSQL), Azure Cloud, Azure Synapse Analytics, Databricks, dbt",Full Remote Opportunity,Full-time,3-5 years,,,,,,,,,,,,,,,
1843356,IT fejlesztőmérnök (Somogy megye),Hire-One Kft.,https://www.cvonline.hu/hu/allas/it-mernok-somogy-megye-1843356,2026-03-09,2026-03-14,False,,,English: B1,Bachelor,"C#, .NET",MySQL,"Home-Office, Hybrid",,2+ years,,,,,,,,,,,,,,,
1838104,CoreMedia Developer,Randstad Hungary Kft.,https://www.cvonline.hu/hu/allas/coremedia-developer-1838104,2026-03-09,2026-03-16,False,,,English: B2,Bachelor,"Java, JavaScript, HTML, CSS","CoreMedia CMS, Docker, Kubernetes, Azure DevOps, Grafana, MongoDB, Spring Boot, REST",Hybrid,Full-time,3-5 years,,,,,,,,,,,,,,,
1843321,BUDAPEST - NUKLEÁRIS MÉRNÖK GYAKORNOK (DIÁKMUNKA),Job Force Iskolaszövetkezet,https://www.cvonline.hu/hu/allas/budapest-nuklearis-mernok-gyakornok-diakmunka-1843321,2026-03-09,2026-03-17,False,,2500 HUF/hour,English: unknown,Master,,,,Short-term,0-1 years,,,,,,,,,,,,,,,
1848614,Medior Szoftverfejlesztő (JAVA),HUNAM Personnel Solutions Kft.,https://www.cvonline.hu/hu/allas/medior-szoftverfejleszto-java-1848614,2026-03-09,2026-03-22,False,,,English: B2,,Java,"Dynatrace, Splunk, CloudWatch, RESTful API, Scrum",,,3-5 years,,,,,,,,,,,,,,,
1848615,Senior Tesztautomatizáló mérnök német nyelvtudással,HUNAM Personnel Solutions Kft.,https://www.cvonline.hu/hu/allas/senior-tesztautomatizalo-mernok-nemet-nyelvtudassal-1848615,2026-03-09,2026-03-13,False,,EUR gross/month,German: Native,,,"JMETER, Playwright, Katalon, Bamboo, Azure, Kubernetes, RabbitMQ, Argocd",Hybrid,Full-time,3-5 years,,,,,,,,,,,,,,,
1848638,Senior fullstack fejlesztő (.NET),HUNAM Personnel Solutions Kft.,https://www.cvonline.hu/hu/allas/senior-fullstack-fejleszto-net-1848638,2026-03-09,2026-03-13,False,Budapest,,English: Active,Bachelor,"C#, .NET/C#, HTML, CSS, JavaScript, TypeScript","Entity Framework, T-SQL, Redis, Elasticsearch, ASP.NET Core MVC",Home-Office with on-site (1-4 times per month),Full-time,5+ years,,,,,,,,,,,,,,,
1848640,Medior Tesztautomatizáló Mérnök,HUNAM Personnel Solutions Kft.,https://www.cvonline.hu/hu/allas/medior-tesztautomatizalo-mernok-1848640,2026-03-09,2026-03-22,False,,,English: B2,,"Java, Python, JS, C#","Selenium, Appium, TestNG, JUnit, Git/SVN",On-site,Full-time,1-3 years,,,,,,,,,,,,,,,
1848652,SAP modulgazda,Work Force Kft.,https://www.cvonline.hu/hu/allas/sap-modulgazda-1848652,2026-03-09,2026-03-16,False,Budapest,,English,,,,Home-Office,Full-time,2+ years,,,,,,,,,,,,,,,
1857694,IT Security Expert (Public Key Infrastructure),Randstad Hungary Kft.,https://www.cvonline.hu/hu/allas/it-security-expert-public-key-infrastructure-1857694,2026-03-09,2026-03-25,True,Hungary,,English: unknown,Bachelor,,,Hybrid,Full-time,3-5 years,,,,,,,,,,,,,,,
1857686,Global DATA Engineer,Hire-One Kft.,https://www.cvonline.hu/hu/allas/global-data-engineer-1857686,2026-03-09,2026-03-18,False,,,English: Negotiable,,"SQL, DAX","dbt, Microsoft Fabric, Git, CI/CD, Power BI",On-site,Full-time,1-3 years,,,,,,,,,,,,,,,
1853099,IT Service Desk Agent - German speaking,Trenkwalder Kft,https://www.cvonline.hu/hu/allas/it-service-desk-agent-german-speaking-1853099,2026-03-09,2026-03-25,True,,,"German: Native, English: B1",High School with Diploma,,MS Office,Hybrid (50% Home Office),Full-time,,,,,,,,,,,,,,,,
1843197,French speaking First Line Analyst,Trenkwalder Kft,https://www.cvonline.hu/hu/allas/french-speaking-first-line-analyst-1843197,2026-03-09,2026-03-11,False,,Outstanding,"English: Native/Fluent, French: Native/Fluent",,,Ticketing tool,On-site,Full-time,1-3 years,,,,,,,,,,,,,,,
1843216,Chief Product Owner (m/w/d) CRM,Vienna,https://www.cvonline.hu/hu/allas/chief-product-owner-m-w-d-crm-1843216,2026-03-09,2026-03-14,False,Wien,85000 EUR gross/year,English: Negotiation level,Bachelor or higher,,,Hybrid,Full-time,5+ years,,,,,,,,,,,,,,,
1843217,Full-Stack-Developer (m/w/d),Vienna,https://www.cvonline.hu/hu/allas/full-stack-developer-m-w-d-1843217,2026-03-09,2026-03-14,False,Wien,55000 EUR gross/year,"German: Native, English: C2",Bachelor,"C#, .NET, ASP.NET Core, SQL Server, Azure",Microsoft-Technologies,Hybrid,Full-time,3-5 years,,,,,,,,,,,,,,,
1848415,Diákmunka - Technical Writer,MŰISZ Iskolaszövetkezet,https://www.cvonline.hu/hu/allas/diakmunka-technical-writer-1848415,2026-03-09,2026-03-22,False,,2200-2500 Ft/hour,English: B2,High School with Diploma,,,Hybrid,Full-time,0-1 years,,,,,,,,,,,,,,,
1848436,Diákmunka - C++ programozó,MŰISZ Iskolaszövetkezet,https://www.cvonline.hu/hu/allas/diakmunka-c-programozo-1848436,2026-03-09,2026-03-22,False,,2500 HUF/hour,,High School with Diploma,"C++, C#",3D CAD/BIM software,,Short-term,1-2 years,,,,,,,,,,,,,,,
1848437,Diákmunka - IT biztonsági tanácsadó,MŰISZ Iskolaszövetkezet,https://www.cvonline.hu/hu/allas/diakmunka-it-biztonsagi-tanacsado-1848437,2026-03-09,2026-03-22,False,,2400 HUF/hour,Hungarian: Native,Upper secondary with specialization in information security or similar,,"MS Office, Outlook, Web browsers",On-site,Full-time,0-1 years,,,,,,,,,,,,,,,
1853016,IT Operátor,Magyar Posta ZRt.,https://www.cvonline.hu/hu/allas/it-operator-1853016,2026-03-09,2026-03-25,True,Budapest,,Hungarian: Native,High School with Diploma,PowerShell,"Active Directory, Exchange, jegykezelő rendszer",On-site with home office,Full-time,1-3 years,,,,,,,,,,,,,,,
1853025,Diákmunka - Onsite Services Technician Intern,MŰISZ Iskolaszövetkezet,https://www.cvonline.hu/hu/allas/diakmunka-onsite-services-technician-intern-1853025,2026-03-09,2026-03-25,True,,2200 HUF/hour,"English: Advanced, Hungarian: Fluent",Ongoing studies in a university,,,,Short-term,0-1 years,,,,,,,,,,,,,,,
1843073,IT Üzleti elemző,Magyar Posta ZRt.,https://www.cvonline.hu/hu/allas/it-uzleti-elemzo-1843073,2026-03-09,2026-03-16,False,Budapest,,English,Bachelor,,"MS Visio, BPMN 2.0, UML, Power BI, Confluence, SharePoint, JIRA, MS Project",On-site with home office,Full-time,3-5 years,,,,,,,,,,,,,,,
1843095,SAP DevOps témavezető szakértő (SAP modulgazda),Magyar Posta ZRt.,https://www.cvonline.hu/hu/allas/sap-devops-temavezeto-szakerto-sap-modulgazda-1843095,2026-03-09,2026-03-16,False,Budapest,,English: B2,Felsőfokú informatikai/gazdasági/műszaki szakirányú végzettség,,SAP,Home-Office,Full-time,3+ years,,,,,,,,,,,,,,,
1843055,FULL STACK JAVA FEJLESZTŐ,BECK AND PARTNERS Kft.,https://www.cvonline.hu/hu/allas/full-stack-java-fejleszto-1843055,2026-03-09,2026-03-14,False,Budapest,,English: B2,BSc,"Java, Spring, SQL, Angular, Python","AWS, Docker, Kubernetes, JUnit, Mockito, REST/SOAP API, SNS, SQS, Kafka",Hybrid,Full-time,7+ years,,,,,,,,,,,,,,,
1843031,ERP támogató (IT),Carl Zeiss Vision Hungary Kft.,https://www.cvonline.hu/hu/master/allas/erp-tamogato-it-1843031,2026-03-09,2026-03-14,False,Mátészalka,,English: B2,Bachelor,"SQL, PHP","Oracle, Microsoft Power BI, Microsoft Visio, Powershell/BASH",,Full-time,3-5 years,,,,,,,,,,,,,,,
1848309,Application Operation and Maintenance Specialist (REF5123I),Deutsche Telekom IT Solutions,https://www.cvonline.hu/hu/allas/application-operation-and-maintenance-specialist-ref5123i-1848309,2026-03-09,2026-03-17,False,,,German: C1,,,,On-site,Full-time,5+ years,,,,,,,,,,,,,,,
1848310,Application Operation and Maintenance Specialist (REF5123I),Deutsche Telekom IT Solutions,https://www.cvonline.hu/hu/allas/application-operation-and-maintenance-specialist-ref5123i-1848310,2026-03-09,2026-03-17,False,,,German: C1,,,,On-site,Full-time,5+ years,,,,,,,,,,,,,,,
1848311,Application Operation and Maintenance Specialist (REF5123I),Deutsche Telekom IT Solutions,https://www.cvonline.hu/hu/allas/application-operation-and-maintenance-specialist-ref5123i-1848311,2026-03-09,2026-03-17,False,,,German: C1,,,,On-site,Full-time,5+ years,,,,,,,,,,,,,,,
1848312,Application Operation and Maintenance Specialist (REF5123I),Deutsche Telekom IT Solutions,https://www.cvonline.hu/hu/allas/application-operation-and-maintenance-specialist-ref5123i-1848312,2026-03-09,2026-03-17,False,,,German: C1,,,,On-site,Full-time,5+ years,,,,,,,,,,,,,,,
1843004,3D Artist,HAYS Hungary Kft.,https://www.cvonline.hu/hu/allas/3d-artist-1843004,2026-03-09,2026-03-14,False,,,English: B2,"Bachelor, Master",,"Maya, Blender, 3ds Max, ZBrush, Substance Painter/Designer, Unreal Engine",,Full-time,3-5 years,,,,,,,,,,,,,,,
1857661,SENIOR JAVA FEJLESZTŐ,BECK AND PARTNERS Kft.,https://www.cvonline.hu/hu/allas/senior-java-fejleszto-1857661,2026-03-09,2026-03-25,True,Budapest,,English: B2,,"Java, TypeScript/JavaScript (React), Python","Git, Maven/Gradle, IntelliJ/Eclipse/VS Code, AWS (Lambda, EC2, S3, IAM), Docker",Hybrid,Full-time,5+ years,,,,,,,,,,,,,,,
1857834,Diákmunka - Junior műszaki adminisztrátor,MŰISZ Iskolaszövetkezet,https://www.cvonline.hu/hu/allas/diakmunka-junior-muszaki-adminisztrator-1857834,2026-03-09,2026-03-25,True,,2300 HUF/hour,,Folyamatban lévő vagy befejezett műszaki jellegű felsőfokú tanulmányok,,MS Office,On-site,Short-term,0-1 years,,,,,,,,,,,,,,,
1857760,Senior Full Stack Developer,HAYS Hungary Kft.,https://www.cvonline.hu/hu/allas/senior-full-stack-developer-1857760,2026-03-09,2026-03-23,False,,,English: Unknown,,"React, JavaScript, TypeScript, Java (11/17/21/22), Spring Boot, JWT","GitHub, GitLab, Oracle Database, Liquibase, HBase",,Full-time,5+ years,,,,,,,,,,,,,,,
1852712,Szoftver technikus,Pannonjob Kft.,https://www.cvonline.hu/hu/allas/szoftver-technikus-1852712,2026-03-09,2026-03-25,True,Vecsési járás,,English: A1,High School with Diploma,,,2 műszak vállalása,Full-time,,,,,,,,,,,,,,,,
1857537,Diákmunka -  Automation and reporting developer gyakornok,MŰISZ Iskolaszövetkezet,https://www.cvonline.hu/hu/allas/diakmunka-automation-and-reporting-developer-gyakornok-1857537,2026-03-09,2026-03-25,True,,2800-3000 Ft/hora,Hungarian: Native,"High School with Diploma, Bachelor","Python, pytest","Power BI, SQL, Playwright, Selenium",Hybrid,Short-term,,,,,,,,,,,,,,,,
1857222,Lehrling (m/w/d) für den Lehrberuf Mechatronik / Hauptmodul Automatisierungstechnik,Vienna,https://www.cvonline.hu/hu/allas/lehrling-m-w-d-fur-den-lehrberuf-mechatronik-hauptmodul-automatisierungstechnik-1857222,2026-03-09,2026-03-25,True,Mödling,,,High School with Diploma,,,,Short-term,0-1 years,,,,,,,,,,,,,,,
1852651,E-Sport Streamer,Pannon-Work Cégcsoport,https://www.cvonline.hu/hu/allas/e-sport-streamer-1852651,2026-03-09,2026-03-25,True,,,English: B2,,,"PC, camera, microphone, studio equipment",On-site,Full-time,0-1 years,,,,,,,,,,,,,,,
1718841,Teamleiter CRM-Entwicklung MS Dynamics 365 (m/w/d),Laendle,https://www.cvonline.hu/hu/allas/teamleiter-crm-entwicklung-ms-dynamics-365-m-w-d-1718841,2026-03-09,2026-03-09,False,,,"German: Native, English: Professional","Higher Technical College (HTL), University (Uni)","JavaScript, .Net, C#, SQL","MS Dynamics CRM, Power Automate, Power Apps, Azure DevOps",,Full-time,3-5 years,,,,,,,,,,,,,,,
1718850,Mitarbeiter*in IT-Support,Laendle,https://www.cvonline.hu/hu/allas/mitarbeiterin-it-support-1718850,2026-03-09,2026-03-09,False,,over KV,"German: Native, English: C1",High School with Diploma,,,Flexible,Full-time,1-3 years,,,,,,,,,,,,,,,
1837466,Portuguese Speaking Sales Support Intern,Mind-Diák Szövetkezet,https://www.cvonline.hu/hu/allas/portuguese-speaking-sales-support-intern-1837466,2026-03-09,2026-03-16,False,,2500 Ft/hour gross,"English: Advanced, Portuguese: Basic",High School with Diploma,,"MS Office (Excel, Word, PowerPoint, Outlook)",Hybrid,Short-term,0-1 years,,,,,,,,,,,,,,,
1852601,Cloud Platform Engineer (AWS),Randstad Hungary Kft.,https://www.cvonline.hu/hu/allas/cloud-platform-engineer-aws-1852601,2026-03-09,2026-03-25,True,,,English: B2,,Python,"AWS, GitHub, Azure DevOps, Jenkins, Terraform, Docker/Kubernetes, Linux (RHEL), Windows",Home-Office with on-site visits occasionally,Full-time,5+ years,,,,,,,,,,,,,,,
1852602,Senior Azure Devops Engineer,Randstad Hungary Kft.,https://www.cvonline.hu/hu/allas/senior-azure-devops-engineer-1852602,2026-03-09,2026-03-25,True,,,English: unknown,,,"Docker, Jenkins, Terraform, Git, Kubernetes, Spinnaker, Grafana, Cloudwatch, Kibana, Bash shell scripting, Azure",,,5+ years,,,,,,,,,,,,,,,
1852603,Application Developer (Salesforce),Randstad Hungary Kft.,https://www.cvonline.hu/hu/allas/application-developer-salesforce-1852603,2026-03-09,2026-03-16,False,Budapest,,English: B2,,"Salesforce, JavaScript, Java, Python, .NET","Salesforce CRM, Apex, Lightning, Visualforce",Hybrid,Full-time,3-5 years,,,,,,,,,,,,,,,
1852604,Application Support Engineer (Workday),Randstad Hungary Kft.,https://www.cvonline.hu/hu/allas/application-support-engineer-workday-1852604,2026-03-09,2026-03-16,False,Budapest,,English: B2,,"Salesforce, Java, Python, JavaScript, .NET","Workday, Salesforce CRM, Apex, Lightning, Visualforce",Hybrid,Full-time,3-5 years,,,,,,,,,,,,,,,
1852605,Application Support Engineer (Salesforce),Randstad Hungary Kft.,https://www.cvonline.hu/hu/allas/application-support-engineer-salesforce-1852605,2026-03-09,2026-03-16,False,Budapest,,English: B2,,,"Salesforce, Jira, ServiceNow",Hybrid,Full-time,3-5 years,,,,,,,,,,,,,,,
1852606,BI Analyst,Randstad Hungary Kft.,https://www.cvonline.hu/hu/allas/bi-analyst-1852606,2026-03-09,2026-03-16,False,Budapest,,English: B2,Bachelor,,"Power BI, Azure Data Factory",Hybrid,Full-time,1-3 years,,,,,,,,,,,,,,,
1852608,BI Developer,Randstad Hungary Kft.,https://www.cvonline.hu/hu/allas/bi-developer-1852608,2026-03-09,2026-03-16,False,Budapest,,English: B2,,"Salesforce, JavaScript, Java, Python, .NET","Salesforce, Apex, Lightning, Visualforce, Git",Hybrid,Full-time,3-5 years,,,,,,,,,,,,,,,
1852609,Infrastructure Project Engineer,Randstad Hungary Kft.,https://www.cvonline.hu/hu/allas/infrastructure-project-engineer-1852609,2026-03-09,2026-03-16,False,Budapest,,English: B2,,,"Microsoft Office 365, Exchange Online, Teams, SharePoint, OneDrive",Hybrid,Full-time,3-5 years,,,,,,,,,,,,,,,
1847963,SAP SuccessFactors System Specialist,Randstad Hungary Kft.,https://www.cvonline.hu/hu/allas/sap-successfactors-system-specialist-1847963,2026-03-09,2026-03-20,False,,,English: Very good,"Bachelor, Master",,SAP SuccessFactors,Hybrid,Full-time,1-3 years,,,,,,,,,,,,,,,
1847964,SAP SuccessFactors System Specialist,Randstad Hungary Kft.,https://www.cvonline.hu/hu/allas/sap-successfactors-system-specialist-1847964,2026-03-09,2026-03-20,False,,,English: Very good,"Bachelor, Master",,SAP SuccessFactors,Hybrid,Full-time,1-3 years,,,,,,,,,,,,,,,
1847966,IT integrációs rendszerszervező,Randstad Hungary Kft.,https://www.cvonline.hu/hu/allas/it-integracios-rendszerszervezo-1847966,2026-03-09,2026-03-20,False,Budapest,,"English, German","Bachelor, Master",Java (J2EE),"Enterprise Architect, Middleware, SOA, Tibco, MQ, Oracle, SQL, XML, XSD, microservice",Home-Office,Full-time,3-5 years,,,,,,,,,,,,,,,
1847969,Business Analyst (Hybrid - Siófok),Randstad Hungary Kft.,https://www.cvonline.hu/hu/allas/business-analyst-hybrid-siofok-1847969,2026-03-09,2026-03-20,False,Siófok,,English: A2,"Bachelor, Master",PHP,SharePoint,Hybrid,Short-term,3-5 years,,,,,,,,,,,,,,,
1837390,Teszt technikus,Hire-One Kft.,https://www.cvonline.hu/hu/allas/teszt-technikus-1837390,2026-03-09,2026-03-09,False,,,English: A1,High School with Diploma,,"Windows OS, Microsoft Office",On-site,Full-time,,,,,,,,,,,,,,,,
1837391,Rendszer technikus,Hire-One Kft.,https://www.cvonline.hu/hu/allas/it-technikus-1837391,2026-03-09,2026-03-09,False,Tatabánya,,,High School with Diploma,,,On-site,Full-time,0-1 years,,,,,,,,,,,,,,,
1852530,IT Tesztmérnök,Work Force Kft.,https://www.cvonline.hu/hu/allas/it-tesztmernok-1852530,2026-03-09,2026-03-25,True,,,English: B2,"Bachelor, Master","Java, Python",JIRA,On-site,Full-time,1-3 years,,,,,,,,,,,,,,,
1857397,IT Support Specialist (German speaking),Trenkwalder Kft,https://www.cvonline.hu/hu/allas/it-support-specialist-german-speaking-1857397,2026-03-09,2026-03-11,False,,,"German: Native, English: B1",High School with Diploma,,,Home-Office (50%),Full-time,1-3 years,,,,,,,,,,,,,,,
1847628,Business Consultant (m/w/d),Vienna,https://www.cvonline.hu/hu/allas/business-consultant-m-w-d-1847628,2026-03-09,2026-03-22,False,Wien,50000 EUR gross/year,German: Native,Bachelor,,,Home-Office with on-site at clients,Full-time,1-3 years,,,,,,,,,,,,,,,
1847656,Full-Stack-Developer (m/w/d),Vienna,https://www.cvonline.hu/hu/allas/full-stack-developer-m-w-d-1847656,2026-03-09,2026-03-14,False,Wien,55000 EUR gross/year,"English: B2, German: A2",Bachelor,"C#, .NET, ASP.NET Core, SQL Server, Azure",Microsoft-Technologien,Hybrid,Full-time,3-5 years,,,,,,,,,,,,,,,
1857043,IT RENDSZERGAZDA,BECK AND PARTNERS Kft.,https://www.cvonline.hu/hu/allas/it-rendszergazda-1857043,2026-03-09,2026-03-25,True,Budapest,,English: B1,High School with Diploma,,"Windows, Office, SQL, IIS, Active Directory",Hybrid,Full-time,1-3 years,,,,,,,,,,,,,,,
1847437,Senior product owner,Magyar Posta ZRt.,https://www.cvonline.hu/hu/allas/senior-product-owner-1847437,2026-03-09,2026-03-22,False,Budapest,,Hungarian: Native,Bachelor,,"Word, Excel, Power Point, Outlook",On-site,Full-time,5+ years,,,,,,,,,,,,,,,
1852354,Diákmunka - Software Developer trainee,MŰISZ Iskolaszövetkezet,https://www.cvonline.hu/hu/allas/diakmunka-software-developer-trainee-1852354,2026-03-09,2026-03-23,False,,2200-2800 Ft/hour,"English: B2, German: B2","High School with Diploma, Bachelor",C#,,Hybrid,Short-term,1-3 years,,,,,,,,,,,,,,,
1852357,Diákmunka - Student for IT Support & Virtual Integration Tester,MŰISZ Iskolaszövetkezet,https://www.cvonline.hu/hu/allas/diakmunka-student-it-support-virtual-integration-tester-1852357,2026-03-09,2026-03-23,False,,2200-2800 Ft/hour,Hungarian,,"C#/.NET, C++","PowerShell, Windows environments",Hybrid,Full-time,,,,,,,,,,,,,,,,
1847349,Medior .NET Developer,HAYS Hungary Kft.,https://www.cvonline.hu/hu/allas/medior-net-developer-1847349,2026-03-09,2026-03-17,False,,,English: B2,,"C#, .NET","Azure App Services, Azure Functions, Git (Bitbucket/GitHub), Azure API Management, Microsoft Dynamics 365 Business Central APIs, Terraform",,,3-5 years,,,,,,,,,,,,,,,
1847350,Senior Scrum Master (German speaking),HAYS Hungary Kft.,https://www.cvonline.hu/hu/allas/senior-scrum-master-german-speaking-1847350,2026-03-09,2026-03-20,False,,,"German: C1, English: Business",,,"Jira, Confluence",,,5+ years,,,,,,,,,,,,,,,
1718404,Rollout Planer:in Glasfasernetz FTTH,Laendle,https://www.cvonline.hu/hu/allas/rollout-planerin-glasfasernetz-ftth-1718404,2026-03-09,2026-03-09,False,,,German: Native,"Bachelor, Master",,,,,3-5 years,,,,,,,,,,,,,,,
1718405,Baukoordinator:in Glasfaserausbau FTTH,Laendle,https://www.cvonline.hu/hu/allas/baukoordinatorin-glasfaserausbau-ftth-1718405,2026-03-09,2026-03-09,False,,,,,,,,,,,,,,,,,,,,,,,,
1847124,RENDSZERGAZDA,HABI Kft.,https://www.cvonline.hu/hu/lite/allas/rendszergazda-1847124,2026-03-09,2026-03-20,False,Kiskunhalas,,English: B2,High School with Diploma,,"Microsoft Azure, Windows Server 2012 R2, Office 365, Octopus 8 ERP, pfSense, Ubiquiti, MSSQL, Dyntell BI",,Full-time,3-5 years,,,,,,,,,,,,,,,
1847125,GAZDASÁGINFORMATIKUS,HABI Kft.,https://www.cvonline.hu/hu/lite/allas/gazdasaginformatikus-1847125,2026-03-09,2026-03-20,False,Kiskunhalas,,Hungarian: Native,"Bachelor, Master",,"Power BI, SQL",On-site,Full-time,3-5 years,,,,,,,,,,,,,,,
1847126,IT SUPPORT MUNKATÁRS,HABI Kft.,https://www.cvonline.hu/hu/lite/allas/it-support-munkatars-1847126,2026-03-09,2026-03-20,False,Kiskunhalas,,English,High School with Diploma,,"Windows, Microsoft Office",On-site,Full-time,2-3 years,,,,,,,,,,,,,,,
1857045,IT SUPPORT MUNKATÁRS,BECK AND PARTNERS Kft.,https://www.cvonline.hu/hu/allas/it-support-munkatars-1857045,2026-03-09,2026-03-25,True,Budapest,,Hungarian: Native,High School with Diploma,,"MS Windows, MS Office",On-site,Full-time,1-3 years,,,,,,,,,,,,,,,
1842182,IT vezető,Trenkwalder Kft,https://www.cvonline.hu/hu/allas/it-vezeto-1842182,2026-03-09,2026-03-14,False,,,English: B2,Bachelor,,,On-site,Full-time,3-5 years,,,,,,,,,,,,,,,
1842165,Diákmunka - Informatikai rendszertámogató gyakornok,MŰISZ Iskolaszövetkezet,https://www.cvonline.hu/hu/allas/diakmunka-informatikai-rendszertamogato-gyakornok-1842165,2026-03-09,2026-03-14,False,,2600 HUF/hour,English: A1,High School with Diploma,,"Zabbix, Mikrotik, Synology, QNAP, VMware, Proxmox, Dell",,Short-term,0-1 years,,,,,,,,,,,,,,,
1722074,Senior System Engineer 80-100% (w/m/d),Laendle,https://www.cvonline.hu/hu/allas/senior-system-engineer-80-100-w-m-d-1722074,2026-03-09,2026-03-09,False,,,"German: Native, English: Fluent","Bachelor, Master",,"VMware, Microsoft, RHEL, Oracle, MS-SQL, M365",,Full-time,5+ years,,,,,,,,,,,,,,,
1713712,Bereichsassistenz IT 80% (m/w/d),Laendle,https://www.cvonline.hu/hu/allas/bereichsassistenz-it-80-m-w-d-1713712,2026-03-09,2026-03-09,False,,,"German: C1, English: B2",High School with Diploma,,"MS Office, SAP",Flexible,Full-time,1-3 years,,,,,,,,,,,,,,,
1856497,IT mérnök,Humán Centrum Kft.,https://www.cvonline.hu/hu/allas/it-mernok-1856497,2026-03-09,2026-03-18,False,,,English: B2,Felsőfokú informatikai végzettség,,"Windows Server, VMware, Azure, AWS, PowerShell",On-site,Full-time,3-5 years,,,,,,,,,,,,,,,
1842014,SAP ABAP Developer (Logistics),Pannonjob Kft.,https://www.cvonline.hu/hu/allas/sap-abap-developer-logistics-1842014,2026-03-09,2026-03-14,False,Hajdú-Bihar megye,,English: B2,,ABAP,"SAP EWM, SAP WM, SAP LE, SAP TM, S/4 HANA",Hybrid,Full-time,3-5 years,,,,,,,,,,,,,,,
1851904,Mobiltelefon tesztelő,Viapan „Dologidő” Kft.,https://www.cvonline.hu/hu/allas/mobiltelefon-tesztelo-1851904,2026-03-09,2026-03-10,False,Budaörs,,,High School with Diploma,,"MS Office, Excel, webes alkalmazások",On-site,Short-term,0-1 years,,,,,,,,,,,,,,,
1851905,Mobiltelefon tesztelő,Viapan „Dologidő” Kft.,https://www.cvonline.hu/hu/allas/mobiltelefon-tesztelo-1851905,2026-03-09,2026-03-10,False,Budaörs,,,High School with Diploma,,"MS Office, Excel, webes alkalmazások",On-site,Short-term,0-1 years,,,,,,,,,,,,,,,
1851906,Mobiltelefon tesztelő,Viapan „Dologidő” Kft.,https://www.cvonline.hu/hu/allas/mobiltelefon-tesztelo-1851906,2026-03-09,2026-03-10,False,Budaörs,,,High School with Diploma,,"MS Office, Excel, webes alkalmazások",On-site,Short-term,0-1 years,,,,,,,,,,,,,,,
1851910,Senior Java Developer with SAP Commerce Cloud/Hybris Focus,Randstad Hungary Kft.,https://www.cvonline.hu/hu/allas/senior-java-developer-sap-commerce-cloud-hybris-focus-1851910,2026-03-09,2026-03-25,True,,,"English: B2, German: C1",Bachelor,Java,"SAP Commerce Cloud, Spring framework, REST API",Home-Office,Full-time,5+ years,,,,,,,,,,,,,,,
1851911,Senior Angular developer with SAP commerce/Hybris focus,Randstad Hungary Kft.,https://www.cvonline.hu/hu/allas/senior-angular-developer-sap-commerce-hybris-focus-1851911,2026-03-09,2026-03-25,True,,,English: B2,"Bachelor, Master","JavaScript/TypeScript, HTML5, CSS3, Angular","SAP Commerce Cloud, SAP Spartacus",Home-Office,Full-time,5+ years,,,,,,,,,,,,,,,
1846904,Application Specialist - IFS ERP system,Randstad Hungary Kft.,https://www.cvonline.hu/hu/allas/application-specialist-ifs-erp-system-1846904,2026-03-09,2026-03-20,False,,,English: Fluent,,,IFS ERP system,Hybrid,Full-time,5+ years,,,,,,,,,,,,,,,
1846910,Rendszerszervező (pénzügyi terület),Randstad Hungary Kft.,https://www.cvonline.hu/hu/allas/rendszerszervezo-penzugyi-terulet-1846910,2026-03-09,2026-03-20,False,,,English: B2,Bachelor,,"Jira, Confluence",Home-Office,Full-time,5+ years,,,,,,,,,,,,,,,
1841934,Full Stack PHP Developer,Hire-One Kft.,https://www.cvonline.hu/hu/allas/full-stack-php-developer-1841934,2026-03-09,2026-03-25,True,,,Hungarian: Native,,"PHP, JavaScript","ERP, CRM",Home-Office,Full-time,1-3 years,,,,,,,,,,,,,,,
1841935,Full Stack PHP Developer,Hire-One Kft.,https://www.cvonline.hu/hu/allas/full-stack-php-developer-1841935,2026-03-09,2026-03-25,True,,,Hungarian: Native,,"PHP, JavaScript","ERP systems, CRM systems",Home-Office,Full-time,1-3 years,,,,,,,,,,,,,,,
1841945,Rust Developer,Randstad Hungary Kft.,https://www.cvonline.hu/hu/allas/rust-developer-1841945,2026-03-09,2026-03-16,False,Budapest,,English: B2,,Rust,"Rust, Tokio, Actix, gRPC/REST, Kafka, NATS, Protobuf, PostgreSQL, MongoDB, Redis, Docker, Kubernetes, Terraform, AWS/GCP",Hybrid,Full-time,5+ years,,,,,,,,,,,,,,,
1841946,Digital Solutions Manager,Randstad Hungary Kft.,https://www.cvonline.hu/hu/allas/digital-solutions-manager-1841946,2026-03-09,2026-03-16,False,Budapest,,English: Business language fluency,,,"Workday, Salesforce, Azure services (Logic Apps, DevOps)",Hybrid,Full-time,3-5 years,,,,,,,,,,,,,,,
1841947,IT Security Engineer,Randstad Hungary Kft.,https://www.cvonline.hu/hu/allas/it-security-engineer-1841947,2026-03-09,2026-03-16,False,Budapest,,English: Business language fluency,,,"SIEM, EDR, firewalls, email security gateways, vulnerability management tools",Hybrid,Full-time,2+ years,,,,,,,,,,,,,,,
1841948,Data and Reporting Manager,Randstad Hungary Kft.,https://www.cvonline.hu/hu/allas/data-and-reporting-manager-1841948,2026-03-09,2026-03-16,False,Budapest,,English: Business language fluency,,"SQL, DAX","Power BI, Snowflake, Azure Data Factory",Hybrid,Full-time,3-5 years,,,,,,,,,,,,,,,
1841950,Power Platform Consultant,Randstad Hungary Kft.,https://www.cvonline.hu/hu/allas/power-platform-consultant-1841950,2026-03-09,2026-03-16,False,,,English,"Bachelor, Master",,"Microsoft Power Platform, Copilot Studio",Flexible,Full-time,2+ years,,,,,,,,,,,,,,,
1841925,Műszaki rajzoló/konstruktőr,Viapan „Dologidő” Kft.,https://www.cvonline.hu/hu/allas/muszaki-rajzolo-konstruktor-1841925,2026-03-09,2026-03-11,False,,,"German: communicative, English: communicative",High School with Diploma,,Inventor,On-site,Full-time,0-1 years,,,,,,,,,,,,,,,
1841878,SZERVIZTECHNIKUS / IT ÜZEMELTETÉSI TECHNIKUS,BECK AND PARTNERS Kft.,https://www.cvonline.hu/hu/allas/szerviztechnikus-it-uzemeltetesi-technikus-1841878,2026-03-09,2026-03-11,False,Miskolc,,English: B2,High School with Diploma,,,On-site,Full-time,1-3 years,,,,,,,,,,,,,,,
1841879,IT RENDSZERMÉRNÖK,BECK AND PARTNERS Kft.,https://www.cvonline.hu/hu/allas/it-rendszermernok-1841879,2026-03-09,2026-03-11,False,Budapest,,English: B2,High School with Diploma,,"Windows Server, Linux, Microsoft 365, Azure, VMware, Hyper-V, Proxmox, PowerShell, Intune, Azure Automation",On-site,Full-time,3-5 years,,,,,,,,,,,,,,,
1846847,NPD PROJECT MANAGER (Supporting the Soft Flow NPD Programs),BECK AND PARTNERS Kft.,https://www.cvonline.hu/hu/allas/npd-project-manager-supporting-soft-flow-npd-programs-1846847,2026-03-09,2026-03-18,False,Pécs,,English,"Bachelor, Master",,,Hybrid,Full-time,3-5 years,,,,,,,,,,,,,,,
1848558,Szoftverfejlesztő,HSA Kft.,https://www.cvonline.hu/hu/allas/szoftverfejleszto-1848558,2026-03-09,2026-03-20,False,,750000 HUF gross/month,"English: B2, German: A1",Bachelor,,"GitHub, PowerApps, Power Automate, SharePoint, MS SQL, Azure, Powershell",Hybrid,Full-time,3-5 years,,,,,,,,,,,,,,,
1843606,Dutch Speaking Customer Service Specialist,HSA Kft.,https://www.cvonline.hu/hu/allas/dutch-speaking-customer-service-specialist-1843606,2026-03-09,2026-03-16,False,Budapest,,"Dutch: C1, English: B2",High School with Diploma,,MS Office,On-site,Full-time,0-1 years,,,,,,,,,,,,,,,
1843607,Holland nyelvű ügyfélszolgálati munkatárs,HSA Kft.,https://www.cvonline.hu/hu/allas/holland-nyelvu-ugyfelszolgalati-munkatars-1843607,2026-03-09,2026-03-16,False,Budapest,,"Dutch: C1, English: B2",High School with Diploma,,MS Office,On-site,Full-time,0-1 years,,,,,,,,,,,,,,,
1843609,PLC programmer,HSA Kft.,https://www.cvonline.hu/hu/allas/plc-programmer-1843609,2026-03-09,2026-03-16,False,,,"English: B2-C1, Hungarian: C1","High School with Diploma, Bachelor",PLC,PLC programming software,On-site with home office,Full-time,3-5 years,,,,,,,,,,,,,,,
1854396,SAP Specialista,I.K. Hofmann Personal Kft.,https://www.cvonline.hu/hu/lite/allas/sap-specialista-1854396,2026-03-09,2026-03-25,True,Debrecen,,English: Fluent,,,"SAP EWM, SAP MM, SAP PP, S/4HANA",Hybrid,Full-time,3-5 years,,,,,,,,,,,,,,,
1851674,IT Team Leader,Starjobs Magyarország,https://www.cvonline.hu/hu/allas/it-team-leader-1851674,2026-03-09,2026-03-17,False,,,English: C1,Bachelor,,,On-site,Full-time,5+ years,,,,,,,,,,,,,,,
1856492,Senior BI Developer,HAYS Hungary Kft.,https://www.cvonline.hu/hu/allas/senior-bi-developer-1856492,2026-03-09,2026-03-25,True,Budapest,,English,,,"Power BI, MS Excel, MS SQL, Power Automate, Power Platform",Hybrid,Full-time,5+ years,,,,,,,,,,,,,,,
1851604,IT szakértő,MÁV Szolgáltató Központ Zrt.,https://www.cvonline.hu/hu/allas/it-szakerto-1851604,2026-03-09,2026-03-25,True,Kecskemét,,English: A1,"Felsőfokú szakirányú állami iskolai végzettség - diploma, vagy felsőfokú állami iskolai végzettség – diploma és szakirányú képesítés",,"MS Windows, Android, MDM, AD, SCCM, MS Office, MS Excel",On-site,Határozatlan idejű,3-5 years,,,,,,,,,,,,,,,
1851605,SAP modulgazda,MÁV Szolgáltató Központ Zrt.,https://www.cvonline.hu/hu/allas/sap-modulgazda-1851605,2026-03-09,2026-03-25,True,Budapest,,Hungarian: Native,Bachelor,"SAP ECC HR, SuccessFactors, SAP ECC MM, SAP ECC SD, SAP ECC FI, SAP ECC AM, SAP ECC CO, SAP ECC TRCM, SAP BW",SAP,On-site,Full-time,3-5 years,,,,,,,,,,,,,,,
1851606,IT üzemeltető (support és rendszergazda feladatokkal) - Kecskemét,Man at Work Humánszolgáltató és Személyzeti Tanácsadó Kft.,https://www.cvonline.hu/hu/allas/it-operator-kecskemet-1851606,2026-03-09,2026-03-23,False,Kecskemét,,English: B2,"High School with Diploma, Bachelor",,"VMware, Veeam, Power BI, ManageEngine, SQL",On-site,Full-time,3-5 years,,,,,,,,,,,,,,,
1846542,IT Business Analyst,HAYS Hungary Kft.,https://www.cvonline.hu/hu/allas/it-business-analyst-1846542,2026-03-09,2026-03-20,False,Budapest,,English: Advanced,College degree or equivalent experience,Python,,"Home-Office, Hybrid",Full-time,1-3 years,,,,,,,,,,,,,,,
1846543,Senior Data Engineer,HAYS Hungary Kft.,https://www.cvonline.hu/hu/allas/senior-data-engineer-1846543,2026-03-09,2026-03-20,False,Budapest,,English: B2,,,"Google Cloud Platform (GCP), Azure, Apache Spark, Apache Kafka, Terraform",Home-Office,Full-time,5+ years,,,,,,,,,,,,,,,
1841388,SAP Analyst,HAYS Hungary Kft.,https://www.cvonline.hu/hu/allas/sap-analyst-1841388,2026-03-09,2026-03-25,True,Budapest,,English: Native/Bilingual,,ABAP,"SAP MM, S/4HANA, Fiori applications",On-site,Full-time,5+ years,,,,,,,,,,,,,,,
1841390,IT Configuration Specialist,HAYS Hungary Kft.,https://www.cvonline.hu/hu/allas/it-configuration-specialist-1841390,2026-03-09,2026-03-25,True,Hungary,,English: B2,,,"CRM, Salesforce, SAP CRM, Microsoft Dynamics",Home-Office,Full-time,1-3 years,,,,,,,,,,,,,,,
1841031,SAP ABAP fejlesztő (logisztika),Pannonjob Kft.,https://www.cvonline.hu/hu/allas/sap-abap-fejleszto-logisztika-1841031,2026-03-09,2026-03-14,False,Debrecen,,English: B2,,ABAP (classic vagy OO),"SAP EWM, SAP WM, SAP LE, SAP TM, S/4 HANA",Hybrid,Full-time,3-5 years,,,,,,,,,,,,,,,
1841032,SAP Software Engineer,Pannonjob Kft.,https://www.cvonline.hu/hu/allas/sap-software-engineer-1841032,2026-03-09,2026-03-14,False,Debrecen,,English: Fluent,,ABAP,"SAP S/4 HANA, EWM, WM, LE, TM, Kafka, Jira, Confluence",On-site with home office,,3-5 years,,,,,,,,,,,,,,,
1841033,SAP Szoftvermérnök,Pannonjob Kft.,https://www.cvonline.hu/hu/allas/sap-szoftvermernok-1841033,2026-03-09,2026-03-14,False,Hajdú-Bihar megye,,English: B2,,,"SAP ERP, SAP LE, SAP TM, SAP EWM, SAP S/4 HANA, Kafka, Jira, Confluence",On-site,,2-3 years,,,,,,,,,,,,,,,
1841092,SAP Logistics Application Expert (EWM/WM/LE/TM),Pannonjob Kft.,https://www.cvonline.hu/hu/allas/sap-logistics-application-expert-ewm-wm-le-tm-1841092,2026-03-09,2026-03-14,False,Debrecen,,English: C1,Bachelor,,"SAP S/4HANA, EWM, WM, LE, TM, ABAP",,Full-time,2-3 years,,,,,,,,,,,,,,,
1841093,SAP Logistics Application Expert (EWM/WM/LE/TM),Pannonjob Kft.,https://www.cvonline.hu/hu/allas/sap-logistics-application-expert-ewm-wm-le-tm-1841093,2026-03-09,2026-03-14,False,Debrecen,,English: Fluent,University degree,ABAP,"SAP S/4HANA, EWM, WM, LE, TM, Kafka, Jira, Confluence",,,2-3 years,,,,,,,,,,,,,,,
1841117,IT mérnök,Pannonjob Kft.,https://www.cvonline.hu/hu/allas/it-mernok-1841117,2026-03-09,2026-03-14,False,Miskolc,,"Hungarian: Native, English: Fluent",Bachelor,,"Windows Server, VMware, Azure, AWS, PowerShell",On-site,Full-time,3-5 years,,,,,,,,,,,,,,,
1856498,IT technikus (üzemeltetés),MÁV Szolgáltató Központ Zrt.,https://www.cvonline.hu/hu/allas/it-technikus-uzemeltetes-1856498,2026-03-09,2026-03-25,True,Miskolc,,Hungarian: Native,High School with Diploma,,"MS Windows, Android, MS Office",On-site,Határozatlan idejű,1-3 years,,,,,,,,,,,,,,,
1840634,Holland nyelvű Technical Support Analyst,HSA Kft.,https://www.cvonline.hu/hu/allas/holland-nyelvu-technical-support-analyst-1840634,2026-03-09,2026-03-13,False,Debrecen,,"Dutch: C1, English: B2",High School with Diploma,,MS Office,On-site,Full-time,0-1 years,,,,,,,,,,,,,,,
1840635,Dutch Speaking Technical Support Analyst,HSA Kft.,https://www.cvonline.hu/hu/allas/dutch-speaking-technical-support-analyst-1840635,2026-03-09,2026-03-13,False,Debrecen,,"Dutch: C1, English: B2",High School with Diploma,,MS Office,On-site,Full-time,0-1 years,,,,,,,,,,,,,,,
1856132,ADATKÖZPONTI HARDVER ÜZEMELTETŐ RENDSZERMÉRNÖK,BECK AND PARTNERS Kft.,https://www.cvonline.hu/hu/allas/adatkozponti-hardver-uzemelteto-rendszermernok-1856132,2026-03-09,2026-03-25,True,Budapest,,English: B2,"Felsőfokú informatikai végzettség (mérnökinformatikus, programtervező, üzemmérnök vagy hasonló)",,,Hybrid,Full-time,3-5 years,,,,,,,,,,,,,,,
1856377,SENIOR IT BUSINESS ANALYST (BANKI TERÜLET),BECK AND PARTNERS Kft.,https://www.cvonline.hu/hu/allas/senior-it-business-analyst-banki-terulet-1856377,2026-03-09,2026-03-25,True,Budapest,,English: B2,Master,,,Hybrid,Full-time,5+ years,,,,,,,,,,,,,,,
1856133,SENIOR IT SOLUTION ARCHITECT (SOLA),BECK AND PARTNERS Kft.,https://www.cvonline.hu/hu/allas/senior-it-solution-architect-sola-1856133,2026-03-09,2026-03-25,True,Budapest,,English: B2,Master,,,On-site with home office (2 days),Full-time,5+ years,,,,,,,,,,,,,,,
1851361,Diákmunka - Begyázott rendszereket tesztelő gyakornok,MŰISZ Iskolaszövetkezet,https://www.cvonline.hu/hu/allas/diakmunka-begyazott-rendszereket-tesztelo-gyakornok-1851361,2026-03-09,2026-03-17,False,Budapest,,English: B2,High School with Diploma,Python,"Behave, SVN, Jenkins",Hybrid,Short-term,0-1 years,,,,,,,,,,,,,,,
1840921,Diákmunka - Test engineer trainee - Simotion project,MŰISZ Iskolaszövetkezet,https://www.cvonline.hu/hu/allas/diakmunka-test-engineer-trainee-simotion-project-1840921,2026-03-09,2026-03-23,False,Szeged,,English: B2,Ongoing specialized higher education (IT or electrical engineering),C#,TFS,Home-Office,Full-time,0-1 years,,,,,,,,,,,,,,,
1840923,Diákmunka - IT támogató munkatárs (IT Support Specialist),MŰISZ Iskolaszövetkezet,https://www.cvonline.hu/hu/allas/diakmunka-it-tamogato-munkatars-it-support-specialist-1840923,2026-03-09,2026-03-17,False,,2500 HUF/hour,English: A1,,,"Windows 11 Pro, Microsoft 365, VPN",Home-Office (occasionally),Part-time,0-1 years,,,,,,,,,,,,,,,
1855804,Lehre Mechatronik / Hauptmodul Automatisierungstechnik,Vienna,https://www.cvonline.hu/hu/allas/lehre-mechatronik-hauptmodul-automatisierungstechnik-1855804,2026-03-09,2026-03-09,False,Böhlerwerk,,,High School with Diploma,,,,Short-term,,,,,,,,,,,,,,,,
1851354,IT szakértő,MÁV Szolgáltató Központ Zrt.,https://www.cvonline.hu/hu/allas/it-szakerto-1851354,2026-03-09,2026-03-25,True,Pécs,,English: A1,"Felsőfokú szakirányú állami iskolai végzettség - diploma, vagy felsőfokú állami iskolai végzettség – diploma és szakirányú képesítés",,"MS Windows, Android, MDM, AD, SCCM, MS Office, MS Excel",On-site,Határozatlan idejű,3-5 years,,,,,,,,,,,,,,,
1855801,Global Administrator - EPLAN Cloud Manager (m/w/d),Vienna,https://www.cvonline.hu/hu/allas/global-administrator-eplan-cloud-manager-m-w-d-1855801,2026-03-09,2026-03-14,False,Wien,Ab € 70.000 Monatsbrutto,"English: B2, German: C1",High School with Diploma,,"EPLAN Electric P8, EPLAN Pro Panel",Home-Office Option,Full-time,3-5 years,,,,,,,,,,,,,,,
1855786,PLC programozó,HSA Kft.,https://www.cvonline.hu/hu/allas/plc-programozo-1855786,2026-03-09,2026-03-16,False,,,"English: B2-C1, Hungarian: Native",Bachelor,PLC,"PLC programming tools, HMI software",On-site with home office,Full-time,3-5 years,,,,,,,,,,,,,,,
1851322,Értékesítési szaktanácsadó,Mind-Diák Szövetkezet,https://www.cvonline.hu/hu/allas/ertekesitesi-szaktanacsado-1851322,2026-03-09,2026-03-22,False,Soroksár,,English,,,,On-site with home office,Short-term,0-1 years,,,,,,,,,,,,,,,
1728574,Teamleiter (m/w/d) im Bereich Softwareentwicklung,Laendle,https://www.cvonline.hu/hu/allas/teamleiter-m-w-d-im-bereich-softwareentwicklung-1728574,2026-03-09,2026-03-09,False,,,"English: B2, German: C1",Bachelor,,,On-site,Full-time,3-5 years,,,,,,,,,,,,,,,
1728577,Solutionarchitekt*in mit Fokus SAP,Laendle,https://www.cvonline.hu/hu/allas/solutionarchitektin-mit-fokus-sap-1728577,2026-03-09,2026-03-09,False,Kennelbach,,"German: Native, English: Professional",Bachelor,,"SAP Systems (e.g., S/4HANA, Fiori)",On-site with home office,Full-time,1-3 years,,,,,,,,,,,,,,,
1728578,Product Lead (m/w/d),Laendle,https://www.cvonline.hu/hu/allas/product-lead-m-w-d-1728578,2026-03-09,2026-03-09,False,Kennelbach,,"German: Native, English: Fluent",Bachelor,,"Inubit, Lobster, Swagger",On-site,Full-time,3-5 years,,,,,,,,,,,,,,,
1728579,IT-Infrastruktur Architekt*in,Laendle,https://www.cvonline.hu/hu/allas/it-infrastruktur-architektin-1728579,2026-03-09,2026-03-09,False,Kennelbach,,"German: Native, English: Professional",Bachelor or equivalent with a focus on Informatics,,Terraform,On-site,Full-time,3-5 years,,,,,,,,,,,,,,,
1717426,ERP Solution Architect (m/w/d),Laendle,https://www.cvonline.hu/hu/allas/erp-solution-architect-m-w-d-1717426,2026-03-09,2026-03-09,False,,kollektivvertragliches Mindestentgelt der Metallindustrie,"German: Native, English: Fluent",Higher technical/kaufmännische Ausbildung,,,Hybrid,Full-time,3-5 years,,,,,,,,,,,,,,,
1717427,.NET Backend Developer (m/w/d),Laendle,https://www.cvonline.hu/hu/allas/net-backend-developer-m-w-d-1717427,2026-03-09,2026-03-09,False,,Kollektivvertragliches Mindestentgelt der Metallindustrie,English: B2,,"C# (.NET), Java","AWS, Azure",On-site,Full-time,3-5 years,,,,,,,,,,,,,,,
1717432,Systems Engineer - Central Clientmanagement (m/w/d)*,Laendle,https://www.cvonline.hu/hu/allas/systems-engineer-central-clientmanagement-m-w-d-1717432,2026-03-09,2026-03-09,False,Kennelbach,,"German: Native, English: Fluent",Bachelor or higher,,,On-site,Full-time,3-5 years,,,,,,,,,,,,,,,
1717433,Systems Engineer - Windows Server (m/w/d)*,Laendle,https://www.cvonline.hu/hu/allas/systems-engineer-windows-server-m-w-d-1717433,2026-03-09,2026-03-09,False,Kennelbach,,"German: Native, English: B2",Bachelor or equivalent experience,,Windows Server,On-site,Full-time,3-5 years,,,,,,,,,,,,,,,
1713058,CRM-Entwickler MS Dynamics 365 (m/w/d),Laendle,https://www.cvonline.hu/hu/allas/crm-entwickler-ms-dynamics-365-m-w-d-1713058,2026-03-09,2026-03-09,False,,,"German: C2, English: C2","High School with Diploma, University","C#, SQL, JavaScript","MS Dynamics 365 CRM, Microsoft Power Platform, .NET, Azure DevOps, React, Power BI",,Full-time,1-3 years,,,,,,,,,,,,,,,
1840872,Szoftverfejlesztő gyakornok,Mind-Diák Szövetkezet,https://www.cvonline.hu/hu/allas/szoftverfejleszto-gyakornok-1840872,2026-03-09,2026-03-16,False,,2400 HUF/hour,Hungarian: Native,High School with Diploma,"C#, .Net, MS SQL, ASP.Net, SQL",,On-site,Short-term,0-1 years,,,,,,,,,,,,,,,
1840878,Manuális tesztelő gyakornok,Mind-Diák Szövetkezet,https://www.cvonline.hu/hu/allas/manualis-tesztelo-gyakornok-1840878,2026-03-09,2026-03-16,False,,2400 HUF/hour,Hungarian: Native,High School with Diploma,,,On-site,Short-term,,,,,,,,,,,,,,,,
1728567,Software Entwickler Programmiersysteme (w/m/d),Laendle,https://www.cvonline.hu/hu/allas/software-entwickler-programmiersysteme-w-m-d-1728567,2026-03-09,2026-03-09,False,Feldkirch,,"German: Native, English: Professional",Bachelor,"Java, JavaScript, Rust",,Flexible,Full-time,3-5 years,,,,,,,,,,,,,,,
1728568,Abteilungsleiter Software Programmiersysteme (w/m/d),Laendle,https://www.cvonline.hu/hu/allas/abteilungsleiter-software-programmiersysteme-w-m-d-1728568,2026-03-09,2026-03-09,False,"Feldkirch, Österreich",,"German: B2, English: B1","Bachelor, Master","C, C++, Java, Rust, IEC-61131-3",,Gleitzeit,Full-time,5+ years,,,,,,,,,,,,,,,
1728569,Testentwickler Hardware & Software (w/m/d),Laendle,https://www.cvonline.hu/hu/allas/testentwickler-hardware-software-w-m-d-1728569,2026-03-09,2026-03-09,False,"Feldkirch, Österreich",,"German: B2, English: B1","High School with Diploma, Bachelor","IEC61131-3, C/C++/C#, Java, Java-Script",,Gleitzeit,Full-time,1-3 years,,,,,,,,,,,,,,,
1728570,Teamleiter SPS-Applikation (w/m/d),Laendle,https://www.cvonline.hu/hu/allas/teamleiter-sps-applikation-w-m-d-1728570,2026-03-09,2026-03-09,False,Feldkirch,,"German: Native, English: Fluent",Bachelor,"IEC 61131, C/C++, Matlab/Simulink",,Hybrid,Full-time,3-5 years,,,,,,,,,,,,,,,
1851265,HR System Specialist,Randstad Hungary Kft.,https://www.cvonline.hu/hu/allas/hr-system-specialist-1851265,2026-03-09,2026-03-16,False,,,English: Native/Bilingual,,,SAP SuccessFactors,On-site,Full-time,3-5 years,,,,,,,,,,,,,,,
1851268,IT Support and Automation Specialist,Randstad Hungary Kft.,https://www.cvonline.hu/hu/allas/it-support-and-automation-specialist-1851268,2026-03-09,2026-03-16,False,,,English: B2,,"JavaScript, Python, PowerShell","Windows Server, Active Directory, MS Office, ITSM system, asset management, patch management, backup, AI tools",Hybrid,,1-3 years,,,,,,,,,,,,,,,
1851269,Manuális Tesztelő / QA Specialist,Randstad Hungary Kft.,https://www.cvonline.hu/hu/allas/manualis-tesztelo-qa-specialist-1851269,2026-03-09,2026-03-25,True,,,Hungarian: Native,,,"SQL, Postman",Home-Office,Full-time,1-3 years,,,,,,,,,,,,,,,
1846095,German Speaking Presales Specialist,Randstad Hungary Kft.,https://www.cvonline.hu/hu/allas/german-speaking-presales-specialist-1846095,2026-03-09,2026-03-18,False,,,"English, German",,,Salesforce,Home-Office,Full-time,3-5 years,,,,,,,,,,,,,,,
1840785,Application Support Expert - IT Laboratory & LIMS,Randstad Hungary Kft.,https://www.cvonline.hu/hu/allas/application-support-expert-it-laboratory-lims-1840785,2026-03-09,2026-03-16,False,,,"English: B2, French: A2",Bachelor,,"Service Now, SAP, LIMS, CDS",On-site,Full-time,5+ years,,,,,,,,,,,,,,,
1855738,JUNIOR POWER BI SPECIALIST (3878),HumanField Vezető- és Specialistakiválasztó Kft.,https://www.cvonline.hu/hu/allas/junior-power-bi-specialist-3878-1855738,2026-03-09,2026-03-25,True,,,English: Proficient,Bachelor,,"Power BI, Power Platform (canvas apps, Power Automate), PowerPivot, RPA, Low-code/No-code",Hybrid,Full-time,1-3 years,,,,,,,,,,,,,,,
1840753,LEAD BACKEND DEVELOPER (Node.js),BECK AND PARTNERS Kft.,https://www.cvonline.hu/hu/allas/lead-backend-developer-nodejs-1840753,2026-03-09,2026-03-11,False,Budapest,,English: B2,,"Node.js, TypeScript","NestJS, GraphQL, Kubernetes, Docker (Compose), CI/CD",On-site with home office,Full-time,5+ years,,,,,,,,,,,,,,,
1846037,ERP LOGISZTIKAI KONZULENS/TANÁCSADÓ,BECK AND PARTNERS Kft.,https://www.cvonline.hu/hu/allas/erp-logisztikai-konzulens-tanacsado-1846037,2026-03-09,2026-03-17,False,Budapest XIII. kerület,,English: B2,Felsőfokú végzettség,,"QAD ERP rendszer, SQL",On-site with home office,Full-time,3-5 years,,,,,,,,,,,,,,,
1855802,IT Sales & Key Account Manager:in (m/w/d),Vienna,https://www.cvonline.hu/hu/allas/it-sales-key-account-managerin-m-w-d-1855802,2026-03-09,2026-03-25,True,Wiener,65000 EUR gross/year,"German: C1-C2, English: B2-C1",Bachelor or FH-Abschluss,,,Hybrid,Full-time,3-5 years,,,,,,,,,,,,,,,
1851204,SAP consultant (CO),Hire-One Kft.,https://www.cvonline.hu/hu/allas/sap-consultant-co-1851204,2026-03-09,2026-03-25,True,,Motivating salary + extras,English: Native/Bilingual,Bachelor,SAP ABAP,"SAP CO, SAP ERP, SAP HANA",Hybrid (Home-Office: 3-4 times a week),Full-time,3-5 years,,,,,,,,,,,,,,,
1851205,SAP consultant (CO),Hire-One Kft.,https://www.cvonline.hu/hu/allas/sap-consultant-co-1851205,2026-03-09,2026-03-25,True,,Motivating salary + extras,English: B2,Bachelor,SAP ABAP,"SAP CO, SAP ERP, SAP HANA",Hybrid (Home-Office: 3-4 times a week),Full-time,3-5 years,,,,,,,,,,,,,,,
1851206,SAP consultant (CO),Hire-One Kft.,https://www.cvonline.hu/hu/allas/sap-consultant-co-1851206,2026-03-09,2026-03-25,True,,Motivating salary + extras,English: B2,Bachelor,SAP ABAP,"SAP CO, SAP ERP, SAP HANA",Hybrid (Home-Office: 3-4 times a week),Full-time,3-5 years,,,,,,,,,,,,,,,
1855704,Raktári kisegítő,Mind-Diák Szövetkezet,https://www.cvonline.hu/hu/allas/raktari-kisegito-1855704,2026-03-09,2026-03-25,True,,2300 HUF/hour,Hungarian: Native,,,,On-site,Full-time,0-1 years,,,,,,,,,,,,,,,
1855790,System Engineer (m/f/x),Vienna,https://www.cvonline.hu/hu/allas/system-engineer-m-f-x-1855790,2026-03-09,2026-03-25,True,Wien,3200 EUR gross/month,"German: Native, English: Fluent",,,,Hybrid,Full-time,3-5 years,,,,,,,,,,,,,,,
1845230,Business Analyst,HUNAM Personnel Solutions Kft.,https://www.cvonline.hu/hu/allas/business-analyst-1845230,2026-03-09,2026-03-17,False,,,English: A2,Bachelor,PHP,"Sharepoint, Office applications, Robotics",Home-Office multiple times a week,Full-time,3-5 years,,,,,,,,,,,,,,,
1855610,RENDSZERGAZDA,BECK AND PARTNERS Kft.,https://www.cvonline.hu/hu/allas/rendszergazda-1855610,2026-03-09,2026-03-25,True,Budapest,,English,"High School with Diploma, Bachelor",,"M-Files, Novitax",On-site,Full-time,3-5 years,,,,,,,,,,,,,,,
1840546,IT Systemtechnik Lehrling (m/w/x),Vienna,https://www.cvonline.hu/hu/allas/it-systemtechnik-lehrling-m-w-x-1840546,2026-03-09,2026-03-13,False,Wien,,German: C2,High School with Diploma,,,On-site,Full-time,0-1 years,,,,,,,,,,,,,,,
1840566,Lehrling Mechatronik - Fertigungstechnik (all genders),Vienna,https://www.cvonline.hu/hu/allas/lehrling-mechatronik-fertigungstechnik-all-genders-1840566,2026-03-09,2026-03-13,False,,,"German: Native, English: Good",High School with Diploma,,,On-site,Short-term,0-1 years,,,,,,,,,,,,,,,
1840569,Lehrling für den Beruf Mechatronik,Vienna,https://www.cvonline.hu/hu/allas/lehrling-fur-den-beruf-mechatronik-1840569,2026-03-09,2026-03-13,False,,1138.23 EUR gross/month,,High School with Diploma,,,On-site,Short-term,0-1 years,,,,,,,,,,,,,,,
1855793,Softwaretester (m/w/d),Vienna,https://www.cvonline.hu/hu/allas/softwaretester-m-w-d-1855793,2026-03-09,2026-03-25,True,,42882 EUR gross/year,"German: Native, English: Unknown",High School with Diploma,,,Hybrid (up to 80% Home-Office),Full-time,1-3 years,,,,,,,,,,,,,,,
1845844,SENIOR SZOFTVERFEJLESZTŐ,A-Credit 2000 Tanácsadó és Szolgáltató Kft.,https://www.cvonline.hu/hu/allas/senior-szoftverfejleszto-1845844,2026-03-09,2026-03-18,False,Székesfehérvár,,English: Document reading,Szakirányú felsőfokú végzettség,"C#, .Net","MS-SQL, Git",Hybrid (2 days on-site with home office),Full-time,3-5 years,,,,,,,,,,,,,,,
1845838,Product Manager,A-Credit 2000 Tanácsadó és Szolgáltató Kft.,https://www.cvonline.hu/hu/allas/product-manager-1845838,2026-03-09,2026-03-18,False,Székesfehérvár,,"English: C1, Hungarian: Native",Bachelor,,,,Full-time,5+ years,,,,,,,,,,,,,,,
1850980,Diákmunka - Data Scientist – Total Vehicle Quality,MŰISZ Iskolaszövetkezet,https://www.cvonline.hu/hu/allas/diakmunka-data-scientist-total-vehicle-quality-1850980,2026-03-09,2026-03-25,True,Hungary,,"English: unknown, Hungarian: unknown","Bachelor, Master","Python, SQL, React/C++",PySpark,On-site,Short-term,,,,,,,,,,,,,,,,
1851009,"Diákmunka - Data Scientist – Q✦Lab (Validation, Integration Total Vehicle)",MŰISZ Iskolaszövetkezet,https://www.cvonline.hu/hu/allas/diakmunka-data-scientist-qlab-validation-integration-total-vehicle-1851009,2026-03-09,2026-03-25,True,,2145 Ft/óra,Hungarian: Native,,"Python, SQL, React/C++","PySpark, LangGraph/LangChain agents/AutoGen/crewAI",,Short-term,1-3 years,,,,,,,,,,,,,,,
1855739,JUNIOR RPA DEVELOPER (3876),HumanField Vezető- és Specialistakiválasztó Kft.,https://www.cvonline.hu/hu/allas/junior-rpa-developer-3876-1855739,2026-03-09,2026-03-25,True,,,English: Fluent,Bachelor,,"UiPath, Automation Anywhere, Power BI",Hybrid,Full-time,0-1 years,,,,,,,,,,,,,,,
1845815,Diákmunka - C++ Developer Trainee SINUMERIK HMI,MŰISZ Iskolaszövetkezet,https://www.cvonline.hu/hu/allas/diakmunka-c-developer-trainee-sinumerik-hmi-1845815,2026-03-09,2026-03-18,False,Budapest,,"English: B2, German: B2",Bachelor,"C, C++","Qt, Python",Home-Office,Full-time,1-3 years,,,,,,,,,,,,,,,
1845774,Csalás-megelőzési és az Információbiztonsági gyakornok,MFB Magyar Fejlesztési Bank Zrt.,https://www.cvonline.hu/hu/lite/allas/csalas-megelozesi-es-az-informaciobiztonsagi-gyakornok-1845774,2026-03-09,2026-03-18,False,,2000 HUF gross/month,Hungarian: Native,High School with Diploma,,,On-site,Short-term,0-1 years,,,,,,,,,,,,,,,
1850906,IT PROJEKT KOORDINÁTOR,BECK AND PARTNERS Kft.,https://www.cvonline.hu/hu/allas/it-projekt-koordinator-1850906,2026-03-09,2026-03-23,False,Budapest,,Hungarian: Native,High School with Diploma,,"JIRA, Monday, ClickUp, Asana, Notion, Business Central (Navision)",Hybrid,Full-time,2-3 years,,,,,,,,,,,,,,,
1845658,Software Solution Architect,HAYS Hungary Kft.,https://www.cvonline.hu/hu/allas/software-solution-architect-1845658,2026-03-09,2026-03-18,False,,,English,,,,Home-Office,Full-time,3-5 years,,,,,,,,,,,,,,,
1845659,"Data Analyst (SQL, Power BI)",HAYS Hungary Kft.,https://www.cvonline.hu/hu/allas/data-analyst-sql-power-bi-1845659,2026-03-09,2026-03-18,False,Budapest,,English: B2,,,"Power BI, SQL, Spotfire",Hybrid,Full-time,1-3 years,,,,,,,,,,,,,,,
1845731,iOS Developer,HAYS Hungary Kft.,https://www.cvonline.hu/hu/allas/ios-developer-1845731,2026-03-09,2026-03-17,False,,,English: B2,,Swift,"Xcode, Interface Builder, Storyboards, Git, Fastlane, XcodeGen",Hybrid,Full-time,5+ years,,,,,,,,,,,,,,,
1855792,Senior Consultant (w/m/d) SAP BI,Vienna,https://www.cvonline.hu/hu/allas/senior-consultant-w-m-d-sap-bi-1855792,2026-03-09,2026-03-25,True,Österreich,80000 EUR gross/year,German: Native,Bachelor,"ABAP, ABAP WebDynpro, ABAP OO","SAP BW/BI, SAP HANA, Business Objects, BW on HANA, BW/4 HANA, SAP Analytics Cloud",Hybrid,Full-time,5+ years,,,,,,,,,,,,,,,
1845541,Project Manager Supply Planning - EMEA,Carl Zeiss Vision Hungary Kft.,https://www.cvonline.hu/hu/master/allas/project-manager-supply-planning-emea-1845541,2026-03-09,2026-03-18,False,Mátészalka,,English: Very good,Bachelor,,"Microsoft Excel, Microsoft Power Point",On-site,Full-time,3-5 years,,,,,,,,,,,,,,,
1727975,Anwendungsentwickler (m/w/d)),Laendle,https://www.cvonline.hu/hu/allas/anwendungsentwickler-m-w-d-1727975,2026-03-09,2026-03-09,False,,,English: unknown,Higher technical education in IT,,"Microsoft Power Platform (Power Apps, Power Automate), SharePoint",Hybrid,Full-time,3-5 years,,,,,,,,,,,,,,,
1727976,Oracle Datenbank Administrator:in,Laendle,https://www.cvonline.hu/hu/allas/oracle-datenbank-administratorin-1727976,2026-03-09,2026-03-09,False,,,German: Native,"High School with Diploma, Bachelor",Oracle PL/SQL,Oracle Database,Flexible,Full-time,1-3 years,,,,,,,,,,,,,,,
1727978,Softwareentwickler Applikationssoftware Baumaschinen (m/w/d),Laendle,https://www.cvonline.hu/hu/allas/softwareentwickler-applikationssoftware-baumaschinen-m-w-d-1727978,2026-03-09,2026-03-09,False,Liebherr,,"German: Native, English: B2",Higher Technical Education,,,Hybrid,Full-time,3-5 years,,,,,,,,,,,,,,,
1727981,Teamlead Software Development (m/w/d),Laendle,https://www.cvonline.hu/hu/allas/teamlead-software-development-m-w-d-1727981,2026-03-09,2026-03-09,False,,,"German: C2, English: C1","Bachelor, Master",,,Hybrid,Full-time,5+ years,,,,,,,,,,,,,,,
1727982,Spezialist:in Prozessmanagement,Laendle,https://www.cvonline.hu/hu/allas/spezialistin-prozessmanagement-1727982,2026-03-09,2026-03-09,False,,,German: Native,,,,,,,,,,,,,,,,,,,,,
1727984,Telekom-Techniker:in,Laendle,https://www.cvonline.hu/hu/allas/telekom-technikerin-1727984,2026-03-09,2026-03-09,False,,,German: Native,,,,,,,,,,,,,,,,,,,,,
1728006,Service Desk Engineer (m/w/d),Laendle,https://www.cvonline.hu/hu/allas/service-desk-engineer-m-w-d-1728006,2026-03-09,2026-03-09,False,,,"German: C2, English: C1",High School with Diploma,,"Ticketsystem, Windows, O365, AD",,,0-1 years,,,,,,,,,,,,,,,
1850583,Firmware Engineer,Trenkwalder Kft,https://www.cvonline.hu/hu/allas/firmware-engineer-1850583,2026-03-09,2026-03-10,False,,,English: B2,"BSc, MSc","C++, Python","Oszilloszkópok, Logikai analizátorok",Home-Office,,5+ years,,,,,,,,,,,,,,,
1840042,"Customer Technology Advisor - Mainframe (m,w,d)",Vienna,https://www.cvonline.hu/hu/allas/customer-technology-advisor-mainframe-mwd-1840042,2026-03-09,2026-03-11,False,,110000 EUR gross/year,"English: B2, German: C1",Bachelor,,,Home-Office,Full-time,5+ years,,,,,,,,,,,,,,,
1840063,Mechatronik - Elektromaschinentechnik (m/w/d),Vienna,https://www.cvonline.hu/hu/allas/mechatronik-elektromaschinentechnik-m-w-d-1840063,2026-03-09,2026-03-11,False,Wiener Neudorf,,English: A1,High School with Diploma,,,On-site,Full-time,,,,,,,,,,,,,,,,
1840071,Lehrstelle Mechatronik- und Fertigungstechnik (m/w/d),Vienna,https://www.cvonline.hu/hu/allas/lehrstelle-mechatronik-und-fertigungstechnik-m-w-d-1840071,2026-03-09,2026-03-11,False,Amstetten,,,High School with Diploma,,,On-site,Short-term,0-1 years,,,,,,,,,,,,,,,
1716639,Solution Architect CPQ - Configure Price Quote (m/w/d),Laendle,https://www.cvonline.hu/hu/allas/solution-architect-cpq-configure-price-quote-m-w-d-1716639,2026-03-09,2026-03-09,False,,,"German: Native, English: Fluent","Bachelor, Master",,,Hybrid,Full-time,3-5 years,,,,,,,,,,,,,,,
1855258,French Speaking Catalogue Specialist,Trenkwalder Kft,https://www.cvonline.hu/hu/allas/french-speaking-catalogue-specialist-1855258,2026-03-09,2026-03-25,True,,,"English, French",,,"Excel, Word, PowerPoint",Home-Office,Full-time,1+ years,,,,,,,,,,,,,,,
1850468,Frontend Developer (Angular - Access Management),Randstad Hungary Kft.,https://www.cvonline.hu/hu/allas/frontend-developer-angular-access-management-1850468,2026-03-09,2026-03-16,False,Hungary,,English: B2,Bachelor,Angular,Angular,Hybrid,Full-time,3-5 years,,,,,,,,,,,,,,,
1850475,CPQ & Technical Sales Configurator Specialist,Randstad Hungary Kft.,https://www.cvonline.hu/hu/allas/cpq-technical-sales-configurator-specialist-1850475,2026-03-09,2026-03-25,True,,,English,Bachelor,,"SAP CPQ, VC",Hybrid,Full-time,1-3 years,,,,,,,,,,,,,,,
1850479,MES Engineer (hybrid),Randstad Hungary Kft.,https://www.cvonline.hu/hu/allas/mes-engineer-hybrid-1850479,2026-03-09,2026-03-25,True,,,English,Bachelor,,"Siemens Opcenter, Rockwell FactoryTalk, Wonderware, SQL Database, PLCs, SCADA, ERP (SAP preferred)",Hybrid,Full-time,5+ years,,,,,,,,,,,,,,,
1839898,Network Engineer,Randstad Hungary Kft.,https://www.cvonline.hu/hu/allas/network-engineer-1839898,2026-03-09,2026-03-16,False,Europe,,"English: Fluent, Hungarian: Preferred",Bachelor,,Cisco certification,On-site with home office,Full-time,5+ years,,,,,,,,,,,,,,,
1839907,IT biztonsági szakértő (SIEM),Randstad Hungary Kft.,https://www.cvonline.hu/hu/allas/it-biztonsagi-szakerto-siem-1839907,2026-03-09,2026-03-16,False,,2000 EUR gross/month,English: B2,,,,Hybrid,Full-time,3-5 years,,,,,,,,,,,,,,,
1839908,IT biztonsági szakértő,Randstad Hungary Kft.,https://www.cvonline.hu/hu/allas/it-biztonsagi-szakerto-1839908,2026-03-09,2026-03-16,False,Budapest,,English: C1,Master,,,Hybrid,Full-time,1-3 years,,,,,,,,,,,,,,,
1845259,Senior DevOps Engineer (with strong AWS and basic Java skills),Randstad Hungary Kft.,https://www.cvonline.hu/hu/allas/senior-devops-engineer-strong-aws-and-basic-java-skills-1845259,2026-03-09,2026-03-17,False,,,English,,Java,"Jenkins, AWS, Kubernetes, SpringBoot, Linux, Windows, DB2, Postgresql, SOAP/REST",,,7+ years,,,,,,,,,,,,,,,
1845262,Senior Information Security Manager,Randstad Hungary Kft.,https://www.cvonline.hu/hu/allas/senior-information-security-manager-1845262,2026-03-09,2026-03-17,False,Budapest,,English: Business language fluency,,,,Hybrid,Full-time,5+ years,,,,,,,,,,,,,,,
1845267,Senior Scrum Master (German speaker),Randstad Hungary Kft.,https://www.cvonline.hu/hu/allas/senior-scrum-master-german-speaker-1845267,2026-03-09,2026-03-20,False,,,"English: C1, German: C1",,,"Jira, Confluence",,,,,,,,,,,,,,,,,,
1845270,DevOps Engineer,Randstad Hungary Kft.,https://www.cvonline.hu/hu/allas/devops-engineer-1845270,2026-03-09,2026-03-16,False,,,English: B2,,,"Kubernetes, GitLab CI/CD, ArgoCD, Terraform",Hybrid,Full-time,3-5 years,,,,,,,,,,,,,,,
1845248,Senior Account Executive / SW Sales Professional,Hire-One Kft.,https://www.cvonline.hu/hu/allas/senior-account-executive-sw-sales-professional-1845248,2026-03-09,2026-03-16,False,,,English: Native,,,HubSpot,On-site with home office,Full-time,3-5 years,,,,,,,,,,,,,,,
1845253,"Web&ERP támogató konzulens (Web, Backend)",Hire-One Kft.,https://www.cvonline.hu/hu/allas/weberp-tamogato-konzulens-web-backend-1845253,2026-03-09,2026-03-18,False,,,English: Intermediate,"Bachelor, Master","HTML, CSS, JavaScript, .NET (C#), REST API, SQL",Microsoft Dynamics 365,,,3-5 years,,,,,,,,,,,,,,,
1850397,HÁLÓZATI RENDSZERGAZDA (INFORMATIKAI ÉS HÍRKÖZLÉSI REFERENS),BECK AND PARTNERS Kft.,https://www.cvonline.hu/hu/allas/halozati-rendszergazda-informatikai-es-hirkozlesi-referens-1850397,2026-03-09,2026-03-22,False,Budapest,,English: A1,Felsőfokú informatikai végzettség,,"Juniper, Cisco, Forti, VMWare",On-site,Full-time,5+ years,,,,,,,,,,,,,,,
1850400,INFORMATIKUS (INFORMATIKAI ÉS HÍRKÖZLÉSI REFERENS),BECK AND PARTNERS Kft.,https://www.cvonline.hu/hu/allas/informatikus-informatikai-es-hirkozlesi-referens-1850400,2026-03-09,2026-03-22,False,Budapest,,English: A1,Felsőfokú informatikai végzettség,,"Juniper, Cisco, Forti, VMWare, MS Windows",On-site,Full-time,5+ years,,,,,,,,,,,,,,,
1845208,IT RENDSZERSZERVEZŐ,BECK AND PARTNERS Kft.,https://www.cvonline.hu/hu/allas/it-rendszerszervezo-1845208,2026-03-09,2026-03-16,False,Budapest,,Hungarian: Native,Master,,"Atlassian termékcsalád (Jira, Confluence), MS Office, SoapUI, JMeter, Postman, EA",Hybrid,Full-time,3-5 years,,,,,,,,,,,,,,,
1850391,IT TECHNIKUS,BECK AND PARTNERS Kft.,https://www.cvonline.hu/hu/allas/it-technikus-1850391,2026-03-09,2026-03-22,False,Győr,,English: A1,High School with Diploma,,"Microsoft Active Directory, M365, Azure, Service Desk, ticketing system",On-site,Full-time,1-3 years,,,,,,,,,,,,,,,
1850396,IT ASSZISZTENS,BECK AND PARTNERS Kft.,https://www.cvonline.hu/hu/allas/it-asszisztens-1850396,2026-03-09,2026-03-22,False,Budapest,,English: A1,High School with Diploma,,"Microsoft Office, FORRÁS",On-site,Full-time,1-3 years,,,,,,,,,,,,,,,
1844973,Sales Data Analyst,Trenkwalder Kft,https://www.cvonline.hu/hu/allas/sales-data-analyst-1844973,2026-03-09,2026-03-18,False,,,English,,,"Excel, Power BI, Tableau, SAP Analytics Cloud",Home-Office,Full-time,3-5 years,,,,,,,,,,,,,,,
1844961,Senior Consultant SAP S/4 Hana Finance,Vienna,https://www.cvonline.hu/hu/allas/senior-consultant-sap-s-4-hana-finance-1844961,2026-03-09,2026-03-18,False,Vienna,55200 EUR gross/year,"German: Native, English: Proficient",Bachelor,,"SAP FI, SAP CO, S/4HANA",Hybrid,Full-time,3-5 years,,,,,,,,,,,,,,,
1844976,Businesskundenbetreuer in der Telekommunikation (m/w/d),Vienna,https://www.cvonline.hu/hu/allas/businesskundenbetreuer-der-telekommunikation-m-w-d-1844976,2026-03-09,2026-03-18,False,Wiener Öffis,2124 EUR gross/month + provisions,German: C1,High School with Diploma,,,On-site,Full-time,1-3 years,,,,,,,,,,,,,,,
1850141,Diákmunka - C# Developer Trainee (MAC),MŰISZ Iskolaszövetkezet,https://www.cvonline.hu/hu/allas/diakmunka-c-developer-trainee-mac-1850141,2026-03-09,2026-03-11,False,Szeged,,"English: B2, German: A2","Bachelor, Master",C#,Visual Studio IDE,Home-Office,Full-time,1-3 years,,,,,,,,,,,,,,,
1839578,Diákmunka - Szoftvertesztelő gyakornok,MŰISZ Iskolaszövetkezet,https://www.cvonline.hu/hu/allas/diakmunka-szoftvertesztelo-gyakornok-1839578,2026-03-09,2026-03-11,False,,2390 HUF/hora,"English: Unknown, German: Unknown",Bachelor,,Microsoft Office,On-site,Short-term,0-1 years,,,,,,,,,,,,,,,
1849997,Windows Administrator (REF4785N),Deutsche Telekom IT Solutions,https://www.cvonline.hu/hu/allas/windows-administrator-ref4785n-1849997,2026-03-09,2026-03-17,False,,,"German: B2, English: null",,"Powershell, Terraform","Microsoft Windows Scripting, Microsoft Server, Microsoft Azure Active Directory (AD), NFS authorization management",On-site with home office,,3-5 years,,,,,,,,,,,,,,,
1849998,Windows Administrator (REF4785N),Deutsche Telekom IT Solutions,https://www.cvonline.hu/hu/allas/windows-administrator-ref4785n-1849998,2026-03-09,2026-03-17,False,,,"German: B2, English: null",,"Powershell, Terraform","Microsoft Windows Scripting, Microsoft Server, Microsoft Azure Active Directory (AD), NFS authorization management",On-site with home office,,3-5 years,,,,,,,,,,,,,,,
1849999,Windows Administrator (REF4785N),Deutsche Telekom IT Solutions,https://www.cvonline.hu/hu/allas/windows-administrator-ref4785n-1849999,2026-03-09,2026-03-17,False,,,"German: B2, English: null",,"Powershell, Terraform","Microsoft Windows Scripting, Microsoft Server, Microsoft Azure Active Directory (AD), NFS authorization management",On-site with home office,,3-5 years,,,,,,,,,,,,,,,
1850000,Windows Administrator (REF4785N),Deutsche Telekom IT Solutions,https://www.cvonline.hu/hu/allas/windows-administrator-ref4785n-1850000,2026-03-09,2026-03-17,False,,,"German: B2, English: null",,"Powershell, Terraform","Microsoft Windows Scripting, Microsoft Server, Microsoft Azure Active Directory (AD), NFS authorization management",On-site with home office,,3-5 years,,,,,,,,,,,,,,,
1854301,TECHNOLÓGIAI VEZETŐ,Besthunters Tanácsadó Iroda,https://www.cvonline.hu/hu/lite/allas/technologiai-vezeto-1854301,2026-03-09,2026-03-25,True,,,"German: B, English: B",Bachelor,CAD/CAM,,,,3-5 years,,,,,,,,,,,,,,,
1852592,LEAD FRONTEND DEVELOPER & TECHNICAL MENTOR (3861),HumanField Vezető- és Specialistakiválasztó Kft.,https://www.cvonline.hu/hu/allas/lead-frontend-developer-technical-mentor-3861-1852592,2026-03-09,2026-03-25,True,,,English: B2,,"React, TypeScript","Redux Toolkit, TanStack Table, TanStack Query, Azure AD, MSAL, Storybook, Playwright, CI/CD, Tailwind CSS, atomic design, Final Form, React Hook Form",Hybrid,Full-time,5+ years,,,,,,,,,,,,,,,
1852587,AI DEVELOPER (3866),HumanField Vezető- és Specialistakiválasztó Kft.,https://www.cvonline.hu/hu/allas/ai-developer-3866-1852587,2026-03-09,2026-03-25,True,,,"Hungarian: Native, English: Professional",,Python,"LLM API-k: Claude, OpenAI, AWS Bedrock, Agent Frameworks: Claude Agent SDK, OpenAI Codex SDK, pydantic-ai, Neo4j graph database, Python, FastAPI",Remote,Contractor,5+ years,,,,,,,,,,,,,,,
1840803,SAP Subject Matter Expert (3835),HumanField Vezető- és Specialistakiválasztó Kft.,https://www.cvonline.hu/hu/allas/sap-subject-matter-expert-3835-1840803,2026-03-09,2026-03-11,False,,Versenyképes alapbér,English: Native,Releváns felsőfokú végzettség,,"SAP ERP, SAP HANA, SAP S/4HANA",Hybrid,Full-time,5+ years,,,,,,,,,,,,,,,
1840804,SAP Subject Matter Expert (3835),HumanField Vezető- és Specialistakiválasztó Kft.,https://www.cvonline.hu/hu/allas/sap-subject-matter-expert-3835-1840804,2026-03-09,2026-03-11,False,,Versenyképes alapbér,English: Native,Relevant higher education degree,,"SAP ERP, SAP HANA, SAP S/4HANA",Hybrid (weekly home office),Full-time,5+ years,,,,,,,,,,,,,,,
1848697,SENIOR SALESFORCE DEVELOPER (3848),HumanField Vezető- és Specialistakiválasztó Kft.,https://www.cvonline.hu/hu/allas/senior-salesforce-developer-3848-1848697,2026-03-09,2026-03-22,False,,,English: Confident,,"Salesforce, JavaScript, Java, C#","CRM, Salesforce Sales Cloud, Einstein 1, Lightning, Apex, LWC, Flows, REST, SOAP, middleware",Flexible remote work opportunities,Full-time,3-5+ years,,,,,,,,,,,,,,,
1848698,SENIOR SALESFORCE DEVELOPER (3848),HumanField Vezető- és Specialistakiválasztó Kft.,https://www.cvonline.hu/hu/allas/senior-salesforce-developer-3848-1848698,2026-03-09,2026-03-22,False,,,English: Confident,,"Salesforce, JavaScript, Java, C#","CRM, Salesforce Sales Cloud, Einstein 1, Lightning, Apex, LWC, Flows, REST, SOAP, middleware",Flexible remote work opportunities,Full-time,3-5+ years,,,,,,,,,,,,,,,
1853204,ANGULAR DEVELOPER (3871),HumanField Vezető- és Specialistakiválasztó Kft.,https://www.cvonline.hu/hu/allas/angular-developer-3871-1853204,2026-03-09,2026-03-25,True,,,"English: Active, communicative",,"Angular, HTML, CSS, JavaScript",Git,Full-remote,Full-time,5+ years,,,,,,,,,,,,,,,
1854736,SENIOR INTEGRÁCIÓS SPECIALISTA (JAVA),BECK AND PARTNERS Kft.,https://www.cvonline.hu/hu/allas/senior-integracios-specialista-java-1854736,2026-03-09,2026-03-25,True,Pécs,,English: B2,High School with Diploma,Java,"Spring Boot, Spring Security, SQL (Oracle, PostgreSQL), Kubernetes, Git, CI/CD",Hybrid,Full-time,7+ years,,,,,,,,,,,,,,,
1854772,Szoftverbevezetési tanácsadó,Randstad Hungary Kft.,https://www.cvonline.hu/hu/allas/szoftverbevezetesi-tanacsado-1854772,2026-03-09,2026-03-25,True,,,English: Unknown,,,,Home-Office,,Unknown,,,,,,,,,,,,,,,
1854765,IT operátor,Viapan „Dologidő” Kft.,https://www.cvonline.hu/hu/allas/it-operator-1854765,2026-03-09,2026-03-25,True,Kecskemét,,English: C1,"High School with Diploma, Bachelor",,"VMware, Veeam, Power BI, ManageEngine",,Full-time,0-1 years,,,,,,,,,,,,,,,
1854270,SAP-szakértő,Trenkwalder Kft,https://www.cvonline.hu/hu/allas/sap-szakerto-1854270,2026-03-09,2026-03-25,True,,,"English: Active, Hungarian: Active",Bachelor,,SAP,On-site,Full-time,5+ years,,,,,,,,,,,,,,,
1854332,Elektronikai gyártósori munkatárs,Humán Centrum Kft.,https://www.cvonline.hu/hu/allas/elektronikai-gyartosori-munkatars-1854332,2026-03-09,2026-03-25,True,,,English: A2,,,SAP Business One,On-site,Full-time,1-3 years,,,,,,,,,,,,,,,
1854333,IT technikus (üzemeltetés),MÁV Szolgáltató Központ Zrt.,https://www.cvonline.hu/hu/allas/it-technikus-uzemeltetes-1854333,2026-03-09,2026-03-25,True,Budapest,,Hungarian: Native,High School with Diploma,,"MS Windows, Android, MS Office",On-site,Határozatlan idejű,1-3 years,,,,,,,,,,,,,,,
1859274,"Embedded Quality Assurance Engineer, 80-100% (f/m/x)",Laendle,https://www.cvonline.hu/hu/allas/embedded-quality-assurance-engineer-80-100-f-m-x-1859274,2026-03-10,2026-03-14,False,Klaus,,English: B2,Bachelor,Python,"Linux, Scrum",On-site with home office,Full-time,3-5 years,,,,,,,,,,,,,,,
1859284,Senior Frontend Developer (m/w/d)*,Laendle,https://www.cvonline.hu/hu/allas/senior-frontend-developer-m-w-d-1859284,2026-03-10,2026-03-25,True,Kennelbach,37289 EUR gross/year,"German: Native, English: Fluent",Bachelor,"React, Angular, Typescript",,On-site with home office,Full-time,3-5 years,,,,,,,,,,,,,,,
1859302,Web Frontend Developer,Hire-One Kft.,https://www.cvonline.hu/hu/allas/web-frontend-developer-1859302,2026-03-10,2026-03-11,False,,Competitive,"Hungarian: Native, English: Fluent",Bachelor,"HTML, JavaScript, CSS, Angular",Requirement management / development systems,Home-Office,Full-time,2-5 years,,,,,,,,,,,,,,,
1859303,Teszt technikus,Hire-One Kft.,https://www.cvonline.hu/hu/allas/teszt-technikus-1859303,2026-03-10,2026-03-25,True,,,English: A1,High School with Diploma,,"Windows OS, Microsoft Office",On-site,Full-time,,,,,,,,,,,,,,,,
1859247,"Werkstudent:in – DevOps & Automatisierung, 40 – 50 % (w/m/d)",Laendle,https://www.cvonline.hu/hu/allas/werkstudentin-devops-automatisierung-40-50-w-m-d-1859247,2026-03-10,2026-03-20,False,"Klaus, Austria",,"German: Native, English: Fluent",Bachelor,Linux,"Packer, GitLab CI/CD, Ansible, SentinelOne, Checkmk, NinjaOne, 1Password Vault",,Short-term,0-1 years,,,,,,,,,,,,,,,
1859219,IT System Engineer - Microsoft/Office 365 (f/m/x),Laendle,https://www.cvonline.hu/hu/allas/it-system-engineer-microsoft-office-365-f-m-x-1859219,2026-03-10,2026-03-25,True,Vorarlberg,,English: B2,,PowerShell,"Microsoft/Office 365, Exchange, Teams, SharePoint, Azure AD",On-site,Full-time,3-5 years,,,,,,,,,,,,,,,
1859286,Global Leader Supply Chain Integration (m/w/d),Laendle,https://www.cvonline.hu/hu/allas/global-leader-supply-chain-integration-m-w-d-1859286,2026-03-10,2026-03-25,True,Rankweil,,"German: Native, English: Professional",Bachelor or Higher,,"SAP SCM, MM, SD, EWM, ARIBA",Hybrid,Full-time,3-5 years,,,,,,,,,,,,,,,
1859255,Senior Business Analyst - Digital Banking,Laendle,https://www.cvonline.hu/hu/allas/senior-business-analyst-digital-banking-1859255,2026-03-10,2026-03-25,True,,,German: Native,"Bachelor, Master",,,Hybrid,Full-time,3-5 years,,,,,,,,,,,,,,,
1859236,SAP Inhouse Consultant (m/w) für S/4 Rollout-Projekte Schwerpunkt MM,Laendle,https://www.cvonline.hu/hu/allas/sap-inhouse-consultant-m-w-fur-s-4-rollout-projekte-schwerpunkt-mm-1859236,2026-03-10,2026-03-25,True,Germany,,English: B2,Bachelor,,"SAP S/4HANA, SAP MM",On-site with home office (15%),Full-time,3-5 years,,,,,,,,,,,,,,,
1859224,Junior IT Entwickler:in (Avaloq),Laendle,https://www.cvonline.hu/hu/allas/junior-it-entwicklerin-avaloq-1859224,2026-03-10,2026-03-25,True,,,German: Native,"Master, Bachelor",,Avaloq,On-site,Full-time,0-1 years,,,,,,,,,,,,,,,
1859214,"Cloud Application Developer, 80-100% (f/m/x)",Laendle,https://www.cvonline.hu/hu/allas/cloud-application-developer-80-100-f-m-x-1859214,2026-03-10,2026-03-25,True,,2000 EUR gross/month,English: B2,Bachelor,"C#, .NET, Blazor, ASP.NET Core","Visual Studio, Azure, Docker, Terraform, Kubernetes",Flexible,Full-time,3-5 years,,,,,,,,,,,,,,,
1859266,ERP Solution Architect (m/w/d),Laendle,https://www.cvonline.hu/hu/allas/erp-solution-architect-m-w-d-1859266,2026-03-10,2026-03-14,False,,"14,250 EUR gross/month","German: Native, English: C1",Bachelor,,,Hybrid,Full-time,3-5 years,,,,,,,,,,,,,,,
1859217,"ICT System Engineer Datacenter  (Linux, Storage & Virtualisierung)",Laendle,https://www.cvonline.hu/hu/allas/ict-system-engineer-datacenter-linux-storage-virtualisierung-1859217,2026-03-10,2026-03-25,True,,,German: Native,Bachelor,,"Red Hat, Satellite, Ansible, GitLab",On-site,Full-time,3-5 years,,,,,,,,,,,,,,,
1859171,German Speaking Technical Support Analyst,HSA Kft.,https://www.cvonline.hu/hu/allas/german-speaking-technical-support-analyst-1859171,2026-03-10,2026-03-25,True,Debrecen,,"German: B2-C1, English: B2",High School with Diploma,,,,,,,,,,,,,,,,,,,,
1859237,IT System Administrator - Middleware (m/w/d),Laendle,https://www.cvonline.hu/hu/allas/it-system-administrator-middleware-m-w-d-1859237,2026-03-10,2026-03-25,True,Höchst,,German: Native,"High School with Diploma, Bachelor",,"Docker/Kubernetes, Git, CI/CD, Azure Cloud",On-site,Full-time,3-5 years,,,,,,,,,,,,,,,
1859250,Full Stack Entwickler:in,Laendle,https://www.cvonline.hu/hu/allas/full-stack-entwicklerin-1859250,2026-03-10,2026-03-18,False,,,German: Native,"Bachelor, Master","C#, .NET Core, SQL, Vue.js, TypeScript",,,,3-5 years,,,,,,,,,,,,,,,
1859278,"Technical Writer, 80-100% (f/m/x)",Laendle,https://www.cvonline.hu/hu/allas/technical-writer-80-100-f-m-x-1859278,2026-03-10,2026-03-13,False,not specified,,"English: B2, German: not specified",,,,On-site with home office,Full-time,not specified,,,,,,,,,,,,,,,
1859281,"IT-SYSTEMADMINISTRATOR, SCHWERPUNKT SECURITY (M/W/D)",Laendle,https://www.cvonline.hu/hu/allas/it-systemadministrator-schwerpunkt-security-m-w-d-1859281,2026-03-10,2026-03-11,False,,,German: Native,"High School with Diploma, Bachelor",,,On-site,Full-time,,,,,,,,,,,,,,,,
1859289,Senior Techincal Solution Architect D365 (all gender),Laendle,https://www.cvonline.hu/hu/allas/senior-techincal-solution-architect-d365-all-gender-1859289,2026-03-10,2026-03-11,False,Hard,,"German: Native, English: Fluent",Bachelor,,"Microsoft Dynamics 365 Finance & Operations, Azure DevOps, Lifecycle Services, Power Platform Admin Center",Hybrid,Full-time,5+ years,,,,,,,,,,,,,,,
1859269,IT-Inhouse Consultant Supply Chain Management / Produktionsplanung (m/w/d),Laendle,https://www.cvonline.hu/hu/allas/it-inhouse-consultant-supply-chain-management-produktionsplanung-m-w-d-1859269,2026-03-10,2026-03-14,False,Höchst,,"German: Native, English: Professional",Bachelor,,"SAP PP, Non-SAP Systems",Hybrid,Full-time,3-5 years,,,,,,,,,,,,,,,
1859253,IT-Projektleiter (m/w/d),Laendle,https://www.cvonline.hu/hu/allas/it-projektleiter-m-w-d-1859253,2026-03-10,2026-03-18,False,Höchst,,"German: Native, English: Professional",Bachelor,,,Hybrid,Full-time,3-5 years,,,,,,,,,,,,,,,
1859229,Entwicklungsingenieur für Assistenz- & Automatisierungssysteme (m/w/d),Laendle,https://www.cvonline.hu/hu/allas/entwicklungsingenieur-fur-assistenz-automatisierungssysteme-m-w-d-1859229,2026-03-10,2026-03-22,False,,2000 EUR gross/month,"English: B2, German: C1","Bachelor, Master","Python, C++",,Hybrid,Full-time,3-5 years,,,,,,,,,,,,,,,
1859239,SAP Inhouse Consultant (m/w/d),Laendle,https://www.cvonline.hu/hu/allas/sap-inhouse-consultant-m-w-d-1859239,2026-03-10,2026-03-25,True,,,,,,,,,,,,,,,,,,,,,,,,
1859228,Teamlead Software Development (m/w/d),Laendle,https://www.cvonline.hu/hu/allas/teamlead-software-development-m-w-d-1859228,2026-03-10,2026-03-22,False,,,"German: C2, English: C1","Bachelor, Master",,,Hybrid,Full-time,5+ years,,,,,,,,,,,,,,,
1859288,Spezialist:in für digitale klinische Prozesse,Laendle,https://www.cvonline.hu/hu/allas/spezialistin-fur-digitale-klinische-prozesse-1859288,2026-03-10,2026-03-25,True,Feldkirch,,German: Native,"Bachelor, Master",,,On-site,Full-time,1-3 years,,,,,,,,,,,,,,,
1859232,Junior Product Owner - Digitale Produkte & Services,Laendle,https://www.cvonline.hu/hu/allas/junior-product-owner-digitale-produkte-services-1859232,2026-03-10,2026-03-25,True,,,,,,,,,,,,,,,,,,,,,,,,
1859264,Business Analyst (m/w/d),Laendle,https://www.cvonline.hu/hu/allas/business-analyst-m-w-d-1859264,2026-03-10,2026-03-14,False,,Mindestens 2000 EUR brutto/Monat (kollektivvertragliches Mindestentgelt),English: B2,"Bachelor, Master",,,Hybrid,Full-time,1-3 years,,,,,,,,,,,,,,,
1859268,IT-Inhouse Consultant Order-To-Cash (m/w/d),Laendle,https://www.cvonline.hu/hu/allas/it-inhouse-consultant-order-cash-m-w-d-1859268,2026-03-10,2026-03-14,False,Höchst,,"German: Native, English: Professional",Bachelor,,"SAP SD, SAP TM, SAP APO, SAP IBP",Hybrid,Full-time,3-5 years,,,,,,,,,,,,,,,
1859260,Team Lead - Solution Architect (m/w/d),Laendle,https://www.cvonline.hu/hu/allas/team-lead-solution-architect-m-w-d-1859260,2026-03-10,2026-03-14,False,,"14,600 EUR gross/year (based on collective agreement)",German: Native,Bachelor,,,Hybrid,Full-time,3-5 years,,,,,,,,,,,,,,,
1859234,Learning Coordinator Information Services & Organization,Laendle,https://www.cvonline.hu/hu/allas/learning-coordinator-information-services-organization-1859234,2026-03-10,2026-03-22,False,Höchst,,"German: Native, English: Fluent",Bachelor,,,On-site with home office,Full-time,3-5 years,,,,,,,,,,,,,,,
1859244,Teamleiter IT-Infrastruktur (m/w/d),Laendle,https://www.cvonline.hu/hu/allas/teamleiter-it-infrastruktur-m-w-d-1859244,2026-03-10,2026-03-25,True,,"14,250 EUR gross/month","German: C2, English: C1",Bachelor,,,Hybrid,Full-time,3-5 years,,,,,,,,,,,,,,,
1859283,Business Analyst,Laendle,https://www.cvonline.hu/hu/allas/business-analyst-1859283,2026-03-10,2026-03-25,True,,,,,,,,,,,,,,,,,,,,,,,,
1859223,IT Digital Workplace Specialist (m/w),Laendle,https://www.cvonline.hu/hu/allas/it-digital-workplace-specialist-m-w-1859223,2026-03-10,2026-03-25,True,,Je nach Erfahrung und Qualifikation deutlich über dem Kollektivvertrag,"German: Native, English: Native",IT-Ausbildung oder langjährige Praxiserfahrung in diesem Bereich,,Microsoft 365,,Full-time,5+ years,,,,,,,,,,,,,,,
1859213,"Cloud DevOps Engineer - .NET / Azure, 80-100% (f/m/x)",Laendle,https://www.cvonline.hu/hu/allas/cloud-devops-engineer-net-azure-80-100-f-m-x-1859213,2026-03-10,2026-03-25,True,,N/A,English: B2,Bachelor,"C#, .NET, Blazor, ASP.NET Core","Azure DevOps, Terraform, Docker, Kubernetes, Visual Studio",Flexible,Full-time,3-5 years,,,,,,,,,,,,,,,
1859270,Application Engineer für digitale Lösungen in der Fertigung (m/w/d),Laendle,https://www.cvonline.hu/hu/allas/application-engineer-fur-digitale-losungen-der-fertigung-m-w-d-1859270,2026-03-10,2026-03-13,False,,"14,600 EUR gross/year (based on collective agreement)",German: Native,"Higher Technical Education, Bachelor, Master",,"APIs, Datenbanken, MES/ERP-Systeme",Hybrid,Full-time,1-3 years,,,,,,,,,,,,,,,
1859233,CRM-Entwickler MS Dynamics 365 (m/w/d),Laendle,https://www.cvonline.hu/hu/allas/crm-entwickler-ms-dynamics-365-m-w-d-1859233,2026-03-10,2026-03-25,True,,,"German: C2, English: C2","High School with Diploma, University","C#, SQL, JavaScript","MS Dynamics 365 CRM, Microsoft Power Platform, .NET, Azure DevOps, React, Power BI",,Full-time,1-3 years,,,,,,,,,,,,,,,
1859271,IT-Inhouse Consultant Supply Chain Management / Materialdisposition (m/w/d),Laendle,https://www.cvonline.hu/hu/allas/it-inhouse-consultant-supply-chain-management-materialdisposition-m-w-d-1859271,2026-03-10,2026-03-14,False,Höchst,,"German: Native, English: Fluent",Bachelor,,"SAP ERP, SAP APO, Non-SAP, S/4HANA, IBP",Hybrid,Full-time,3-5 years,,,,,,,,,,,,,,,
1859267,IT-Inhouse Consulting Logistics Execution (m/w/d),Laendle,https://www.cvonline.hu/hu/allas/it-inhouse-consulting-logistics-execution-m-w-d-1859267,2026-03-10,2026-03-14,False,Höchst,,"German: Native, English: Professional",Bachelor,,SAP-EWM,Hybrid,Full-time,3-5 years,,,,,,,,,,,,,,,
1859240,IT System Engineer (m/w/d),Laendle,https://www.cvonline.hu/hu/allas/it-system-engineer-m-w-d-1859240,2026-03-10,2026-03-20,False,Höchst,,"German: Native, English: Professional",High School with Diploma,,"Windows Server, Linux, Active Directory, Group Policies",On-site,Full-time,3-5 years,,,,,,,,,,,,,,,
1859220,IT Platform Engineer ServiceNow (m/w/d),Laendle,https://www.cvonline.hu/hu/allas/it-platform-engineer-servicenow-m-w-d-1859220,2026-03-10,2026-03-25,True,"Höchst, Austria",,"English: B2, German: Native",Bachelor,"PowerShell, SQL",ServiceNow,On-site with home office,Full-time,3-5 years,,,,,,,,,,,,,,,
1859287,SAP Inhouse Consultant PP/PM (m/w/d),Laendle,https://www.cvonline.hu/hu/allas/sap-inhouse-consultant-pp-pm-m-w-d-1859287,2026-03-10,2026-03-25,True,,,"German: C1, English: B2","High School with Diploma, Bachelor, Master",,"SAP PP, SAP PM, S/4HANA",On-site,Full-time,1-3 years,,,,,,,,,,,,,,,
1859218,IT Data Analytics Specialist,Laendle,https://www.cvonline.hu/hu/allas/it-data-analytics-specialist-1859218,2026-03-10,2026-03-25,True,,,German: Native,"Bachelor, Master",SQL,"Qlik (Sense, Cloud, QMC, WIP), Linux",On-site,Full-time,3-5 years,,,,,,,,,,,,,,,
1859259,Software Developer - Data & System Integration Solutions (m/w/d),Laendle,https://www.cvonline.hu/hu/allas/software-developer-data-system-integration-solutions-m-w-d-1859259,2026-03-10,2026-03-14,False,,Kollektivvertragliches Mindestentgelt der Metallindustrie,German: Native,"Bachelor, Master",,"Tyk.IO, Kafka",Hybrid,Full-time,3-5 years,,,,,,,,,,,,,,,
1859256,Abteilungsleiter Software Programmiersysteme (w/m/d),Laendle,https://www.cvonline.hu/hu/allas/abteilungsleiter-software-programmiersysteme-w-m-d-1859256,2026-03-10,2026-03-25,True,Feldkirch,,"German: B2, English: B1",Bachelor,"C, C++, Java, Rust, IEC",,Flexible,Full-time,3-5 years,,,,,,,,,,,,,,,
1859248,"Learning Systems Administrator, 80-100% (f/m/x)",Laendle,https://www.cvonline.hu/hu/allas/learning-systems-administrator-80-100-f-m-x-1859248,2026-03-10,2026-03-25,True,"Klaus, Austria, Erlangen, Germany",,"English: B2, German: C1",High School with Diploma,,docebo,On-site,Full-time,3-5 years,,,,,,,,,,,,,,,
1859225,Senior Cyber Security Specialist,Laendle,https://www.cvonline.hu/hu/allas/senior-cyber-security-specialist-1859225,2026-03-10,2026-03-25,True,,,German: Native,"Bachelor, Master",,,On-site,Full-time,3-5 years,,,,,,,,,,,,,,,
1859226,Daten- und Business Intelligence Experte im Kundendienst Baumaschinen (m/w/d),Laendle,https://www.cvonline.hu/hu/allas/daten-und-business-intelligence-experte-im-kundendienst-baumaschinen-m-w-d-1859226,2026-03-10,2026-03-22,False,,,English: B2,"Bachelor, Master","Java, Python, C#","Microsoft Dynamics 365, Power BI, PowerApps",Hybrid,Full-time,1-3 years,,,,,,,,,,,,,,,
1859304,Rendszer technikus,Hire-One Kft.,https://www.cvonline.hu/hu/allas/rendszer-technikus-1859304,2026-03-10,2026-03-25,True,,,,High School with Diploma,,,On-site,,,,,,,,,,,,,,,,,
1859221,Support & Operations Specialist (m/w/d),Laendle,https://www.cvonline.hu/hu/allas/support-operations-specialist-m-w-d-1859221,2026-03-10,2026-03-25,True,,,German: Native,,,,On-site,Full-time,1-3 years,,,,,,,,,,,,,,,
1859241,"Software Quality Engineer – Test Automation, 80-100% (w/m/x)",Laendle,https://www.cvonline.hu/hu/allas/software-quality-engineer-test-automation-80-100-w-m-x-1859241,2026-03-10,2026-03-25,True,Klaus,,English: B2,,C#,"Windows Desktop Application, .NET Framework",On-site with home office,Full-time,1-3 years,,,,,,,,,,,,,,,
1859243,Teamleiter Service Desk (m/w/d),Laendle,https://www.cvonline.hu/hu/allas/teamleiter-service-desk-m-w-d-1859243,2026-03-10,2026-03-25,True,,Kollektivvertragliches Mindestentgelt der Metallindustrie,"German: Native, English: Fluent",,,,Hybrid,Full-time,3-5 years,,,,,,,,,,,,,,,
1859265,.NET Backend Developer (m/w/d),Laendle,https://www.cvonline.hu/hu/allas/net-backend-developer-m-w-d-1859265,2026-03-10,2026-03-14,False,,1400 EUR gross/month,English: B2,High School with Diploma,"C#, Java","AWS, Azure",Hybrid,Full-time,3-5 years,,,,,,,,,,,,,,,
1859282,IT-Mitarbeiter im Löwen Hotel Montafon (m/w/d),Laendle,https://www.cvonline.hu/hu/allas/it-mitarbeiter-im-lowen-hotel-montafon-m-w-d-1859282,2026-03-10,2026-03-11,False,,,German: Native,"Bachelor, Master",,"Microsoft 365, Fidelio Suite8, Oracle Simphony, Salto ProAccess Space, Geutebrück G-Core, Easreserve",,Full-time,1-3 years,,,,,,,,,,,,,,,
1859222,"Senior Conversion, Experience & Growth Manager(m/w/d)",Laendle,https://www.cvonline.hu/hu/allas/senior-conversion-experience-growth-managerm-w-d-1859222,2026-03-10,2026-03-25,True,,nach Vereinbarung,German: Native,,,,On-site with home office,Full-time,3-5 years,,,,,,,,,,,,,,,
1859238,System Engineer - Applications,Laendle,https://www.cvonline.hu/hu/allas/system-engineer-applications-1859238,2026-03-10,2026-03-25,True,,,,,,,,,,,,,,,,,,,,,,,,
1859252,IT-Inhouse Consultant Product Lifecycle (m/w/d),Laendle,https://www.cvonline.hu/hu/allas/it-inhouse-consultant-product-lifecycle-m-w-d-1859252,2026-03-10,2026-03-18,False,Höchst,,"German: Native, English: Fluent",Bachelor,,"Teamcenter, SolidWorks, SAP",Hybrid,Full-time,3-5 years,,,,,,,,,,,,,,,
1859257,PCB Layoutdesigner (w/m/d),Laendle,https://www.cvonline.hu/hu/allas/pcb-layoutdesigner-w-m-d-1859257,2026-03-10,2026-03-25,True,Feldkirch,,"German: C1, English: B1",High School with Diploma,,Altium Designer,Flexible,Full-time,3-5 years,,,,,,,,,,,,,,,
1858812,DevOps Engineer (mid-level / senior),Trenkwalder Kft,https://www.cvonline.hu/hu/allas/devops-engineer-mid-level-senior-1858812,2026-03-10,2026-03-18,False,,,"English, Hungarian",BSc/MSc in Computer Science or related field,Shell,"Docker, Kubernetes, Terraform, Prometheus, Grafana, Datadog, AWS/Azure cloud services, RabbitMQ",Home-Office,Full-time,3+ years,,,,,,,,,,,,,,,
1859990,Mechatronik - Automatisierungstechnik,Vienna,https://www.cvonline.hu/hu/allas/mechatronik-automatisierungstechnik-1859990,2026-03-11,2026-03-25,True,Wien,,,High School with Diploma,,,,Short-term,0-1 years,,,,,,,,,,,,,,,
1860080,Technischer Redakteur (w/m/d) in Teilzeit,Laendle,https://www.cvonline.hu/hu/allas/technischer-redakteur-w-m-d-teilzeit-1860080,2026-03-11,2026-03-25,True,Feldkirch,,"German: Native, English: C1",High School with Diploma,,"XML-basierte Redaktionssysteme, Grafikprogramme",On-site,Half-time,1-3 years,,,,,,,,,,,,,,,
1860095,Diákmunka - Digital Solutions Intern,MŰISZ Iskolaszövetkezet,https://www.cvonline.hu/hu/allas/diakmunka-digital-solutions-intern-1860095,2026-03-11,2026-03-25,True,,2200 HUF/hour,"English: Fluent, Hungarian: Fluent",Ongoing university studies in IT field,,MS Office (with strong focus on Excel),Hybrid,Short-term,0-1 years,,,,,,,,,,,,,,,
1859889,Lead System Administrator (Linux),HAYS Hungary Kft.,https://www.cvonline.hu/hu/allas/lead-system-administrator-linux-1859889,2026-03-11,2026-03-25,True,Budapest,,English: Native,Master,,"Docker, Kubernetes, Ansible",On-site,Full-time,5+ years,,,,,,,,,,,,,,,
1860079,Lead Security Engineer (w/m/d),Laendle,https://www.cvonline.hu/hu/allas/lead-security-engineer-w-m-d-1860079,2026-03-11,2026-03-25,True,Feldkirch,,"English: B2, German: B1",Bachelor,"C++, Java, JavaScript, Rust",,Hybrid,Half-time,3-5 years,,,,,,,,,,,,,,,
1859890,Linux System Administrator,HAYS Hungary Kft.,https://www.cvonline.hu/hu/allas/linux-system-administrator-1859890,2026-03-11,2026-03-25,True,North part of Pest County,,English: Unknown,,,,On-site with home office (once every two weeks),Full-time,5+ years,,,,,,,,,,,,,,,
1860024,Montageleiter für Pharmaanlagen (w/m/x),Vienna,https://www.cvonline.hu/hu/allas/montageleiter-fur-pharmaanlagen-w-m-x-1860024,2026-03-11,2026-03-17,False,,,,,,,,,,"Wien, Niederösterreich, Burgenland, Steiermark, Oberösterreich",> 4.000 €,,,,"Eine technische Ausbildung (z. B. Metallgewerbe, Schlosser, Schweißer, Installateur, HTL) – wichtiger ist jedoch deine praktische Montageerfahrung . Erfahrung in der Lebensmittel-, Pharma- oder chemischen Industrie . Führungskompetenz : empathisch im Umgang, aber klar und konsequent in Entscheidungen. Kundenorientiertes Auftreten und sichere Kommunikation – auch mit Subfirmen. Hands-on-Mentalität, Frustrationstoleranz und Freude an einer verantwortungsvollen Rolle .","Firmenauto zur Privatnutzung, attraktive Diäten & faire Bezahlung - deine Leistung zählt.",,Montageleiter für Pharmaanlagen (w/m/x),Vollzeit (ab 38 Wochenstunden),[Kattintson a weboldal linkjének megjelenítéséhez] Jetzt bewerben,"Du übernimmst die Montageleitung für Neubau- und Umbauprojekte, primär in der Lebensmittel- und Pharmaindustrie. Du bist von Anfang an dabei: in der Planungsphase klärst du Materialbedarf, Lieferzeiten und bringst deine technische Erfahrung in die Angebotserstellung ein. Du planst den Personaleinsatz und stellst sicher, dass jeder im Team dort eingesetzt wird, wo die Stärken liegen. Auf der Baustelle übernimmst du die Koordination aller Abläufe – von der Dokumentation über die Sicherheitsstandards bis zur Steuerung der Subunternehmen. Du leitest Baubesprechungen, behältst den Überblick über Kosten, Zeit & Qualität und meldest relevante Änderungen sofort weiter. Nach Projektabschluss sorgst du dafür, dass Restmaterialien und Geräte wieder gut Lager ankommen.","Es handelt sich um ein KMU mit Wachstumspotenzial. Das Unternehmen hat im Anlagenbau für die Pharma-, Lebensmittel- und Chemieindustrie seinen Schwerpunkt.",,
1859891,Network Administrator,HAYS Hungary Kft.,https://www.cvonline.hu/hu/allas/network-administrator-1859891,2026-03-11,2026-03-25,True,,,English,"High School with Diploma, Bachelor, Master",,"Fortinet, HP Aruba, Cisco",Home-Office,Full-time,5+ years,,,,,,,,,,,,,,,
1860029,Businesskundenbetreuer in der Telekommunikation,Vienna,https://www.cvonline.hu/hu/allas/businesskundenbetreuer-der-telekommunikation-1860029,2026-03-11,2026-03-25,True,Wien,,"German: Native, English: Professional",,,MS Office,Hybrid,Full-time,1-3 years,,,,,,,,,,,,,,,
1859897,Operational Readiness Manager,HAYS Hungary Kft.,https://www.cvonline.hu/hu/allas/operational-readiness-manager-1859897,2026-03-11,2026-03-25,True,,,English: B2,4 Year Degree,,"NetSuite, Salesforce",Hybrid,Full-time,5+ years,,,,,,,,,,,,,,,
1860081,Bereichsleiter Hardware Entwicklung (w/m/d),Laendle,https://www.cvonline.hu/hu/allas/bereichsleiter-hardware-entwicklung-w-m-d-1860081,2026-03-11,2026-03-25,True,Feldkirch,,"German: Native, English: Fluent",Bachelor,,,Flexible,Full-time,5+ years,,,,,,,,,,,,,,,
1859715,MEDIOR FULL STACK FEJLESZTŐ (HOME OFFICE),BECK AND PARTNERS Kft.,https://www.cvonline.hu/hu/allas/medior-full-stack-fejleszto-home-office-1859715,2026-03-11,2026-03-25,True,,900000 - 1200000 HUF/month,Hungarian: Native,,"JavaScript, TypeScript","React, Next.js, SQL, Git",Home-Office,Full-time,3-5 years,,,,,,,,,,,,,,,
1859517,Junior BI Developer,HAYS Hungary Kft.,https://www.cvonline.hu/hu/allas/junior-bi-developer-1859517,2026-03-11,2026-03-25,True,Budapest,,English: B2,,,"Power BI, Power Automate, MS Excel",Hybrid,Full-time,1-3 years,,,,,,,,,,,,,,,
1859892,IT Security Expert,HAYS Hungary Kft.,https://www.cvonline.hu/hu/allas/it-security-expert-1859892,2026-03-11,2026-03-25,True,,450000 HUF gross/year,Hungarian: Native,"Bachelor, Master","Linux, Windows","Active Directory, PKI",,Full-time,1-3 years,,,,,,,,,,,,,,,
1859767,IT-Mitarbeiter im Löwen Hotel Montafon (m/w/d),Laendle,https://www.cvonline.hu/hu/allas/it-mitarbeiter-im-lowen-hotel-montafon-m-w-d-1859767,2026-03-11,2026-03-25,True,,,German: Native,"Bachelor, Master",,"Microsoft 365, Fidelio Suite8, Oracle Simphony, Salto ProAccess Space, Geutebrück G-Core, Easreserve",,Full-time,1-3 years,,,,,,,,,,,,,,,
1859895,CRM IT Consultant,HAYS Hungary Kft.,https://www.cvonline.hu/hu/allas/crm-it-consultant-1859895,2026-03-11,2026-03-25,True,,,English: B2,,,,Home-Office,Full-time,1-3 years,,,,,,,,,,,,,,,
1859723,IT SUPPORT SPECIALIST - NÉMET NYELVŰ (JR/MDR/SR),BECK AND PARTNERS Kft.,https://www.cvonline.hu/hu/allas/it-support-specialist-nemet-nyelvu-jr-mdr-sr-1859723,2026-03-11,2026-03-25,True,Budapest,,German: C1,,,,Home-Office (50%),Full-time,1-3 years,,,,,,,,,,,,,,,
1861145,SAP Subject Matter Expert (3835),HumanField Vezető- és Specialistakiválasztó Kft.,https://www.cvonline.hu/hu/allas/sap-subject-matter-expert-3835-1861145,2026-03-13,2026-03-13,False,,Versenyképes alapbér,English: Native,Releváns felsőfokú végzettség,,"SAP ERP, SAP HANA, SAP S/4HANA",Hybrid,Full-time,5+ years,,,,,,,,,,,,,,,
1861144,SAP Subject Matter Expert (3835),HumanField Vezető- és Specialistakiválasztó Kft.,https://www.cvonline.hu/hu/allas/sap-subject-matter-expert-3835-1861144,2026-03-13,2026-03-13,False,,Versenyképes alapbér,English: Native,Relevant higher education degree,,"SAP ERP, SAP HANA, SAP S/4HANA",Hybrid (weekly home office),Full-time,5+ years,,,,,,,,,,,,,,,
1861071,Application Engineer für digitale Lösungen in der Fertigung (m/w/d),Laendle,https://www.cvonline.hu/hu/allas/application-engineer-fur-digitale-losungen-der-fertigung-m-w-d-1861071,2026-03-13,2026-03-25,True,,"14,600 EUR gross/year (based on collective agreement)",German: Native,"Higher Technical Education, Bachelor, Master",,"APIs, Datenbanken, MES/ERP-Systeme",Hybrid,Full-time,1-3 years,,,,,,,,,,,,,,,
1860969,Rendszergazda,Szent Kristóf Szakrendelő Nonprofit Kft,https://www.cvonline.hu/hu/lite/allas/rendszergazda-1860969,2026-03-13,2026-03-25,True,Budapest,,,High School with Diploma,,,On-site,Full-time,1-3 years,,,,,,,,,,,,,,,
1860968,ERP - pénzügyi modul tanácsadó,Mihalek Vezetői Tanácsadó Kft.,https://www.cvonline.hu/hu/allas/erp-penzugyi-modul-tanacsado-1860968,2026-03-13,2026-03-25,True,Budapest,,English,,,,Hybrid,Full-time,2-5 years,,,,,,,,,,,,,,,
1860919,IT Infrastruktúra Üzemeltetési gyakornok,MFB Magyar Fejlesztési Bank Zrt.,https://www.cvonline.hu/hu/lite/allas/it-infrastruktura-uzemeltetesi-gyakornok-1860919,2026-03-13,2026-03-25,True,,,Hungarian: Native,University Student,,Excel,On-site,Short-term,0-1 years,,,,,,,,,,,,,,,
1861122,LEAD BACKEND DEVELOPER (Node.js),BECK AND PARTNERS Kft.,https://www.cvonline.hu/hu/allas/lead-backend-developer-nodejs-1861122,2026-03-13,2026-03-25,True,Budapest,,English: B2,,"Node.js, TypeScript","NestJS, GraphQL, Kubernetes, Docker (Compose), CI/CD",On-site with home office,Full-time,5+ years,,,,,,,,,,,,,,,
1861086,Diákmunka - Test automation framework developer trainee,MŰISZ Iskolaszövetkezet,https://www.cvonline.hu/hu/allas/diakmunka-test-automation-framework-developer-trainee-1861086,2026-03-13,2026-03-25,True,,2200-2800 Ft/hour,English: B1,Ongoing studies in engineering or informatics,"C#, OOP","ASP.NET Core Web API, Selenium, UI Automation",Hybrid,,,,,,,,,,,,,,,,,
1860671,Mechatronik - Elektromaschinentechnik (m/w/d),Vienna,https://www.cvonline.hu/hu/allas/mechatronik-elektromaschinentechnik-m-w-d-1860671,2026-03-13,2026-03-25,True,Wiener Neudorf,,English: A1,High School with Diploma,,,On-site,Full-time,,,,,,,,,,,,,,,,
1860676,Lehrstelle Mechatronik- und Fertigungstechnik (m/w/d),Vienna,https://www.cvonline.hu/hu/allas/lehrstelle-mechatronik-und-fertigungstechnik-m-w-d-1860676,2026-03-13,2026-03-25,True,Amstetten,,,High School with Diploma,,,On-site,Short-term,0-1 years,,,,,,,,,,,,,,,
1861072,Integration Specialist (m/w/d)*,Laendle,https://www.cvonline.hu/hu/allas/integration-specialist-m-w-d-1861072,2026-03-13,2026-03-25,True,Kennelbach,,"German: Native, English: Fluent",High School with Diploma,,,On-site,Full-time,3-5 years,,,,,,,,,,,,,,,
1860687,Java Developer (w/m/x),"{'name': 'Unser Kunde ist ein familiengeführtes Softwarehaus und Systemintegrator mit mehr als 30 Jahren Erfahrung.', 'industries': ['Energie', 'Umwelt', 'Verkehr', 'Industrie']}",https://www.cvonline.hu/hu/allas/java-developer-w-m-x-1860687,2026-03-13,2026-03-14,False,,,,,,,,,,Wien,"{'min': 3000, 'max': 5000}",Vollzeit (ab 38 Wochenstunden),,"Entwicklung und Wartung von modernen, Microservice-basierten Java-Anwendungen, Betreuung des gesamten Produktlebenszyklus: Entwicklung, Security, Testing und Betrieb, Zusammenarbeit mit den Kunden und Umsetzung von Anforderungen, Durchführung von Code Reviews zur Sicherstellung der Codequalität, Erstellung und Pflege der technischen Dokumentation","Berufserfahrung als Java Developer (Schwerpunkte: Spring, Hibernate, REST), DevOps-Kenntnisse (Maven, Git), Know-How zu OWASP und SAMM, Autonome Arbeitsweise und Leidenschaft für die Softwareentwicklung, Soziale, teamfähige und humorvolle Persönlichkeit, Sehr gute Deutschkenntnisse","Flexible Arbeitszeiten, Homeoffice Equipment, Kaffee & Tee, Kein Dresscode, Öffentliche Erreichbarkeit, Rabatte, Weiterbildungen","{'name': 'Nadine Hafner', 'title': 'Recruiting Partner IT', 'phone': '+4315238207340', 'email': 'nadine.hafner@unser-kunde.at'}",,,,,,4 Tage in der Woche,"Java, Spring, Hibernate, REST API, Kubernetes, Maven"
1860699,IT System Engineer Oracle & AIX,Laendle,https://www.cvonline.hu/hu/allas/it-system-engineer-oracle-aix-1860699,2026-03-13,2026-03-25,True,,,German: Native,"Bachelor, Master","SQL, PL/SQL, Shell Scripting","Oracle Enterprise Manager, Ansible Automation Platform",,,5+ years,,,,,,,,,,,,,,,
1860590,Senior Data Engineer,HAYS Hungary Kft.,https://www.cvonline.hu/hu/allas/senior-data-engineer-1860590,2026-03-13,2026-03-25,True,Budapest,,English: C1,,,"GitHub Actions, JFrog, AWS Redshift, CloudWatch, Redshift Console",Hybrid,Full-time,5+ years,,,,,,,,,,,,,,,
1860551,INFORMATIKAI ASSZISZTENS,BECK AND PARTNERS Kft.,https://www.cvonline.hu/hu/allas/informatikai-asszisztens-1860551,2026-03-13,2026-03-25,True,Budaörs,,English: B2,High School with Diploma,,"MS Office, Windows",On-site,Full-time,3-5 years,,,,,,,,,,,,,,,
1860655,"Customer Technology Advisor - Mainframe (m,w,d)",Vienna,https://www.cvonline.hu/hu/allas/customer-technology-advisor-mainframe-mwd-1860655,2026-03-13,2026-03-25,True,,110000 EUR gross/year,"English: B2, German: C1",Bachelor,,,Home-Office,Full-time,5+ years,,,,,,,,,,,,,,,
1860491,Diákmunka - Szoftvertesztelő gyakornok,MŰISZ Iskolaszövetkezet,https://www.cvonline.hu/hu/allas/diakmunka-szoftvertesztelo-gyakornok-1860491,2026-03-13,2026-03-25,True,,2500 HUF/hora,"English: Unknown, German: Unknown",Bachelor,,Microsoft Office,On-site,Short-term,0-1 years,,,,,,,,,,,,,,,
1860587,IT Infrastructure Specialist,HAYS Hungary Kft.,https://www.cvonline.hu/hu/allas/it-infrastructure-specialist-1860587,2026-03-13,2026-03-25,True,Budapest,,Hungarian: Native,Bachelor,,"VMware, Hyper-V, Windows Server, PowerShell",On-site,Full-time,5+ years,,,,,,,,,,,,,,,
1860470,Netzplaner:in Glasfasernetz (FTTH),Laendle,https://www.cvonline.hu/hu/allas/netzplanerin-glasfasernetz-ftth-1860470,2026-03-13,2026-03-25,True,,,German: Native,"Bachelor, Master",,,,,3-5 years,,,,,,,,,,,,,,,
1860586,IT Specialist,HAYS Hungary Kft.,https://www.cvonline.hu/hu/allas/it-specialist-1860586,2026-03-13,2026-03-25,True,Somogy megye,,"English: B2, German: B2",Bachelor,,,On-site,Full-time,,,,,,,,,,,,,,,,
1860588,IT Support & Network Specialist,HAYS Hungary Kft.,https://www.cvonline.hu/hu/allas/it-support-network-specialist-1860588,2026-03-13,2026-03-25,True,,,Hungarian: Native,"Bachelor, Master",,"PowerShell, VMware, Veeam, Microsoft 365, Azure, Intune, Autopilot",On-site,Full-time,3-5 years,,,,,,,,,,,,,,,
1860589,Senior Azure DevOps Engineer,HAYS Hungary Kft.,https://www.cvonline.hu/hu/allas/senior-azure-devops-engineer-1860589,2026-03-13,2026-03-25,True,Budapest,,Hungarian: Native,,,"Azure, Linux OS, Docker, Jenkins, Terraform, Git, Kubernetes, Spinnaker, Grafana, CloudWatch, Kibana, Bash, Ansible",Hybrid,Full-time,5+ years,,,,,,,,,,,,,,,
1861517,Solution Architect,MBH Bank Nyrt.,https://www.cvonline.hu/hu/lite/allas/solution-architect-home-office-1861517,2026-03-14,2026-03-25,True,,,Hungarian: Native,"Bachelor, Master",,,Home-Office,Full-time,3-5 years,,,,,,,,,,,,,,,
1861516,Enterprise Architect,MBH Bank Nyrt.,https://www.cvonline.hu/hu/lite/allas/enterprise-architect-home-office-1861516,2026-03-14,2026-03-25,True,,,English: B2,"Bachelor, Master",,,Home-Office,Full-time,3-5 years,,,,,,,,,,,,,,,
1861513,Data Streaming szervező,MBH Bank Nyrt.,https://www.cvonline.hu/hu/lite/allas/data-streaming-szervezo-home-office-1861513,2026-03-14,2026-03-25,True,,,English: communicative,Bachelor,,Confluent Kafka,Home-Office,Full-time,3-5 years,,,,,,,,,,,,,,,
1861509,Rendszerszervező - ITSM rendszerek,MBH Bank Nyrt.,https://www.cvonline.hu/hu/lite/allas/rendszerszervezo-itsm-rendszerek-home-office-1861509,2026-03-14,2026-03-25,True,,,English,Bachelor,,,Home-Office,Full-time,3-5 years,,,,,,,,,,,,,,,
1861507,Incidensmenedzser - Budapest,MBH Bank Nyrt.,https://www.cvonline.hu/hu/lite/allas/incidensmenedzser-budapest-home-office-1861507,2026-03-14,2026-03-25,True,,,Hungarian: Native,"Bachelor, Master",,,Home-Office,Full-time,3-5 years,,,,,,,,,,,,,,,
1861504,Arksys üzemeltető,MBH Bank Nyrt.,https://www.cvonline.hu/hu/lite/allas/arksys-uzemelteto-home-office-1861504,2026-03-14,2026-03-25,True,,,English: Professional,Bachelor,"ILE RPG, CL","Arksys, AS/400, SQL (DB2/400 SQL), Mimix, OS/400, MQ V7R3, RPG, COBOL",Home-Office,Full-time,3-5 years,,,,,,,,,,,,,,,
1861502,Oracle adatbázis üzemeltető,MBH Bank Nyrt.,https://www.cvonline.hu/hu/lite/allas/oracle-adatbazis-uzemelteto-home-office-1861502,2026-03-14,2026-03-25,True,,,English: communicative,,,,Home-Office,,5+ years,,,,,,,,,,,,,,,
1861500,Linux rendszergazda,MBH Bank Nyrt.,https://www.cvonline.hu/hu/lite/allas/linux-rendszergazda-home-office-1861500,2026-03-14,2026-03-25,True,,,English: B2,"Bachelor, Master",Python,"RedHat Linux, Ansible, Jira",Home-Office,Full-time,3-5 years,,,,,,,,,,,,,,,
1861497,Hálózatüzemeltetési mérnök,MBH Bank Nyrt.,https://www.cvonline.hu/hu/lite/allas/halozatuzemeltetesi-mernok-home-office-1861497,2026-03-14,2026-03-25,True,,,English: Unknown,Bachelor,,CISCO,Home-Office,Full-time,5+ years,,,,,,,,,,,,,,,
1861496,Hardver és virtualizációs platform üzemeltetési szakmai irányító,MBH Bank Nyrt.,https://www.cvonline.hu/hu/lite/allas/hardver-es-virtualizacios-platform-uzemeltetesi-szakmai-iranyito-home-office-1861496,2026-03-14,2026-03-25,True,,,English: B2,Bachelor,,,Home-Office,Full-time,3-5 years,,,,,,,,,,,,,,,
1861495,Hardver és storage üzemeltető,MBH Bank Nyrt.,https://www.cvonline.hu/hu/lite/allas/hardver-es-storage-uzemelteto-home-office-1861495,2026-03-14,2026-03-25,True,,,English: Communicative,Bachelor,,,Home-Office,Full-time,3-5 years,,,,,,,,,,,,,,,
1861493,Senior virtualizációs üzemeltető,MBH Bank Nyrt.,https://www.cvonline.hu/hu/lite/allas/senior-virtualizacios-uzemelteto-home-office-1861493,2026-03-14,2026-03-25,True,,,English: B2,Bachelor,,"VMware, Microsoft Hyper-V, PowerCLI, PowerShell",Home-Office,Full-time,3-5 years,,,,,,,,,,,,,,,
1861491,Change és configuration menedzser,MBH Bank Nyrt.,https://www.cvonline.hu/hu/lite/allas/change-es-configuration-menedzser-1861491,2026-03-14,2026-03-25,True,,,Hungarian: Native,"Bachelor, Master",,,On-site,Full-time,3-5 years,,,,,,,,,,,,,,,
1861489,Cloud szakértő (AWS),MBH Bank Nyrt.,https://www.cvonline.hu/hu/lite/allas/cloud-szakerto-aws-home-office-1861489,2026-03-14,2026-03-25,True,,,English,Bachelor,,"AWS, Kubernetes, Terraform, Helm, ArgoCD, Gitlab, GitlabCI",Home-Office,Full-time,3-5 years,,,,,,,,,,,,,,,
1861488,Observability mérnök,MBH Bank Nyrt.,https://www.cvonline.hu/hu/lite/allas/observability-mernok-home-office-1861488,2026-03-14,2026-03-25,True,,,English: A2,Bachelor,,"Prometheus, Grafana, ELK, Dynatrace, Splunk, OpenTelemetry",Home-Office,Full-time,2-3 years,,,,,,,,,,,,,,,
1861484,Virtualizációs rendszermérnök,MBH Bank Nyrt.,https://www.cvonline.hu/hu/lite/allas/virtualizacios-rendszermernok-home-office-1861484,2026-03-14,2026-03-25,True,,,English: B2,Bachelor,,"PowerCLI, PowerShell",Home-Office,Full-time,3-5 years,,,,,,,,,,,,,,,
1861483,Rendszerüzemeltető mérnök - mentési rendszerek,MBH Bank Nyrt.,https://www.cvonline.hu/hu/lite/allas/rendszeruzemelteto-mernok-mentesi-rendszerek-home-office-1861483,2026-03-14,2026-03-25,True,,,Hungarian: Native,Bachelor,,"IBM Storage Protect (TSM), Microsoft Data Protection, Veeam Backup & Replication, Windows Server, Linux, VMware, Hyper-V, Oracle, SQL",Home-Office,Full-time,3-5 years,,,,,,,,,,,,,,,
1861295,Építésvezető (Balatonfüred),HD Direkt,https://www.cvonline.hu/hu/lite/allas/epitesvezeto-balatonfured-1861295,2026-03-14,2026-03-25,True,Balatonfüred,,English: A1,"High School with Diploma, Bachelor",,"CAD, MS Office",On-site,Full-time,5+ years,,,,,,,,,,,,,,,
1861593,Business Analyst (m/w/d),Laendle,https://www.cvonline.hu/hu/allas/business-analyst-m-w-d-1861593,2026-03-14,2026-03-25,True,,Mindestens 2000 EUR brutto/Monat (kollektivvertragliches Mindestentgelt),English: B2,"Bachelor, Master",,,Hybrid,Full-time,1-3 years,,,,,,,,,,,,,,,
1861610,Diákmunka -  AI Developer Trainee,MŰISZ Iskolaszövetkezet,https://www.cvonline.hu/hu/allas/diakmunka-ai-developer-trainee-1861610,2026-03-14,2026-03-25,True,Budapest,,English: B2,,Python,LLM API (OpenAI / Azure OpenAI / Claude),On-site with home office,Short-term,0-1 years,,,,,,,,,,,,,,,
1861570,SENIOR iOS FEJLESZTŐ (Foundation terület),BECK AND PARTNERS Kft.,https://www.cvonline.hu/hu/allas/senior-ios-fejleszto-foundation-terulet-1861570,2026-03-14,2026-03-25,True,Budapest,,English: B2,Felsőfokú informatikai vagy gazdasági végzettséged van,Swift,"Git, Jira, CI/CD pipeline-ok, Mock framework (pl. SwiftyMocky), GraphQL API integráció, CocoaPods, Swift Package Manager",Hybrid,Full-time,3-5 years,,,,,,,,,,,,,,,
1861594,.NET Backend Developer (m/w/d),Laendle,https://www.cvonline.hu/hu/allas/net-backend-developer-m-w-d-1861594,2026-03-14,2026-03-25,True,,1400 EUR gross/month,English: B2,High School with Diploma,"C#, Java","AWS, Azure",Hybrid,Full-time,3-5 years,,,,,,,,,,,,,,,
1861225,Lehrling für den Beruf Mechatronik,Vienna,https://www.cvonline.hu/hu/allas/lehrling-fur-den-beruf-mechatronik-1861225,2026-03-14,2026-03-25,True,,1138.23 EUR gross/month,,High School with Diploma,,,On-site,Short-term,0-1 years,,,,,,,,,,,,,,,
1861608,Diákmunka - AI Project Assistant,MŰISZ Iskolaszövetkezet,https://www.cvonline.hu/hu/allas/diakmunka-ai-project-assistant-1861608,2026-03-14,2026-03-25,True,Budapest,,English: B2,,Python,"Office (PowerPoint, Word)",Home-Office,Short-term,0-1 years,,,,,,,,,,,,,,,
1861270,IT INHOUSE CONSULTANT SAP EDI (M/W/D),Laendle,https://www.cvonline.hu/hu/allas/it-inhouse-consultant-sap-edi-m-w-d-1861270,2026-03-14,2026-03-25,True,Rankweil,,"German: Native, English: Professional",Bachelor,,"EDI-Tools or Middleware-Lösungen (e.g. Seeburger, Lobster, MuleSoft, Boomi, Sterling)",,Full-time,3-5 years,,,,,,,,,,,,,,,
1861595,ERP Solution Architect (m/w/d),Laendle,https://www.cvonline.hu/hu/allas/erp-solution-architect-m-w-d-1861595,2026-03-14,2026-03-25,True,,"14,250 EUR gross/month","German: Native, English: C1",Bachelor,,,Hybrid,Full-time,3-5 years,,,,,,,,,,,,,,,
1861268,"DevOps Engineer, 80-100% (w/m/x)",Laendle,https://www.cvonline.hu/hu/allas/devops-engineer-80-100-w-m-x-1861268,2026-03-14,2026-03-25,True,,Upon agreement,English: B2,,"TypeScript, Python","GitLab, Azure DevOps, Docker, Bash, PowerShell, Ansible, Terraform",On-site with home office,Full-time,1-3 years,,,,,,,,,,,,,,,
1861222,Lehrling Mechatronik - Fertigungstechnik (all genders),Vienna,https://www.cvonline.hu/hu/allas/lehrling-mechatronik-fertigungstechnik-all-genders-1861222,2026-03-14,2026-03-25,True,,,"German: Native, English: Good",High School with Diploma,,,On-site,Short-term,0-1 years,,,,,,,,,,,,,,,
1861269,Software- und Systemtechniker:in Energienetze,Laendle,https://www.cvonline.hu/hu/allas/software-und-systemtechnikerin-energienetze-1861269,2026-03-14,2026-03-25,True,,,German: Native,,,,On-site,,,,,,,,,,,,,,,,,
1861186,Dutch Speaking Technical Support Analyst,HSA Kft.,https://www.cvonline.hu/hu/allas/dutch-speaking-technical-support-analyst-1861186,2026-03-14,2026-03-25,True,Debrecen,,"Dutch: C1, English: B2",High School with Diploma,,MS Office,On-site,Full-time,0-1 years,,,,,,,,,,,,,,,
1861185,Holland nyelvű Technical Support Analyst,HSA Kft.,https://www.cvonline.hu/hu/allas/holland-nyelvu-technical-support-analyst-1861185,2026-03-14,2026-03-25,True,Debrecen,,"Dutch: C1, English: B2",High School with Diploma,,MS Office,On-site,Full-time,0-1 years,,,,,,,,,,,,,,,
1861215,IT Systemtechnik Lehrling (m/w/x),Vienna,https://www.cvonline.hu/hu/allas/it-systemtechnik-lehrling-m-w-x-1861215,2026-03-14,2026-03-25,True,Wien,,German: C2,High School with Diploma,,,On-site,Full-time,0-1 years,,,,,,,,,,,,,,,
1860216,IT Service Desk Analyst-German and English,ALDI Magyarország Élelmiszer Bt.,https://www.cvonline.hu/hu/lite/allas/it-service-desk-analyst-german-and-english-1860216,2026-03-16,2026-03-25,True,Not specified,,"German: C1/C2, English: B2",High School with Diploma or higher,,,On-site with home office,Full-time,0-1 years,,,,,,,,,,,,,,,
1862359,Chief Product Owner (m/w/d) CRM,Vienna,https://www.cvonline.hu/hu/allas/chief-product-owner-m-w-d-crm-1862359,2026-03-16,2026-03-25,True,Wien,85000 EUR gross/year,English: Negotiation level,Bachelor or higher,,,Hybrid,Full-time,5+ years,,,,,,,,,,,,,,,
1862271,3D Artist,HAYS Hungary Kft.,https://www.cvonline.hu/hu/allas/3d-artist-1862271,2026-03-16,2026-03-25,True,,,English: B2,"Bachelor, Master",,"Maya, Blender, 3ds Max, ZBrush, Substance Painter/Designer, Unreal Engine",,Full-time,3-5 years,,,,,,,,,,,,,,,
1862286,IT fejlesztőmérnök (Somogy megye),Hire-One Kft.,https://www.cvonline.hu/hu/allas/it-fejlesztomernok-somogy-megye-1862286,2026-03-16,2026-03-25,True,,,English: B1,Bachelor,"C#, .NET",MySQL,"Home-Office, Hybrid",,2+ years,,,,,,,,,,,,,,,
1862324,Senior SAP Consultant (w/m/x),"{'name': 'Erfolgreiches IT-Beratungsunternehmen', 'industry': 'Handels- und Konsumgüterindustrie', 'employees': 'Über 150 Mitarbeiter', 'location': 'Europaweit'}",https://www.cvonline.hu/hu/allas/senior-sap-consultant-w-m-x-1862324,2026-03-16,2026-03-25,True,,,,,,,,,,"Salzburg, Oberösterreich, Wien","{'min': '3.500€', 'max': '6.000€'}",Vollzeit (ab 38 Wochenstunden),4 Tage in der Woche,"Umfassende Beratung und Betreuung von Kunden im nationalen und internationalen Retail-Umfeld, Unterstützung und Begleitung von SAP-Projekten im Einzelhandelsbereich, Erarbeitung effizienter Strukturen gemeinsam mit dem Kunden, Projekt- sowie Prozessmanagement","Abgeschlossene höhere Ausbildung (FH/Uni), Mehrjährige Berufserfahrung im SAP-Umfeld, Kenntnisse im Retail-Umfeld wünschenswert, Ausgeprägtes Prozessverständnis sowie Kundenorientierung, Selbständige Arbeitsweise und Reisebereitschaft, Sehr gute Deutsch- und Englischkenntnisse","Firmenauto, welches auch privat genutzt werden kann, Workation Möglichkeit, Unterstützung beim Eigenheimbau mit einem geringen Zinssatz, Individuelle Weiterbildungs- und Weiterentwicklungsmöglichkeiten in der SAP-Welt, Abwechslungsreiche SAP-Projekte im internationalen Umfeld, Kollegiales und hochmotiviertes Team, Flexible Arbeitseinteilung mit Home-Office Möglichkeit","{'name': 'Monir Forster Recruiting Partner IT', 'phone': '+43 732 61 12 21 -225', 'email': '', 'website': ''}",,,,,,,
1862145,FULL STACK JAVA FEJLESZTŐ,BECK AND PARTNERS Kft.,https://www.cvonline.hu/hu/allas/full-stack-java-fejleszto-1862145,2026-03-16,2026-03-25,True,Budapest,,English: B2,BSc,"Java, Spring, SQL, Angular, Python","AWS, Docker, Kubernetes, JUnit, Mockito, REST/SOAP API, SNS, SQS, Kafka",Hybrid,Full-time,7+ years,,,,,,,,,,,,,,,
1862174,Group Leader IT Operations,Laendle,https://www.cvonline.hu/hu/allas/group-leader-it-operations-1862174,2026-03-16,2026-03-25,True,,,"German: C1, English: B2",,,"MS Server, Azure, M365, Palo Alto, Cisco",Hybrid,Full-time,3-5 years,,,,,,,,,,,,,,,
1861974,Senior Techincal Solution Architect D365 (all gender),Laendle,https://www.cvonline.hu/hu/allas/senior-techincal-solution-architect-d365-all-gender-1861974,2026-03-16,2026-03-25,True,Hard,,"German: Native, English: Fluent",Bachelor,,"Microsoft Dynamics 365 Finance & Operations, Azure DevOps, Lifecycle Services, Power Platform Admin Center",Hybrid,Full-time,5+ years,,,,,,,,,,,,,,,
1861972,Software Developer - Data & System Integration Solutions (m/w/d),Laendle,https://www.cvonline.hu/hu/allas/software-developer-data-system-integration-solutions-m-w-d-1861972,2026-03-16,2026-03-25,True,,Kollektivvertragliches Mindestentgelt der Metallindustrie,German: Native,"Bachelor, Master",,"Tyk.IO, Kafka",Hybrid,Full-time,3-5 years,,,,,,,,,,,,,,,
1861973,Team Lead - Solution Architect (m/w/d),Laendle,https://www.cvonline.hu/hu/allas/team-lead-solution-architect-m-w-d-1861973,2026-03-16,2026-03-25,True,,1400 EUR gross/month,German: Native,Bachelor,,,Hybrid,Full-time,3-5 years,,,,,,,,,,,,,,,
1861724,SAP ABAP fejlesztő (logisztika),Pannonjob Kft.,https://www.cvonline.hu/hu/allas/sap-abap-fejleszto-logisztika-1861724,2026-03-16,2026-03-25,True,Debrecen,,English: B2,,ABAP (classic vagy OO),"SAP EWM, SAP WM, SAP LE, SAP TM, S/4 HANA",Hybrid,Full-time,3-5 years,,,,,,,,,,,,,,,
1861804,"IT-SYSTEMADMINISTRATOR, SCHWERPUNKT SECURITY (M/W/D)",Laendle,https://www.cvonline.hu/hu/allas/it-systemadministrator-schwerpunkt-security-m-w-d-1861804,2026-03-16,2026-03-25,True,,,German: Native,"High School with Diploma, Bachelor",,,On-site,Full-time,,,,,,,,,,,,,,,,
1861714,SAP Software Engineer,Pannonjob Kft.,https://www.cvonline.hu/hu/allas/sap-software-engineer-1861714,2026-03-16,2026-03-25,True,Debrecen,,English: Fluent,,ABAP,"SAP S/4HANA, SAP EWM, SAP WM, SAP LE, SAP TM, Kafka, Jira, Confluence",On-site with home office,,3-5 years,,,,,,,,,,,,,,,
1861699,SAP ABAP Developer (Logistics),Pannonjob Kft.,https://www.cvonline.hu/hu/allas/sap-abap-developer-logistics-1861699,2026-03-16,2026-03-25,True,Hajdú-Bihar megye,,English: B2,,ABAP,"SAP EWM, SAP WM, SAP LE, SAP TM, S/4 HANA",Hybrid,Full-time,3-5 years,,,,,,,,,,,,,,,
1861870,IT vezető,Trenkwalder Kft,https://www.cvonline.hu/hu/allas/it-vezeto-1861870,2026-03-16,2026-03-17,False,,,English: B2,Bachelor,,,On-site,Full-time,3-5 years,,,,,,,,,,,,,,,
1861780,IT mérnök,Pannonjob Kft.,https://www.cvonline.hu/hu/allas/it-mernok-1861780,2026-03-16,2026-03-25,True,Miskolc,,"Hungarian: Native, English: Fluent",Bachelor,,"Windows Server, VMware, Azure, AWS, PowerShell",On-site,Full-time,3-5 years,,,,,,,,,,,,,,,
1861758,SAP Logistics Application Expert (EWM/WM/LE/TM),Pannonjob Kft.,https://www.cvonline.hu/hu/allas/sap-logistics-application-expert-ewm-wm-le-tm-1861758,2026-03-16,2026-03-25,True,Debrecen,,English: C1,Bachelor,,"SAP S/4HANA, EWM, WM, LE, TM, ABAP",,Full-time,2-3 years,,,,,,,,,,,,,,,
1861759,SAP Logistics Application Expert (EWM/WM/LE/TM),Pannonjob Kft.,https://www.cvonline.hu/hu/allas/sap-logistics-application-expert-ewm-wm-le-tm-1861759,2026-03-16,2026-03-25,True,Debrecen,,English: Fluent,University degree,ABAP,"SAP S/4HANA, EWM, WM, LE, TM, Kafka, Jira, Confluence",,,2-3 years,,,,,,,,,,,,,,,
1861805,Power BI Specialist (m/w/d),Laendle,https://www.cvonline.hu/hu/allas/power-bi-specialist-m-w-d-1861805,2026-03-16,2026-03-25,True,Höchst,,"German: Native, English: Professional",Bachelor,Power BI,"Microsoft Azure Cloud, SQL",Hybrid,Full-time,3-5 years,,,,,,,,,,,,,,,
1861819,Diákmunka - Informatikai rendszertámogató gyakornok,MŰISZ Iskolaszövetkezet,https://www.cvonline.hu/hu/allas/diakmunka-informatikai-rendszertamogato-gyakornok-1861819,2026-03-16,2026-03-25,True,,2600 HUF/hour,English: A1,High School with Diploma,,"Zabbix, Mikrotik, Synology, QNAP, VMware, Proxmox, Dell",,Short-term,0-1 years,,,,,,,,,,,,,,,
1861715,SAP Szoftvermérnök,Pannonjob Kft.,https://www.cvonline.hu/hu/allas/sap-szoftvermernok-1861715,2026-03-16,2026-03-25,True,Hajdú-Bihar megye,,English: B2,,,"SAP ERP, SAP LE, SAP TM, SAP EWM, SAP S/4 HANA, Kafka, Jira, Confluence",On-site,,2-3 years,,,,,,,,,,,,,,,
1863665,Beszerzési és Közbeszerzési gyakornok,MFB Magyar Fejlesztési Bank Zrt.,https://www.cvonline.hu/hu/lite/allas/beszerzesi-es-kozbeszerzesi-gyakornok-1863665,2026-03-17,2026-03-25,True,,,Hungarian: Native,University Student,,Excel,On-site,Short-term,0-1 years,,,,,,,,,,,,,,,
1863573,IT Service Management Consultant (m/w/d),Laendle,https://www.cvonline.hu/hu/allas/it-service-management-consultant-m-w-d-1863573,2026-03-17,2026-03-25,True,,,"German: Native, English: Fluent",Master,,,Flexible,Full-time,5+ years,,,,,,,,,,,,,,,
1863463,IT specialista,Trenkwalder Kft,https://www.cvonline.hu/hu/allas/it-specialista-1863463,2026-03-17,2026-03-25,True,,,"English: B2, German: B2",,,Microsoft Dynamics 365 Finance and Operations,Hybrid,Full-time,1-3 years,,,,,,,,,,,,,,,
1863385,Application Engineer Intern – JavaScript,Mind-Diák Szövetkezet,https://www.cvonline.hu/hu/allas/application-engineer-intern-javascript-1863385,2026-03-17,2026-03-25,True,,2950 HUF/hour gross,English: B2,High School with Diploma,JavaScript,"Snowflake, Spark, Storm, Solr",Hybrid,Short-term,0-1 years,,,,,,,,,,,,,,,
1853009,Core Rendszerek Tervező Csoportvezető,Magyar Posta ZRt.,https://www.cvonline.hu/hu/allas/core-rendszerek-tervezo-csoportvezeto-1853009,2026-03-17,2026-03-25,True,Budapest,,English: Communicative,Master,,Enterprise Architect,On-site,Full-time,3-5 years,,,,,,,,,,,,,,,
1853032,Rendszerszervező,Magyar Posta ZRt.,https://www.cvonline.hu/hu/allas/rendszerszervezo-1853032,2026-03-17,2026-03-25,True,Budapest,,English: B2,Felsőfokú műszaki/informatikai végzettség,,,On-site,Full-time,3-5 years,,,,,,,,,,,,,,,
1863365,Szoftverfejlesztő gyakornok,Mind-Diák Szövetkezet,https://www.cvonline.hu/hu/allas/szoftverfejleszto-gyakornok-1863365,2026-03-17,2026-03-25,True,,2400 HUF/hour,Hungarian: Native,High School with Diploma,"C#, .Net, MS SQL, ASP.Net, SQL",,On-site,Short-term,0-1 years,,,,,,,,,,,,,,,
1863401,Polish Speaking Sales Support Intern,Mind-Diák Szövetkezet,https://www.cvonline.hu/hu/allas/polish-speaking-sales-support-intern-1863401,2026-03-17,2026-03-25,True,,2500 HUF/hour gross,"English: Advanced, Hungarian: Native",High School with Diploma,,"MS Office applications (Excel, Word, PowerPoint, Outlook)",Hybrid,Short-term,0-1 years,,,,,,,,,,,,,,,
1863374,German Speaking Sales Support Intern,Mind-Diák Szövetkezet,https://www.cvonline.hu/hu/allas/german-speaking-sales-support-intern-1863374,2026-03-17,2026-03-25,True,,2500 HUF/hour gross,"English: B2, German: B2",High School with Diploma,,"MS Office applications (Excel, Word, PowerPoint, Outlook)",Hybrid,Short-term,0-1 years,,,,,,,,,,,,,,,
1863157,IT biztonsági szakértő (SIEM),Randstad Hungary Kft.,https://www.cvonline.hu/hu/allas/it-biztonsagi-szakerto-siem-1863157,2026-03-17,2026-03-25,True,,2000 EUR gross/month,English: B2,,,,Hybrid,Full-time,3-5 years,,,,,,,,,,,,,,,
1862823,Senior rendszermérnök (IT tervezési rendszermérnök),Magyar Posta ZRt.,https://www.cvonline.hu/hu/allas/senior-rendszermernok-it-tervezesi-rendszermernok-1862823,2026-03-17,2026-03-25,True,Budapest,,English: B2,,,,On-site,Full-time,5+ years,,,,,,,,,,,,,,,
1862972,Szoftvertesztelő,Starjobs Magyarország,https://www.cvonline.hu/hu/allas/szoftvertesztelo-1862972,2026-03-17,2026-03-25,True,,,English: B2,"Bachelor, Master, PhD",C#,"VisualStudio, GitHub, JIRA, Polarion",,,3-5 years,,,,,,,,,,,,,,,
1863376,Műszaki értékesítő,Mind-Diák Szövetkezet,https://www.cvonline.hu/hu/allas/muszaki-ertekesito-1863376,2026-03-17,2026-03-20,False,,2236 HUF gross/hr,Hungarian: Native,High School with Diploma,,,On-site,Short-term,,,,,,,,,,,,,,,,
1863158,IT biztonsági szakértő,Randstad Hungary Kft.,https://www.cvonline.hu/hu/allas/it-biztonsagi-szakerto-1863158,2026-03-17,2026-03-25,True,Budapest,,English: C1,Master,,,Hybrid,Full-time,1-3 years,,,,,,,,,,,,,,,
1862753,IT Üzleti elemző,Magyar Posta ZRt.,https://www.cvonline.hu/hu/allas/it-uzleti-elemzo-1862753,2026-03-17,2026-03-25,True,Budapest,,English,Bachelor,,"MS Visio, BPMN 2.0, UML, Power BI, Confluence, SharePoint, JIRA, MS Project",On-site with home office,Full-time,3-5 years,,,,,,,,,,,,,,,
1863468,Network Monitoring Systems Platform Engineer,Trenkwalder Kft,https://www.cvonline.hu/hu/allas/network-monitoring-systems-platform-engineer-1863468,2026-03-17,2026-03-25,True,,Competitive,English: B2,,,OSS/infrastructure management tools,Hybrid,Full-time,3-5 years,,,,,,,,,,,,,,,
1863395,Cybersecurity gyakornok,Mind-Diák Szövetkezet,https://www.cvonline.hu/hu/allas/cybersecurity-gyakornok-1863395,2026-03-17,2026-03-25,True,,2332 HUF/hour,English: Intermediate,"Bachelor or higher in Computer Science, Informatics, or related IT field",,MS Office,Hybrid,Full-time,0-1 years,,,,,,,,,,,,,,,
1863162,CoreMedia Developer,Randstad Hungary Kft.,https://www.cvonline.hu/hu/allas/coremedia-developer-1863162,2026-03-17,2026-03-25,True,,,English: B2,Bachelor,"Java, JavaScript, HTML, CSS","CoreMedia CMS, Docker, Kubernetes, Azure DevOps, Grafana, MongoDB, Spring Boot, REST",Hybrid,Full-time,3-5 years,,,,,,,,,,,,,,,
1863384,Application Engineer Intern – Java,Mind-Diák Szövetkezet,https://www.cvonline.hu/hu/allas/application-engineer-intern-java-1863384,2026-03-17,2026-03-25,True,,2950 HUF/hour gross,English: B2,High School with Diploma,Java,"Snowflake, Spark, Storm, Solr",Hybrid,Short-term,0-1 years,,,,,,,,,,,,,,,
1863383,Adatközpont operátor gyakornok,Mind-Diák Szövetkezet,https://www.cvonline.hu/hu/allas/adatkozpont-operator-gyakornok-1863383,2026-03-17,2026-03-25,True,,2544 HUF/hour,English: A1,High School with Diploma,,"Windows, Office programs",On-site,Short-term,,,,,,,,,,,,,,,,
1863366,Manuális tesztelő gyakornok,Mind-Diák Szövetkezet,https://www.cvonline.hu/hu/allas/manualis-tesztelo-gyakornok-1863366,2026-03-17,2026-03-25,True,,2400 HUF/hour,Hungarian: Native,High School with Diploma,,,On-site,Short-term,,,,,,,,,,,,,,,,
1863159,Power Platform Consultant,Randstad Hungary Kft.,https://www.cvonline.hu/hu/allas/power-platform-consultant-1863159,2026-03-17,2026-03-25,True,,,English,"Bachelor, Master",,"Microsoft Power Platform, Copilot Studio",Flexible,Full-time,2+ years,,,,,,,,,,,,,,,
1863412,Salesforce Data Quality Intern,Mind-Diák Szövetkezet,https://www.cvonline.hu/hu/allas/salesforce-data-quality-intern-1863412,2026-03-17,2026-03-25,True,Budapest,,English: B2,High School with Diploma,,,Hybrid,Short-term,,,,,,,,,,,,,,,,
1863386,Application Engineer Intern – Python,Mind-Diák Szövetkezet,https://www.cvonline.hu/hu/allas/application-engineer-intern-python-1863386,2026-03-17,2026-03-25,True,,2950 HUF/hour gross,English: Unknown,Expected university graduation in summer of 2027,Python,"Snowflake, Spark, Storm, Solr",Hybrid,Short-term,,,,,,,,,,,,,,,,
1863379,IT területen kisegítő diák,Mind-Diák Szövetkezet,https://www.cvonline.hu/hu/allas/it-teruleten-kisegito-diak-1863379,2026-03-17,2026-03-25,True,Bonyhád,,,High School with Diploma,,,On-site,Short-term,0-1 years,,,,,,,,,,,,,,,
1862941,Holland nyelvű ügyfélszolgálati munkatárs,HSA Kft.,https://www.cvonline.hu/hu/allas/holland-nyelvu-ugyfelszolgalati-munkatars-1862941,2026-03-17,2026-03-25,True,Budapest,,"Dutch: C1, English: B2",High School with Diploma,,MS Office,On-site,Full-time,0-1 years,,,,,,,,,,,,,,,
1862940,Dutch Speaking Customer Service Specialist,HSA Kft.,https://www.cvonline.hu/hu/allas/dutch-speaking-customer-service-specialist-1862940,2026-03-17,2026-03-25,True,Budapest,,"Dutch: C1, English: B2",High School with Diploma,,MS Office,On-site,Full-time,0-1 years,,,,,,,,,,,,,,,
1862699,Pályavasúti szakértő,MÁV Pályaműködtetési Zrt.,https://www.cvonline.hu/hu/allas/palyavasuti-szakerto-1862699,2026-03-17,2026-03-25,True,Budapest,,Hungarian: Native,"High School with Diploma, Bachelor",SAP,"SAP PM module, Infralife, TopoRail",On-site,Full-time,3-5 years,,,,,,,,,,,,,,,
1862817,SAP DevOps témavezető szakértő (SAP modulgazda),Magyar Posta ZRt.,https://www.cvonline.hu/hu/allas/sap-devops-temavezeto-szakerto-sap-modulgazda-1862817,2026-03-17,2026-03-25,True,Budapest,,English: B2,Felsőfokú informatikai/gazdasági/műszaki szakirányú végzettség,,SAP,Home-Office,Full-time,3+ years,,,,,,,,,,,,,,,
1862546,Solution Architect Specialist,Trenkwalder Kft,https://www.cvonline.hu/hu/allas/solution-architect-specialist-1862546,2026-03-17,2026-03-25,True,,a0tbI00000TrUDnQAN,English,,,,Hybrid,Full-time,5+ years,,,,,,,,,,,,,,,
1864884,MINŐSÉGBIZTOSÍTÁSI VILLAMOSMÉRNÖK GYAKORNOK - 9.KERÜLET (DIÁKMUNKA),Job Force Iskolaszövetkezet,https://www.cvonline.hu/hu/allas/minosegbiztositasi-villamosmernok-gyakornok-9kerulet-diakmunka-1864884,2026-03-18,2026-03-25,True,,2200 HUF/hour,English: Unknown,,,,,Short-term,,,,,,,,,,,,,,,,
1864350,IT-Anwenderbetreuer im Bereich Ausführende Logistik (m/w/d),Laendle,https://www.cvonline.hu/hu/allas/it-anwenderbetreuer-im-bereich-ausfuhrende-logistik-m-w-d-1864350,2026-03-18,2026-03-25,True,Höchst,,"German: Native, English: Professional",High School with Diploma,,,Hybrid,Full-time,1-3 years,,,,,,,,,,,,,,,
1864352,IT-Inhouse Consultant Supply Chain Management / Materialdisposition (m/w/d),Laendle,https://www.cvonline.hu/hu/allas/it-inhouse-consultant-supply-chain-management-materialdisposition-m-w-d-1864352,2026-03-18,2026-03-25,True,Höchst,,"German: Native, English: Fluent",Bachelor,,"SAP ERP, SAP APO, Non-SAP, S/4HANA, IBP",Hybrid,Full-time,3-5 years,,,,,,,,,,,,,,,
1864354,IT-Inhouse Consultant Order-To-Cash (m/w/d),Laendle,https://www.cvonline.hu/hu/allas/it-inhouse-consultant-order-cash-m-w-d-1864354,2026-03-18,2026-03-25,True,Höchst,,"German: Native, English: Fluent",Bachelor,,"SAP SD, SAP TM, SAP APO, SAP IBP",Hybrid,Full-time,3-5 years,,,,,,,,,,,,,,,
1864220,Pénzügyi és adatmenedzsment gyakornok,Mind-Diák Szövetkezet,https://www.cvonline.hu/hu/allas/penzugyi-es-adatmenedzsment-gyakornok-1864220,2026-03-18,2026-03-25,True,,3300 HUF gross/hour,English: Passive,High School with Diploma,,"MS Office, PowerQuery, PowerBI",On-site with home office,Short-term,,,,,,,,,,,,,,,,
1864667,IT szakértő,MÁV Szolgáltató Központ Zrt.,https://www.cvonline.hu/hu/allas/it-szakerto-1864667,2026-03-18,2026-03-25,True,Budapest,,English: A1,"Felsőfokú szakirányú állami iskolai végzettség - diploma, vagy felsőfokú állami iskolai végzettség – diploma és szakirányú képesítés",,"MS Windows, Android, MDM, AD, SCCM, MS Office, MS Excel",On-site,Határozatlan idejű,3-5 years,,,,,,,,,,,,,,,
1864256,IT Operátor,Trenkwalder Kft,https://www.cvonline.hu/hu/allas/it-operator-1864256,2026-03-18,2026-03-25,True,,,English: B2,Bachelor,,"Microsoft Word, Microsoft Excel, Microsoft PowerPoint",,,1-3 years,,,,,,,,,,,,,,,
1864154,Szolgáltatásmenedzser (Bérszámfejtés tapasztalattal),Randstad Hungary Kft.,https://www.cvonline.hu/hu/allas/szolgaltatasmenedzser-berszamfejtes-tapasztalattal-1864154,2026-03-18,2026-03-25,True,,,English: Fluent,,,Atlassian products,Home-Office,Full-time,1-3 years,,,,,,,,,,,,,,,
1864286,"Web&ERP támogató konzulens (Web, Backend)",Hire-One Kft.,https://www.cvonline.hu/hu/allas/weberp-tamogato-konzulens-web-backend-1864286,2026-03-18,2026-03-25,True,,,English: Intermediate,"Bachelor, Master","HTML, CSS, JavaScript, .NET (C#), REST API, SQL",Microsoft Dynamics 365,,,3-5 years,,,,,,,,,,,,,,,
1864119,BUDAPEST - NUKLEÁRIS MÉRNÖK GYAKORNOK (DIÁKMUNKA),Job Force Iskolaszövetkezet,https://www.cvonline.hu/hu/allas/budapest-nuklearis-mernok-gyakornok-diakmunka-1864119,2026-03-18,2026-03-25,True,,2500 HUF/hour,English: unknown,Master,,,,Short-term,0-1 years,,,,,,,,,,,,,,,
1864351,IT-Inhouse Consulting Logistics Execution (m/w/d),Laendle,https://www.cvonline.hu/hu/allas/it-inhouse-consulting-logistics-execution-m-w-d-1864351,2026-03-18,2026-03-25,True,Höchst,,"German: Native, English: Professional",Bachelor,,SAP-EWM,Hybrid,Full-time,3-5 years,,,,,,,,,,,,,,,
1864337,"Customer Technology Advisor - Cloud 


(m/w/d)",Vienna,https://www.cvonline.hu/hu/allas/customer-technology-advisor-cloud-m-w-d-1864337,2026-03-18,2026-03-25,True,,110000 EUR gross/year,"English: B2, German: C1",,,,Home-Office,Full-time,5+ years,,,,,,,,,,,,,,,
1864216,IT adminisztrátor,Mind-Diák Szövetkezet,https://www.cvonline.hu/hu/allas/it-adminisztrator-1864216,2026-03-18,2026-03-25,True,,2500 HUF gross/hour,English: B1,High School with Diploma,,"Excel, MS Access",On-site,Short-term,,,,,,,,,,,,,,,,
1864353,IT-Inhouse Consultant Supply Chain Management / Produktionsplanung (m/w/d),Laendle,https://www.cvonline.hu/hu/allas/it-inhouse-consultant-supply-chain-management-produktionsplanung-m-w-d-1864353,2026-03-18,2026-03-25,True,Höchst,,"German: Native, English: Professional",Bachelor,,"SAP PP, Non-SAP Systems",Hybrid,Full-time,3-5 years,,,,,,,,,,,,,,,
1864001,IT MUNKATÁRS,BECK AND PARTNERS Kft.,https://www.cvonline.hu/hu/allas/it-munkatars-1864001,2026-03-18,2026-03-25,True,"Budapest, III. kerület",,Hungarian: Native,High School with Diploma,,"Windows, Office 365",On-site,Full-time,1-3 years,,,,,,,,,,,,,,,
1864223,Rendszergazda gyakornok,Mind-Diák Szövetkezet,https://www.cvonline.hu/hu/allas/rendszergazda-gyakornok-1864223,2026-03-18,2026-03-25,True,,2145 HUF/hour,Hungarian: Native,High School with Diploma,Windows/Linux,Active Directory,On-site,Full-time,,,,,,,,,,,,,,,,
1864158,Teszt technikus,Randstad Hungary Kft.,https://www.cvonline.hu/hu/allas/teszt-technikus-1864158,2026-03-18,2026-03-25,True,Komárom,,English: A1,High School with Diploma,,"Windows OS, MS Office, Linux, Ubuntu","3 műszakos munkarend, vagy folyamatos 12 óra vállalása",,,,,,,,,,,,,,,,,
1864074,IT - Infrastructure Support Engineer (m/w/d),Laendle,https://www.cvonline.hu/hu/allas/it-infrastructure-support-engineer-m-w-d-1864074,2026-03-18,2026-03-25,True,,nach Vereinbarung,German: Native,,,"Microsoft, Baramundi",On-site,Full-time,3-5 years,,,,,,,,,,,,,,,
1863789,Senior/Principal Software Engineer,Trenkwalder Kft,https://www.cvonline.hu/hu/allas/senior-principal-software-engineer-1863789,2026-03-18,2026-03-25,True,,,English: B2,"Bachelor, Master",C++,"LabVIEW, LabVIEW FPGA, VeriStand",Hybrid,,5+ years,,,,,,,,,,,,,,,
1863888,Logisztikai és E-szolgáltatások Üzemeltetési Osztályvezető,Magyar Posta ZRt.,https://www.cvonline.hu/hu/allas/logisztikai-es-e-szolgaltatasok-uzemeltetesi-osztalyvezeto-1863888,2026-03-18,2026-03-18,False,Budapest,,Hungarian: Native,Bachelor,"DevOps, Azure DevOps, OKD, Red Hat Openshift, Docker, Kubernetes",,,Full-time,3-5 years,,,,,,,,,,,,,,,
1866553,Product Owner / Project Manager für Microsoft Dynamics 365,Laendle,https://www.cvonline.hu/hu/allas/product-owner-project-manager-fur-microsoft-dynamics-365-1866553,2026-03-20,2026-03-25,True,,,,,,,,,,,,,,,,,,,,,,,,
1866101,Fogtechnikai informatikus / CAD-CAM technikus,My HR Team Személyzeti Szolgáltató Kft.,https://www.cvonline.hu/hu/lite/allas/fogtechnikai-informatikus-cad-cam-technikus-1866101,2026-03-20,2026-03-25,True,Miskolc,,English: A1,High School with Diploma,,Speciális fogtechnikai számítógépes program,On-site,,0-1 years,,,,,,,,,,,,,,,
1866573,Diákmunka - Business Intelligence Trainee,MŰISZ Iskolaszövetkezet,https://www.cvonline.hu/hu/allas/diakmunka-business-intelligence-trainee-1866573,2026-03-20,2026-03-25,True,Budapest,,"English: Intermediate, Hungarian: Native","University Studies (Computer Science, Information Systems, Business Economics, Mathematics/Statistics, Data Science or related fields)","Python, R","Power BI, Tableau, Qlik",Hybrid,Short-term,0-1 years,,,,,,,,,,,,,,,
1866168,Alkalmazásfejlesztő,MÁV Szolgáltató Központ Zrt.,https://www.cvonline.hu/hu/allas/alkalmazasfejleszto-1866168,2026-03-20,2026-03-20,False,Sopron,,,"High School with Diploma, Bachelor","Java, React","Spring Boot, Oracle SQL, SQL Developer, IntelliJ IDEA, GitLab",,Full-time,1-3 years,,,,,,,,,,,,,,,
1866554,Data Platform Engineer (m/w/d)*,Laendle,https://www.cvonline.hu/hu/allas/data-platform-engineer-m-w-d-1866554,2026-03-20,2026-03-25,True,Kennelbach,,German: Native,Bachelor,,"Power BI, Microsoft Fabric",On-site with home office,Full-time,3-5 years,,,,,,,,,,,,,,,
1865793,C++  Developer,HAYS Hungary Kft.,https://www.cvonline.hu/hu/allas/c-developer-1865793,2026-03-20,2026-03-25,True,,,English: B2,"Bachelor, Master","C++, Python",Git,,,1-3 years,,,,,,,,,,,,,,,
1865791,Project Manager (Data & Agile),HAYS Hungary Kft.,https://www.cvonline.hu/hu/allas/project-manager-data-agile-1865791,2026-03-20,2026-03-25,True,,,English: Native/Bilingual,"Bachelor, Master",Python,Excel,Home-Office,Full-time,3-5 years,,,,,,,,,,,,,,,
1865806,Software Solution Architect,HAYS Hungary Kft.,https://www.cvonline.hu/hu/allas/software-solution-architect-1865806,2026-03-20,2026-03-25,True,,,English,,,,Home-Office,Full-time,3-5 years,,,,,,,,,,,,,,,
1865920,Leiter:in Handelssysteme,Laendle,https://www.cvonline.hu/hu/allas/leiterin-handelssysteme-1865920,2026-03-20,2026-03-25,True,,,German: Native,"Bachelor, Master",,,On-site,Full-time,3-5 years,,,,,,,,,,,,,,,
1865807,"Data Analyst (SQL, Power BI)",HAYS Hungary Kft.,https://www.cvonline.hu/hu/allas/data-analyst-sql-power-bi-1865807,2026-03-20,2026-03-25,True,Budapest,,English: Native/Bilingual,Bachelor,,"Power BI, SQL, Spotfire",Hybrid,Full-time,1-3 years,,,,,,,,,,,,,,,
1865912,"Account Delivery Manager (m,w,d)",Vienna,https://www.cvonline.hu/hu/allas/account-delivery-manager-mwd-1865912,2026-03-20,2026-03-25,True,,,German: Native,"Bachelor, Master",,,Home-Office,Full-time,5+ years,,,,,,,,,,,,,,,
1865323,IT Operátor_Kecskemét,A-Credit 2000 Tanácsadó és Szolgáltató Kft.,https://www.cvonline.hu/hu/allas/it-operator-kecskemet-1865323,2026-03-20,2026-03-25,True,Kecskemét,,English: Confident,,,"VMware, Veeam, PowerBi, ManageEngine, SQL",,,,,,,,,,,,,,,,,,
1865676,Diákmunka - C++ Developer Trainee SINUMERIK HMI,MŰISZ Iskolaszövetkezet,https://www.cvonline.hu/hu/allas/diakmunka-c-developer-trainee-sinumerik-hmi-1865676,2026-03-20,2026-03-23,False,Budapest,,"English: B2, German: B2",Bachelor,"C, C++","Qt, Python",Home-Office,Full-time,1-3 years,,,,,,,,,,,,,,,
1865577,SENIOR SAP FUNCTIONAL SUPPORT EXPERT (WM / SD-EDI),BECK AND PARTNERS Kft.,https://www.cvonline.hu/hu/allas/senior-sap-functional-support-expert-wm-sd-edi-1865577,2026-03-20,2026-03-25,True,Siófok,,English: B2,Bachelor,,,Hybrid,Full-time,3-5+ years,,,,,,,,,,,,,,,
1865675,Diákmunka - MES fejlesztő gyakornok,MŰISZ Iskolaszövetkezet,https://www.cvonline.hu/hu/allas/diakmunka-mes-fejleszto-gyakornok-1865675,2026-03-20,2026-03-25,True,Budapest,,English,High School with Diploma,JavaScript,,On-site,Short-term,0-1 years,,,,,,,,,,,,,,,
1865430,IT HD szakértő,MÁV Szolgáltató Központ Zrt.,https://www.cvonline.hu/hu/allas/it-hd-szakerto-1865430,2026-03-20,2026-03-25,True,Záhony,,Hungarian: Native,Bachelor,,"Office applications, Active Directory, Server console applications, Remote management tools, Customer service systems",On-site,Full-time,1-3 years,,,,,,,,,,,,,,,
1865740,Aladdin Financial Engineering Intern,Mind-Diák Szövetkezet,https://www.cvonline.hu/hu/allas/aladdin-financial-engineering-intern-1865740,2026-03-20,2026-03-25,True,,2950 Ft/hour gross,English: C1,"High School with Diploma, Bachelor","Python, C++","Snowflake, Spark, Storm, Solr, Git",Hybrid,Short-term,,,,,,,,,,,,,,,,
1865160,Data Engineer Metering Operations,Laendle,https://www.cvonline.hu/hu/allas/data-engineer-metering-operations-1865160,2026-03-20,2026-03-25,True,,,German: Native,"Bachelor, Master","Python, SQL",modern Analytics-tools,,,3-5 years,,,,,,,,,,,,,,,
1865429,IT HD szakértő,MÁV Szolgáltató Központ Zrt.,https://www.cvonline.hu/hu/allas/it-hd-szakerto-1865429,2026-03-20,2026-03-25,True,Budapest,,Hungarian: Native,Bachelor,,"Office applications, Active Directory, Server console applications, Remote management tools, Customer service systems",On-site,Full-time,1-3 years,,,,,,,,,,,,,,,
1865004,"Web&ERP támogató konzulens (Web, Backend)",Hire-One Kft.,https://www.cvonline.hu/hu/allas/weberp-tamogato-konzulens-web-backend-1865004,2026-03-20,2026-03-25,True,,,English: Intermediate,"Bachelor, Master","HTML, CSS, JavaScript, .NET (C#), REST API, SQL",Microsoft Dynamics 365,,,3-5 years,,,,,,,,,,,,,,,
1865056,Senior Consultant SAP S/4 Hana Finance,Vienna,https://www.cvonline.hu/hu/allas/senior-consultant-sap-s-4-hana-finance-1865056,2026-03-20,2026-03-25,True,Vienna,55200 EUR gross/year,"German: Native, English: Proficient",Bachelor,,"SAP FI, SAP CO, S/4HANA",Hybrid,Full-time,3-5 years,,,,,,,,,,,,,,,
1865060,Businesskundenbetreuer in der Telekommunikation (m/w/d),Vienna,https://www.cvonline.hu/hu/allas/businesskundenbetreuer-der-telekommunikation-m-w-d-1865060,2026-03-20,2026-03-25,True,Wiener Öffis,2124 EUR gross/month + provisions,German: C1,High School with Diploma,,,On-site,Full-time,1-3 years,,,,,,,,,,,,,,,
1864941,Termelést támogató gyakornok,Mind-Diák Szövetkezet,https://www.cvonline.hu/hu/allas/termelest-tamogato-gyakornok-1864941,2026-03-20,2026-03-25,True,,2050 HUF/hour,English: Intermediate,High School with Diploma,,"Excel, PowerPoint, Microsoft Lists, Power Automate, SharePoint",On-site,Short-term,,,,,,,,,,,,,,,,
1864988,Sales Data Analyst,Trenkwalder Kft,https://www.cvonline.hu/hu/allas/sales-data-analyst-1864988,2026-03-20,2026-03-25,True,,,English,,,"Excel, Power BI, Tableau, SAP Analytics Cloud",Home-Office,Full-time,3-5 years,,,,,,,,,,,,,,,
1867150,Senior Scrum Master (German speaking),HAYS Hungary Kft.,https://www.cvonline.hu/hu/allas/senior-scrum-master-german-speaking-1867150,2026-03-22,2026-03-22,False,,,"German: C1, English: Business",,,"Jira, Confluence",,,5+ years,,,,,,,,,,,,,,,
1867061,Entwicklungsingenieur für Assistenz- & Automatisierungssysteme (m/w/d),Laendle,https://www.cvonline.hu/hu/allas/entwicklungsingenieur-fur-assistenz-automatisierungssysteme-m-w-d-1867061,2026-03-22,2026-03-25,True,,2000 EUR gross/month,"English: B2, German: C1","Bachelor, Master","Python, C++",,Hybrid,Full-time,3-5 years,,,,,,,,,,,,,,,
1866823,SOFTWARE ENTWICKLER FULL STACK (M/W/D),Laendle,https://www.cvonline.hu/hu/allas/software-entwickler-full-stack-m-w-d-1866823,2026-03-22,2026-03-25,True,Götzis,,German: Native,"HTL, FH","JavaScript/TypeScript, .NET Core, C#","Node.js, React/Next.js, PostgreSQL, Azure, Redis, Microservices, Serverless-Architectures, REST/GraphQL-APIs, Background Workers, CronJobs, Git",On-site,Full-time,3-5 years,,,,,,,,,,,,,,,
1867062,Teamlead Software Development (m/w/d),Laendle,https://www.cvonline.hu/hu/allas/teamlead-software-development-m-w-d-1867062,2026-03-22,2026-03-25,True,,,"German: C2, English: C1","Bachelor, Master",,,Hybrid,Full-time,5+ years,,,,,,,,,,,,,,,
1866824,Junior Data Analyst / Engineer 70–100 %,Laendle,https://www.cvonline.hu/hu/allas/junior-data-analyst-engineer-70-100-1866824,2026-03-22,2026-03-25,True,not specified,50000 EUR gross/year - 85000 EUR gross/year,German: C1,,"SQL, Python","Azure Databricks, Power BI, Git",Hybrid,Full-time,3-5 years,,,,,,,,,,,,,,,
1866607,Senior Scrum Master (German speaker),Randstad Hungary Kft.,https://www.cvonline.hu/hu/allas/senior-scrum-master-german-speaker-1866607,2026-03-22,2026-03-25,True,,,"English: C1, German: C1",,,"Jira, Confluence",,,5+ years,,,,,,,,,,,,,,,
1866666,Front-End Developer,HAYS Hungary Kft.,https://www.cvonline.hu/hu/allas/front-end-developer-1866666,2026-03-22,2026-03-25,True,Budapest,,English: B2,,"JavaScript, Vue","Figma, Balsamiq, JustInMind",Hybrid,Full-time,1-3 years,,,,,,,,,,,,,,,
1866670,IT Business Analyst,HAYS Hungary Kft.,https://www.cvonline.hu/hu/allas/it-business-analyst-1866670,2026-03-22,2026-03-25,True,Budapest,,English: Advanced,College degree or equivalent experience,Python,,"Home-Office, Hybrid",Full-time,1-3 years,,,,,,,,,,,,,,,
1866657,RENDSZERGAZDA (MICROSOFT KÖRNYEZET),BECK AND PARTNERS Kft.,https://www.cvonline.hu/hu/allas/rendszergazda-microsoft-kornyezet-1866657,2026-03-22,2026-03-25,True,Biatorbágy,,English: B2,,,"Active Directory, Microsoft Windows, MS Office, Intune, PowerShell",Hybrid,Full-time,1-3 years,,,,,,,,,,,,,,,
1866671,Senior Data Engineer,HAYS Hungary Kft.,https://www.cvonline.hu/hu/allas/senior-data-engineer-1866671,2026-03-22,2026-03-25,True,Budapest,,English: B2,,,"Google Cloud Platform (GCP), Azure, Apache Spark, Apache Kafka, Terraform",Home-Office,Full-time,5+ years,,,,,,,,,,,,,,,
1866667,Cyber Security Specialist,HAYS Hungary Kft.,https://www.cvonline.hu/hu/allas/cyber-security-specialist-1866667,2026-03-22,2026-03-25,True,,,English: Fluent,Bachelor's degree,,,Full-remote,Full-time,10+ years,,,,,,,,,,,,,,,
1866656,MEDIOR VIRTUALIZÁCIÓS RENDSZERMÉRNÖK,BECK AND PARTNERS Kft.,https://www.cvonline.hu/hu/allas/medior-virtualizacios-rendszermernok-1866656,2026-03-22,2026-03-25,True,Budapest,,English: B2,Bachelor,,"VMware, Microsoft Hyper-V, PowerCLI, PowerShell",On-site with home office (2 days per week),Full-time,3-5 years,,,,,,,,,,,,,,,
1868462,IT System Engineer (m/w/d),Laendle,https://www.cvonline.hu/hu/allas/it-system-engineer-m-w-d-1868462,2026-03-23,2026-03-25,True,Höchst,,"German: Native, English: Professional",High School with Diploma,,,On-site,Full-time,3-5 years,,,,,,,,,,,,,,,
1868596,IT Operations gyakornok,Mind-Diák Szövetkezet,https://www.cvonline.hu/hu/allas/it-operations-gyakornok-1868596,2026-03-23,2026-03-25,True,,3500 HUF/hour,English: A2,High School with Diploma,,,On-site,Short-term,0-1 years,,,,,,,,,,,,,,,
1867761,Diákmunka - IT biztonsági tanácsadó,MŰISZ Iskolaszövetkezet,https://www.cvonline.hu/hu/allas/diakmunka-it-biztonsagi-tanacsado-1867761,2026-03-23,2026-03-25,True,,2400 HUF/hour,Hungarian: Native,Upper secondary with specialization in information security or similar,,"MS Office, Outlook, Web browsers",On-site,Full-time,0-1 years,,,,,,,,,,,,,,,
1867760,Diákmunka - C++ programozó,MŰISZ Iskolaszövetkezet,https://www.cvonline.hu/hu/allas/diakmunka-c-programozo-1867760,2026-03-23,2026-03-25,True,,2500 HUF/hour,,High School with Diploma,"C++, C#",3D CAD/BIM software,,Short-term,1-2 years,,,,,,,,,,,,,,,
1869522,IT System Engineer - Microsoft/Office 365 (f/m/x),Laendle,https://www.cvonline.hu/hu/allas/it-system-engineer-microsoft-office-365-f-m-x-1869522,2026-03-25,2026-03-25,True,Vorarlberg,,English: B2,,PowerShell,"Microsoft/Office 365, Exchange, Teams, SharePoint, Azure AD",On-site,Full-time,3-5 years,,,,,,,,,,,,,,,
1869434,Számítógép szerelő technikus,Pannon-Work Cégcsoport,https://www.cvonline.hu/hu/allas/szamitogep-szerelo-technikus-1869434,2026-03-25,2026-03-25,True,Komárom,,,High School with Diploma,,,On-site,Full-time,,,,,,,,,,,,,,,,
1869406,Software Tester (VR Training Devices),HAYS Hungary Kft.,https://www.cvonline.hu/hu/allas/software-tester-vr-training-devices-1869406,2026-03-25,2026-03-25,True,,,English: B2,Bachelor,"Python, C++",Unreal Engine,On-site with home office,Full-time,3-5 years,,,,,,,,,,,,,,,
1869387,IT RENDSZERGAZDA,BECK AND PARTNERS Kft.,https://www.cvonline.hu/hu/allas/it-rendszergazda-1869387,2026-03-25,2026-03-25,True,Budapest,,Hungarian: Native,,"Linux, Java, Node.js, Apache, Tomcat","GitLab, AWS, GCP, Docker, Kubernetes, CI/CD",Hybrid,Full-time,1-3 years,,,,,,,,,,,,,,,
1869370,IT Operations trainne,Mind-Diák Szövetkezet,https://www.cvonline.hu/hu/allas/it-operations-trainne-1869370,2026-03-25,2026-03-25,True,,3500 HUF/hour,English: Intermediate,"High School with Diploma, Bachelor",,,On-site,Short-term,0-1 years,,,,,,,,,,,,,,,
1869162,ADATBÁZIS ÜZEMELTETÉSI SZAKÉRTŐ (ORACLE/MSSQL),BECK AND PARTNERS Kft.,https://www.cvonline.hu/hu/allas/adatbazis-uzemeltetesi-szakerto-oracle-mssql-1869162,2026-03-25,2026-03-25,True,Budapest,,English: B2,,,"Oracle (11g–19c), MSSQL, RMAN, Oracle RAC, Data Guard, ASM, Enterprise Manager Cloud Control",Home-Office,Full-time,5+ years,,,,,,,,,,,,,,,
1869472,Junior Szoftver technikus,Pannonjob Kft.,https://www.cvonline.hu/hu/allas/junior-szoftver-technikus-1869472,2026-03-25,2026-03-25,True,Vecsési járás,,English: A1,High School with Diploma,,,On-site,Full-time,0-1 years,,,,,,,,,,,,,,,
1869069,Automatizálási rendszermérnök,Magyar Posta ZRt.,https://www.cvonline.hu/hu/allas/automatizalasi-rendszermernok-1869069,2026-03-25,2026-03-25,True,Budaörs,,English: B2,High School with Diploma,,"RavenDB, MSSQL, vmWare",On-site,Full-time,1-3 years,,,,,,,,,,,,,,,
1869256,Application Manager*in Warehouse Solution,Laendle,https://www.cvonline.hu/hu/allas/application-managerin-warehouse-solution-1869256,2026-03-25,2026-03-25,True,Kennelbach,,"German: Native, English: Professional",,,"Warehouse-Management-Systems (WMS), EDI, API, XML",On-site,Full-time,3-5 years,,,,,,,,,,,,,,,
1869292,Diákmunka - IT biztonsági gyakornok,MŰISZ Iskolaszövetkezet,https://www.cvonline.hu/hu/allas/diakmunka-it-biztonsagi-gyakornok-1869292,2026-03-25,2026-03-25,True,,2500 HUF/hour,English,High School with Diploma,,,On-site,Short-term,0-1 years,,,,,,,,,,,,,,,
1868963,Informatikai vezető,Trenkwalder Kft,https://www.cvonline.hu/hu/allas/informatikai-vezeto-1868963,2026-03-25,2026-03-25,True,,Versenyképes alapbér,"English: B2, German: B2",Szakirányú felsőfokú végzettség,,,Hybrid,Full-time,5+ years,,,,,,,,,,,,,,,
1868759,Systemadministrator:in (mit Fokus auf Netzwerkadministration),Laendle,https://www.cvonline.hu/hu/allas/systemadministratorin-mit-fokus-auf-netzwerkadministration-1868759,2026-03-25,2026-03-25,True,,,German: Native,,Windows,,,,,,,,,,,,,,,,,,,
1868770,Diákmunka - Test Engineer Trainee for Industrial Automation,MŰISZ Iskolaszövetkezet,https://www.cvonline.hu/hu/allas/diakmunka-test-engineer-trainee-industrial-automation-1868770,2026-03-25,2026-03-25,True,,2200-2800 Ft/hour,English,Ongoing higher education studies,C#,"Siemens Step7, TIA Portal",Hybrid,,,,,,,,,,,,,,,,,
1868592,Webshop junior adminisztrátor,Mind-Diák Szövetkezet,https://www.cvonline.hu/hu/allas/webshop-junior-adminisztrator-1868592,2026-03-25,2026-03-25,True,,2700 HUF gross/hour,Hungarian: Native,High School with Diploma,,Shoprenter,On-site,Short-term,0-1 years,,,,,,,,,,,,,,,
1868614,C#/.NET Developer,HAYS Hungary Kft.,https://www.cvonline.hu/hu/allas/c-net-developer-1868614,2026-03-25,2026-03-25,True,,,English: B2,"Bachelor, Master","C#, .Net","REST APIs, MS SQL, PostgreSQL, Git, Bitbucket, Artifactory, Azure DevOps",,Full-time,3-5 years,,,,,,,,,,,,,,,
1868613,Unreal Engine/C++ Developer,HAYS Hungary Kft.,https://www.cvonline.hu/hu/allas/unreal-engine-c-developer-1868613,2026-03-25,2026-03-25,True,,,English: B2,Bachelor,"C++, Unreal Engine","Git, Bitbucket, Artifactory, Azure DevOps, .Net Blazor",,Full-time,3-5 years,,,,,,,,,,,,,,,
1868595,IT gyakornok,Mind-Diák Szövetkezet,https://www.cvonline.hu/hu/allas/it-gyakornok-1868595,2026-03-25,2026-03-25,True,,2500 Ft/óra,English: B2,Bachelor,,,Home-Office,Short-term,0-1 years,,,,,,,,,,,,,,,
1867605,Senior product owner,Magyar Posta ZRt.,https://www.cvonline.hu/hu/allas/senior-product-owner-1867605,2026-03-25,2026-03-25,True,Budapest,,Hungarian: Native,Bachelor,,"Word, Excel, Power Point, Outlook",On-site,Full-time,5+ years,,,,,,,,,,,,,,,
1867709,Daten- und Business Intelligence Experte im Kundendienst Baumaschinen (m/w/d),Laendle,https://www.cvonline.hu/hu/allas/daten-und-business-intelligence-experte-im-kundendienst-baumaschinen-m-w-d-1867709,2026-03-25,2026-03-25,True,,,English: B2,"Bachelor, Master","Java, Python, C#","Microsoft Dynamics 365, Power BI, PowerApps",Hybrid,Full-time,1-3 years,,,,,,,,,,,,,,,
1867742,Diákmunka - Technical Writer,MŰISZ Iskolaszövetkezet,https://www.cvonline.hu/hu/allas/diakmunka-technical-writer-1867742,2026-03-25,2026-03-25,True,,2200-2500 Ft/hour,English: B2,High School with Diploma,,,Hybrid,Full-time,0-1 years,,,,,,,,,,,,,,,
1867487,Medior Szoftverfejlesztő (JAVA),HUNAM Personnel Solutions Kft.,https://www.cvonline.hu/hu/allas/medior-szoftverfejleszto-java-1867487,2026-03-25,2026-03-25,True,,,English: B2,,Java,"Dynatrace, Splunk, CloudWatch, RESTful API, Scrum",,,3-5 years,,,,,,,,,,,,,,,
1867292,Business Consultant (m/w/d),Vienna,https://www.cvonline.hu/hu/allas/business-consultant-m-w-d-1867292,2026-03-25,2026-03-25,True,Wien,50000 EUR gross/year,German: Native,Bachelor,,,Home-Office with on-site at clients,Full-time,1-3 years,,,,,,,,,,,,,,,
1867488,Medior Tesztautomatizáló Mérnök,HUNAM Personnel Solutions Kft.,https://www.cvonline.hu/hu/allas/medior-tesztautomatizalo-mernok-1867488,2026-03-25,2026-03-25,True,,,English: B2,,"Java, Python, JS, C#","Selenium, Appium, TestNG, JUnit, Git/SVN",On-site,Full-time,1-3 years,,,,,,,,,,,,,,,
