job_id,title,company,url,first_seen,last_seen,active,Location,Salary,Language Requirements,Education,Programming Languages,Required Software / Tools,Work Arrangement,Job Type,Experience Level,job_title,location,salary_range,work_schedule,responsibilities,requirements,benefits,contact,salary,application_link,company_name,job_description
1854188,Feljesztőmérnök,FUX Zrt.,https://www.cvonline.hu/hu/master/allas/fejlesztomernok-1854188,2026-03-09,2026-03-25,True,,,English: B2,Bachelor,,"AutoCAD, Windows, MS Office",,Full-time,0-1 years,,,,,,,,,,,,
1858566,"IT-Service Continuity Manager (m,w,d)",Vienna,https://www.cvonline.hu/hu/allas/it-service-continuity-manager-mwd-1858566,2026-03-09,2026-03-25,True,,60000 EUR gross/year,"German: C1, English: B2",Bachelor,,,Home-Office,Full-time,3-5 years,,,,,,,,,,,,
1854055,IT hálózati mérnök,Mavir Zrt.,https://www.cvonline.hu/hu/allas/it-halozati-mernok-1854055,2026-03-09,2026-03-25,True,,,English: B2,,,,On-site,Full-time,3-5 years,,,,,,,,,,,,
1858593,ADATBÁZIS ÜZEMELTETÉSI SZAKÉRTŐ (ORACLE/MSSQL),BECK AND PARTNERS Kft.,https://www.cvonline.hu/hu/allas/adatbazis-uzemeltetesi-szakerto-oracle-mssql-1858593,2026-03-09,2026-03-25,True,Budapest,,English: B2,,,"Oracle Exadata Cloud@Customer, MSSQL, RMAN, Oracle RAC, Data Guard, ASM, Enterprise Manager Cloud Control",Home-Office,Full-time,5+ years,,,,,,,,,,,,
1858586,Diákmunka - DevOps,MŰISZ Iskolaszövetkezet,https://www.cvonline.hu/hu/allas/diakmunka-devops-1858586,2026-03-09,2026-03-25,True,,,,Bachelor,,"Jenkins, Travis, Bamboo, CircleCI, Helm Chart, GitHub Actions, GitLab CI/CD, CodeQL",Hybrid,Full-time,3-5 years,,,,,,,,,,,,
1849682,Számítógép szerelő technikus,Pannon-Work Cégcsoport,https://www.cvonline.hu/hu/allas/szamitogep-szerelo-technikus-1849682,2026-03-09,2026-03-23,False,Komárno,,,High School with Diploma,,,,Full-time,0-1 years,,,,,,,,,,,,
1712134,SPS-Softwareentwickler für Modernisierungs- und Supportprojekte (m/w/d),Laendle,https://www.cvonline.hu/hu/allas/sps-softwareentwickler-fur-modernisierungs-und-supportprojekte-m-w-d-1712134,2026-03-09,2026-03-09,False,,,None,Bachelor,"Siemens S7, TIA",,,Full-time,1-3 years,,,,,,,,,,,,
1853989,SAP IBP Consultant (Supply Chain Planning),Randstad Hungary Kft.,https://www.cvonline.hu/hu/allas/sap-ibp-consultant-supply-chain-planning-1853989,2026-03-09,2026-03-25,True,,,"English: C1, German: B2",Bachelor,"ABAP OO, ODATA, CDS view","SAP IBP, SAP S4/HANA, Python",Home-Office,Full-time,5+ years,,,,,,,,,,,,
1844333,"Web&ERP támogató konzulens (Web, Backend)",Hire-One Kft.,https://www.cvonline.hu/hu/allas/weberp-tamogato-konzulens-web-backend-1844333,2026-03-09,2026-03-17,False,,,English: B1,Bachelor,"HTML, CSS, JavaScript, .NET (C#)","REST API, SQL, Microsoft Dynamics 365",,Full-time,3-5 years,,,,,,,,,,,,
1858621,IT TECHNIKUS,BECK AND PARTNERS Kft.,https://www.cvonline.hu/hu/allas/it-technikus-1858621,2026-03-09,2026-03-23,False,Győr,,English: B1,,,,On-site,Full-time,1-3 years,,,,,,,,,,,,
1844225,"Customer Technology Advisor - Cloud 


(m/w/d)",Vienna,https://www.cvonline.hu/hu/allas/customer-technology-advisor-cloud-m-w-d-1844225,2026-03-09,2026-03-17,False,,110000 EUR brutto/year + 20% bonus,"German: C1, English: B2",,,,Home-Office,Full-time,5+ years,,,,,,,,,,,,
1844158,Senior rendszermérnök (Adatbázis adminisztrátor),Magyar Posta ZRt.,https://www.cvonline.hu/hu/allas/senior-rendszermernok-adatbazis-adminisztrator-1844158,2026-03-09,2026-03-17,False,Budapest,,English: B1,,"PLSQL, pgSQL, bash script, Python","Ansible, pgbadger",Home-Office,Full-time,3-5 years,,,,,,,,,,,,
1849451,ADATBÁZIS ÜZEMELTETÉSI SZAKÉRTŐ (ORACLE/MSSQL),BECK AND PARTNERS Kft.,https://www.cvonline.hu/hu/allas/adatbazis-uzemeltetesi-szakerto-oracle-mssql-1849451,2026-03-09,2026-03-23,False,Budapest,,English: B2,,,"Oracle Exadata Cloud@Customer, MSSQL, RMAN, Oracle RAC, Data Guard, ASM, Enterprise Manager Cloud Control",Home-Office,Full-time,5+ years,,,,,,,,,,,,
1858168,Business Consultant (m/w/d),Vienna,https://www.cvonline.hu/hu/allas/business-consultant-m-w-d-1858168,2026-03-09,2026-03-25,True,,50000 EUR gross/year,English: B2,Bachelor,,,Home-Office,Full-time,0-1 years,,,,,,,,,,,,
1853685,Műszaki üzemeltető és karbantartó technikus - Budapest (Országos lefedettség),Man at Work Humánszolgáltató és Személyzeti Tanácsadó Kft.,https://www.cvonline.hu/hu/allas/muszaki-uzemelteto-es-karbantarto-technikus-budapest-orszagos-lefedettseg-1853685,2026-03-09,2026-03-25,True,Budapest,,,,,,On-site,Full-time,3-5 years,,,,,,,,,,,,
1858319,Diákmunka - Beágyazott Szoftverfejlesztő Gyakornok,MŰISZ Iskolaszövetkezet,https://www.cvonline.hu/hu/allas/diakmunka-beagyazott-szoftverfejleszto-gyakornok-1858319,2026-03-09,2026-03-25,True,,,English: B2,Bachelor,C,,Hybrid,Short-term,0-1 years,,,,,,,,,,,,
1853682,IT Manager,HSA Kft.,https://www.cvonline.hu/hu/allas/it-manager-1853682,2026-03-09,2026-03-25,True,,,"English: C1, German: C1",Bachelor,,"Microsoft Windows, Microsoft Office",,Full-time,5+ years,,,,,,,,,,,,
1843994,Senior/Principal Software Engineer,Trenkwalder Kft,https://www.cvonline.hu/hu/allas/senior-principal-software-engineer-1843994,2026-03-09,2026-03-17,False,,,English: B2,Bachelor,"C++, LabVIEW, VeriStand","LabVIEW FPGA, ADAS, HIL rendszerek, járműbusz architektúrák, Azure DevOps",Hybrid,Full-time,5+ years,,,,,,,,,,,,
1843982,IT szakértő,MÁV Szolgáltató Központ Zrt.,https://www.cvonline.hu/hu/allas/it-szakerto-1843982,2026-03-09,2026-03-17,False,Budapest,,English: B2,Bachelor,,"MS Windows operációs és irodai rendszerek, Android mobil operációs rendszer, MDM szoftver, AD tartományi környezet, SCCM szoftver, MS Office szoftvercsomag, MS Excel",,Full-time,3-5 years,,,,,,,,,,,,
1838728,Junior BI Developer,HAYS Hungary Kft.,https://www.cvonline.hu/hu/allas/bi-developer-1838728,2026-03-09,2026-03-10,False,Budapest,,English: B2,,"Power BI, Power Automate, MS Excel","Power BI, Power Automate, MS Excel",Hybrid,Full-time,1-3 years,,,,,,,,,,,,
1858273,Hálózati rendszermérnök (medior vagy senior),MÁV Szolgáltató Központ Zrt.,https://www.cvonline.hu/hu/allas/halozati-rendszermernok-medior-vagy-senior-1858273,2026-03-09,2026-03-25,True,Budapest,,,,,"Cisco hálózati eszközök, Cisco alkalmazások, Fortinet termékek, F5 termékek, Linux operációs rendszer, Docker",On-site,Full-time,3-5 years,,,,,,,,,,,,
1858140,Intermediate QA Automation Engineer,HAYS Hungary Kft.,https://www.cvonline.hu/hu/allas/intermediate-qa-automation-engineer-1858140,2026-03-09,2026-03-25,True,,,,,"Python, JavaScript","Postman, Bruno, JMeter",,Full-time,5+ years,,,,,,,,,,,,
1858163,System Test Engineer (m/f/x),Vienna,https://www.cvonline.hu/hu/allas/system-test-engineer-m-f-x-1858163,2026-03-09,2026-03-09,False,Wien,,"Deutsch: C1, Englisch: B2","HTL, FH, Universität",,,Home-Office,Full-time,3-5 years,,,,,,,,,,,,
1723529,Software Developer (m/w/d)*,Laendle,https://www.cvonline.hu/hu/allas/software-developer-m-w-d-1723529,2026-03-09,2026-03-09,False,Knellel,,"German: C1, English: B2",Bachelor,"PLSQL, Perl","JIRA, Confluence",On-site,Full-time,1-3 years,,,,,,,,,,,,
1723530,EDI/API Projektkoordinator*in,Laendle,https://www.cvonline.hu/hu/allas/edi-api-projektkoordinatorin-1723530,2026-03-09,2026-03-09,False,Knellel,,"Deutsch: C1, Englisch: B2","HTL, HAK, Lehre",,"Jira, Confluence, Kanban, Scrum",,Full-time,1-3 years,,,,,,,,,,,,
1719935,DevOps Engineer Embedded Systems m/w/d,Laendle,https://www.cvonline.hu/hu/allas/devops-engineer-embedded-systems-m-w-d-1719935,2026-03-09,2026-03-09,False,,,,,,,,Full-time,3-5 years,,,,,,,,,,,,
1719936,Embedded Software Developer m/w/d,Laendle,https://www.cvonline.hu/hu/allas/embedded-software-developer-m-w-d-1719936,2026-03-09,2026-03-09,False,,,,Bachelor,,,,Full-time,3-5 years,,,,,,,,,,,,
1719937,IT Systemadministrator:in,Laendle,https://www.cvonline.hu/hu/allas/it-technikerin-systemadministratorin-it-system-engineer-1719937,2026-03-09,2026-03-09,False,,,German: C1,,,,,Full-time,3-5 years,,,,,,,,,,,,
1719939,Modern Workplace Consultant (m/w/d)*,Laendle,https://www.cvonline.hu/hu/allas/modern-workplace-consultant-m-w-d-1719939,2026-03-09,2026-03-09,False,Kassel,,"German: C1, English: B2",,,Microsoft 365,,Full-time,3-5 years,,,,,,,,,,,,
1853574,SAP business analyst,Hire-One Kft.,https://www.cvonline.hu/hu/allas/sap-business-analyst-1853574,2026-03-09,2026-03-25,True,,Competitive salary,"Hungarian: C1, English: B2",,ABAP,"SAP MM / PP, S/4 Hana",Home-Office,Full-time,5+ years,,,,,,,,,,,,
1843826,Network Monitoring Systems Platform Engineer,Trenkwalder Kft,https://www.cvonline.hu/hu/allas/network-monitoring-systems-platform-engineer-1843826,2026-03-09,2026-03-16,False,,,English: C1,,,OSS/infrastructure management tools,Hybrid,Full-time,3-5 years,,,,,,,,,,,,
1853457,Senior rendszermérnök (Linux rendszermérnök),Magyar Posta ZRt.,https://www.cvonline.hu/hu/allas/senior-rendszermernok-linux-rendszermernok-1853457,2026-03-09,2026-03-25,True,Budapest,,English: B2,,,"Ansible, Shell/Bash, LVM",Home-Office,Full-time,5+ years,,,,,,,,,,,,
1849041,Automatizálási rendszermérnök,Magyar Posta ZRt.,https://www.cvonline.hu/hu/allas/automatizalasi-rendszermernok-1849041,2026-03-09,2026-03-23,False,Budaörs,,English: B2,Bachelor,,"Microsoft, Linux",On-site,Full-time,3-5 years,,,,,,,,,,,,
1843777,Szoftvertesztelő,Starjobs Magyarország,https://www.cvonline.hu/hu/allas/szoftvertesztelo-1843777,2026-03-09,2026-03-16,False,,,English: B2,"Bachelor, Master",C#,"VisualStudio, GitHub, JIRA, Polarion",,Full-time,3-5 years,,,,,,,,,,,,
1843780,Logisztikai és E-szolgáltatások Üzemeltetési Osztályvezető,Magyar Posta ZRt.,https://www.cvonline.hu/hu/allas/logisztikai-es-e-szolgaltatasok-uzemeltetesi-osztalyvezeto-1843780,2026-03-09,2026-03-17,False,Budapest,,,Bachelor,,"Azure DevOps, OKD, Red Hat Openshift, Docker, Kubernetes",On-site,Full-time,3-5 years,,,,,,,,,,,,
1838521,Senior rendszermérnök (IT tervezési rendszermérnök),Magyar Posta ZRt.,https://www.cvonline.hu/hu/allas/senior-rendszermernok-it-tervezesi-rendszermernok-1838521,2026-03-09,2026-03-16,False,Budapest,,English: B2,,,,On-site,Full-time,5+ years,,,,,,,,,,,,
1848994,Unreal Engine/C++ Developer,HAYS Hungary Kft.,https://www.cvonline.hu/hu/allas/unreal-engine-c-developer-1848994,2026-03-09,2026-03-23,False,,,English: C1,Bachelor,"C++, Unreal Engine, .Net Blazor","Git, Bitbucket, Artifactory, Azure DevOps",,Full-time,3-5 years,,,,,,,,,,,,
1848995,C#/.NET Developer,HAYS Hungary Kft.,https://www.cvonline.hu/hu/allas/c-net-developer-1848995,2026-03-09,2026-03-23,False,,,English: C1,Bachelor,"C#, .Net","REST APIs, MS SQL, PostgreSQL, .Net Blazor, Git, Bitbucket, Artifactory, Azure DevOps",,Full-time,3-5 years,,,,,,,,,,,,
1719744,Senior Systemadministrator (m/w/d) – Microsoft 365 / VMware / NetApp,Laendle,https://www.cvonline.hu/hu/allas/senior-systemadministrator-m-w-d-microsoft-365-vmware-netapp-1719744,2026-03-09,2026-03-09,False,,,"English: B2, German: Native",Bachelor,PowerShell,"Microsoft 365, Exchange Online, Teams, SharePoint, Intune, Azure AD, VMware vSphere/ESXi/vCenter, NetApp-Storage (ONTAP, CIFS/NFS, SnapMirror/SnapVault), Windows Server, Active Directory, DNS/DHCP",,Full-time,3-5 years,,,,,,,,,,,,
1857844,Szoftver Technikus,Pannonjob Kft.,https://www.cvonline.hu/hu/allas/szoftver-technikus-1857844,2026-03-09,2026-03-25,True,,,English: A1,,,,,,0-1 years,,,,,,,,,,,,
1843555,Senior SAP Consultant (w/m/x),"Unbekannt, aber ein erfolgreiches IT-Beratungsunternehmen mit dem Schwerpunkt in der Handels- und Konsumgüterindustrie",https://www.cvonline.hu/hu/allas/senior-sap-consultant-w-m-x-1843555,2026-03-09,2026-03-14,False,,,,,,,,,,Senior SAP Consultant (w/m/x),"Salzburg, Oberösterreich, Wien","{'min': 3500, 'max': 6000, 'currency': '€', 'basis': 'Monat (auf Vollzeitbasis)'}",4 Tage in der Woche Vollzeit (ab 38 Wochenstunden),"Unterstützung und Begleitung von SAP-Projekten im Einzelhandelsbereich, Analyse, IT-/Geschäftsprozessberatung, Umsetzung, Erarbeitung effizienter Strukturen gemeinsam mit dem Kunden, Projekt- sowie Prozessmanagement","Abgeschlossene höhere Ausbildung (FH/Uni), Mehrjährige Berufserfahrung im SAP-Umfeld (idealerweise im Handelsbereich, Supply Chain Management oder Logistik) inkl. Customizing, Kenntnisse im Retail-Umfeld wünschenswert (Lieferantenmanagement, Contracting, ...), Ausgeprägtes Prozessverständnis sowie Kundenorientierung, Selbständige Arbeitsweise und Reisebereitschaft, Sehr gute Deutsch- und Englischkenntnisse","Firmenauto, welches auch privat genutzt werden kann, Workation-Möglichkeit (genießen Sie Ihren Urlaub 2 Wochen länger, indem Sie dort remote arbeiten), Unterstützung beim Eigenheimbau mit einem geringen Zinssatz, Individuelle Weiterbildungs- und Weiterentwicklungsmöglichkeiten in der SAP-Welt (HANA, SAP, Projektleitung), Abwechslungsreiche SAP-Projekte im internationalen Umfeld, Kollegiales und hochmotiviertes Team, Flexible Arbeitseinteilung mit Home-Office-Möglichkeit","{'recruiter_name': 'Monir Forster', 'recruiting_partner': 'Recruiting Partner IT', 'phone_number': '+43 732 61 12 21 -225'}",,,,
1843561,Solution Architect Specialist,Trenkwalder Kft,https://www.cvonline.hu/hu/allas/solution-architect-specialist-1843561,2026-03-09,2026-03-16,False,,,,,,,Hybrid,Full-time,5+ years,,,,,,,,,,,,
1838314,DevOps Engineer (mid-level / senior),Trenkwalder Kft,https://www.cvonline.hu/hu/allas/devops-engineer-mid-level-senior-1838314,2026-03-09,2026-03-09,False,,,"English: B2, Hungarian: Native",Bachelor,"Docker, Kubernetes, Shell script","GitHub Actions, Helm, Terraform, Prometheus, Grafana, Datadog, PostgreSQL, RabbitMQ",Home-Office,Full-time,5+ years,,,,,,,,,,,,
1853267,Informatikai szolgáltatás menedzsment munkatárs,MÁV Szolgáltató Központ Zrt.,https://www.cvonline.hu/hu/allas/informatikai-szolgaltatas-menedzsment-munkatars-1853267,2026-03-09,2026-03-25,True,Budapest,,English: B1,Bachelor,,"Microsoft, Oracle, Adobe",On-site,Full-time,3-5 years,,,,,,,,,,,,
1853243,Műszaki promóter,Mind-Diák Szövetkezet,https://www.cvonline.hu/hu/allas/muszaki-promoter-1853243,2026-03-09,2026-03-25,True,,Br. 1882 Ft/óra alapbér + értékesítési bónusz,English: B2,Érvényes nappali tagozatos tanulói/hallgatói jogviszony Betöltött 18. életév,,,Nyitvatartási időben,Full-time,3-5 years,,,,,,,,,,,,
1853247,Sales Support Intern,Mind-Diák Szövetkezet,https://www.cvonline.hu/hu/allas/sales-support-intern-1853247,2026-03-09,2026-03-25,True,,2500 Ft/hour in gross,English: B2,Bachelor,,"MS Office (Excel, Word, PowerPoint, Outlook)",Hybrid,Short-term,0-1 years,,,,,,,,,,,,
1843506,Rendszergazda gyakornok,Mind-Diák Szövetkezet,https://www.cvonline.hu/hu/allas/rendszergazda-gyakornok-1843506,2026-03-09,2026-03-16,False,,,,,"Windows/Linux OP rendszer, Alapszintű hálózati ismeretek, Konténerizációs technológiák, AI eszközök használata",,,Full-time,1-3 years,,,,,,,,,,,,
1715286,Data Engineer/Data Modeler für den Bereich Data & Analytics (m/w/d),Laendle,https://www.cvonline.hu/hu/allas/data-engineer-data-modeler-fur-den-bereich-data-analytics-m-w-d-1715286,2026-03-09,2026-03-09,False,,,German: B2,Bachelor,,"SSIS, Power BI, SSRS, SSAS",Home-Office,Full-time,3-5 years,,,,,,,,,,,,
1853212,Microsoft Dynamics CRM Developer,Hire-One Kft.,https://www.cvonline.hu/hu/allas/microsoft-dynamics-crm-developer-1853212,2026-03-09,2026-03-25,True,,,English: B2,,"C#, .NET, JavaScript","Power Automate, Plugins",Home-Office,Full-time,3-5 years,,,,,,,,,,,,
1853220,Finance Data Analyst,Randstad Hungary Kft.,https://www.cvonline.hu/hu/allas/finance-data-analyst-1853220,2026-03-09,2026-03-25,True,,,English: B2,,"Python, VBA, SQL, DAX","Power BI, Power Automate, Power Apps, Excel",Hybrid,Full-time,3-5 years,,,,,,,,,,,,
1853222,Agile Quality Engineer (Mobile  iOS & Android),Randstad Hungary Kft.,https://www.cvonline.hu/hu/allas/agile-quality-engineer-mobile-ios-android-1853222,2026-03-09,2026-03-25,True,,,English: B2,,"iOS, Android","Test automation tools, CI/CD pipelines",Home-Office,Full-time,3-5 years,,,,,,,,,,,,
1843386,Teszt technikus,Randstad Hungary Kft.,https://www.cvonline.hu/hu/allas/teszt-technikus-1843386,2026-03-09,2026-03-17,False,Komárno,,English: B1,,,,,Full-time,3-5 years,,,,,,,,,,,,
1843413,IT Projectmanager,Randstad Hungary Kft.,https://www.cvonline.hu/hu/allas/it-projectmanager-1843413,2026-03-09,2026-03-16,False,,,English: B2,,,"Jira, Confluence, Notion",Hybrid,Full-time,3-5 years,,,,,,,,,,,,
1843420,Szolgáltatásmenedzser (Bérszámfejtés tapasztalattal),Randstad Hungary Kft.,https://www.cvonline.hu/hu/allas/szolgaltatasmenedzser-berszamfejtes-tapasztalattal-1843420,2026-03-09,2026-03-17,False,,,English: B2,,,Atlassian products,Home-Office,Short-term,3-5 years,,,,,,,,,,,,
1848719,Medior full stack PHP fejlesztőt,Viapan „Dologidő” Kft.,https://www.cvonline.hu/hu/allas/medior-full-stack-php-fejlesztot-1848719,2026-03-09,2026-03-14,False,Tata,,English: B2,,"PHP, JavaScript","HTML4, CSS3, PostgreSQL, Linux, Git, Solr, Memcached, Redis, PostGIS, Regex",On-site,Full-time,3-5 years,,,,,,,,,,,,
1848722,Senior Data Engineer,Randstad Hungary Kft.,https://www.cvonline.hu/hu/allas/senior-data-engineer-1848722,2026-03-09,2026-03-17,False,,,,,Python,"Azure Data Factory, Microsoft SQL Server (MSSQL), Azure Cloud, dbt or equivalent SQL-centric transformation tools",Full-time,Full-time,5+ years,,,,,,,,,,,,
1843356,IT fejlesztőmérnök (Somogy megye),Hire-One Kft.,https://www.cvonline.hu/hu/allas/it-mernok-somogy-megye-1843356,2026-03-09,2026-03-14,False,,,English: B2,Bachelor,"C#, .NET",MySQL,Home-Office,Full-time,3-5 years,,,,,,,,,,,,
1838104,CoreMedia Developer,Randstad Hungary Kft.,https://www.cvonline.hu/hu/allas/coremedia-developer-1838104,2026-03-09,2026-03-16,False,,,English: B2,Bachelor,"Java, JavaScript, HTML, CSS, Spring Boot","CoreMedia Content Management System, Docker, Kubernetes, Azure DevOps, Grafana, MongoDB",Hybrid,Full-time,3-5 years,,,,,,,,,,,,
1843321,BUDAPEST - NUKLEÁRIS MÉRNÖK GYAKORNOK (DIÁKMUNKA),Job Force Iskolaszövetkezet,https://www.cvonline.hu/hu/allas/budapest-nuklearis-mernok-gyakornok-diakmunka-1843321,2026-03-09,2026-03-17,False,,Br. 2500 Ft/óra,English: B1,Master,,,,,,,,,,,,,,,,,
1848614,Medior Szoftverfejlesztő (JAVA),HUNAM Personnel Solutions Kft.,https://www.cvonline.hu/hu/allas/medior-szoftverfejleszto-java-1848614,2026-03-09,2026-03-22,False,,,English: C1,,Java,"Dynatrace, Splunk, CloudWatch, Jenkins, Cloud Foundry, SplitIO, AWS ALB, EC2, CloudFront, S3, SQS, RDS Aurora, SES, WAF, Kubernetes, Docker",,Full-time,3-5 years,,,,,,,,,,,,
1848615,Senior Tesztautomatizáló mérnök német nyelvtudással,HUNAM Personnel Solutions Kft.,https://www.cvonline.hu/hu/allas/senior-tesztautomatizalo-mernok-nemet-nyelvtudassal-1848615,2026-03-09,2026-03-13,False,Budapest,,"German: C2, English: B1",,,"Playwright, Katalon, JMeter",Hybrid,Full-time,3-5 years,,,,,,,,,,,,
1848638,Senior fullstack fejlesztő (.NET),HUNAM Personnel Solutions Kft.,https://www.cvonline.hu/hu/allas/senior-fullstack-fejleszto-net-1848638,2026-03-09,2026-03-13,False,Budapest,,English: B2,Bachelor,"C#, .NET, Entity Framework, T-SQL, HTML, CSS, JavaScript, TypeScript, Redis, Elasticsearch","Entity Framework, T-SQL, HTML, CSS, JavaScript, TypeScript, Redis, Elasticsearch",Hybrid,Full-time,3-5 years,,,,,,,,,,,,
1848640,Medior Tesztautomatizáló Mérnök,HUNAM Personnel Solutions Kft.,https://www.cvonline.hu/hu/allas/medior-tesztautomatizalo-mernok-1848640,2026-03-09,2026-03-22,False,,,English: B2,,"Java, Python, JS, C#","Selenium WebDriver, Appium, TestNG, JUnit, Git/SVN",On-site,Full-time,3-5 years,,,,,,,,,,,,
1848652,SAP modulgazda,Work Force Kft.,https://www.cvonline.hu/hu/allas/sap-modulgazda-1848652,2026-03-09,2026-03-16,False,Budapest,,English: B2,,,,Home-Office,Full-time,1-3 years,,,,,,,,,,,,
1857694,IT Security Expert (Public Key Infrastructure),Randstad Hungary Kft.,https://www.cvonline.hu/hu/allas/it-security-expert-public-key-infrastructure-1857694,2026-03-09,2026-03-25,True,,,,Bachelor,,,Hybrid,Full-time,3-5 years,,,,,,,,,,,,
1857686,Global DATA Engineer,Hire-One Kft.,https://www.cvonline.hu/hu/allas/global-data-engineer-1857686,2026-03-09,2026-03-18,False,,,English: B1,,"SQL, PowerBI, dbt","MS Fabric, Git, CI/CD",,Full-time,1-3 years,,,,,,,,,,,,
1853099,IT Service Desk Agent - German speaking,Trenkwalder Kft,https://www.cvonline.hu/hu/allas/it-service-desk-agent-german-speaking-1853099,2026-03-09,2026-03-25,True,,,"German: C1, English: B2",Bachelor,,MS Office,Home-Office,Half-time,3-5 years,,,,,,,,,,,,
1843197,French speaking First Line Analyst,Trenkwalder Kft,https://www.cvonline.hu/hu/allas/french-speaking-first-line-analyst-1843197,2026-03-09,2026-03-11,False,,,"English: C2, French: C2",,,MS Office,,Full-time,1-3 years,,,,,,,,,,,,
1843216,Chief Product Owner (m/w/d) CRM,Vienna,https://www.cvonline.hu/hu/allas/chief-product-owner-m-w-d-crm-1843216,2026-03-09,2026-03-14,False,Wien,,"English: C1, Deutsch: B2","Bachelor, Master",,,Hybrid,Full-time,5+ years,,,,,,,,,,,,
1843217,Full-Stack-Developer (m/w/d),Vienna,https://www.cvonline.hu/hu/allas/full-stack-developer-m-w-d-1843217,2026-03-09,2026-03-14,False,Wien,55.000 EUR bruto/year with possible overpayment depending on qualifications and experience,"German: C1, English: B2",Bachelor,"C#, .NET, ASP.NET Core, SQL Server, Azure",,Hybrid with up to 3 days home office per week and flexible working hours,Full-time,3-5 years,,,,,,,,,,,,
1848415,Diákmunka - Technical Writer,MŰISZ Iskolaszövetkezet,https://www.cvonline.hu/hu/allas/diakmunka-technical-writer-1848415,2026-03-09,2026-03-22,False,,,English: B2,Bachelor,,,Hybrid,Full-time,3-5 years,,,,,,,,,,,,
1848436,Diákmunka - C++ programozó,MŰISZ Iskolaszövetkezet,https://www.cvonline.hu/hu/allas/diakmunka-c-programozo-1848436,2026-03-09,2026-03-22,False,,2500 Ft/óra,,Bachelor,"C++, C#","3D CAD, BIM",,Full-time,1-3 years,,,,,,,,,,,,
1848437,Diákmunka - IT biztonsági tanácsadó,MŰISZ Iskolaszövetkezet,https://www.cvonline.hu/hu/allas/diakmunka-it-biztonsagi-tanacsado-1848437,2026-03-09,2026-03-22,False,,2400 Ft/óra,,Bachelor,,"MS Office, Outlook, Böngészők",,Full-time,1-3 years,,,,,,,,,,,,
1853016,IT Operátor,Magyar Posta ZRt.,https://www.cvonline.hu/hu/allas/it-operator-1853016,2026-03-09,2026-03-25,True,Budapest,,English: B1,,,Powershell,Home-Office,Full-time,1-3 years,,,,,,,,,,,,
1853025,Diákmunka - Onsite Services Technician Intern,MŰISZ Iskolaszövetkezet,https://www.cvonline.hu/hu/allas/diakmunka-onsite-services-technician-intern-1853025,2026-03-09,2026-03-25,True,,2200 HUF/hour,"English: B2, Hungarian: C1",Bachelor,,,On-site,Short-term,0-1 years,,,,,,,,,,,,
1843073,IT Üzleti elemző,Magyar Posta ZRt.,https://www.cvonline.hu/hu/allas/it-uzleti-elemzo-1843073,2026-03-09,2026-03-16,False,Budapest,,English: B2,Bachelor,,"MS Visio, BPMN 2.0, UML, Power BI, Confluence, SharePoint, JIRA, MS Project",Home-Office,Full-time,3-5 years,,,,,,,,,,,,
1843095,SAP DevOps témavezető szakértő (SAP modulgazda),Magyar Posta ZRt.,https://www.cvonline.hu/hu/allas/sap-devops-temavezeto-szakerto-sap-modulgazda-1843095,2026-03-09,2026-03-16,False,Budapest,,English: B1,,,"SAP DevOps, SAP logisztikai modulok (MM, SD)",On-site,Full-time,3-5 years,,,,,,,,,,,,
1843055,FULL STACK JAVA FEJLESZTŐ,BECK AND PARTNERS Kft.,https://www.cvonline.hu/hu/allas/full-stack-java-fejleszto-1843055,2026-03-09,2026-03-14,False,"Budapest, VIII. kerület",,English: B2,Bachelor,"Java, Python, Angular, SQL, AWS, Spring, Kubernetes, Docker","JUnit, Mockito, REST, SOAP API-k, SNS, SQS, Kafka",On-site,Full-time,5+ years,,,,,,,,,,,,
1843031,ERP támogató (IT),Carl Zeiss Vision Hungary Kft.,https://www.cvonline.hu/hu/master/allas/erp-tamogato-it-1843031,2026-03-09,2026-03-14,False,Mátészalka,,"Magyar: Magyarlancos, Angol: Rendszeres","Felsőfokú szakirányú végzettség (informatikai/mérnöki), informatikai képzés vagy ezzel egyenértékű oklevél megléte","PHP, PowerShell, Bash","Microsoft Power BI, Microsoft Visio, Oracle adatbázis, SQL nyelv (DQL, DML)",,Full-time,3-5 years,,,,,,,,,,,,
1848309,Application Operation and Maintenance Specialist (REF5123I),Deutsche Telekom IT Solutions,https://www.cvonline.hu/hu/allas/application-operation-and-maintenance-specialist-ref5123i-1848309,2026-03-09,2026-03-17,False,,,German: C1,,,,On-site,Full-time,5+ years,,,,,,,,,,,,
1848310,Application Operation and Maintenance Specialist (REF5123I),Deutsche Telekom IT Solutions,https://www.cvonline.hu/hu/allas/application-operation-and-maintenance-specialist-ref5123i-1848310,2026-03-09,2026-03-17,False,,,German: C1,,,,On-site,Full-time,5+ years,,,,,,,,,,,,
1848311,Application Operation and Maintenance Specialist (REF5123I),Deutsche Telekom IT Solutions,https://www.cvonline.hu/hu/allas/application-operation-and-maintenance-specialist-ref5123i-1848311,2026-03-09,2026-03-17,False,,,German: C1,,,,On-site,Full-time,5+ years,,,,,,,,,,,,
1848312,Application Operation and Maintenance Specialist (REF5123I),Deutsche Telekom IT Solutions,https://www.cvonline.hu/hu/allas/application-operation-and-maintenance-specialist-ref5123i-1848312,2026-03-09,2026-03-17,False,,,German: C1,,,,On-site,Full-time,5+ years,,,,,,,,,,,,
1843004,3D Artist,HAYS Hungary Kft.,https://www.cvonline.hu/hu/allas/3d-artist-1843004,2026-03-09,2026-03-14,False,,,English: B2,Bachelor,,"Maya, Blender, 3ds Max, ZBrush, Substance Painter/Designer, Unreal Engine",,Full-time,3-5 years,,,,,,,,,,,,
1857661,SENIOR JAVA FEJLESZTŐ,BECK AND PARTNERS Kft.,https://www.cvonline.hu/hu/allas/senior-java-fejleszto-1857661,2026-03-09,2026-03-25,True,"Budapest, XIII. kerület",,English: B1,,"Java, Spring (Spring Boot), Hibernate/JPA, SQL, TypeScript/JavaScript (React), HTML5, CSS/SCSS, Tailwind, Python","JUnit, Git, Maven/Gradle, Modern Java IDE (IntelliJ/Eclipse/VS Code), AWS (Lambda, EC2, S3, IAM), Docker",Hybrid,Full-time,5+ years,,,,,,,,,,,,
1857834,Diákmunka - Junior műszaki adminisztrátor,MŰISZ Iskolaszövetkezet,https://www.cvonline.hu/hu/allas/diakmunka-junior-muszaki-adminisztrator-1857834,2026-03-09,2026-03-25,True,,2300 Ft/óra,,Bachelor,,MS Office,Half-time,Short-term,0-1 years,,,,,,,,,,,,
1857760,Senior Full Stack Developer,HAYS Hungary Kft.,https://www.cvonline.hu/hu/allas/senior-full-stack-developer-1857760,2026-03-09,2026-03-23,False,,,,,"React, JavaScript, TypeScript, Java 11/17/21/22, Spring Boot, Kotlin","GitHub, GitLab, Oracle Database, Liquibase, HBase, Docker, Tanzu, Jenkins, Sonar, AWS cloud services (S3, EC2, EKS)",,Full-time,5+ years,,,,,,,,,,,,
1852712,Szoftver technikus,Pannonjob Kft.,https://www.cvonline.hu/hu/allas/szoftver-technikus-1852712,2026-03-09,2026-03-25,True,Vecsés,,English: A1,,Linux shell scripting,,,Full-time,0-1 years,,,,,,,,,,,,
1857537,Diákmunka -  Automation and reporting developer gyakornok,MŰISZ Iskolaszövetkezet,https://www.cvonline.hu/hu/allas/diakmunka-automation-and-reporting-developer-gyakornok-1857537,2026-03-09,2026-03-25,True,,2800-3000 Ft/óra,,Bachelor,"Python, SQL, Playwright, Selenium","Power BI, pytest",Hybrid,Full-time,3-5 years,,,,,,,,,,,,
1857222,Lehrling (m/w/d) für den Lehrberuf Mechatronik / Hauptmodul Automatisierungstechnik,Vienna,https://www.cvonline.hu/hu/allas/lehrling-m-w-d-fur-den-lehrberuf-mechatronik-hauptmodul-automatisierungstechnik-1857222,2026-03-09,2026-03-25,True,,,,Positiver Pflichtschulabschluss oder Schulabgänger einer weiterbildenden Schule (AHS/BHS/HAK/HAS/HTL),,,,Short-term,,,,,,,,,,,,,
1852651,E-Sport Streamer,Pannon-Work Cégcsoport,https://www.cvonline.hu/hu/allas/e-sport-streamer-1852651,2026-03-09,2026-03-25,True,,,English: C1,,,"PC, Camera, Microphone, Studio equipment",Home-Office,Full-time,0-1 years,,,,,,,,,,,,
1718841,Teamleiter CRM-Entwicklung MS Dynamics 365 (m/w/d),Laendle,https://www.cvonline.hu/hu/allas/teamleiter-crm-entwicklung-ms-dynamics-365-m-w-d-1718841,2026-03-09,2026-03-09,False,,,"Deutsch: C1, Englisch: B2",Bachelor,"C#, JavaScript, .Net, SQL","MS Dynamics CRM, Power Automate, Power Apps, Azure DevOps",,Full-time,3-5 years,,,,,,,,,,,,
1718850,Mitarbeiter*in IT-Support,Laendle,https://www.cvonline.hu/hu/allas/mitarbeiterin-it-support-1718850,2026-03-09,2026-03-09,False,,"over KV, oriented towards your qualification and experience","German: C1, English: B2","IT-Ausbildung like apprenticeship, vocational school, HTL etc.",,,Flexible,Full-time,1-3 years,,,,,,,,,,,,
1837466,Portuguese Speaking Sales Support Intern,Mind-Diák Szövetkezet,https://www.cvonline.hu/hu/allas/portuguese-speaking-sales-support-intern-1837466,2026-03-09,2026-03-16,False,,2500 Ft/hour in gross,"English: C1, Portuguese: A2",Bachelor,,"MS Office (Excel, Word, PowerPoint, Outlook)",Hybrid,Short-term,0-1 years,,,,,,,,,,,,
1852601,Cloud Platform Engineer (AWS),Randstad Hungary Kft.,https://www.cvonline.hu/hu/allas/cloud-platform-engineer-aws-1852601,2026-03-09,2026-03-25,True,,,,,"Python, Bash, Powershell","GitHub, Azure DevOps, Jenkins, Terraform, Docker, Kubernetes",Home-Office,Full-time,5+ years,,,,,,,,,,,,
1852602,Senior Azure Devops Engineer,Randstad Hungary Kft.,https://www.cvonline.hu/hu/allas/senior-azure-devops-engineer-1852602,2026-03-09,2026-03-25,True,,,,,,"Docker, Jenkins, Terraform, Git, Kubernetes, Spinnaker, Grafana, Cloudwatch, Kibana",,Full-time,5+ years,,,,,,,,,,,,
1852603,Application Developer (Salesforce),Randstad Hungary Kft.,https://www.cvonline.hu/hu/allas/application-developer-salesforce-1852603,2026-03-09,2026-03-16,False,Budapest,,,,"Apex, JavaScript, Java, Python, .NET","Salesforce CRM, Lightning, Visualforce, Agile methodologies",Hybrid,Full-time,3-5 years,,,,,,,,,,,,
1852604,Application Support Engineer (Workday),Randstad Hungary Kft.,https://www.cvonline.hu/hu/allas/application-support-engineer-workday-1852604,2026-03-09,2026-03-16,False,Budapest,,,,"Java, Python, JavaScript, .NET","Salesforce CRM, Apex, Lightning, Visualforce, IT governance and compliance frameworks",Hybrid,Full-time,3-5 years,,,,,,,,,,,,
1852605,Application Support Engineer (Salesforce),Randstad Hungary Kft.,https://www.cvonline.hu/hu/allas/application-support-engineer-salesforce-1852605,2026-03-09,2026-03-16,False,Budapest,,,,,"Salesforce, Jira, ServiceNow",Hybrid,Full-time,3-5 years,,,,,,,,,,,,
1852606,BI Analyst,Randstad Hungary Kft.,https://www.cvonline.hu/hu/allas/bi-analyst-1852606,2026-03-09,2026-03-16,False,Budapest,,,,Power BI,Azure Data Factory,Hybrid,Full-time,3-5 years,,,,,,,,,,,,
1852608,BI Developer,Randstad Hungary Kft.,https://www.cvonline.hu/hu/allas/bi-developer-1852608,2026-03-09,2026-03-16,False,Budapest,,,,"Apex, JavaScript, Java, Python, .NET","Salesforce CRM, Lightning, Visualforce, Agile methodologies, Version control systems",Hybrid,Full-time,3-5 years,,,,,,,,,,,,
1852609,Infrastructure Project Engineer,Randstad Hungary Kft.,https://www.cvonline.hu/hu/allas/infrastructure-project-engineer-1852609,2026-03-09,2026-03-16,False,Budapest,,English: B2,,,"Microsoft Office 365 (Exchange Online, Teams, SharePoint, OneDrive administration)",Hybrid,Full-time,3-5 years,,,,,,,,,,,,
1847963,SAP SuccessFactors System Specialist,Randstad Hungary Kft.,https://www.cvonline.hu/hu/allas/sap-successfactors-system-specialist-1847963,2026-03-09,2026-03-20,False,,,"English: C1, German: B2",Bachelor,,SAP SuccessFactors,Hybrid,Full-time,3-5 years,,,,,,,,,,,,
1847964,SAP SuccessFactors System Specialist,Randstad Hungary Kft.,https://www.cvonline.hu/hu/allas/sap-successfactors-system-specialist-1847964,2026-03-09,2026-03-20,False,,,"English: C1, German: B2",Bachelor,,SAP SuccessFactors,Hybrid,Full-time,3-5 years,,,,,,,,,,,,
1847966,IT integrációs rendszerszervező,Randstad Hungary Kft.,https://www.cvonline.hu/hu/allas/it-integracios-rendszerszervezo-1847966,2026-03-09,2026-03-20,False,Budapest,,"English: B2, German: B2",Bachelor,"Java (J2EE), SQL","BPMN, Enterprise Architect, Middleware, SOA, Tibco, MQ, Oracle, XML, XSD, microservice",Home-Office,Full-time,3-5 years,,,,,,,,,,,,
1847969,Business Analyst (Hybrid - Siófok),Randstad Hungary Kft.,https://www.cvonline.hu/hu/allas/business-analyst-hybrid-siofok-1847969,2026-03-09,2026-03-20,False,Siófok,,English: B1,Bachelor,PHP,,Home-Office,Short-term,3-5 years,,,,,,,,,,,,
1837390,Teszt technikus,Hire-One Kft.,https://www.cvonline.hu/hu/allas/teszt-technikus-1837390,2026-03-09,2026-03-09,False,,,English: B1,High School with Diploma,,"Windows OS, Microsoft Office",,Full-time,0-1 years,,,,,,,,,,,,
1837391,Rendszer technikus,Hire-One Kft.,https://www.cvonline.hu/hu/allas/it-technikus-1837391,2026-03-09,2026-03-09,False,,,,High School with Diploma,,,On-site,Full-time,5+ years,,,,,,,,,,,,
1852530,IT Tesztmérnök,Work Force Kft.,https://www.cvonline.hu/hu/allas/it-tesztmernok-1852530,2026-03-09,2026-03-25,True,,,English: C1,Bachelor,"Java, Python","Linux CLI, Scripting, JIRA",Home-Office,Full-time,0-1 years,,,,,,,,,,,,
1857397,IT Support Specialist (German speaking),Trenkwalder Kft,https://www.cvonline.hu/hu/allas/it-support-specialist-german-speaking-1857397,2026-03-09,2026-03-11,False,,,"German: C1, English: B2",Bachelor,,MS Office,Home-Office,Half-time,1-3 years,,,,,,,,,,,,
1847628,Business Consultant (m/w/d),Vienna,https://www.cvonline.hu/hu/allas/business-consultant-m-w-d-1847628,2026-03-09,2026-03-22,False,,50000 EUR gross/year,,Bachelor,,,Home-Office,Full-time,1-3 years,,,,,,,,,,,,
1847656,Full-Stack-Developer (m/w/d),Vienna,https://www.cvonline.hu/hu/allas/full-stack-developer-m-w-d-1847656,2026-03-09,2026-03-14,False,Wien,55.000 EUR bruto/year + bonus,"English: C1, German: B2",Bachelor,"C#, .NET, ASP.NET Core, SQL Server, Azure",,Hybrid,Full-time,3-5 years,,,,,,,,,,,,
1857043,IT RENDSZERGAZDA,BECK AND PARTNERS Kft.,https://www.cvonline.hu/hu/allas/it-rendszergazda-1857043,2026-03-09,2026-03-25,True,Budapest,,English: B1,,,"Windows, Office, SQL, IIS, Active Directory",Home-Office,Full-time,1-3 years,,,,,,,,,,,,
1847437,Senior product owner,Magyar Posta ZRt.,https://www.cvonline.hu/hu/allas/senior-product-owner-1847437,2026-03-09,2026-03-22,False,Budapest,,Hungarian: C1,Bachelor,,"Word, Excel, Power Point, Outlook",On-site,Full-time,5+ years,,,,,,,,,,,,
1852354,Diákmunka - Software Developer trainee,MŰISZ Iskolaszövetkezet,https://www.cvonline.hu/hu/allas/diakmunka-software-developer-trainee-1852354,2026-03-09,2026-03-23,False,,,"English: B2, German: A2",Bachelor,C#,Knowledge of the .Net development environment,Hybrid,Full-time,5+ years,,,,,,,,,,,,
1852357,Diákmunka - Student for IT Support & Virtual Integration Tester,MŰISZ Iskolaszövetkezet,https://www.cvonline.hu/hu/allas/diakmunka-student-it-support-virtual-integration-tester-1852357,2026-03-09,2026-03-23,False,Budapest,2200-2800 Ft/óra,,Bachelor,"C#, .NET, PowerShell","Windows environments, PowerShell scripting, Basic network configuration",Hybrid,Full-time,5+ years,,,,,,,,,,,,
1847349,Medior .NET Developer,HAYS Hungary Kft.,https://www.cvonline.hu/hu/allas/medior-net-developer-1847349,2026-03-09,2026-03-17,False,,,,,"C#, .NET","Azure App Services, Azure Functions, Git repositories (Bitbucket or GitHub), Terraform",,Full-time,3-5 years,,,,,,,,,,,,
1847350,Senior Scrum Master (German speaking),HAYS Hungary Kft.,https://www.cvonline.hu/hu/allas/senior-scrum-master-german-speaking-1847350,2026-03-09,2026-03-20,False,,,"German: C1, English: B2",,,"Jira, Confluence",,Full-time,5+ years,,,,,,,,,,,,
1718404,Rollout Planer:in Glasfasernetz FTTH,Laendle,https://www.cvonline.hu/hu/allas/rollout-planerin-glasfasernetz-ftth-1718404,2026-03-09,2026-03-09,False,,,German: C1,,,,,,3-5 years,,,,,,,,,,,,
1718405,Baukoordinator:in Glasfaserausbau FTTH,Laendle,https://www.cvonline.hu/hu/allas/baukoordinatorin-glasfaserausbau-ftth-1718405,2026-03-09,2026-03-09,False,,,,,,,,,5+ years,,,,,,,,,,,,
1847124,RENDSZERGAZDA,HABI Kft.,https://www.cvonline.hu/hu/lite/allas/rendszergazda-1847124,2026-03-09,2026-03-20,False,,,English: B1,Bachelor,"HTML, CSS","Microsoft Azure, Windows Server 2012 R2, Office 365, Octopus 8 ERP, pfSense, Ubiquiti, MSSQL, Dyntell BI",,Short-term,3-5 years,,,,,,,,,,,,
1847125,GAZDASÁGINFORMATIKUS,HABI Kft.,https://www.cvonline.hu/hu/lite/allas/gazdasaginformatikus-1847125,2026-03-09,2026-03-20,False,Kiskunhalas,,,Bachelor,,"Power BI, SQL",On-site,Full-time,3-5 years,,,,,,,,,,,,
1847126,IT SUPPORT MUNKATÁRS,HABI Kft.,https://www.cvonline.hu/hu/lite/allas/it-support-munkatars-1847126,2026-03-09,2026-03-20,False,Kiskunhalas,,English: B1,,,"Windows operációs rendszerek, Microsoft Office alkalmazások, Active Directory, Office 365, ticketing rendszerek",On-site,Full-time,1-3 years,,,,,,,,,,,,
1857045,IT SUPPORT MUNKATÁRS,BECK AND PARTNERS Kft.,https://www.cvonline.hu/hu/allas/it-support-munkatars-1857045,2026-03-09,2026-03-25,True,Budapest,,Hungarian: C1,,,"MS Windows 7/8/8.1/10, MS Office 2010, 2013, 2016",On-site,Full-time,1-3 years,,,,,,,,,,,,
1842182,IT vezető,Trenkwalder Kft,https://www.cvonline.hu/hu/allas/it-vezeto-1842182,2026-03-09,2026-03-14,False,,,English: B1,,,,,Full-time,5+ years,,,,,,,,,,,,
1842165,Diákmunka - Informatikai rendszertámogató gyakornok,MŰISZ Iskolaszövetkezet,https://www.cvonline.hu/hu/allas/diakmunka-informatikai-rendszertamogato-gyakornok-1842165,2026-03-09,2026-03-14,False,,,English: A2,High School with Diploma,,"Zabbix, M365, Google Workspace",,Full-time,0-1 years,,,,,,,,,,,,
1722074,Senior System Engineer 80-100% (w/m/d),Laendle,https://www.cvonline.hu/hu/allas/senior-system-engineer-80-100-w-m-d-1722074,2026-03-09,2026-03-09,False,,,"English: B2, German: Native",Bachelor,,,,Full-time,5+ years,,,,,,,,,,,,
1713712,Bereichsassistenz IT 80% (m/w/d),Laendle,https://www.cvonline.hu/hu/allas/bereichsassistenz-it-80-m-w-d-1713712,2026-03-09,2026-03-09,False,,,"German: C1, English: B2",,,"MS-Office, SAP",Flexible,Full-time,1-3 years,,,,,,,,,,,,
1856497,IT mérnök,Humán Centrum Kft.,https://www.cvonline.hu/hu/allas/it-mernok-1856497,2026-03-09,2026-03-18,False,,,English: B2,Bachelor,,"PowerShell, TCP/IP, LAN/WAN, VPN, Tűzfalak, Windows Server, Virtualizáció (VMware), Cloud platformok (Azure, AWS), IT biztonság (hozzáférés-kezelés, titkosítás, audit), ServiceNow",,Full-time,3-5 years,,,,,,,,,,,,
1842014,SAP ABAP Developer (Logistics),Pannonjob Kft.,https://www.cvonline.hu/hu/allas/sap-abap-developer-logistics-1842014,2026-03-09,2026-03-14,False,Hajdú-Bihar megye,,English: B2,,ABAP (classic and/or OO),"SAP EWM, SAP WM, SAP LE, SAP TM, S/4 HANA, BAPIs, BADIs, User-Exits, Enhancements",Hybrid,Full-time,5+ years,,,,,,,,,,,,
1851904,Mobiltelefon tesztelő,Viapan „Dologidő” Kft.,https://www.cvonline.hu/hu/allas/mobiltelefon-tesztelo-1851904,2026-03-09,2026-03-10,False,Budaörs,,,Min. középfokú (technikus/érettségi),,"MS Office, Excel, Webes alkalmazások",Home-Office,Short-term,,,,,,,,,,,,,
1851905,Mobiltelefon tesztelő,Viapan „Dologidő” Kft.,https://www.cvonline.hu/hu/allas/mobiltelefon-tesztelo-1851905,2026-03-09,2026-03-10,False,Budaörs,,,Min. középfokú (technikus/érettségi),,"MS Office, Excel, Webes alkalmazások",Home-Office,Short-term,,,,,,,,,,,,,
1851906,Mobiltelefon tesztelő,Viapan „Dologidő” Kft.,https://www.cvonline.hu/hu/allas/mobiltelefon-tesztelo-1851906,2026-03-09,2026-03-10,False,Budaörs,,,Min. középfokú (technikus/érettségi),,"MS Office, Excel, Webes alkalmazások",Home-Office,Short-term,,,,,,,,,,,,,
1851910,Senior Java Developer with SAP Commerce Cloud/Hybris Focus,Randstad Hungary Kft.,https://www.cvonline.hu/hu/allas/senior-java-developer-sap-commerce-cloud-hybris-focus-1851910,2026-03-09,2026-03-25,True,,,"English: B2, German: A1",Bachelor,"Java, Spring framework","SAP Commerce Cloud, REST API, CI/CD tools",Home-Office,Full-time,3-5 years,,,,,,,,,,,,
1851911,Senior Angular developer with SAP commerce/Hybris focus,Randstad Hungary Kft.,https://www.cvonline.hu/hu/allas/senior-angular-developer-sap-commerce-hybris-focus-1851911,2026-03-09,2026-03-25,True,,,"English: C1, German: B2",Bachelor,"JavaScript/TypeScript, HTML5, CSS3, Angular","SAP Commerce Cloud, Spartacus, Java, CI/CD pipelines, Agile methodologies (SCRUM)",Home-Office,Full-time,5+ years,,,,,,,,,,,,
1846904,Application Specialist - IFS ERP system,Randstad Hungary Kft.,https://www.cvonline.hu/hu/allas/application-specialist-ifs-erp-system-1846904,2026-03-09,2026-03-20,False,,,English: B2,,,IFS ERP system,Hybrid,Full-time,5+ years,,,,,,,,,,,,
1846910,Rendszerszervező (pénzügyi terület),Randstad Hungary Kft.,https://www.cvonline.hu/hu/allas/rendszerszervezo-penzugyi-terulet-1846910,2026-03-09,2026-03-20,False,,,English: B2,Bachelor,,"Atlassian Jira, Atlassian Confluence",Home-Office,Full-time,5+ years,,,,,,,,,,,,
1841934,Full Stack PHP Developer,Hire-One Kft.,https://www.cvonline.hu/hu/allas/full-stack-php-developer-1841934,2026-03-09,2026-03-25,True,,,,,"PHP, JavaScript","HTML5, CSS3, SQL, Linux",Remote,Full-time,3-5 years,,,,,,,,,,,,
1841935,Full Stack PHP Developer,Hire-One Kft.,https://www.cvonline.hu/hu/allas/full-stack-php-developer-1841935,2026-03-09,2026-03-25,True,,,,,"PHP, JavaScript","HTML5, CSS3, SQL, Linux",Remote,Full-time,3-5 years,,,,,,,,,,,,
1841945,Rust Developer,Randstad Hungary Kft.,https://www.cvonline.hu/hu/allas/rust-developer-1841945,2026-03-09,2026-03-16,False,Budapest,,,,Rust,"Tokio, Actix, gRPC, REST, Kafka, NATS, Solana, NEAR, Substrate, PostgreSQL, MongoDB, Redis, Docker, Kubernetes, Terraform, Prometheus, Grafana",Hybrid,Full-time,5+ years,,,,,,,,,,,,
1841946,Digital Solutions Manager,Randstad Hungary Kft.,https://www.cvonline.hu/hu/allas/digital-solutions-manager-1841946,2026-03-09,2026-03-16,False,Budapest,,English: B2,,,"Azure services (Integration, Logic Apps), DevOps principles, Workday, Salesforce",Hybrid,Full-time,3-5 years,,,,,,,,,,,,
1841947,IT Security Engineer,Randstad Hungary Kft.,https://www.cvonline.hu/hu/allas/it-security-engineer-1841947,2026-03-09,2026-03-16,False,Budapest,,English: B2,,,"SIEM, Endpoint Protection (EDR), Firewalls, Email Security Gateways, Vulnerability Management tools",Hybrid,Full-time,3-5 years,,,,,,,,,,,,
1841948,Data and Reporting Manager,Randstad Hungary Kft.,https://www.cvonline.hu/hu/allas/data-and-reporting-manager-1841948,2026-03-09,2026-03-16,False,Budapest,,English: C1,,"SQL, Power BI (DAX, data modeling)","Power BI, Snowflake, Azure Data Factory",Hybrid,Full-time,5+ years,,,,,,,,,,,,
1841950,Power Platform Consultant,Randstad Hungary Kft.,https://www.cvonline.hu/hu/allas/power-platform-consultant-1841950,2026-03-09,2026-03-16,False,,,,,,"Microsoft Power Platform, Power Apps, Power Automate, Copilot Studio",,Full-time,3-5 years,,,,,,,,,,,,
1841925,Műszaki rajzoló/konstruktőr,Viapan „Dologidő” Kft.,https://www.cvonline.hu/hu/allas/muszaki-rajzolo-konstruktor-1841925,2026-03-09,2026-03-11,False,,"13. havi bér, béren kívüli juttatások","German: VAGY B2, English: B2",Középfokú műszaki végzettség,Inventor,,,Full-time,0-1 years,,,,,,,,,,,,
1841878,SZERVIZTECHNIKUS / IT ÜZEMELTETÉSI TECHNIKUS,BECK AND PARTNERS Kft.,https://www.cvonline.hu/hu/allas/szerviztechnikus-it-uzemeltetesi-technikus-1841878,2026-03-09,2026-03-11,False,Miskolc,,English: B1,,,,On-site,Full-time,1-3 years,,,,,,,,,,,,
1841879,IT RENDSZERMÉRNÖK,BECK AND PARTNERS Kft.,https://www.cvonline.hu/hu/allas/it-rendszermernok-1841879,2026-03-09,2026-03-11,False,Budapest,,English: B2,,,"PowerShell, Intune, Azure Automation",On-site,Full-time,3-5 years,,,,,,,,,,,,
1846847,NPD PROJECT MANAGER (Supporting the Soft Flow NPD Programs),BECK AND PARTNERS Kft.,https://www.cvonline.hu/hu/allas/npd-project-manager-supporting-soft-flow-npd-programs-1846847,2026-03-09,2026-03-18,False,Pécs,,English: B2,Bachelor,,,Hybrid,Full-time,3-5 years,,,,,,,,,,,,
1848558,Szoftverfejlesztő,HSA Kft.,https://www.cvonline.hu/hu/allas/szoftverfejleszto-1848558,2026-03-09,2026-03-20,False,,750 000 Ft gross/month,"English: C1, German: Intermediate",,"PowerApps, Power Automate, MS SQL (procedures, views, indexes), Powershell","GitHub, Azure, SharePoint development experience, ERP knowledge",Home-Office,Full-time,3-5 years,,,,,,,,,,,,
1843606,Dutch Speaking Customer Service Specialist,HSA Kft.,https://www.cvonline.hu/hu/allas/dutch-speaking-customer-service-specialist-1843606,2026-03-09,2026-03-16,False,"Budapest, District XI",,"Dutch: C1, English: B2",Higher education degree,,MS Office,On-site,Full-time,3-5 years,,,,,,,,,,,,
1843607,Holland nyelvű ügyfélszolgálati munkatárs,HSA Kft.,https://www.cvonline.hu/hu/allas/holland-nyelvu-ugyfelszolgalati-munkatars-1843607,2026-03-09,2026-03-16,False,Budapest,,"Holland (C1): Speaking and Writing, English (B2): Speaking and Writing",,,"MS Office, WLAN, Bluetooth",On-site,Full-time,1-3 years,,,,,,,,,,,,
1843609,PLC programmer,HSA Kft.,https://www.cvonline.hu/hu/allas/plc-programmer-1843609,2026-03-09,2026-03-16,False,,,"English: B2-C1, Hungarian: C1 or higher",Bachelor,PLC programming,,On-site with home office,Full-time,3-5 years,,,,,,,,,,,,
1854396,SAP Specialista,I.K. Hofmann Personal Kft.,https://www.cvonline.hu/hu/lite/allas/sap-specialista-1854396,2026-03-09,2026-03-25,True,Debrecen,,English: B2,,,"ERP, SAP, Ticketing system",Home-Office,Full-time,3-5 years,,,,,,,,,,,,
1851674,IT Team Leader,Starjobs Magyarország,https://www.cvonline.hu/hu/allas/it-team-leader-1851674,2026-03-09,2026-03-17,False,,,English: C1,,,,,Full-time,5+ years,,,,,,,,,,,,
1856492,Senior BI Developer,HAYS Hungary Kft.,https://www.cvonline.hu/hu/allas/senior-bi-developer-1856492,2026-03-09,2026-03-25,True,Budapest,,English: B2,,"Power BI (M, DAX), MS SQL, Power Automate, Power Platform","MS Excel, Power BI, Power Automate, Power Platform",Hybrid,Full-time,5+ years,,,,,,,,,,,,
1851604,IT szakértő,MÁV Szolgáltató Központ Zrt.,https://www.cvonline.hu/hu/allas/it-szakerto-1851604,2026-03-09,2026-03-25,True,Kecskemét,,English: B2,Bachelor,,"MS Windows operációs és irodai rendszerek, Android mobil operációs rendszer, MDM szoftver, AD tartományi környezet, SCCM szoftver, MS Office szoftvercsomag, MS Excel",On-site,Full-time,3-5 years,,,,,,,,,,,,
1851605,SAP modulgazda,MÁV Szolgáltató Központ Zrt.,https://www.cvonline.hu/hu/allas/sap-modulgazda-1851605,2026-03-09,2026-03-25,True,Budapest,,,Bachelor,,"SAP ECC HR, SAP ECC Logistics, SAP ECC Finance, SuccessFactors",On-site,Full-time,3-5 years,,,,,,,,,,,,
1851606,IT üzemeltető (support és rendszergazda feladatokkal) - Kecskemét,Man at Work Humánszolgáltató és Személyzeti Tanácsadó Kft.,https://www.cvonline.hu/hu/allas/it-operator-kecskemet-1851606,2026-03-09,2026-03-23,False,Kecskemét,,English: B2,,,"VMware, Veeam, Power BI, ManageEngine",On-site,Full-time,3-5 years,,,,,,,,,,,,
1846542,IT Business Analyst,HAYS Hungary Kft.,https://www.cvonline.hu/hu/allas/it-business-analyst-1846542,2026-03-09,2026-03-20,False,,,English: B2,Bachelor,Python,MS Office suite,Home-Office,Full-time,1-3 years,,,,,,,,,,,,
1846543,Senior Data Engineer,HAYS Hungary Kft.,https://www.cvonline.hu/hu/allas/senior-data-engineer-1846543,2026-03-09,2026-03-20,False,Budapest,,English: B2,,"Python, Apache Spark, Terraform","Google Cloud Platform (GCP), Azure, Apache Kafka, PostgreSQL, MongoDB, Google BigQuery, Rest API, CI/CD principles, Terraform",Home-Office,Full-time,5+ years,,,,,,,,,,,,
1841388,SAP Analyst,HAYS Hungary Kft.,https://www.cvonline.hu/hu/allas/sap-analyst-1841388,2026-03-09,2026-03-25,True,Budapest,,English: C1,,ABAP,"SAP MM, S/4HANA, Fiori applications",On-site,Full-time,5+ years,,,,,,,,,,,,
1841390,IT Configuration Specialist,HAYS Hungary Kft.,https://www.cvonline.hu/hu/allas/it-configuration-specialist-1841390,2026-03-09,2026-03-25,True,,,English: B2,,,,Home-Office,Full-time,1-3 years,,,,,,,,,,,,
1841031,SAP ABAP fejlesztő (logisztika),Pannonjob Kft.,https://www.cvonline.hu/hu/allas/sap-abap-fejleszto-logisztika-1841031,2026-03-09,2026-03-14,False,Debrecen,,English: B2,,ABAP (classic or OO),"SAP EWM, SAP WM, SAP LE, SAP TM, S/4 HANA",Hybrid,Full-time,3-5 years,,,,,,,,,,,,
1841032,SAP Software Engineer,Pannonjob Kft.,https://www.cvonline.hu/hu/allas/sap-software-engineer-1841032,2026-03-09,2026-03-14,False,Debrecen,,English: B2,Bachelor,ABAP,"SAP S/4 HANA EWM, SAP S/4 HANA WM, SAP LE (Logistics Execution), SAP TM (Transportation Management), Kafka, Jira, Confluence",,Full-time,3-5 years,,,,,,,,,,,,
1841033,SAP Szoftvermérnök,Pannonjob Kft.,https://www.cvonline.hu/hu/allas/sap-szoftvermernok-1841033,2026-03-09,2026-03-14,False,,,English: C1,,,"SAP S/4HANA, EWM (Extended Warehouse Management), SAP ERP WM, SAP LE, SAP TM, Jira, Confluence, Kafka",,,2-3 years,,,,,,,,,,,,
1841092,SAP Logistics Application Expert (EWM/WM/LE/TM),Pannonjob Kft.,https://www.cvonline.hu/hu/allas/sap-logistics-application-expert-ewm-wm-le-tm-1841092,2026-03-09,2026-03-14,False,Debrecen,,English: B2,,ABAP,"SAP S/4HANA, EWM, WM, LE, TM, ABAP",On-site,Full-time,3-5 years,,,,,,,,,,,,
1841093,SAP Logistics Application Expert (EWM/WM/LE/TM),Pannonjob Kft.,https://www.cvonline.hu/hu/allas/sap-logistics-application-expert-ewm-wm-le-tm-1841093,2026-03-09,2026-03-14,False,Debrecen,,English: B2,Bachelor,ABAP,"SAP EWM, SAP WM, SAP LE, SAP TM, S/4HANA, Kafka, Jira, Confluence",,Full-time,3-5 years,,,,,,,,,,,,
1841117,IT mérnök,Pannonjob Kft.,https://www.cvonline.hu/hu/allas/it-mernok-1841117,2026-03-09,2026-03-14,False,Miskolc,,"Magyar: Magas, Angol: Magas",Felsőfokú informatikai végzettség,,"Hálózati ismeretek (TCP/IP, LAN/WAN, VPN, tűzfalak), Operációs rendszerek (Windows Server), Virtualizáció (VMware), Cloud platformok (Azure, AWS), Szerverek és storage rendszerek (konfigurálás, karbantartás), IT biztonság (hozzáférés-kezelés, titkosítás, audit), Scripting és automatizálás (PowerShell)",On-site,Full-time,3-5 years,,,,,,,,,,,,
1856498,IT technikus (üzemeltetés),MÁV Szolgáltató Központ Zrt.,https://www.cvonline.hu/hu/allas/it-technikus-uzemeltetes-1856498,2026-03-09,2026-03-25,True,Miskolc,,,"Secondary School Leaving Certificate, Vocational High School Diploma",,"MS Windows operating and office systems, Android mobile operating system, MS Office software suite, Computer hardware knowledge",On-site,Full-time,1-3 years,,,,,,,,,,,,
1840634,Holland nyelvű Technical Support Analyst,HSA Kft.,https://www.cvonline.hu/hu/allas/holland-nyelvu-technical-support-analyst-1840634,2026-03-09,2026-03-13,False,Debrecen,,"Holland: C1, English: B2",,,MS Office,On-site,Full-time,3-5 years,,,,,,,,,,,,
1840635,Dutch Speaking Technical Support Analyst,HSA Kft.,https://www.cvonline.hu/hu/allas/dutch-speaking-technical-support-analyst-1840635,2026-03-09,2026-03-13,False,Debrecen,,"Dutch: C1, English: B2",Higher education degree,,MS Office,,Full-time,3-5 years,,,,,,,,,,,,
1856132,ADATKÖZPONTI HARDVER ÜZEMELTETŐ RENDSZERMÉRNÖK,BECK AND PARTNERS Kft.,https://www.cvonline.hu/hu/allas/adatkozponti-hardver-uzemelteto-rendszermernok-1856132,2026-03-09,2026-03-25,True,Budapest,,English: B1,Bachelor,,,Hybrid,Full-time,3-5 years,,,,,,,,,,,,
1856377,SENIOR IT BUSINESS ANALYST (BANKI TERÜLET),BECK AND PARTNERS Kft.,https://www.cvonline.hu/hu/allas/senior-it-business-analyst-banki-terulet-1856377,2026-03-09,2026-03-25,True,Budapest,,English: C1,,,,Hybrid,Full-time,5+ years,,,,,,,,,,,,
1856133,SENIOR IT SOLUTION ARCHITECT (SOLA),BECK AND PARTNERS Kft.,https://www.cvonline.hu/hu/allas/senior-it-solution-architect-sola-1856133,2026-03-09,2026-03-25,True,Budapest,,English: C1,,,,On-site,Full-time,5+ years,,,,,,,,,,,,
1851361,Diákmunka - Begyázott rendszereket tesztelő gyakornok,MŰISZ Iskolaszövetkezet,https://www.cvonline.hu/hu/allas/diakmunka-begyazott-rendszereket-tesztelo-gyakornok-1851361,2026-03-09,2026-03-17,False,XI. kerületi Infopark,,"English: B1, German: Intermediate",Bachelor,Python,"Behave, SVN, Jenkins",Hybrid,Full-time,1-3 years,,,,,,,,,,,,
1840921,Diákmunka - Test engineer trainee - Simotion project,MŰISZ Iskolaszövetkezet,https://www.cvonline.hu/hu/allas/diakmunka-test-engineer-trainee-simotion-project-1840921,2026-03-09,2026-03-23,False,Szeged,,English: B2,Bachelor,C#,"TFS, OOP, Version control, Issue tracking system",Home-Office,Full-time,5+ years,,,,,,,,,,,,
1840923,Diákmunka - IT támogató munkatárs (IT Support Specialist),MŰISZ Iskolaszövetkezet,https://www.cvonline.hu/hu/allas/diakmunka-it-tamogato-munkatars-it-support-specialist-1840923,2026-03-09,2026-03-17,False,,2500 Ft/óra,English: A1,Bachelor,,Ticketing rendszer,Hybrid,Half-time,0-1 years,,,,,,,,,,,,
1855804,Lehre Mechatronik / Hauptmodul Automatisierungstechnik,Vienna,https://www.cvonline.hu/hu/allas/lehre-mechatronik-hauptmodul-automatisierungstechnik-1855804,2026-03-09,2026-03-09,False,,,,High School with Diploma,,,,Short-term,,,,,,,,,,,,,
1851354,IT szakértő,MÁV Szolgáltató Központ Zrt.,https://www.cvonline.hu/hu/allas/it-szakerto-1851354,2026-03-09,2026-03-25,True,Pécs,,English: B2,Bachelor,,"MS Windows operációs és irodai rendszerek, Android mobil operációs rendszer, MDM szoftver, AD tartományi környezet, SCCM szoftver, MS Office szoftvercsomag, MS Excel",,Full-time,3-5 years,,,,,,,,,,,,
1855801,Global Administrator - EPLAN Cloud Manager (m/w/d),Vienna,https://www.cvonline.hu/hu/allas/global-administrator-eplan-cloud-manager-m-w-d-1855801,2026-03-09,2026-03-14,False,Wien,Ab 70000 EUR gross/month,"Deutsch: C1, Englisch: B2",,,"EPLAN (z. B. Electric P8, Pro Panel)",Home-Office,Full-time,5+ years,,,,,,,,,,,,
1855786,PLC programozó,HSA Kft.,https://www.cvonline.hu/hu/allas/plc-programozo-1855786,2026-03-09,2026-03-16,False,,,"English: B2, German: C1 or higher, Hungarian: native",Bachelor,,,,Full-time,3-5 years,,,,,,,,,,,,
1851322,Értékesítési szaktanácsadó,Mind-Diák Szövetkezet,https://www.cvonline.hu/hu/allas/ertekesitesi-szaktanacsado-1851322,2026-03-09,2026-03-22,False,,Br. 1882 Ft/óra alapbér + értékesítési bónusz,English: B2,Érvényes nappali tagozatos tanulói/hallgatói jogviszony Betöltött 18. életév,,,On-site,Full-time,3-5 years,,,,,,,,,,,,
1728574,Teamleiter (m/w/d) im Bereich Softwareentwicklung,Laendle,https://www.cvonline.hu/hu/allas/teamleiter-m-w-d-im-bereich-softwareentwicklung-1728574,2026-03-09,2026-03-09,False,,,"English: B2, German: C1",Bachelor,,,,Full-time,5+ years,,,,,,,,,,,,
1728577,Solutionarchitekt*in mit Fokus SAP,Laendle,https://www.cvonline.hu/hu/allas/solutionarchitektin-mit-fokus-sap-1728577,2026-03-09,2026-03-09,False,Kennelbach,,"German: C1, English: B2",Bachelor,,,,Full-time,3-5 years,,,,,,,,,,,,
1728578,Product Lead (m/w/d),Laendle,https://www.cvonline.hu/hu/allas/product-lead-m-w-d-1728578,2026-03-09,2026-03-09,False,Kennelbach,,"German: C1, English: B2",,,,,Full-time,3-5 years,,,,,,,,,,,,
1728579,IT-Infrastruktur Architekt*in,Laendle,https://www.cvonline.hu/hu/allas/it-infrastruktur-architektin-1728579,2026-03-09,2026-03-09,False,Kennelbach,,"German: C1, English: B2","Bachelor, Master",,Terraform,On-site,Full-time,3-5 years,,,,,,,,,,,,
1717426,ERP Solution Architect (m/w/d),Laendle,https://www.cvonline.hu/hu/allas/erp-solution-architect-m-w-d-1717426,2026-03-09,2026-03-09,False,,null,"German: C1, English: B2",Bachelor,,,,Full-time,3-5 years,,,,,,,,,,,,
1717427,.NET Backend Developer (m/w/d),Laendle,https://www.cvonline.hu/hu/allas/net-backend-developer-m-w-d-1717427,2026-03-09,2026-03-09,False,,null,English: B2,,"C#, .NET, Java","AWS, Azure, DevOps, CI/CD",,Full-time,3-5 years,,,,,,,,,,,,
1717432,Systems Engineer - Central Clientmanagement (m/w/d)*,Laendle,https://www.cvonline.hu/hu/allas/systems-engineer-central-clientmanagement-m-w-d-1717432,2026-03-09,2026-03-09,False,Knellesegg,,"German: C1, English: B2",Bachelor,,,On-site,Full-time,3-5 years,,,,,,,,,,,,
1717433,Systems Engineer - Windows Server (m/w/d)*,Laendle,https://www.cvonline.hu/hu/allas/systems-engineer-windows-server-m-w-d-1717433,2026-03-09,2026-03-09,False,Kennelbach,,"German: C1, English: B2",Bachelor,,,,Full-time,5+ years,,,,,,,,,,,,
1713058,CRM-Entwickler MS Dynamics 365 (m/w/d),Laendle,https://www.cvonline.hu/hu/allas/crm-entwickler-ms-dynamics-365-m-w-d-1713058,2026-03-09,2026-03-09,False,,,"German: C1, English: B2",Bachelor,"C#, JavaScript","MS Dynamics 365 CRM, Microsoft Power Platform (Power Apps, Power Automate, Power Pages), .NET, SQL, React, MS Power BI, Azure DevOps",,Full-time,1-3 years,,,,,,,,,,,,
1840872,Szoftverfejlesztő gyakornok,Mind-Diák Szövetkezet,https://www.cvonline.hu/hu/allas/szoftverfejleszto-gyakornok-1840872,2026-03-09,2026-03-16,False,,Br. 2400 Ft/óra,,Folyamatban lévő egyetemi vagy főiskolai tanulmányok aktív vagy passzív nappali tagozaton,"C#, .Net, MS SQL, ASP.Net, SQL",,Rugalmas időbeosztás,"Szakmai fejlődés, Karrierépítési lehetőség a cégnél",,,,,,,,,,,,,
1840878,Manuális tesztelő gyakornok,Mind-Diák Szövetkezet,https://www.cvonline.hu/hu/allas/manualis-tesztelo-gyakornok-1840878,2026-03-09,2026-03-16,False,,2400 Ft/óra,,Folyamatban lévő egyetemi vagy főiskolai tanulmányok aktív vagy passzív nappali tagozat,,,,Short-term,,,,,,,,,,,,,
1728567,Software Entwickler Programmiersysteme (w/m/d),Laendle,https://www.cvonline.hu/hu/allas/software-entwickler-programmiersysteme-w-m-d-1728567,2026-03-09,2026-03-09,False,Feldkirch,,"German: C1, English: B2",Bachelor,"Java, JavaScript, Rust",,Hybrid,Full-time,3-5 years,,,,,,,,,,,,
1728568,Abteilungsleiter Software Programmiersysteme (w/m/d),Laendle,https://www.cvonline.hu/hu/allas/abteilungsleiter-software-programmiersysteme-w-m-d-1728568,2026-03-09,2026-03-09,False,Feldkirch/Österreich,,"Deutsch B2, Englisch B1","Uni, FH oder vergleichbare Qualifikation","C, C++, Java, Rust, IEC-Programmiersprachen",,Gleitzeit,Full-time,5+ years,,,,,,,,,,,,
1728569,Testentwickler Hardware & Software (w/m/d),Laendle,https://www.cvonline.hu/hu/allas/testentwickler-hardware-software-w-m-d-1728569,2026-03-09,2026-03-09,False,Feldkirch/Österreich,,"Deutsch B2, Englisch B1","Technische Ausbildung (FH, HTL, Lehre) oder vergleichbare Qualifikation","IEC61131-3, C/C++/C#, Java, Java-Script",,Gleitzeit,Full-time,0-1 years,,,,,,,,,,,,
1728570,Teamleiter SPS-Applikation (w/m/d),Laendle,https://www.cvonline.hu/hu/allas/teamleiter-sps-applikation-w-m-d-1728570,2026-03-09,2026-03-09,False,Feldkirch,,"German: C1, English: B2",Bachelor,"IEC 61131, C/C++, Matlab/Simulink",,Home-Office,Full-time,5+ years,,,,,,,,,,,,
1851265,HR System Specialist,Randstad Hungary Kft.,https://www.cvonline.hu/hu/allas/hr-system-specialist-1851265,2026-03-09,2026-03-16,False,,,English: B2,,,SuccessFactors Recruiting modules,,Full-time,3-5 years,,,,,,,,,,,,
1851268,IT Support and Automation Specialist,Randstad Hungary Kft.,https://www.cvonline.hu/hu/allas/it-support-and-automation-specialist-1851268,2026-03-09,2026-03-16,False,,,English: B2,,"JavaScript, Python, PowerShell","Windows Server and Desktop Operating Systems, Active Directory, MS Office, IT Security basics, Windows 11, Microsoft Office 365",Hybrid,Full-time,1-3 years,,,,,,,,,,,,
1851269,Manuális Tesztelő / QA Specialist,Randstad Hungary Kft.,https://www.cvonline.hu/hu/allas/manualis-tesztelo-qa-specialist-1851269,2026-03-09,2026-03-25,True,,,,,,Postman,Home-Office,Short-term,1-3 years,,,,,,,,,,,,
1846095,German Speaking Presales Specialist,Randstad Hungary Kft.,https://www.cvonline.hu/hu/allas/german-speaking-presales-specialist-1846095,2026-03-09,2026-03-18,False,,,"English: C1, German: C1",,,Salesforce,Home-Office,Full-time,3-5 years,,,,,,,,,,,,
1840785,Application Support Expert - IT Laboratory & LIMS,Randstad Hungary Kft.,https://www.cvonline.hu/hu/allas/application-support-expert-it-laboratory-lims-1840785,2026-03-09,2026-03-16,False,,,"English: B2, French: A1",Bachelor,,"CDS, LIMS",On-site,Full-time,5+ years,,,,,,,,,,,,
1855738,JUNIOR POWER BI SPECIALIST (3878),HumanField Vezető- és Specialistakiválasztó Kft.,https://www.cvonline.hu/hu/allas/junior-power-bi-specialist-3878-1855738,2026-03-09,2026-03-25,True,,,English: B2,Bachelor,,"Microsoft Power Automate, Business Intelligence, Microsoft Power BI, Microsoft Power Apps, PowerPivot, Low-Code Development, RPA, Low-code, No-code",Hybrid,Full-time,1-3 years,,,,,,,,,,,,
1840753,LEAD BACKEND DEVELOPER (Node.js),BECK AND PARTNERS Kft.,https://www.cvonline.hu/hu/allas/lead-backend-developer-nodejs-1840753,2026-03-09,2026-03-11,False,Budapest,,English: B2,,"Node.js, TypeScript","NestJS, GraphQL, Kubernetes, AWS, GCP, Azure, Docker, CI/CD, Async messaging, Event streaming, Microservice architecture, ORM, Relational databases",Hybrid,Full-time,5+ years,,,,,,,,,,,,
1846037,ERP LOGISZTIKAI KONZULENS/TANÁCSADÓ,BECK AND PARTNERS Kft.,https://www.cvonline.hu/hu/allas/erp-logisztikai-konzulens-tanacsado-1846037,2026-03-09,2026-03-17,False,Budapest XIII. kerület,,English: B2,,,"QAD ERP rendszer, ERP tanácsadóként vagy ERP key userként termelő vállalatnál",On-site,Full-time,3-5 years,,,,,,,,,,,,
1855802,IT Sales & Key Account Manager:in (m/w/d),Vienna,https://www.cvonline.hu/hu/allas/it-sales-key-account-managerin-m-w-d-1855802,2026-03-09,2026-03-25,True,,65000 EUR brutto/year (38.5 hours),"Deutsch: C1-C2, Englisch: B2-C1",Universitäts- oder FH-Abschluss im kaufmännischen oder IT-technischen Bereich,,,Hybrid,Full-time,5+ years,,,,,,,,,,,,
1851204,SAP consultant (CO),Hire-One Kft.,https://www.cvonline.hu/hu/allas/sap-consultant-co-1851204,2026-03-09,2026-03-25,True,,Motivating salary + extras,English: C1,Bachelor,SAP ABAP,"SAP CO module, SAP solutions",Home-Office,Full-time,3-5 years,,,,,,,,,,,,
1851205,SAP consultant (CO),Hire-One Kft.,https://www.cvonline.hu/hu/allas/sap-consultant-co-1851205,2026-03-09,2026-03-25,True,,Motivating salary + extras,English: B2,Bachelor,SAP ABAP,"SAP CO module, SAP solutions",Home-Office,Full-time,3-5 years,,,,,,,,,,,,
1851206,SAP consultant (CO),Hire-One Kft.,https://www.cvonline.hu/hu/allas/sap-consultant-co-1851206,2026-03-09,2026-03-25,True,,Motivating salary + extras,English: B2,Bachelor,SAP ABAP,"SAP CO module, SAP solutions",Home-Office,Full-time,3-5 years,,,,,,,,,,,,
1855704,Raktári kisegítő,Mind-Diák Szövetkezet,https://www.cvonline.hu/hu/allas/raktari-kisegito-1855704,2026-03-09,2026-03-25,True,,Br. 2300 Ft/óra,,,,,,Full-time,1-3 years,,,,,,,,,,,,
1855790,System Engineer (m/f/x),Vienna,https://www.cvonline.hu/hu/allas/system-engineer-m-f-x-1855790,2026-03-09,2026-03-25,True,Wien,,"German: C1, English: B2",,,,Home-Office,Full-time,3-5 years,,,,,,,,,,,,
1845230,Business Analyst,HUNAM Personnel Solutions Kft.,https://www.cvonline.hu/hu/allas/business-analyst-1845230,2026-03-09,2026-03-17,False,,,"English: A2, Hungarian: Native",Bachelor,PHP,Sharepoint,Home-Office,Full-time,3-5 years,,,,,,,,,,,,
1855610,RENDSZERGAZDA,BECK AND PARTNERS Kft.,https://www.cvonline.hu/hu/allas/rendszergazda-1855610,2026-03-09,2026-03-25,True,"Budapest, 12.kerület",,English: B1,Bachelor,,"M-Files, Novitax",Hybrid,Full-time,3-5 years,,,,,,,,,,,,
1840546,IT Systemtechnik Lehrling (m/w/x),Vienna,https://www.cvonline.hu/hu/allas/it-systemtechnik-lehrling-m-w-x-1840546,2026-03-09,2026-03-13,False,Wien,,Deutsch: C1,"Abgeschlossene Pflichtschule (9. Klasse) oder eine abgebrochene Schulausbildung (AHS, BHS)",,,On-site,Full-time,,,,,,,,,,,,,
1840566,Lehrling Mechatronik - Fertigungstechnik (all genders),Vienna,https://www.cvonline.hu/hu/allas/lehrling-mechatronik-fertigungstechnik-all-genders-1840566,2026-03-09,2026-03-13,False,,,"German: C1, English: B2",,,,,,,,,,,,,,,,,,
1840569,Lehrling für den Beruf Mechatronik,Vienna,https://www.cvonline.hu/hu/allas/lehrling-fur-den-beruf-mechatronik-1840569,2026-03-09,2026-03-13,False,,,,High School with Diploma,,,,Short-term,,,,,,,,,,,,,
1855793,Softwaretester (m/w/d),Vienna,https://www.cvonline.hu/hu/allas/softwaretester-m-w-d-1855793,2026-03-09,2026-03-25,True,,42882 EUR gross/year,"Deutsch: C1, Englisch: B2",,,MS Office,Home-Office (up to 80%),Full-time,1-3 years,,,,,,,,,,,,
1845844,SENIOR SZOFTVERFEJLESZTŐ,A-Credit 2000 Tanácsadó és Szolgáltató Kft.,https://www.cvonline.hu/hu/allas/senior-szoftverfejleszto-1845844,2026-03-09,2026-03-18,False,Székesfehérvár,,English: B1,Bachelor,"C#, .Net, C/C++, Git",MS-SQL,Hybrid,Full-time,3-5 years,,,,,,,,,,,,
1845838,Product Manager,A-Credit 2000 Tanácsadó és Szolgáltató Kft.,https://www.cvonline.hu/hu/allas/product-manager-1845838,2026-03-09,2026-03-18,False,Székesfehérvár,,"English: C1, Hungarian: Native",,,,,Full-time,5+ years,,,,,,,,,,,,
1850980,Diákmunka - Data Scientist – Total Vehicle Quality,MŰISZ Iskolaszövetkezet,https://www.cvonline.hu/hu/allas/diakmunka-data-scientist-total-vehicle-quality-1850980,2026-03-09,2026-03-25,True,,,"English: C1, Hungarian: B2",Bachelor,"Python, SQL, C++","React, PySpark, Machine Learning Libraries",,Short-term,,,,,,,,,,,,,
1851009,"Diákmunka - Data Scientist – Q✦Lab (Validation, Integration Total Vehicle)",MŰISZ Iskolaszövetkezet,https://www.cvonline.hu/hu/allas/diakmunka-data-scientist-qlab-validation-integration-total-vehicle-1851009,2026-03-09,2026-03-25,True,,2145 Ft/óra,,Bachelor,"Python, SQL","React, C++, ML, LLMs, Data Engineering Fundamentals (PySpark), Agentic AI",,Full-time,3-5 years,,,,,,,,,,,,
1855739,JUNIOR RPA DEVELOPER (3876),HumanField Vezető- és Specialistakiválasztó Kft.,https://www.cvonline.hu/hu/allas/junior-rpa-developer-3876-1855739,2026-03-09,2026-03-25,True,,,English: C1,Bachelor,,"UiPath, Automation Anywhere, Power BI, Microsoft Power Automate, Microsoft Power Apps, PowerPivot, Low-Code Development, RPA, Low-code, No-code",Home-Office,Full-time,0-1 years,,,,,,,,,,,,
1845815,Diákmunka - C++ Developer Trainee SINUMERIK HMI,MŰISZ Iskolaszövetkezet,https://www.cvonline.hu/hu/allas/diakmunka-c-developer-trainee-sinumerik-hmi-1845815,2026-03-09,2026-03-18,False,Budapest,,"English: B2, German: A1",Bachelor,"C, C++","Qt, Python",Home-Office,Full-time,5+ years,,,,,,,,,,,,
1845774,Csalás-megelőzési és az Információbiztonsági gyakornok,MFB Magyar Fejlesztési Bank Zrt.,https://www.cvonline.hu/hu/lite/allas/csalas-megelozesi-es-az-informaciobiztonsagi-gyakornok-1845774,2026-03-09,2026-03-18,False,,,,Bachelor,,,On-site with home office,Short-term,0-1 years,,,,,,,,,,,,
1850906,IT PROJEKT KOORDINÁTOR,BECK AND PARTNERS Kft.,https://www.cvonline.hu/hu/allas/it-projekt-koordinator-1850906,2026-03-09,2026-03-23,False,Budapest,,"Hungarian: C1, English: B2",Bachelor,,"JIRA, Monday, ClickUp, Asana, Notion, ERP systems, Business Central (Navision)",Home-Office,Full-time,3-5 years,,,,,,,,,,,,
1845658,Software Solution Architect,HAYS Hungary Kft.,https://www.cvonline.hu/hu/allas/software-solution-architect-1845658,2026-03-09,2026-03-18,False,,Competitive salary and various benefits,English: B2,,,,Home-Office,Full-time,3-5 years,,,,,,,,,,,,
1845659,"Data Analyst (SQL, Power BI)",HAYS Hungary Kft.,https://www.cvonline.hu/hu/allas/data-analyst-sql-power-bi-1845659,2026-03-09,2026-03-18,False,Budapest,,English: B2,,"SQL, Power BI","Spotfire, PowerBI",Home-Office,Full-time,1-3 years,,,,,,,,,,,,
1845731,iOS Developer,HAYS Hungary Kft.,https://www.cvonline.hu/hu/allas/ios-developer-1845731,2026-03-09,2026-03-17,False,,,,,Swift,"Xcode, Interface Builder, Storyboards, Git, Fastlane, XcodeGen, HaishinKit or similar live streaming libraries, WebSocket and real-time communication, MIDI protocol knowledge, CoreData",Hybrid,Full-time,5+ years,,,,,,,,,,,,
1855792,Senior Consultant (w/m/d) SAP BI,Vienna,https://www.cvonline.hu/hu/allas/senior-consultant-w-m-d-sap-bi-1855792,2026-03-09,2026-03-25,True,,80000 EUR gross/year,German: C1,Bachelor,"ABAP, ABAP WebDynpro, ABAP OO","SAP BW/BI, SAP HANA, Business Objects, SAP Analytics Cloud",Home-Office,Full-time,5+ years,,,,,,,,,,,,
1845541,Project Manager Supply Planning - EMEA,Carl Zeiss Vision Hungary Kft.,https://www.cvonline.hu/hu/master/allas/project-manager-supply-planning-emea-1845541,2026-03-09,2026-03-18,False,Mátészalka,,English: B2,Bachelor,,"Microsoft Excel, Power Point",,Full-time,3-5 years,,,,,,,,,,,,
1727975,Anwendungsentwickler (m/w/d)),Laendle,https://www.cvonline.hu/hu/allas/anwendungsentwickler-m-w-d-1727975,2026-03-09,2026-03-09,False,,,English: B2,,,"Microsoft Power Apps, Power Automate, SharePoint",Hybrid,Full-time,3-5 years,,,,,,,,,,,,
1727976,Oracle Datenbank Administrator:in,Laendle,https://www.cvonline.hu/hu/allas/oracle-datenbank-administratorin-1727976,2026-03-09,2026-03-09,False,,,,,,,Hybrid,Full-time,1-3 years,,,,,,,,,,,,
1727978,Softwareentwickler Applikationssoftware Baumaschinen (m/w/d),Laendle,https://www.cvonline.hu/hu/allas/softwareentwickler-applikationssoftware-baumaschinen-m-w-d-1727978,2026-03-09,2026-03-09,False,,"kollektivvertragliches Mindestentgelt der Metallindustrie, abhängig von der beruflichen Qualifikation und Berufserfahrung","German: C1, English: B2","Bachelor, Master",,,Hybrid,Full-time,3-5 years,,,,,,,,,,,,
1727981,Teamlead Software Development (m/w/d),Laendle,https://www.cvonline.hu/hu/allas/teamlead-software-development-m-w-d-1727981,2026-03-09,2026-03-09,False,,,"German: C1, English: B2",Bachelor,,,Hybrid,Full-time,5+ years,,,,,,,,,,,,
1727982,Spezialist:in Prozessmanagement,Laendle,https://www.cvonline.hu/hu/allas/spezialistin-prozessmanagement-1727982,2026-03-09,2026-03-09,False,,,,,,,,,,,,,,,,,,,,,
1727984,Telekom-Techniker:in,Laendle,https://www.cvonline.hu/hu/allas/telekom-technikerin-1727984,2026-03-09,2026-03-09,False,,,,,,,,,,,,,,,,,,,,,
1728006,Service Desk Engineer (m/w/d),Laendle,https://www.cvonline.hu/hu/allas/service-desk-engineer-m-w-d-1728006,2026-03-09,2026-03-09,False,,,"German: C1, English: B2","Technical Secondary School Diploma (HTL, Apprenticeship in System Technology)",,Ticketing system,,Full-time,1-3 years,,,,,,,,,,,,
1850583,Firmware Engineer,Trenkwalder Kft,https://www.cvonline.hu/hu/allas/firmware-engineer-1850583,2026-03-09,2026-03-10,False,,,English: C1,Bachelor,"C++, Python",,Home-Office,Full-time,5+ years,,,,,,,,,,,,
1840042,"Customer Technology Advisor - Mainframe (m,w,d)",Vienna,https://www.cvonline.hu/hu/allas/customer-technology-advisor-mainframe-mwd-1840042,2026-03-09,2026-03-11,False,,110000 EUR brutto/year + 20% Bonus,"German: C1, English: B2",,,,Home-Office,Full-time,3-5 years,,,,,,,,,,,,
1840063,Mechatronik - Elektromaschinentechnik (m/w/d),Vienna,https://www.cvonline.hu/hu/allas/mechatronik-elektromaschinentechnik-m-w-d-1840063,2026-03-09,2026-03-11,False,Wiener Neudorf,,English: B1,,,,Hybrid,Short-term,0-1 years,,,,,,,,,,,,
1840071,Lehrstelle Mechatronik- und Fertigungstechnik (m/w/d),Vienna,https://www.cvonline.hu/hu/allas/lehrstelle-mechatronik-und-fertigungstechnik-m-w-d-1840071,2026-03-09,2026-03-11,False,,,,Positiver Pflichtschulabschluss und eine daraus folgende gute Allgemeinbildung,,,,,,,,,,,,,,,,,
1716639,Solution Architect CPQ - Configure Price Quote (m/w/d),Laendle,https://www.cvonline.hu/hu/allas/solution-architect-cpq-configure-price-quote-m-w-d-1716639,2026-03-09,2026-03-09,False,,,"German: C1, English: B2",Bachelor,,,Hybrid,Full-time,3-5 years,,,,,,,,,,,,
1855258,French Speaking Catalogue Specialist,Trenkwalder Kft,https://www.cvonline.hu/hu/allas/french-speaking-catalogue-specialist-1855258,2026-03-09,2026-03-25,True,,,"English: C1, French: C1",,,"Excel, Word, PowerPoint",Home-Office,Full-time,1-3 years,,,,,,,,,,,,
1850468,Frontend Developer (Angular - Access Management),Randstad Hungary Kft.,https://www.cvonline.hu/hu/allas/frontend-developer-angular-access-management-1850468,2026-03-09,2026-03-16,False,,,,,Angular,,Hybrid,Full-time,3-5 years,,,,,,,,,,,,
1850475,CPQ & Technical Sales Configurator Specialist,Randstad Hungary Kft.,https://www.cvonline.hu/hu/allas/cpq-technical-sales-configurator-specialist-1850475,2026-03-09,2026-03-25,True,,,,Bachelor,,SAP CPQ,Hybrid or fully remote (depending on location),Full-time,3-5 years,,,,,,,,,,,,
1850479,MES Engineer (hybrid),Randstad Hungary Kft.,https://www.cvonline.hu/hu/allas/mes-engineer-hybrid-1850479,2026-03-09,2026-03-25,True,,,,Bachelor,,"Siemens Opcenter, Rockwell FactoryTalk, Wonderware",Hybrid,Full-time,5+ years,,,,,,,,,,,,
1839898,Network Engineer,Randstad Hungary Kft.,https://www.cvonline.hu/hu/allas/network-engineer-1839898,2026-03-09,2026-03-16,False,,,"English: Fluently, Hungarian: Fluent in",Bachelor,,Cisco certification,On-site,Full-time,5+ years,,,,,,,,,,,,
1839907,IT biztonsági szakértő (SIEM),Randstad Hungary Kft.,https://www.cvonline.hu/hu/allas/it-biztonsagi-szakerto-siem-1839907,2026-03-09,2026-03-16,False,,Not specified,English: B2,,,"SIEM, SDLC",Hybrid,Full-time,3-5 years,,,,,,,,,,,,
1839908,IT biztonsági szakértő,Randstad Hungary Kft.,https://www.cvonline.hu/hu/allas/it-biztonsagi-szakerto-1839908,2026-03-09,2026-03-16,False,Budapest,,English: B2,Bachelor,,"Microsoft, Linux, Oracle, MySQL, Excel, PowerPoint",Hybrid,Full-time,1-3 years,,,,,,,,,,,,
1845259,Senior DevOps Engineer (with strong AWS and basic Java skills),Randstad Hungary Kft.,https://www.cvonline.hu/hu/allas/senior-devops-engineer-strong-aws-and-basic-java-skills-1845259,2026-03-09,2026-03-17,False,,,,,"Java, Python (Linux scripting), SpringBoot","Jenkins, AWS, Kubernetes",,Full-time,5+ years,,,,,,,,,,,,
1845262,Senior Information Security Manager,Randstad Hungary Kft.,https://www.cvonline.hu/hu/allas/senior-information-security-manager-1845262,2026-03-09,2026-03-17,False,Budapest,,English: C1,,,,Hybrid,Full-time,5+ years,,,,,,,,,,,,
1845267,Senior Scrum Master (German speaker),Randstad Hungary Kft.,https://www.cvonline.hu/hu/allas/senior-scrum-master-german-speaker-1845267,2026-03-09,2026-03-20,False,,,"German: C1, English: B2",,,"Jira, Confluence",,Full-time,3-5 years,,,,,,,,,,,,
1845270,DevOps Engineer,Randstad Hungary Kft.,https://www.cvonline.hu/hu/allas/devops-engineer-1845270,2026-03-09,2026-03-16,False,,,English: B2,,"Kubernetes, GitLab CI/CD, ArgoCD, Terraform",,Hybrid,Full-time,3-5 years,,,,,,,,,,,,
1845248,Senior Account Executive / SW Sales Professional,Hire-One Kft.,https://www.cvonline.hu/hu/allas/senior-account-executive-sw-sales-professional-1845248,2026-03-09,2026-03-16,False,,,English: B2,,,CRM (HubSpot),Home-Office,Full-time,3-5 years,,,,,,,,,,,,
1845253,"Web&ERP támogató konzulens (Web, Backend)",Hire-One Kft.,https://www.cvonline.hu/hu/allas/weberp-tamogato-konzulens-web-backend-1845253,2026-03-09,2026-03-18,False,,,English: B1,Bachelor,"HTML, CSS, JavaScript, .NET (C#)","REST API, SQL, Microsoft Dynamics 365",,Full-time,3-5 years,,,,,,,,,,,,
1850397,HÁLÓZATI RENDSZERGAZDA (INFORMATIKAI ÉS HÍRKÖZLÉSI REFERENS),BECK AND PARTNERS Kft.,https://www.cvonline.hu/hu/allas/halozati-rendszergazda-informatikai-es-hirkozlesi-referens-1850397,2026-03-09,2026-03-22,False,Budapest,,English: A1,Bachelor,,"Ticketing systems, VMWare",On-site,Full-time,5+ years,,,,,,,,,,,,
1850400,INFORMATIKUS (INFORMATIKAI ÉS HÍRKÖZLÉSI REFERENS),BECK AND PARTNERS Kft.,https://www.cvonline.hu/hu/allas/informatikus-informatikai-es-hirkozlesi-referens-1850400,2026-03-09,2026-03-22,False,Budapest,,English: A1,Bachelor,,"Ticketing systems, VMWare, MS Windows",On-site,Full-time,5+ years,,,,,,,,,,,,
1845208,IT RENDSZERSZERVEZŐ,BECK AND PARTNERS Kft.,https://www.cvonline.hu/hu/allas/it-rendszerszervezo-1845208,2026-03-09,2026-03-16,False,"Budapest, 13. kerület",,English: B2,Bachelor,,"Atlassian termékcsalád (Jira, Confluence), Teszteszközök (pl. SoapUI, JMeter, Postman), SQL, UML vagy BPMN folyamatmodellezés, EA ismeret",Home-Office,Full-time,3-5 years,,,,,,,,,,,,
1850391,IT TECHNIKUS,BECK AND PARTNERS Kft.,https://www.cvonline.hu/hu/allas/it-technikus-1850391,2026-03-09,2026-03-22,False,Győr,,English: B1,,,,On-site,Full-time,1-3 years,,,,,,,,,,,,
1850396,IT ASSZISZTENS,BECK AND PARTNERS Kft.,https://www.cvonline.hu/hu/allas/it-asszisztens-1850396,2026-03-09,2026-03-22,False,Budapest,,"English: A1, Hungarian: Native",,,"Microsoft Office (Excel), Ticketing system",On-site,Full-time,1-3 years,,,,,,,,,,,,
1844973,Sales Data Analyst,Trenkwalder Kft,https://www.cvonline.hu/hu/allas/sales-data-analyst-1844973,2026-03-09,2026-03-18,False,,,English: B2,,"Power BI, Tableau, SAP Analytics Cloud",Excel,Home-Office,Full-time,3-5 years,,,,,,,,,,,,
1844961,Senior Consultant SAP S/4 Hana Finance,Vienna,https://www.cvonline.hu/hu/allas/senior-consultant-sap-s-4-hana-finance-1844961,2026-03-09,2026-03-18,False,,"€55,200 gross annually, plus performance-based bonuses","German: Fluent, English: Proficient",,,SAP S/4HANA,Hybrid,Full-time,5+ years,,,,,,,,,,,,
1844976,Businesskundenbetreuer in der Telekommunikation (m/w/d),Vienna,https://www.cvonline.hu/hu/allas/businesskundenbetreuer-der-telekommunikation-m-w-d-1844976,2026-03-09,2026-03-18,False,,"2124,00 brutto pro Monat plus fixen Provisionsanteil von € 400,00",Deutsch: C1,Bachelor,,Fundierte EDV-Kenntnisse,On-site,Full-time,0-1 years,,,,,,,,,,,,
1850141,Diákmunka - C# Developer Trainee (MAC),MŰISZ Iskolaszövetkezet,https://www.cvonline.hu/hu/allas/diakmunka-c-developer-trainee-mac-1850141,2026-03-09,2026-03-11,False,Szeged,,English: B2,Bachelor,C#,Visual Studio IDE,Home-Office,Full-time,5+ years,,,,,,,,,,,,
1839578,Diákmunka - Szoftvertesztelő gyakornok,MŰISZ Iskolaszövetkezet,https://www.cvonline.hu/hu/allas/diakmunka-szoftvertesztelo-gyakornok-1839578,2026-03-09,2026-03-11,False,,,"English: B2, German: Not specified",Bachelor,,Microsoft Office,,Full-time,3-5 years,,,,,,,,,,,,
1849997,Windows Administrator (REF4785N),Deutsche Telekom IT Solutions,https://www.cvonline.hu/hu/allas/windows-administrator-ref4785n-1849997,2026-03-09,2026-03-17,False,,,"German: B2, English: A1",,,"Powershell, Terraform, Microsoft Server, Microsoft Azure Active Directory (AD) authorization management, NFS authorization management",On-site,Full-time,3-5 years,,,,,,,,,,,,
1849998,Windows Administrator (REF4785N),Deutsche Telekom IT Solutions,https://www.cvonline.hu/hu/allas/windows-administrator-ref4785n-1849998,2026-03-09,2026-03-17,False,null,,"German: B2, English: A1",,"Powershell, Terraform","Microsoft Windows Scripting, Microsoft Server, Microsoft Azure Active Directory (AD) authorization management, NFS authorization management",On-site,Full-time,3-5 years,,,,,,,,,,,,
1849999,Windows Administrator (REF4785N),Deutsche Telekom IT Solutions,https://www.cvonline.hu/hu/allas/windows-administrator-ref4785n-1849999,2026-03-09,2026-03-17,False,null,,"German: B2, English: A1",,"Powershell, Terraform","Microsoft Windows Scripting, Microsoft Server, Microsoft Azure Active Directory (AD) authorization management, NFS authorization management",On-site,Full-time,3-5 years,,,,,,,,,,,,
1850000,Windows Administrator (REF4785N),Deutsche Telekom IT Solutions,https://www.cvonline.hu/hu/allas/windows-administrator-ref4785n-1850000,2026-03-09,2026-03-17,False,null,,"German: B2, English: A1",,"Powershell, Terraform","Microsoft Windows Scripting, Microsoft Server, Microsoft Azure Active Directory (AD) authorization management, NFS authorization management",On-site,Full-time,3-5 years,,,,,,,,,,,,
1854301,TECHNOLÓGIAI VEZETŐ,Besthunters Tanácsadó Iroda,https://www.cvonline.hu/hu/lite/allas/technologiai-vezeto-1854301,2026-03-09,2026-03-25,True,,,"German: B2, English: B1",Bachelor,CAD/CAM,,,Full-time,3-5 years,,,,,,,,,,,,
1852592,LEAD FRONTEND DEVELOPER & TECHNICAL MENTOR (3861),HumanField Vezető- és Specialistakiválasztó Kft.,https://www.cvonline.hu/hu/allas/lead-frontend-developer-technical-mentor-3861-1852592,2026-03-09,2026-03-25,True,,,"Hungarian: C1, English: B2",,"React, TypeScript","Redux Toolkit, TanStack Table, TanStack Query, Azure AD, MSAL, Storybook, Playwright, CI/CD, Tailwind CSS, atomic design, Final Form, React Hook Form",Home-Office,Full-time,5+ years,,,,,,,,,,,,
1852587,AI DEVELOPER (3866),HumanField Vezető- és Specialistakiválasztó Kft.,https://www.cvonline.hu/hu/allas/ai-developer-3866-1852587,2026-03-09,2026-03-25,True,,,"English: C1, Hungarian: B2",,Python,"FastAPI, Neo4j graph database, Claude Agent SDK, OpenAI Codex SDK, pydantic-ai",Remote,Contract,5+ years,,,,,,,,,,,,
1840803,SAP Subject Matter Expert (3835),HumanField Vezető- és Specialistakiválasztó Kft.,https://www.cvonline.hu/hu/allas/sap-subject-matter-expert-3835-1840803,2026-03-09,2026-03-11,False,,,Magabiztos angol nyelvtudás,,,"SAP ERP, SAP HANA, SAP S/4 HANA, SAP Fiori, Technical Support",Hybrid,Full-time,5+ years,,,,,,,,,,,,
1840804,SAP Subject Matter Expert (3835),HumanField Vezető- és Specialistakiválasztó Kft.,https://www.cvonline.hu/hu/allas/sap-subject-matter-expert-3835-1840804,2026-03-09,2026-03-11,False,,,Magabiztos angol nyelvtudás,,,"SAP ERP, SAP HANA, SAP S/4 HANA, SAP Fiori, Technical Support",Hybrid,Full-time,5+ years,,,,,,,,,,,,
1848697,SENIOR SALESFORCE DEVELOPER (3848),HumanField Vezető- és Specialistakiválasztó Kft.,https://www.cvonline.hu/hu/allas/senior-salesforce-developer-3848-1848697,2026-03-09,2026-03-22,False,,,English: B2,,"JavaScript, Java, C#","Salesforce, Apex, LWC, Flows, REST, SOAP, Middleware, Einstein, Lightning",Hybrid,Full-time,3-5 years,,,,,,,,,,,,
1848698,SENIOR SALESFORCE DEVELOPER (3848),HumanField Vezető- és Specialistakiválasztó Kft.,https://www.cvonline.hu/hu/allas/senior-salesforce-developer-3848-1848698,2026-03-09,2026-03-22,False,,,English: B2,,"JavaScript, Java, C#","Salesforce, Apex, Lightning, Flows, integrations, Einstein, REST, SOAP, middleware",Hybrid,Full-time,3-5 years,,,,,,,,,,,,
1853204,ANGULAR DEVELOPER (3871),HumanField Vezető- és Specialistakiválasztó Kft.,https://www.cvonline.hu/hu/allas/angular-developer-3871-1853204,2026-03-09,2026-03-25,True,,,English: B2,,"JavaScript, HTML, CSS, Angular, Git",,Full-time,Full-time,3-5 years,,,,,,,,,,,,
1854736,SENIOR INTEGRÁCIÓS SPECIALISTA (JAVA),BECK AND PARTNERS Kft.,https://www.cvonline.hu/hu/allas/senior-integracios-specialista-java-1854736,2026-03-09,2026-03-25,True,Pécs,,English: C1,,"Java, Spring Boot, SQL (Oracle, PostgreSQL), Kubernetes","Git, CI/CD practices",Hybrid,Full-time,5+ years,,,,,,,,,,,,
1854772,Szoftverbevezetési tanácsadó,Randstad Hungary Kft.,https://www.cvonline.hu/hu/allas/szoftverbevezetesi-tanacsado-1854772,2026-03-09,2026-03-25,True,,,English: B2,,,Atlassian products,Home-Office,,5+ years,,,,,,,,,,,,
1854765,IT operátor,Viapan „Dologidő” Kft.,https://www.cvonline.hu/hu/allas/it-operator-1854765,2026-03-09,2026-03-25,True,Kecskemét,,English: B2,,,"VMware, Veeam, Power BI, ManageEngine",On-site,Full-time,0-1 years,,,,,,,,,,,,
1854270,SAP-szakértő,Trenkwalder Kft,https://www.cvonline.hu/hu/allas/sap-szakerto-1854270,2026-03-09,2026-03-25,True,,,"English: C1, Hungarian: Native",,,SAP,,Full-time,5+ years,,,,,,,,,,,,
1854332,Elektronikai gyártósori munkatárs,Humán Centrum Kft.,https://www.cvonline.hu/hu/allas/elektronikai-gyartosori-munkatars-1854332,2026-03-09,2026-03-25,True,,,English: B1,,,SAP Business One,On-site,Full-time,0-1 years,,,,,,,,,,,,
1854333,IT technikus (üzemeltetés),MÁV Szolgáltató Központ Zrt.,https://www.cvonline.hu/hu/allas/it-technikus-uzemeltetes-1854333,2026-03-09,2026-03-25,True,Budapest,,,Bachelor,,"MS Windows operációs és irodai rendszerek, Android mobil operációs rendszer, MS Office szoftvercsomag",On-site,Full-time,1-3 years,,,,,,,,,,,,
1859274,"Embedded Quality Assurance Engineer, 80-100% (f/m/x)",Laendle,https://www.cvonline.hu/hu/allas/embedded-quality-assurance-engineer-80-100-f-m-x-1859274,2026-03-10,2026-03-14,False,"Klaus, Austria",,English: B2,Bachelor,Python,"Linux, CI/CD System",On-site,Full-time,3-5 years,,,,,,,,,,,,
1859284,Senior Frontend Developer (m/w/d)*,Laendle,https://www.cvonline.hu/hu/allas/senior-frontend-developer-m-w-d-1859284,2026-03-10,2026-03-25,True,Kennelbach,,"German: C1, English: B2",,"JavaScript, TypeScript, React, Angular",,,Full-time,3-5 years,,,,,,,,,,,,
1859302,Web Frontend Developer,Hire-One Kft.,https://www.cvonline.hu/hu/allas/web-frontend-developer-1859302,2026-03-10,2026-03-11,False,,,"Hungarian: C1, English: B2",Bachelor,"HTML, JavaScript, CSS, Angular","Requirement management tools, Development systems, Continuous integration and testing systems",Remote work,,3-5 years,,,,,,,,,,,,
1859303,Teszt technikus,Hire-One Kft.,https://www.cvonline.hu/hu/allas/teszt-technikus-1859303,2026-03-10,2026-03-25,True,,,English: B1,High School with Diploma,,"Windows OS, Microsoft Office",,Full-time,0-1 years,,,,,,,,,,,,
1859247,"Werkstudent:in – DevOps & Automatisierung, 40 – 50 % (w/m/d)",Laendle,https://www.cvonline.hu/hu/allas/werkstudentin-devops-automatisierung-40-50-w-m-d-1859247,2026-03-10,2026-03-20,False,"Klaus, Austria",,"German: C1, English: B2",Bachelor,,"Packer, GitLab CI/CD, Ansible, 1Password Vault, SentinelOne, Checkmk, NinjaOne",On-site,Full-time,,,,,,,,,,,,,
1859219,IT System Engineer - Microsoft/Office 365 (f/m/x),Laendle,https://www.cvonline.hu/hu/allas/it-system-engineer-microsoft-office-365-f-m-x-1859219,2026-03-10,2026-03-25,True,Vorarlberg,,English: B2,,PowerShell,"Office 365, Exchange, Teams, SharePoint, Azure AD",On-site,Full-time,3-5 years,,,,,,,,,,,,
1859286,Global Leader Supply Chain Integration (m/w/d),Laendle,https://www.cvonline.hu/hu/allas/global-leader-supply-chain-integration-m-w-d-1859286,2026-03-10,2026-03-25,True,,,"German: C1, English: B2",Bachelor,,"SAP Customizing, SAP MM, SAP SD, SAP EWM, SAP ARIBA",Hybrid,Full-time,3-5 years,,,,,,,,,,,,
1859255,Senior Business Analyst - Digital Banking,Laendle,https://www.cvonline.hu/hu/allas/senior-business-analyst-digital-banking-1859255,2026-03-10,2026-03-25,True,,,"German: C1, English: B2",Bachelor,,,Hybrid,Full-time,3-5 years,,,,,,,,,,,,
1859236,SAP Inhouse Consultant (m/w) für S/4 Rollout-Projekte Schwerpunkt MM,Laendle,https://www.cvonline.hu/hu/allas/sap-inhouse-consultant-m-w-fur-s-4-rollout-projekte-schwerpunkt-mm-1859236,2026-03-10,2026-03-25,True,,,English: B2,Bachelor,,"SAP S/4HANA, ERP-System",,Full-time,3-5 years,,,,,,,,,,,,
1859224,Junior IT Entwickler:in (Avaloq),Laendle,https://www.cvonline.hu/hu/allas/junior-it-entwicklerin-avaloq-1859224,2026-03-10,2026-03-25,True,,,,"Bachelor, Master",,,,Full-time,0-1 years,,,,,,,,,,,,
1859214,"Cloud Application Developer, 80-100% (f/m/x)",Laendle,https://www.cvonline.hu/hu/allas/cloud-application-developer-80-100-f-m-x-1859214,2026-03-10,2026-03-25,True,,,English: B2,Bachelor,"C#, .NET, Blazor, ASP.NET Core","Visual Studio, Docker, Terraform, Kubernetes, Azure",,Full-time,3-5 years,,,,,,,,,,,,
1859266,ERP Solution Architect (m/w/d),Laendle,https://www.cvonline.hu/hu/allas/erp-solution-architect-m-w-d-1859266,2026-03-10,2026-03-14,False,,,"German: C1, English: B2",Bachelor,,,Hybrid,Full-time,3-5 years,,,,,,,,,,,,
1859217,"ICT System Engineer Datacenter  (Linux, Storage & Virtualisierung)",Laendle,https://www.cvonline.hu/hu/allas/ict-system-engineer-datacenter-linux-storage-virtualisierung-1859217,2026-03-10,2026-03-25,True,,,,Bachelor,"Ansible, GitLab","Red Hat, Satellite, Ansible, GitLab",,Full-time,3-5 years,,,,,,,,,,,,
1859171,German Speaking Technical Support Analyst,HSA Kft.,https://www.cvonline.hu/hu/allas/german-speaking-technical-support-analyst-1859171,2026-03-10,2026-03-25,True,Debrecen,,"German: B2-C1, English: B2",High School with Diploma,,,,Full-time,0-1 years,,,,,,,,,,,,
1859237,IT System Administrator - Middleware (m/w/d),Laendle,https://www.cvonline.hu/hu/allas/it-system-administrator-middleware-m-w-d-1859237,2026-03-10,2026-03-25,True,,,,"HTL-Informatik, IT-Lehre","Windows, Linux, Docker/Kubernetes, Git, CI/CD, Azure Cloud",DevOps Umgebung,,Full-time,3-5 years,,,,,,,,,,,,
1859250,Full Stack Entwickler:in,Laendle,https://www.cvonline.hu/hu/allas/full-stack-entwicklerin-1859250,2026-03-10,2026-03-18,False,,,,,"C#, .NET Core, SQL, Vue.js, Typescript",,,Full-time,3-5 years,,,,,,,,,,,,
1859278,"Technical Writer, 80-100% (f/m/x)",Laendle,https://www.cvonline.hu/hu/allas/technical-writer-80-100-f-m-x-1859278,2026-03-10,2026-03-13,False,,2000 EUR gross/month,"English: C1, German: B2",,,,On-site,Full-time,3-5 years,,,,,,,,,,,,
1859281,"IT-SYSTEMADMINISTRATOR, SCHWERPUNKT SECURITY (M/W/D)",Laendle,https://www.cvonline.hu/hu/allas/it-systemadministrator-schwerpunkt-security-m-w-d-1859281,2026-03-10,2026-03-11,False,,,,Bachelor,,,,Full-time,1-3 years,,,,,,,,,,,,
1859289,Senior Techincal Solution Architect D365 (all gender),Laendle,https://www.cvonline.hu/hu/allas/senior-techincal-solution-architect-d365-all-gender-1859289,2026-03-10,2026-03-11,False,Hard,,"German: C1, English: B2",,,"Microsoft Dynamics 365 Finance & Operations, Lifecycle Services, Power Platform Admin Center, Azure, DevOps, Microsoft cloud technologies",Home-Office,Full-time,5+ years,,,,,,,,,,,,
1859269,IT-Inhouse Consultant Supply Chain Management / Produktionsplanung (m/w/d),Laendle,https://www.cvonline.hu/hu/allas/it-inhouse-consultant-supply-chain-management-produktionsplanung-m-w-d-1859269,2026-03-10,2026-03-14,False,,,"German: C1, English: B2",Bachelor,SAP PP,,Home-Office,Full-time,3-5 years,,,,,,,,,,,,
1859253,IT-Projektleiter (m/w/d),Laendle,https://www.cvonline.hu/hu/allas/it-projektleiter-m-w-d-1859253,2026-03-10,2026-03-18,False,,,"German: C1, English: B2",,,,Home-Office,Full-time,3-5 years,,,,,,,,,,,,
1859229,Entwicklungsingenieur für Assistenz- & Automatisierungssysteme (m/w/d),Laendle,https://www.cvonline.hu/hu/allas/entwicklungsingenieur-fur-assistenz-automatisierungssysteme-m-w-d-1859229,2026-03-10,2026-03-22,False,,,"English: B2, German: Native",,"Python, C++",,Hybrid,Full-time,5+ years,,,,,,,,,,,,
1859239,SAP Inhouse Consultant (m/w/d),Laendle,https://www.cvonline.hu/hu/allas/sap-inhouse-consultant-m-w-d-1859239,2026-03-10,2026-03-25,True,,,,,,,,,,,,,,,,,,,,,
1859228,Teamlead Software Development (m/w/d),Laendle,https://www.cvonline.hu/hu/allas/teamlead-software-development-m-w-d-1859228,2026-03-10,2026-03-22,False,,,"German: C1, English: B2",Bachelor,,,Hybrid,Full-time,5+ years,,,,,,,,,,,,
1859288,Spezialist:in für digitale klinische Prozesse,Laendle,https://www.cvonline.hu/hu/allas/spezialistin-fur-digitale-klinische-prozesse-1859288,2026-03-10,2026-03-25,True,,,,Bachelor,,,,Full-time,1-3 years,,,,,,,,,,,,
1859232,Junior Product Owner - Digitale Produkte & Services,Laendle,https://www.cvonline.hu/hu/allas/junior-product-owner-digitale-produkte-services-1859232,2026-03-10,2026-03-25,True,,,,,,,,,,,,,,,,,,,,,
1859264,Business Analyst (m/w/d),Laendle,https://www.cvonline.hu/hu/allas/business-analyst-m-w-d-1859264,2026-03-10,2026-03-14,False,,,English: B2,Bachelor,,,Hybrid,Full-time,1-3 years,,,,,,,,,,,,
1859268,IT-Inhouse Consultant Order-To-Cash (m/w/d),Laendle,https://www.cvonline.hu/hu/allas/it-inhouse-consultant-order-cash-m-w-d-1859268,2026-03-10,2026-03-14,False,,,"German: C1, English: B2",Bachelor,,"SAP SD, SAP TM, SAP APO, SAP IBP",Home-Office,Full-time,3-5 years,,,,,,,,,,,,
1859260,Team Lead - Solution Architect (m/w/d),Laendle,https://www.cvonline.hu/hu/allas/team-lead-solution-architect-m-w-d-1859260,2026-03-10,2026-03-14,False,,,,Bachelor,,,Home-Office,Full-time,3-5 years,,,,,,,,,,,,
1859234,Learning Coordinator Information Services & Organization,Laendle,https://www.cvonline.hu/hu/allas/learning-coordinator-information-services-organization-1859234,2026-03-10,2026-03-22,False,,,"German: C1, English: B2",,,,,Full-time,3-5 years,,,,,,,,,,,,
1859244,Teamleiter IT-Infrastruktur (m/w/d),Laendle,https://www.cvonline.hu/hu/allas/teamleiter-it-infrastruktur-m-w-d-1859244,2026-03-10,2026-03-25,True,,,"German: C1, English: B2",Bachelor,,,Hybrid,Full-time,5+ years,,,,,,,,,,,,
1859283,Business Analyst,Laendle,https://www.cvonline.hu/hu/allas/business-analyst-1859283,2026-03-10,2026-03-25,True,,,,,,,,,,,,,,,,,,,,,
1859223,IT Digital Workplace Specialist (m/w),Laendle,https://www.cvonline.hu/hu/allas/it-digital-workplace-specialist-m-w-1859223,2026-03-10,2026-03-25,True,,,"German: C1, English: B2",Bachelor,,Microsoft 365,,Full-time,3-5 years,,,,,,,,,,,,
1859213,"Cloud DevOps Engineer - .NET / Azure, 80-100% (f/m/x)",Laendle,https://www.cvonline.hu/hu/allas/cloud-devops-engineer-net-azure-80-100-f-m-x-1859213,2026-03-10,2026-03-25,True,,,English: B2,Bachelor,"C#, .NET, Blazor, ASP.NET Core","Azure DevOps, Terraform, Docker, Kubernetes",,Full-time,3-5 years,,,,,,,,,,,,
1859270,Application Engineer für digitale Lösungen in der Fertigung (m/w/d),Laendle,https://www.cvonline.hu/hu/allas/application-engineer-fur-digitale-losungen-der-fertigung-m-w-d-1859270,2026-03-10,2026-03-13,False,,,,Bachelor,,,Home-Office,Full-time,3-5 years,,,,,,,,,,,,
1859233,CRM-Entwickler MS Dynamics 365 (m/w/d),Laendle,https://www.cvonline.hu/hu/allas/crm-entwickler-ms-dynamics-365-m-w-d-1859233,2026-03-10,2026-03-25,True,,,"German: C1, English: B2",Bachelor,"C#, JavaScript","MS Dynamics 365 CRM, Microsoft Power Platform (Power Apps, Power Automate, Power Pages), .NET, SQL, React, MS Power BI, Azure DevOps",,Full-time,1-3 years,,,,,,,,,,,,
1859271,IT-Inhouse Consultant Supply Chain Management / Materialdisposition (m/w/d),Laendle,https://www.cvonline.hu/hu/allas/it-inhouse-consultant-supply-chain-management-materialdisposition-m-w-d-1859271,2026-03-10,2026-03-14,False,,,"German: C1, English: B2",,,"SAP ERP, SAP APO, SAP S/4HANA, IBP",Home-Office,Full-time,3-5 years,,,,,,,,,,,,
1859267,IT-Inhouse Consulting Logistics Execution (m/w/d),Laendle,https://www.cvonline.hu/hu/allas/it-inhouse-consulting-logistics-execution-m-w-d-1859267,2026-03-10,2026-03-14,False,,,"German: C1, English: B2",Bachelor,,SAP EWM,Home-Office,Full-time,0-1 years,,,,,,,,,,,,
1859240,IT System Engineer (m/w/d),Laendle,https://www.cvonline.hu/hu/allas/it-system-engineer-m-w-d-1859240,2026-03-10,2026-03-20,False,,,"German: C1, English: B2",,Linux,"Active Directory, Group Policies",On-site,Full-time,3-5 years,,,,,,,,,,,,
1859220,IT Platform Engineer ServiceNow (m/w/d),Laendle,https://www.cvonline.hu/hu/allas/it-platform-engineer-servicenow-m-w-d-1859220,2026-03-10,2026-03-25,True,HÖCHST,,"English: B2, German: C1",,"PowerShell, SQL",ServiceNow,On-site,Full-time,3-5 years,,,,,,,,,,,,
1859287,SAP Inhouse Consultant PP/PM (m/w/d),Laendle,https://www.cvonline.hu/hu/allas/sap-inhouse-consultant-pp-pm-m-w-d-1859287,2026-03-10,2026-03-25,True,,,"German: C1, English: B2",Bachelor,,"SAP-Modules PP and/or PM, S/4HANA",,Full-time,1-3 years,,,,,,,,,,,,
1859218,IT Data Analytics Specialist,Laendle,https://www.cvonline.hu/hu/allas/it-data-analytics-specialist-1859218,2026-03-10,2026-03-25,True,,,,Bachelor,,"Qlik (Sense, Cloud, QMC, WIP)",,Full-time,3-5 years,,,,,,,,,,,,
1859259,Software Developer - Data & System Integration Solutions (m/w/d),Laendle,https://www.cvonline.hu/hu/allas/software-developer-data-system-integration-solutions-m-w-d-1859259,2026-03-10,2026-03-14,False,,,,,,,Home-Office,Full-time,3-5 years,,,,,,,,,,,,
1859256,Abteilungsleiter Software Programmiersysteme (w/m/d),Laendle,https://www.cvonline.hu/hu/allas/abteilungsleiter-software-programmiersysteme-w-m-d-1859256,2026-03-10,2026-03-25,True,Feldkirch,,"Deutsch B2, Englisch B1","Uni, FH","C, C++, Java, Rust, IEC-Programmiersprachen",,Gleitzeit,Full-time,3-5 years,,,,,,,,,,,,
1859248,"Learning Systems Administrator, 80-100% (f/m/x)",Laendle,https://www.cvonline.hu/hu/allas/learning-systems-administrator-80-100-f-m-x-1859248,2026-03-10,2026-03-25,True,"Klaus, Austria, Erlangen, Germany",,"English: B2, German: B2",,,"docebo, CRM, Confluence",On-site,Full-time,3-5 years,,,,,,,,,,,,
1859225,Senior Cyber Security Specialist,Laendle,https://www.cvonline.hu/hu/allas/senior-cyber-security-specialist-1859225,2026-03-10,2026-03-25,True,,,,,,,,,3-5 years,,,,,,,,,,,,
1859226,Daten- und Business Intelligence Experte im Kundendienst Baumaschinen (m/w/d),Laendle,https://www.cvonline.hu/hu/allas/daten-und-business-intelligence-experte-im-kundendienst-baumaschinen-m-w-d-1859226,2026-03-10,2026-03-22,False,,,English: B2,Bachelor,"Java, Python, C#","Microsoft Dynamics 365, PowerApps, Microsoft Power BI",Hybrid,Full-time,1-3 years,,,,,,,,,,,,
1859304,Rendszer technikus,Hire-One Kft.,https://www.cvonline.hu/hu/allas/rendszer-technikus-1859304,2026-03-10,2026-03-25,True,,,,High School with Diploma,,,,Full-time,5+ years,,,,,,,,,,,,
1859221,Support & Operations Specialist (m/w/d),Laendle,https://www.cvonline.hu/hu/allas/support-operations-specialist-m-w-d-1859221,2026-03-10,2026-03-25,True,,,,,,,,,,,,,,,,,,,,,
1859241,"Software Quality Engineer – Test Automation, 80-100% (w/m/x)",Laendle,https://www.cvonline.hu/hu/allas/software-quality-engineer-test-automation-80-100-w-m-x-1859241,2026-03-10,2026-03-25,True,Klaus,,English: B2,Bachelor,"C#, .NET Framework","Windows-Desktopanwendung, CPX 200 Prüfsystem",,Full-time,1-3 years,,,,,,,,,,,,
1859243,Teamleiter Service Desk (m/w/d),Laendle,https://www.cvonline.hu/hu/allas/teamleiter-service-desk-m-w-d-1859243,2026-03-10,2026-03-25,True,,,"German: C1, English: B2",,,,Hybrid,Full-time,3-5 years,,,,,,,,,,,,
1859265,.NET Backend Developer (m/w/d),Laendle,https://www.cvonline.hu/hu/allas/net-backend-developer-m-w-d-1859265,2026-03-10,2026-03-14,False,,,English: B2,,"C#, .NET, Java","AWS, Azure, DevOps, CI/CD",Hybrid,Full-time,3-5 years,,,,,,,,,,,,
1859282,IT-Mitarbeiter im Löwen Hotel Montafon (m/w/d),Laendle,https://www.cvonline.hu/hu/allas/it-mitarbeiter-im-lowen-hotel-montafon-m-w-d-1859282,2026-03-10,2026-03-11,False,,,"German: C1, English: B2",Bachelor,,"Microsoft 365, Fidelio Suite8, Oracle Simphony, Salto ProAccess Space, Geutebrück G-Core, Easreserve",,Full-time,3-5 years,,,,,,,,,,,,
1859222,"Senior Conversion, Experience & Growth Manager(m/w/d)",Laendle,https://www.cvonline.hu/hu/allas/senior-conversion-experience-growth-managerm-w-d-1859222,2026-03-10,2026-03-25,True,,n/a,,,,,,,3-5 years,,,,,,,,,,,,
1859238,System Engineer - Applications,Laendle,https://www.cvonline.hu/hu/allas/system-engineer-applications-1859238,2026-03-10,2026-03-25,True,,,,,,,,,,,,,,,,,,,,,
1859252,IT-Inhouse Consultant Product Lifecycle (m/w/d),Laendle,https://www.cvonline.hu/hu/allas/it-inhouse-consultant-product-lifecycle-m-w-d-1859252,2026-03-10,2026-03-18,False,,,"German: C1, English: B2",Bachelor,,"Teamcenter, SolidWorks, SAP",Home-Office,Full-time,3-5 years,,,,,,,,,,,,
1859257,PCB Layoutdesigner (w/m/d),Laendle,https://www.cvonline.hu/hu/allas/pcb-layoutdesigner-w-m-d-1859257,2026-03-10,2026-03-25,True,Feldkirch,,"Deutsch C1, Englisch B1","Abgeschlossene technische Ausbildung (Lehre, HTL) oder eine vergleichbare Qualifikation",,Altium Designer,Gleitzeit,Full-time,1-3 years,,,,,,,,,,,,
1858812,DevOps Engineer (mid-level / senior),Trenkwalder Kft,https://www.cvonline.hu/hu/allas/devops-engineer-mid-level-senior-1858812,2026-03-10,2026-03-18,False,,,"English: B2, Hungarian: Native",Bachelor,"Docker, Kubernetes, Shell script","GitHub Actions, Helm, Terraform, Prometheus, Grafana, Datadog, PostgreSQL, RabbitMQ",Home-Office,Full-time,5+ years,,,,,,,,,,,,
1859990,Mechatronik - Automatisierungstechnik,Vienna,https://www.cvonline.hu/hu/allas/mechatronik-automatisierungstechnik-1859990,2026-03-11,2026-03-25,True,,,,High School with Diploma,,,,Short-term,,,,,,,,,,,,,
1860080,Technischer Redakteur (w/m/d) in Teilzeit,Laendle,https://www.cvonline.hu/hu/allas/technischer-redakteur-w-m-d-teilzeit-1860080,2026-03-11,2026-03-25,True,"Feldkirch/Innsbruck, Österreich",,"Deutsch: C1, Englisch: B2","Abgeschlossene Berufsausbildung in einem technischen Bereich wie Elektronik, Informatik oder Anlagentechnik",,"XML-basierten Redaktionssystemen, Grafikprogrammen",Teilzeit 20-23 Wochenstunden,Half-time,1-3 years,,,,,,,,,,,,
1860095,Diákmunka - Digital Solutions Intern,MŰISZ Iskolaszövetkezet,https://www.cvonline.hu/hu/allas/diakmunka-digital-solutions-intern-1860095,2026-03-11,2026-03-25,True,,2200 HUF/hour,"Hungarian: Advanced, English: Fluent speaking and writing",Bachelor,,MS Office with strong focus on Excel skills,Hybrid,Short-term,5+ years,,,,,,,,,,,,
1859889,Lead System Administrator (Linux),HAYS Hungary Kft.,https://www.cvonline.hu/hu/allas/lead-system-administrator-linux-1859889,2026-03-11,2026-03-25,True,,,English: C1,Bachelor,Python,"Ansible, Oracle databases and application servers, ISO standards",On-site with home office,Full-time,5+ years,,,,,,,,,,,,
1860079,Lead Security Engineer (w/m/d),Laendle,https://www.cvonline.hu/hu/allas/lead-security-engineer-w-m-d-1860079,2026-03-11,2026-03-25,True,Feldkirch,,"English: B2, Deutsch: B1","Abgeschlossene technische Ausbildung (HTL, FH oder Universität)","C++, Java, JavaScript, Rust",,Hybrid,Half-time,5+ years,,,,,,,,,,,,
1859890,Linux System Administrator,HAYS Hungary Kft.,https://www.cvonline.hu/hu/allas/linux-system-administrator-1859890,2026-03-11,2026-03-25,True,Budapest,,English: B2,,,,Hybrid,Full-time,5+ years,,,,,,,,,,,,
1860024,Montageleiter für Pharmaanlagen (w/m/x),Vienna,https://www.cvonline.hu/hu/allas/montageleiter-fur-pharmaanlagen-w-m-x-1860024,2026-03-11,2026-03-17,False,,,,,,,,,,Montageleiter für Pharmaanlagen,"Wien, Niederösterreich, Burgenland, Steiermark, Oberösterreich",,,,,,,4.000 € Vollzeit (ab 38 Wochenstunden),[Kattintson a weboldal linkjének megjelenítéséhez] Jetzt bewerben,Cornelia Wolfthaler Recruiting Partner | Engineering,
1859891,Network Administrator,HAYS Hungary Kft.,https://www.cvonline.hu/hu/allas/network-administrator-1859891,2026-03-11,2026-03-25,True,,,English: B2,Bachelor,,"Fortinet hálózati és biztonsági eszközök (FortiGate, FortiManager, FortiAnalyzer), HP Aruba technológiák, Cisco technológiák",On-site with home office,Full-time,5+ years,,,,,,,,,,,,
1860029,Businesskundenbetreuer in der Telekommunikation,Vienna,https://www.cvonline.hu/hu/allas/businesskundenbetreuer-der-telekommunikation-1860029,2026-03-11,2026-03-25,True,Wien (Zentrumnähe),"32.894,26 Euro p.a. (Basis 38,5 Wochenstunden) zuzüglich großzügige Prämien und Provisionen","Deutsch: Perfekt, Englisch: Good (in Word and Writing)",,,MS-Office,Hybrid,Full-time,1-3 years,,,,,,,,,,,,
1859897,Operational Readiness Manager,HAYS Hungary Kft.,https://www.cvonline.hu/hu/allas/operational-readiness-manager-1859897,2026-03-11,2026-03-25,True,,,,4 Year Degree,,"ERP, CRM, NetSuite, Salesforce",On-site with home office,Full-time,5+ years,,,,,,,,,,,,
1860081,Bereichsleiter Hardware Entwicklung (w/m/d),Laendle,https://www.cvonline.hu/hu/allas/bereichsleiter-hardware-entwicklung-w-m-d-1860081,2026-03-11,2026-03-25,True,Feldkirch,,"German: C1, English: B2","Bachelor, Master",,,On-site,Full-time,5+ years,,,,,,,,,,,,
1859715,MEDIOR FULL STACK FEJLESZTŐ (HOME OFFICE),BECK AND PARTNERS Kft.,https://www.cvonline.hu/hu/allas/medior-full-stack-fejleszto-home-office-1859715,2026-03-11,2026-03-25,True,,900 000 – 1 200 000 Ft gross/month,,,"JavaScript, TypeScript","React, Next.js, API development experience, SQL and database usage, Data modeling experience, Git usage",Home-Office,Full-time,3-5 years,,,,,,,,,,,,
1859517,Junior BI Developer,HAYS Hungary Kft.,https://www.cvonline.hu/hu/allas/junior-bi-developer-1859517,2026-03-11,2026-03-25,True,Budapest,,English: B2,,"Power BI, Power Automate, MS Excel","Power BI, Power Automate, MS Excel",Hybrid,Full-time,1-3 years,,,,,,,,,,,,
1859892,IT Security Expert,HAYS Hungary Kft.,https://www.cvonline.hu/hu/allas/it-security-expert-1859892,2026-03-11,2026-03-25,True,,1500 EUR gross/month,,Bachelor,,,,Full-time,3-5 years,,,,,,,,,,,,
1859767,IT-Mitarbeiter im Löwen Hotel Montafon (m/w/d),Laendle,https://www.cvonline.hu/hu/allas/it-mitarbeiter-im-lowen-hotel-montafon-m-w-d-1859767,2026-03-11,2026-03-25,True,,,"German: C1, English: B2",Bachelor,,"Microsoft 365, Fidelio Suite8, Oracle Simphony, Salto ProAccess Space, Geutebrück G-Core, Easreserve",,Full-time,3-5 years,,,,,,,,,,,,
1859895,CRM IT Consultant,HAYS Hungary Kft.,https://www.cvonline.hu/hu/allas/crm-it-consultant-1859895,2026-03-11,2026-03-25,True,,,English: C1,,,"CRM/ERP expertise, Master Data Management knowledge",Fully remote,Full-time,5+ years,,,,,,,,,,,,
1859723,IT SUPPORT SPECIALIST - NÉMET NYELVŰ (JR/MDR/SR),BECK AND PARTNERS Kft.,https://www.cvonline.hu/hu/allas/it-support-specialist-nemet-nyelvu-jr-mdr-sr-1859723,2026-03-11,2026-03-25,True,"Budapest, VIII. kerület",,German: C1,,,,Home-Office,Full-time,3-5 years,,,,,,,,,,,,
1861145,SAP Subject Matter Expert (3835),HumanField Vezető- és Specialistakiválasztó Kft.,https://www.cvonline.hu/hu/allas/sap-subject-matter-expert-3835-1861145,2026-03-13,2026-03-13,False,,,Magabiztos angol nyelvtudás,,,"SAP ERP, SAP HANA, SAP S/4 HANA, SAP Fiori, Technical Support",Hybrid,Full-time,5+ years,,,,,,,,,,,,
1861144,SAP Subject Matter Expert (3835),HumanField Vezető- és Specialistakiválasztó Kft.,https://www.cvonline.hu/hu/allas/sap-subject-matter-expert-3835-1861144,2026-03-13,2026-03-13,False,,,Magabiztos angol nyelvtudás,,,"SAP ERP, SAP HANA, SAP S/4 HANA, SAP Fiori, Technical Support",Hybrid,Full-time,5+ years,,,,,,,,,,,,
1861071,Application Engineer für digitale Lösungen in der Fertigung (m/w/d),Laendle,https://www.cvonline.hu/hu/allas/application-engineer-fur-digitale-losungen-der-fertigung-m-w-d-1861071,2026-03-13,2026-03-25,True,,,,Bachelor,,,Home-Office,Full-time,3-5 years,,,,,,,,,,,,
1860969,Rendszergazda,Szent Kristóf Szakrendelő Nonprofit Kft,https://www.cvonline.hu/hu/lite/allas/rendszergazda-1860969,2026-03-13,2026-03-25,True,Budapest,,,Bachelor,,,,Full-time,1-3 years,,,,,,,,,,,,
1860968,ERP - pénzügyi modul tanácsadó,Mihalek Vezetői Tanácsadó Kft.,https://www.cvonline.hu/hu/allas/erp-penzugyi-modul-tanacsado-1860968,2026-03-13,2026-03-25,True,Budapest,,English: B2,,,,Home-Office,Full-time,3-5 years,,,,,,,,,,,,
1860919,IT Infrastruktúra Üzemeltetési gyakornok,MFB Magyar Fejlesztési Bank Zrt.,https://www.cvonline.hu/hu/lite/allas/it-infrastruktura-uzemeltetesi-gyakornok-1860919,2026-03-13,2026-03-25,True,,,,Bachelor,,Excel,On-site with home office,Short-term,0-1 years,,,,,,,,,,,,
1861122,LEAD BACKEND DEVELOPER (Node.js),BECK AND PARTNERS Kft.,https://www.cvonline.hu/hu/allas/lead-backend-developer-nodejs-1861122,2026-03-13,2026-03-25,True,Budapest,,English: B2,,"Node.js, TypeScript","NestJS, GraphQL, Kubernetes, AWS, GCP, Azure, Docker, CI/CD, Async messaging, Event streaming, Microservice architecture, ORM, Relational databases",Hybrid,Full-time,5+ years,,,,,,,,,,,,
1861086,Diákmunka - Test automation framework developer trainee,MŰISZ Iskolaszövetkezet,https://www.cvonline.hu/hu/allas/diakmunka-test-automation-framework-developer-trainee-1861086,2026-03-13,2026-03-25,True,Budapest,,English: B1,Bachelor,C#,"ASP.NET Core Web API, Selenium, UI Automation",Hybrid,Full-time,5+ years,,,,,,,,,,,,
1860671,Mechatronik - Elektromaschinentechnik (m/w/d),Vienna,https://www.cvonline.hu/hu/allas/mechatronik-elektromaschinentechnik-m-w-d-1860671,2026-03-13,2026-03-25,True,Wiener Neudorf,,English: B1,,,,Hybrid,Short-term,0-1 years,,,,,,,,,,,,
1860676,Lehrstelle Mechatronik- und Fertigungstechnik (m/w/d),Vienna,https://www.cvonline.hu/hu/allas/lehrstelle-mechatronik-und-fertigungstechnik-m-w-d-1860676,2026-03-13,2026-03-25,True,,,,Positiver Pflichtschulabschluss und eine daraus folgende gute Allgemeinbildung,,,,,,,,,,,,,,,,,
1861072,Integration Specialist (m/w/d)*,Laendle,https://www.cvonline.hu/hu/allas/integration-specialist-m-w-d-1861072,2026-03-13,2026-03-25,True,Kennelbach,,"Deutsch: C1, Englisch: B2","Ausbildung im Bereich IT (Lehre, HTL, Studium o.Ä.) abgeschlossen oder vergleichbare Erfahrung",,Transport Management System (TMS) von Gebrüder Weiss,,Full-time,3-5 years,,,,,,,,,,,,
1860687,Java Developer (w/m/x),"{'name': 'Unbekannt (familiengeführtes Softwarehaus und Systemintegrator)', 'experience': 'mehr als 30 Jahre', 'industries': ['Energie', 'Umwelt', 'Verkehr', 'Industrie'], 'description': 'Entwickelt, konzipiert und betreut individuelle IT-Lösungen'}",https://www.cvonline.hu/hu/allas/java-developer-w-m-x-1860687,2026-03-13,2026-03-14,False,,,,,,,,,,Java Developer (w/m/x),Wien,"{'min': 3000, 'max': 5000, 'currency': '€'}",4 Tage in der Woche Vollzeit (ab 38 Wochenstunden),,"Berufserfahrung als Java Developer (Schwerpunkte: Spring, Hibernate, REST), DevOps-Kenntnisse (Maven, Git), Know-How zu OWASP und SAMM, Autonome Arbeitsweise und Leidenschaft für die Softwareentwicklung, Soziale, teamfähige und humorvolle Persönlichkeit, Sehr gute Deutschkenntnisse","Firmenevents, Flexible Arbeitszeiten, Gute Anbindung, Homeoffice Equipment, Kaffee & Tee, Kein Dresscode, Öffentliche Erreichbarkeit, Rabatte, Weiterbildungen","{'name': 'Nadine Hafner', 'title': 'Recruiting Partner IT', 'phone_number': '+43 1 523 82 07-340', 'link': '?utm_source=viennajobs.at&utm_medium=feed-xml'}",,[Kattintson a weboldal linkjének megjelenítéséhez],,"Entwicklung und Wartung von modernen, Microservice-basierten Java-Anwendungen, Betreuung des gesamten Produktlebenszyklus: Entwicklung, Security, Testing und Betrieb, Tech-Stack: Java, Spring, Hibernate, REST API, Kubernetes, Maven, Eng mit den Kunden zusammenarbeiten und Anforderungen umsetzen, Code Reviews zur Sicherstellung der Codequalität durchführen, Erstellen und Pflegen der technischen Dokumentation"
1860699,IT System Engineer Oracle & AIX,Laendle,https://www.cvonline.hu/hu/allas/it-system-engineer-oracle-aix-1860699,2026-03-13,2026-03-25,True,,,,Bachelor,"SQL, PL/SQL, Shell Scripting","Ansible Automation Platform, Oracle Enterprise Manager",,Full-time,3-5 years,,,,,,,,,,,,
1860590,Senior Data Engineer,HAYS Hungary Kft.,https://www.cvonline.hu/hu/allas/senior-data-engineer-1860590,2026-03-13,2026-03-25,True,Budapest,,English: C1,,"SQL (Redshift-specific tuning), Monitoring tools (CloudWatch, Redshift Console), Version control and CI/CD, Data build tools for data transformation and model creation","GitHub Actions, JFrog",Hybrid,Full-time,5+ years,,,,,,,,,,,,
1860551,INFORMATIKAI ASSZISZTENS,BECK AND PARTNERS Kft.,https://www.cvonline.hu/hu/allas/informatikai-asszisztens-1860551,2026-03-13,2026-03-25,True,Budaörs,,English: B2,Bachelor,,"MS Office, Windows, Excel, Word",On-site,Full-time,3-5 years,,,,,,,,,,,,
1860655,"Customer Technology Advisor - Mainframe (m,w,d)",Vienna,https://www.cvonline.hu/hu/allas/customer-technology-advisor-mainframe-mwd-1860655,2026-03-13,2026-03-25,True,,110000 EUR brutto/year + 20% Bonus,"German: C1, English: B2",,,,Home-Office,Full-time,3-5 years,,,,,,,,,,,,
1860491,Diákmunka - Szoftvertesztelő gyakornok,MŰISZ Iskolaszövetkezet,https://www.cvonline.hu/hu/allas/diakmunka-szoftvertesztelo-gyakornok-1860491,2026-03-13,2026-03-25,True,,2500 Ft/óra,"English: B1, German: Native",Bachelor,,Microsoft Office,,Short-term,0-1 years,,,,,,,,,,,,
1860587,IT Infrastructure Specialist,HAYS Hungary Kft.,https://www.cvonline.hu/hu/allas/it-infrastructure-specialist-1860587,2026-03-13,2026-03-25,True,,,,Bachelor,,PowerShell,,Full-time,5+ years,,,,,,,,,,,,
1860470,Netzplaner:in Glasfasernetz (FTTH),Laendle,https://www.cvonline.hu/hu/allas/netzplanerin-glasfasernetz-ftth-1860470,2026-03-13,2026-03-25,True,,,German: C1,,,,,,3-5 years,,,,,,,,,,,,
1860586,IT Specialist,HAYS Hungary Kft.,https://www.cvonline.hu/hu/allas/it-specialist-1860586,2026-03-13,2026-03-25,True,Modern gyártói környezet,,"English: B2, German: Upper-Intermediate",,,,On-site,Full-time,3-5 years,,,,,,,,,,,,
1860588,IT Support & Network Specialist,HAYS Hungary Kft.,https://www.cvonline.hu/hu/allas/it-support-network-specialist-1860588,2026-03-13,2026-03-25,True,,,,,,"PowerShell, VMware, Veeam, Microsoft 365, Azure, Intune, Autopilot",On-site,Full-time,3-5 years,,,,,,,,,,,,
1860589,Senior Azure DevOps Engineer,HAYS Hungary Kft.,https://www.cvonline.hu/hu/allas/senior-azure-devops-engineer-1860589,2026-03-13,2026-03-25,True,Budapest,,English: B2,,"Bash, Python (implicit through Ansible)","Azure, Docker, Jenkins, Terraform, Git, Kubernetes, Spinnaker, Grafana, CloudWatch, Kibana, PostgreSQL, RabbitMQ, Aurora DB, Ansible",Hybrid,Full-time,5+ years,,,,,,,,,,,,
1861517,Solution Architect,MBH Bank Nyrt.,https://www.cvonline.hu/hu/lite/allas/solution-architect-home-office-1861517,2026-03-14,2026-03-25,True,Budapest,,English: C1,Bachelor,,,Home-Office,Full-time,3-5 years,,,,,,,,,,,,
1861516,Enterprise Architect,MBH Bank Nyrt.,https://www.cvonline.hu/hu/lite/allas/enterprise-architect-home-office-1861516,2026-03-14,2026-03-25,True,,,English: B2,Bachelor,,,Home-Office,Full-time,3-5 years,,,,,,,,,,,,
1861513,Data Streaming szervező,MBH Bank Nyrt.,https://www.cvonline.hu/hu/lite/allas/data-streaming-szervezo-home-office-1861513,2026-03-14,2026-03-25,True,Budapest,,English: B2,Bachelor,"Java, Python, Kafka","Confluent Kafka, DevOps tools",Home-Office,Full-time,3-5 years,,,,,,,,,,,,
1861509,Rendszerszervező - ITSM rendszerek,MBH Bank Nyrt.,https://www.cvonline.hu/hu/lite/allas/rendszerszervezo-itsm-rendszerek-home-office-1861509,2026-03-14,2026-03-25,True,,,English: B2,Bachelor,,,Home-Office,Full-time,3-5 years,,,,,,,,,,,,
1861507,Incidensmenedzser - Budapest,MBH Bank Nyrt.,https://www.cvonline.hu/hu/lite/allas/incidensmenedzser-budapest-home-office-1861507,2026-03-14,2026-03-25,True,Budapest,,English: C1,,,,Home-Office,Full-time,3-5 years,,,,,,,,,,,,
1861504,Arksys üzemeltető,MBH Bank Nyrt.,https://www.cvonline.hu/hu/lite/allas/arksys-uzemelteto-home-office-1861504,2026-03-14,2026-03-25,True,,,English: C1,Bachelor,"RPG, CL, MQ V7R3, ILE RPG, OS/400 operációs rendszer (V7R4), SQL (DB2/400 SQL), Mimix","Arksys rendszer, AS/400 környezet",Home-Office,Full-time,3-5 years,,,,,,,,,,,,
1861502,Oracle adatbázis üzemeltető,MBH Bank Nyrt.,https://www.cvonline.hu/hu/lite/allas/oracle-adatbazis-uzemelteto-home-office-1861502,2026-03-14,2026-03-25,True,,,English: B2,,,"Oracle DB 11g - 19c, Real Application Cluster, Oracle Exadata Cloud@Customer, Oracle Enterprise Manager Cloud Control, RMAN, TCP/IP hálózat",Home-Office,,5+ years,,,,,,,,,,,,
1861500,Linux rendszergazda,MBH Bank Nyrt.,https://www.cvonline.hu/hu/lite/allas/linux-rendszergazda-home-office-1861500,2026-03-14,2026-03-25,True,,,English: C1,Bachelor,"Python, Shell, Ansible","Red Hat Linux, Jira, Ansible Tower, IBM AIX, Oracle Solaris, VMware vCenter, Red Hat Ansible Automation Platform",Home-Office,Full-time,3-5 years,,,,,,,,,,,,
1861497,Hálózatüzemeltetési mérnök,MBH Bank Nyrt.,https://www.cvonline.hu/hu/lite/allas/halozatuzemeltetesi-mernok-home-office-1861497,2026-03-14,2026-03-25,True,,,English: B1,Bachelor,,,Home-Office,Full-time,5+ years,,,,,,,,,,,,
1861496,Hardver és virtualizációs platform üzemeltetési szakmai irányító,MBH Bank Nyrt.,https://www.cvonline.hu/hu/lite/allas/hardver-es-virtualizacios-platform-uzemeltetesi-szakmai-iranyito-home-office-1861496,2026-03-14,2026-03-25,True,,,English: B2,Bachelor,,,Home-Office,Full-time,3-5 years,,,,,,,,,,,,
1861495,Hardver és storage üzemeltető,MBH Bank Nyrt.,https://www.cvonline.hu/hu/lite/allas/hardver-es-storage-uzemelteto-home-office-1861495,2026-03-14,2026-03-25,True,,,English: C1,Bachelor,,,Home-Office,Full-time,3-5 years,,,,,,,,,,,,
1861493,Senior virtualizációs üzemeltető,MBH Bank Nyrt.,https://www.cvonline.hu/hu/lite/allas/senior-virtualizacios-uzemelteto-home-office-1861493,2026-03-14,2026-03-25,True,,,English: B2,Bachelor,"PowerCLI, PowerShell","VMware, Microsoft Hyper-V, ITIL",Home-Office,Full-time,3-5 years,,,,,,,,,,,,
1861491,Change és configuration menedzser,MBH Bank Nyrt.,https://www.cvonline.hu/hu/lite/allas/change-es-configuration-menedzser-1861491,2026-03-14,2026-03-25,True,,,English: B2,,,,,Full-time,3-5 years,,,,,,,,,,,,
1861489,Cloud szakértő (AWS),MBH Bank Nyrt.,https://www.cvonline.hu/hu/lite/allas/cloud-szakerto-aws-home-office-1861489,2026-03-14,2026-03-25,True,,,English: B2,,,"Terraform, Helm, ArgoCD, Gitlab, GitlabCI, EKS, AWS services (S3, ALB, NLB, TGW, Private CA, RDS, DocumentDB, Elasticache, Opensearch)",Home-Office,Full-time,3-5 years,,,,,,,,,,,,
1861488,Observability mérnök,MBH Bank Nyrt.,https://www.cvonline.hu/hu/lite/allas/observability-mernok-home-office-1861488,2026-03-14,2026-03-25,True,,,English: B1,,"Prometheus, Grafana, ELK, Dynatrace, Splunk, OpenTelemetry","Prometheus, Grafana, ELK, Dynatrace, Splunk, OpenTelemetry",Home-Office,Full-time,3-5 years,,,,,,,,,,,,
1861484,Virtualizációs rendszermérnök,MBH Bank Nyrt.,https://www.cvonline.hu/hu/lite/allas/virtualizacios-rendszermernok-home-office-1861484,2026-03-14,2026-03-25,True,Budapest,,English: C1,Bachelor,"PowerCLI, PowerShell","VMware, Microsoft Hyper-V, Virtualization infrastructure, ITIL methodology",Home-Office,Full-time,3-5 years,,,,,,,,,,,,
1861483,Rendszerüzemeltető mérnök - mentési rendszerek,MBH Bank Nyrt.,https://www.cvonline.hu/hu/lite/allas/rendszeruzemelteto-mernok-mentesi-rendszerek-home-office-1861483,2026-03-14,2026-03-25,True,,,,,"PowerShell, Bash, Python","IBM Storage Protect (TSM), Microsoft Data Protection, Veeam Backup & Replication",Home-Office,Full-time,3-5 years,,,,,,,,,,,,
1861295,Építésvezető (Balatonfüred),HD Direkt,https://www.cvonline.hu/hu/lite/allas/epitesvezeto-balatonfured-1861295,2026-03-14,2026-03-25,True,BALATONFÜRED,,English: B1,Bachelor,,"CAD-ek, MS Office",On-site,Full-time,3-5 years,,,,,,,,,,,,
1861593,Business Analyst (m/w/d),Laendle,https://www.cvonline.hu/hu/allas/business-analyst-m-w-d-1861593,2026-03-14,2026-03-25,True,,,English: B2,Bachelor,,,Hybrid,Full-time,1-3 years,,,,,,,,,,,,
1861610,Diákmunka -  AI Developer Trainee,MŰISZ Iskolaszövetkezet,https://www.cvonline.hu/hu/allas/diakmunka-ai-developer-trainee-1861610,2026-03-14,2026-03-25,True,XI. kerületi Infopark,,"English: B1, German: A2",Bachelor,Python,"LLM API (OpenAI / Azure OpenAI / Claude stb.), NLP techniques, OCR technologies",On-site with home office,Full-time,0-1 years,,,,,,,,,,,,
1861570,SENIOR iOS FEJLESZTŐ (Foundation terület),BECK AND PARTNERS Kft.,https://www.cvonline.hu/hu/allas/senior-ios-fejleszto-foundation-terulet-1861570,2026-03-14,2026-03-25,True,Budapest,,English: B2,,Swift,"Git, Jira, CocoaPods, Swift Package Manager, SwiftyMocky",Hybrid,Full-time,3-5 years,,,,,,,,,,,,
1861594,.NET Backend Developer (m/w/d),Laendle,https://www.cvonline.hu/hu/allas/net-backend-developer-m-w-d-1861594,2026-03-14,2026-03-25,True,,,English: B2,,"C#, .NET, Java","AWS, Azure, DevOps, CI/CD",Hybrid,Full-time,3-5 years,,,,,,,,,,,,
1861225,Lehrling für den Beruf Mechatronik,Vienna,https://www.cvonline.hu/hu/allas/lehrling-fur-den-beruf-mechatronik-1861225,2026-03-14,2026-03-25,True,,,,High School with Diploma,,,,Short-term,,,,,,,,,,,,,
1861608,Diákmunka - AI Project Assistant,MŰISZ Iskolaszövetkezet,https://www.cvonline.hu/hu/allas/diakmunka-ai-project-assistant-1861608,2026-03-14,2026-03-25,True,XI. kerületi Infopark,,"English: B1, German: A2",Bachelor,Python,"LLM, PowerPoint, Word",On-site,Short-term,,,,,,,,,,,,,
1861270,IT INHOUSE CONSULTANT SAP EDI (M/W/D),Laendle,https://www.cvonline.hu/hu/allas/it-inhouse-consultant-sap-edi-m-w-d-1861270,2026-03-14,2026-03-25,True,Rankweil,,"German: C1, English: B2",Bachelor,,"Seeburger, Lobster, MuleSoft, Boomi, Sterling",On-site,Full-time,3-5 years,,,,,,,,,,,,
1861595,ERP Solution Architect (m/w/d),Laendle,https://www.cvonline.hu/hu/allas/erp-solution-architect-m-w-d-1861595,2026-03-14,2026-03-25,True,,,"German: C1, English: B2",Bachelor,,,Hybrid,Full-time,3-5 years,,,,,,,,,,,,
1861268,"DevOps Engineer, 80-100% (w/m/x)",Laendle,https://www.cvonline.hu/hu/allas/devops-engineer-80-100-w-m-x-1861268,2026-03-14,2026-03-25,True,,,"English: B2, German: Intermediate (not required)",,"Bash, PowerShell, Ansible, Terraform, TypeScript, Python","GitLab, Azure DevOps, Docker",,Full-time,0-1 years,,,,,,,,,,,,
1861222,Lehrling Mechatronik - Fertigungstechnik (all genders),Vienna,https://www.cvonline.hu/hu/allas/lehrling-mechatronik-fertigungstechnik-all-genders-1861222,2026-03-14,2026-03-25,True,,,"German: C1, English: B2",,,,,,,,,,,,,,,,,,
1861269,Software- und Systemtechniker:in Energienetze,Laendle,https://www.cvonline.hu/hu/allas/software-und-systemtechnikerin-energienetze-1861269,2026-03-14,2026-03-25,True,,,,,,,,,,,,,,,,,,,,,
1861186,Dutch Speaking Technical Support Analyst,HSA Kft.,https://www.cvonline.hu/hu/allas/dutch-speaking-technical-support-analyst-1861186,2026-03-14,2026-03-25,True,Debrecen,,"Dutch: C1, English: B2",Higher education degree,,MS Office,,Full-time,3-5 years,,,,,,,,,,,,
1861185,Holland nyelvű Technical Support Analyst,HSA Kft.,https://www.cvonline.hu/hu/allas/holland-nyelvu-technical-support-analyst-1861185,2026-03-14,2026-03-25,True,Debrecen,,"Holland: C1, English: B2",,,MS Office,On-site,Full-time,3-5 years,,,,,,,,,,,,
1861215,IT Systemtechnik Lehrling (m/w/x),Vienna,https://www.cvonline.hu/hu/allas/it-systemtechnik-lehrling-m-w-x-1861215,2026-03-14,2026-03-25,True,Wien,,Deutsch: C1,"Abgeschlossene Pflichtschule (9. Klasse) oder eine abgebrochene Schulausbildung (AHS, BHS)",,,On-site,Full-time,,,,,,,,,,,,,
1860216,IT Service Desk Analyst-German and English,ALDI Magyarország Élelmiszer Bt.,https://www.cvonline.hu/hu/lite/allas/it-service-desk-analyst-german-and-english-1860216,2026-03-16,2026-03-25,True,,,"German: B2, English: C1",High School with Diploma,,,Home-Office,Full-time,0-1 years,,,,,,,,,,,,
1862359,Chief Product Owner (m/w/d) CRM,Vienna,https://www.cvonline.hu/hu/allas/chief-product-owner-m-w-d-crm-1862359,2026-03-16,2026-03-25,True,Wien,,"English: C1, Deutsch: B2","Bachelor, Master",,,Hybrid,Full-time,5+ years,,,,,,,,,,,,
1862271,3D Artist,HAYS Hungary Kft.,https://www.cvonline.hu/hu/allas/3d-artist-1862271,2026-03-16,2026-03-25,True,,,English: B2,Bachelor,,"Maya, Blender, 3ds Max, ZBrush, Substance Painter/Designer, Unreal Engine",,Full-time,3-5 years,,,,,,,,,,,,
1862286,IT fejlesztőmérnök (Somogy megye),Hire-One Kft.,https://www.cvonline.hu/hu/allas/it-fejlesztomernok-somogy-megye-1862286,2026-03-16,2026-03-25,True,,,English: B2,Bachelor,"C#, .NET",MySQL,Home-Office,Full-time,3-5 years,,,,,,,,,,,,
1862324,Senior SAP Consultant (w/m/x),"Unbekannt, aber ein erfolgreiches IT-Beratungsunternehmen mit dem Schwerpunkt in der Handels- und Konsumgüterindustrie",https://www.cvonline.hu/hu/allas/senior-sap-consultant-w-m-x-1862324,2026-03-16,2026-03-25,True,,,,,,,,,,Senior SAP Consultant (w/m/x),"Salzburg, Oberösterreich, Wien","{'min': 3500, 'max': 6000, 'currency': '€', 'basis': 'Monat (auf Vollzeitbasis)'}",4 Tage in der Woche Vollzeit (ab 38 Wochenstunden),"Unterstützung und Begleitung von SAP-Projekten im Einzelhandelsbereich, Analyse, IT-/Geschäftsprozessberatung, Umsetzung, Erarbeitung effizienter Strukturen gemeinsam mit dem Kunden, Projekt- sowie Prozessmanagement","Abgeschlossene höhere Ausbildung (FH/Uni), Mehrjährige Berufserfahrung im SAP-Umfeld (idealerweise im Handelsbereich, Supply Chain Management oder Logistik) inkl. Customizing, Kenntnisse im Retail-Umfeld wünschenswert (Lieferantenmanagement, Contracting, ...), Ausgeprägtes Prozessverständnis sowie Kundenorientierung, Selbständige Arbeitsweise und Reisebereitschaft, Sehr gute Deutsch- und Englischkenntnisse","Firmenauto, welches auch privat genutzt werden kann, Workation-Möglichkeit (genießen Sie Ihren Urlaub 2 Wochen länger, indem Sie dort remote arbeiten), Unterstützung beim Eigenheimbau mit einem geringen Zinssatz, Individuelle Weiterbildungs- und Weiterentwicklungsmöglichkeiten in der SAP-Welt (HANA, SAP, Projektleitung), Abwechslungsreiche SAP-Projekte im internationalen Umfeld, Kollegiales und hochmotiviertes Team, Flexible Arbeitseinteilung mit Home-Office-Möglichkeit","{'recruiter_name': 'Monir Forster', 'recruiting_partner': 'Recruiting Partner IT', 'phone_number': '+43 732 61 12 21 -225'}",,,,
1862145,FULL STACK JAVA FEJLESZTŐ,BECK AND PARTNERS Kft.,https://www.cvonline.hu/hu/allas/full-stack-java-fejleszto-1862145,2026-03-16,2026-03-25,True,"Budapest, VIII. kerület",,English: B2,Bachelor,"Java, Python, Angular, SQL, AWS, Spring, Kubernetes, Docker","JUnit, Mockito, REST, SOAP API-k, SNS, SQS, Kafka",On-site,Full-time,5+ years,,,,,,,,,,,,
1862174,Group Leader IT Operations,Laendle,https://www.cvonline.hu/hu/allas/group-leader-it-operations-1862174,2026-03-16,2026-03-25,True,,,"German: C1, English: B2",,"MS Server, Azure, M365","Palo Alto, Cisco",,Full-time,3-5 years,,,,,,,,,,,,
1861974,Senior Techincal Solution Architect D365 (all gender),Laendle,https://www.cvonline.hu/hu/allas/senior-techincal-solution-architect-d365-all-gender-1861974,2026-03-16,2026-03-25,True,Hard,,"German: C1, English: B2",,,"Microsoft Dynamics 365 Finance & Operations, Lifecycle Services, Power Platform Admin Center, Azure, DevOps, Microsoft cloud technologies",Home-Office,Full-time,5+ years,,,,,,,,,,,,
1861972,Software Developer - Data & System Integration Solutions (m/w/d),Laendle,https://www.cvonline.hu/hu/allas/software-developer-data-system-integration-solutions-m-w-d-1861972,2026-03-16,2026-03-25,True,,,,,,,Home-Office,Full-time,3-5 years,,,,,,,,,,,,
1861973,Team Lead - Solution Architect (m/w/d),Laendle,https://www.cvonline.hu/hu/allas/team-lead-solution-architect-m-w-d-1861973,2026-03-16,2026-03-25,True,,,,Bachelor,,,Home-Office,Full-time,3-5 years,,,,,,,,,,,,
1861724,SAP ABAP fejlesztő (logisztika),Pannonjob Kft.,https://www.cvonline.hu/hu/allas/sap-abap-fejleszto-logisztika-1861724,2026-03-16,2026-03-25,True,Debrecen,,English: B2,,ABAP (classic or OO),"SAP EWM, SAP WM, SAP LE, SAP TM, S/4 HANA",Hybrid,Full-time,3-5 years,,,,,,,,,,,,
1861804,"IT-SYSTEMADMINISTRATOR, SCHWERPUNKT SECURITY (M/W/D)",Laendle,https://www.cvonline.hu/hu/allas/it-systemadministrator-schwerpunkt-security-m-w-d-1861804,2026-03-16,2026-03-25,True,,,,Bachelor,,,,Full-time,1-3 years,,,,,,,,,,,,
1861714,SAP Software Engineer,Pannonjob Kft.,https://www.cvonline.hu/hu/allas/sap-software-engineer-1861714,2026-03-16,2026-03-25,True,Debrecen,,English: B2,Bachelor,ABAP,"SAP S/4 HANA EWM, SAP S/4 HANA WM, SAP LE (Logistics Execution), SAP TM (Transportation Management), Kafka, Jira, Confluence",,Full-time,3-5 years,,,,,,,,,,,,
1861699,SAP ABAP Developer (Logistics),Pannonjob Kft.,https://www.cvonline.hu/hu/allas/sap-abap-developer-logistics-1861699,2026-03-16,2026-03-25,True,Hajdú-Bihar megye,,English: B2,,ABAP (classic and/or OO),"SAP EWM, SAP WM, SAP LE, SAP TM, S/4 HANA, BAPIs, BADIs, User-Exits, Enhancements",Hybrid,Full-time,5+ years,,,,,,,,,,,,
1861870,IT vezető,Trenkwalder Kft,https://www.cvonline.hu/hu/allas/it-vezeto-1861870,2026-03-16,2026-03-17,False,,,English: B1,,,,,Full-time,5+ years,,,,,,,,,,,,
1861780,IT mérnök,Pannonjob Kft.,https://www.cvonline.hu/hu/allas/it-mernok-1861780,2026-03-16,2026-03-25,True,Miskolc,,"Magyar: Magas, Angol: Magas",Felsőfokú informatikai végzettség,,"Hálózati ismeretek (TCP/IP, LAN/WAN, VPN, tűzfalak), Operációs rendszerek (Windows Server), Virtualizáció (VMware), Cloud platformok (Azure, AWS), Szerverek és storage rendszerek (konfigurálás, karbantartás), IT biztonság (hozzáférés-kezelés, titkosítás, audit), Scripting és automatizálás (PowerShell)",On-site,Full-time,3-5 years,,,,,,,,,,,,
1861758,SAP Logistics Application Expert (EWM/WM/LE/TM),Pannonjob Kft.,https://www.cvonline.hu/hu/allas/sap-logistics-application-expert-ewm-wm-le-tm-1861758,2026-03-16,2026-03-25,True,Debrecen,,English: B2,,ABAP,"SAP S/4HANA, EWM, WM, LE, TM, ABAP",On-site,Full-time,3-5 years,,,,,,,,,,,,
1861759,SAP Logistics Application Expert (EWM/WM/LE/TM),Pannonjob Kft.,https://www.cvonline.hu/hu/allas/sap-logistics-application-expert-ewm-wm-le-tm-1861759,2026-03-16,2026-03-25,True,Debrecen,,English: B2,Bachelor,ABAP,"SAP EWM, SAP WM, SAP LE, SAP TM, S/4HANA, Kafka, Jira, Confluence",,Full-time,3-5 years,,,,,,,,,,,,
1861805,Power BI Specialist (m/w/d),Laendle,https://www.cvonline.hu/hu/allas/power-bi-specialist-m-w-d-1861805,2026-03-16,2026-03-25,True,,,"German: C1, English: B2",,"Power BI, SQL","Power BI, Microsoft Azure Cloud",Home-Office,Full-time,3-5 years,,,,,,,,,,,,
1861819,Diákmunka - Informatikai rendszertámogató gyakornok,MŰISZ Iskolaszövetkezet,https://www.cvonline.hu/hu/allas/diakmunka-informatikai-rendszertamogato-gyakornok-1861819,2026-03-16,2026-03-25,True,,,English: A2,High School with Diploma,,"Zabbix, M365, Google Workspace",,Full-time,0-1 years,,,,,,,,,,,,
1861715,SAP Szoftvermérnök,Pannonjob Kft.,https://www.cvonline.hu/hu/allas/sap-szoftvermernok-1861715,2026-03-16,2026-03-25,True,,,English: C1,,,"SAP S/4HANA, EWM (Extended Warehouse Management), SAP ERP WM, SAP LE, SAP TM, Jira, Confluence, Kafka",,Full-time,1-3 years,,,,,,,,,,,,
1863665,Beszerzési és Közbeszerzési gyakornok,MFB Magyar Fejlesztési Bank Zrt.,https://www.cvonline.hu/hu/lite/allas/beszerzesi-es-kozbeszerzesi-gyakornok-1863665,2026-03-17,2026-03-25,True,,,,Bachelor,,Excel,On-site with home office,Short-term,0-1 years,,,,,,,,,,,,
1863573,IT Service Management Consultant (m/w/d),Laendle,https://www.cvonline.hu/hu/allas/it-service-management-consultant-m-w-d-1863573,2026-03-17,2026-03-25,True,,,"German: C1, English: B2",,,,,Full-time,5+ years,,,,,,,,,,,,
1863463,IT specialista,Trenkwalder Kft,https://www.cvonline.hu/hu/allas/it-specialista-1863463,2026-03-17,2026-03-25,True,,,"English: B2, German: B2",,,Microsoft Dynamics 365 Finance and Operations,Hybrid,Full-time,1-3 years,,,,,,,,,,,,
1863385,Application Engineer Intern – JavaScript,Mind-Diák Szövetkezet,https://www.cvonline.hu/hu/allas/application-engineer-intern-javascript-1863385,2026-03-17,2026-03-25,True,,,English: B2,Bachelor,JavaScript,,Home-Office,Short-term,,,,,,,,,,,,,
1853009,Core Rendszerek Tervező Csoportvezető,Magyar Posta ZRt.,https://www.cvonline.hu/hu/allas/core-rendszerek-tervezo-csoportvezeto-1853009,2026-03-17,2026-03-25,True,Budapest,,English: B2,Bachelor,,"Enterprise Architect, EA, SAMU",On-site,Full-time,3-5 years,,,,,,,,,,,,
1853032,Rendszerszervező,Magyar Posta ZRt.,https://www.cvonline.hu/hu/allas/rendszerszervezo-1853032,2026-03-17,2026-03-25,True,Budapest,,English: B1,Bachelor,,,On-site,Full-time,3-5 years,,,,,,,,,,,,
1863365,Szoftverfejlesztő gyakornok,Mind-Diák Szövetkezet,https://www.cvonline.hu/hu/allas/szoftverfejleszto-gyakornok-1863365,2026-03-17,2026-03-25,True,,Br. 2400 Ft/óra,,Folyamatban lévő egyetemi vagy főiskolai tanulmányok aktív vagy passzív nappali tagozaton,"C#, .Net, MS SQL, ASP.Net, SQL",,Rugalmas időbeosztás,"Szakmai fejlődés, Karrierépítési lehetőség a cégnél",,,,,,,,,,,,,
1863401,Polish Speaking Sales Support Intern,Mind-Diák Szövetkezet,https://www.cvonline.hu/hu/allas/polish-speaking-sales-support-intern-1863401,2026-03-17,2026-03-25,True,,2500 Ft/hour in gross,"English: C1, Plosh: Advanced",Bachelor,,"MS Office applications (Excel, Word, PowerPoint, Outlook)",Hybrid,Short-term,0-1 years,,,,,,,,,,,,
1863374,German Speaking Sales Support Intern,Mind-Diák Szövetkezet,https://www.cvonline.hu/hu/allas/german-speaking-sales-support-intern-1863374,2026-03-17,2026-03-25,True,,2500 Ft/hour in gross,"English: C1, German: C1",Active or passive student status with at least one completed academic year,,"MS Office applications (Excel, Word, PowerPoint, Outlook)",Hybrid,Short-term,,,,,,,,,,,,,
1863157,IT biztonsági szakértő (SIEM),Randstad Hungary Kft.,https://www.cvonline.hu/hu/allas/it-biztonsagi-szakerto-siem-1863157,2026-03-17,2026-03-25,True,,Not specified,English: B2,,,"SIEM, SDLC",Hybrid,Full-time,3-5 years,,,,,,,,,,,,
1862823,Senior rendszermérnök (IT tervezési rendszermérnök),Magyar Posta ZRt.,https://www.cvonline.hu/hu/allas/senior-rendszermernok-it-tervezesi-rendszermernok-1862823,2026-03-17,2026-03-25,True,Budapest,,English: B2,,,,,Full-time,5+ years,,,,,,,,,,,,
1862972,Szoftvertesztelő,Starjobs Magyarország,https://www.cvonline.hu/hu/allas/szoftvertesztelo-1862972,2026-03-17,2026-03-25,True,,,English: B2,"Bachelor, Master",C#,"VisualStudio, GitHub, JIRA, Polarion",,Full-time,3-5 years,,,,,,,,,,,,
1863376,Műszaki értékesítő,Mind-Diák Szövetkezet,https://www.cvonline.hu/hu/allas/muszaki-ertekesito-1863376,2026-03-17,2026-03-20,False,,,,High School with Diploma,,,On-site,Short-term,0-1 years,,,,,,,,,,,,
1863158,IT biztonsági szakértő,Randstad Hungary Kft.,https://www.cvonline.hu/hu/allas/it-biztonsagi-szakerto-1863158,2026-03-17,2026-03-25,True,Budapest,,English: B2,Bachelor,,"Microsoft, Linux, Oracle, MySQL, Excel, PowerPoint",Hybrid,Full-time,1-3 years,,,,,,,,,,,,
1862753,IT Üzleti elemző,Magyar Posta ZRt.,https://www.cvonline.hu/hu/allas/it-uzleti-elemzo-1862753,2026-03-17,2026-03-25,True,Budapest,,English: B2,Bachelor,,"MS Visio, BPMN 2.0, UML, Power BI, Confluence, SharePoint, JIRA, MS Project",Home-Office,Full-time,3-5 years,,,,,,,,,,,,
1863468,Network Monitoring Systems Platform Engineer,Trenkwalder Kft,https://www.cvonline.hu/hu/allas/network-monitoring-systems-platform-engineer-1863468,2026-03-17,2026-03-25,True,,,English: C1,,,OSS/infrastructure management tools,Hybrid,Full-time,3-5 years,,,,,,,,,,,,
1863395,Cybersecurity gyakornok,Mind-Diák Szövetkezet,https://www.cvonline.hu/hu/allas/cybersecurity-gyakornok-1863395,2026-03-17,2026-03-25,True,,2332 Ft/óra brutto,English: B1,Bachelor,,MS Office,Hybrid,Full-time,0-1 years,,,,,,,,,,,,
1863162,CoreMedia Developer,Randstad Hungary Kft.,https://www.cvonline.hu/hu/allas/coremedia-developer-1863162,2026-03-17,2026-03-25,True,,,English: B2,Bachelor,"Java, JavaScript, HTML, CSS, Spring Boot","CoreMedia Content Management System, Docker, Kubernetes, Azure DevOps, Grafana, MongoDB",Hybrid,Full-time,3-5 years,,,,,,,,,,,,
1863384,Application Engineer Intern – Java,Mind-Diák Szövetkezet,https://www.cvonline.hu/hu/allas/application-engineer-intern-java-1863384,2026-03-17,2026-03-25,True,,,English: B2,Bachelor,Java,,Home-Office,Short-term,,,,,,,,,,,,,
1863383,Adatközpont operátor gyakornok,Mind-Diák Szövetkezet,https://www.cvonline.hu/hu/allas/adatkozpont-operator-gyakornok-1863383,2026-03-17,2026-03-25,True,,,English: B1,,,Windows alapú rendszerek (Office programok),On-site,Full-time,0-1 years,,,,,,,,,,,,
1863366,Manuális tesztelő gyakornok,Mind-Diák Szövetkezet,https://www.cvonline.hu/hu/allas/manualis-tesztelo-gyakornok-1863366,2026-03-17,2026-03-25,True,,2400 Ft/óra,,Folyamatban lévő egyetemi vagy főiskolai tanulmányok aktív vagy passzív nappali tagozat,,,,Short-term,,,,,,,,,,,,,
1863159,Power Platform Consultant,Randstad Hungary Kft.,https://www.cvonline.hu/hu/allas/power-platform-consultant-1863159,2026-03-17,2026-03-25,True,,,,,,"Microsoft Power Platform, Power Apps, Power Automate, Copilot Studio",,Full-time,3-5 years,,,,,,,,,,,,
1863412,Salesforce Data Quality Intern,Mind-Diák Szövetkezet,https://www.cvonline.hu/hu/allas/salesforce-data-quality-intern-1863412,2026-03-17,2026-03-25,True,Budapest,,English: B2,,,Excel,Hybrid,Full-time,0-1 years,,,,,,,,,,,,
1863386,Application Engineer Intern – Python,Mind-Diák Szövetkezet,https://www.cvonline.hu/hu/allas/application-engineer-intern-python-1863386,2026-03-17,2026-03-25,True,,,English: B2,Bachelor,Python,"Snowflake, Spark, Storm, Solr",Home-Office,Short-term,,,,,,,,,,,,,
1863379,IT területen kisegítő diák,Mind-Diák Szövetkezet,https://www.cvonline.hu/hu/allas/it-teruleten-kisegito-diak-1863379,2026-03-17,2026-03-25,True,,1856 Ft/óra,,Alapfokú számítógépes ismeretek,,,,Short-term,0-1 years,,,,,,,,,,,,
1862941,Holland nyelvű ügyfélszolgálati munkatárs,HSA Kft.,https://www.cvonline.hu/hu/allas/holland-nyelvu-ugyfelszolgalati-munkatars-1862941,2026-03-17,2026-03-25,True,Budapest,,"Holland: C1, English: B2",,,MS Office,On-site,Full-time,3-5 years,,,,,,,,,,,,
1862940,Dutch Speaking Customer Service Specialist,HSA Kft.,https://www.cvonline.hu/hu/allas/dutch-speaking-customer-service-specialist-1862940,2026-03-17,2026-03-25,True,"Budapest, District XI",,"Dutch: C1, English: B2",Higher education degree,,MS Office,On-site,Full-time,3-5 years,,,,,,,,,,,,
1862699,Pályavasúti szakértő,MÁV Pályaműködtetési Zrt.,https://www.cvonline.hu/hu/allas/palyavasuti-szakerto-1862699,2026-03-17,2026-03-25,True,Budapest,,,Bachelor,,SAP PM modul,,Full-time,3-5 years,,,,,,,,,,,,
1862817,SAP DevOps témavezető szakértő (SAP modulgazda),Magyar Posta ZRt.,https://www.cvonline.hu/hu/allas/sap-devops-temavezeto-szakerto-sap-modulgazda-1862817,2026-03-17,2026-03-25,True,Budapest,,English: B1,,,"SAP DevOps, SAP logisztikai modulok (MM, SD)",On-site,Full-time,3-5 years,,,,,,,,,,,,
1862546,Solution Architect Specialist,Trenkwalder Kft,https://www.cvonline.hu/hu/allas/solution-architect-specialist-1862546,2026-03-17,2026-03-25,True,,,,,,,Hybrid,Full-time,5+ years,,,,,,,,,,,,
1864884,MINŐSÉGBIZTOSÍTÁSI VILLAMOSMÉRNÖK GYAKORNOK - 9.KERÜLET (DIÁKMUNKA),Job Force Iskolaszövetkezet,https://www.cvonline.hu/hu/allas/minosegbiztositasi-villamosmernok-gyakornok-9kerulet-diakmunka-1864884,2026-03-18,2026-03-25,True,,Br. 2200 Ft/óra,English: B1,,,,On-site,Full-time,0-1 years,,,,,,,,,,,,
1864350,IT-Anwenderbetreuer im Bereich Ausführende Logistik (m/w/d),Laendle,https://www.cvonline.hu/hu/allas/it-anwenderbetreuer-im-bereich-ausfuhrende-logistik-m-w-d-1864350,2026-03-18,2026-03-25,True,,,"German: C1, English: B2",Bachelor,,,Home-Office,Full-time,0-1 years,,,,,,,,,,,,
1864352,IT-Inhouse Consultant Supply Chain Management / Materialdisposition (m/w/d),Laendle,https://www.cvonline.hu/hu/allas/it-inhouse-consultant-supply-chain-management-materialdisposition-m-w-d-1864352,2026-03-18,2026-03-25,True,,,"German: C1, English: B2",,,"SAP ERP, SAP APO, SAP S/4HANA, IBP",Home-Office,Full-time,3-5 years,,,,,,,,,,,,
1864354,IT-Inhouse Consultant Order-To-Cash (m/w/d),Laendle,https://www.cvonline.hu/hu/allas/it-inhouse-consultant-order-cash-m-w-d-1864354,2026-03-18,2026-03-25,True,,,"German: C1, English: B2",Bachelor,,"SAP SD, SAP TM, SAP APO, SAP IBP",Home-Office,Full-time,3-5 years,,,,,,,,,,,,
1864220,Pénzügyi és adatmenedzsment gyakornok,Mind-Diák Szövetkezet,https://www.cvonline.hu/hu/allas/penzugyi-es-adatmenedzsment-gyakornok-1864220,2026-03-18,2026-03-25,True,,3300 Ft gross/hour,English: B1,,,"MS Office, Excel, PowerQuery, PowerBI",Home-Office,Short-term,0-1 years,,,,,,,,,,,,
1864667,IT szakértő,MÁV Szolgáltató Központ Zrt.,https://www.cvonline.hu/hu/allas/it-szakerto-1864667,2026-03-18,2026-03-25,True,Budapest,,English: B2,Bachelor,,"MS Windows operációs és irodai rendszerek, Android mobil operációs rendszer, MDM szoftver, AD tartományi környezet, SCCM szoftver, MS Office szoftvercsomag, MS Excel",,Full-time,3-5 years,,,,,,,,,,,,
1864256,IT Operátor,Trenkwalder Kft,https://www.cvonline.hu/hu/allas/it-operator-1864256,2026-03-18,2026-03-25,True,,,English: B1,,,"Microsoft Word, Excel, PowerPoint",,Full-time,1-3 years,,,,,,,,,,,,
1864154,Szolgáltatásmenedzser (Bérszámfejtés tapasztalattal),Randstad Hungary Kft.,https://www.cvonline.hu/hu/allas/szolgaltatasmenedzser-berszamfejtes-tapasztalattal-1864154,2026-03-18,2026-03-25,True,,,English: B2,,,Atlassian products,Home-Office,Short-term,3-5 years,,,,,,,,,,,,
1864286,"Web&ERP támogató konzulens (Web, Backend)",Hire-One Kft.,https://www.cvonline.hu/hu/allas/weberp-tamogato-konzulens-web-backend-1864286,2026-03-18,2026-03-25,True,,,English: B1,Bachelor,"HTML, CSS, JavaScript, .NET (C#)","REST API, SQL, Microsoft Dynamics 365",,Full-time,3-5 years,,,,,,,,,,,,
1864119,BUDAPEST - NUKLEÁRIS MÉRNÖK GYAKORNOK (DIÁKMUNKA),Job Force Iskolaszövetkezet,https://www.cvonline.hu/hu/allas/budapest-nuklearis-mernok-gyakornok-diakmunka-1864119,2026-03-18,2026-03-25,True,,Br. 2500 Ft/óra,English: B1,Master,,,,,,,,,,,,,,,,,
1864351,IT-Inhouse Consulting Logistics Execution (m/w/d),Laendle,https://www.cvonline.hu/hu/allas/it-inhouse-consulting-logistics-execution-m-w-d-1864351,2026-03-18,2026-03-25,True,,,"German: C1, English: B2",Bachelor,,SAP EWM,Home-Office,Full-time,0-1 years,,,,,,,,,,,,
1864337,"Customer Technology Advisor - Cloud 


(m/w/d)",Vienna,https://www.cvonline.hu/hu/allas/customer-technology-advisor-cloud-m-w-d-1864337,2026-03-18,2026-03-25,True,,110000 EUR brutto/year + 20% bonus,"German: C1, English: B2",,,,Home-Office,Full-time,5+ years,,,,,,,,,,,,
1864216,IT adminisztrátor,Mind-Diák Szövetkezet,https://www.cvonline.hu/hu/allas/it-adminisztrator-1864216,2026-03-18,2026-03-25,True,,,"English: B1, Hungarian: Native",,,"Excel, MS Access",On-site,Full-time,0-1 years,,,,,,,,,,,,
1864353,IT-Inhouse Consultant Supply Chain Management / Produktionsplanung (m/w/d),Laendle,https://www.cvonline.hu/hu/allas/it-inhouse-consultant-supply-chain-management-produktionsplanung-m-w-d-1864353,2026-03-18,2026-03-25,True,,,"German: C1, English: B2",Bachelor,SAP PP,,Home-Office,Full-time,3-5 years,,,,,,,,,,,,
1864001,IT MUNKATÁRS,BECK AND PARTNERS Kft.,https://www.cvonline.hu/hu/allas/it-munkatars-1864001,2026-03-18,2026-03-25,True,"Budapest, III. kerület",,,,,"Windows, Office 365",Távoli,Full-time,1-3 years,,,,,,,,,,,,
1864223,Rendszergazda gyakornok,Mind-Diák Szövetkezet,https://www.cvonline.hu/hu/allas/rendszergazda-gyakornok-1864223,2026-03-18,2026-03-25,True,,,,,"Windows/Linux OP rendszer, Alapszintű hálózati ismeretek, Konténerizációs technológiák, AI eszközök használata",,,Full-time,1-3 years,,,,,,,,,,,,
1864158,Teszt technikus,Randstad Hungary Kft.,https://www.cvonline.hu/hu/allas/teszt-technikus-1864158,2026-03-18,2026-03-25,True,Komárno,,English: B1,,,,,Full-time,3-5 years,,,,,,,,,,,,
1864074,IT - Infrastructure Support Engineer (m/w/d),Laendle,https://www.cvonline.hu/hu/allas/it-infrastructure-support-engineer-m-w-d-1864074,2026-03-18,2026-03-25,True,,,,Bachelor,,Microsoft,,Full-time,3-5 years,,,,,,,,,,,,
1863789,Senior/Principal Software Engineer,Trenkwalder Kft,https://www.cvonline.hu/hu/allas/senior-principal-software-engineer-1863789,2026-03-18,2026-03-25,True,,,English: B2,Bachelor,"C++, LabVIEW, VeriStand","LabVIEW FPGA, ADAS, HIL rendszerek, járműbusz architektúrák, Azure DevOps",Hybrid,Full-time,5+ years,,,,,,,,,,,,
1863888,Logisztikai és E-szolgáltatások Üzemeltetési Osztályvezető,Magyar Posta ZRt.,https://www.cvonline.hu/hu/allas/logisztikai-es-e-szolgaltatasok-uzemeltetesi-osztalyvezeto-1863888,2026-03-18,2026-03-18,False,Budapest,,,Bachelor,"Azure DevOps, OKD, Red Hat Openshift, Docker, Kubernetes",,On-site,Full-time,3-5 years,,,,,,,,,,,,
1866553,Product Owner / Project Manager für Microsoft Dynamics 365,Laendle,https://www.cvonline.hu/hu/allas/product-owner-project-manager-fur-microsoft-dynamics-365-1866553,2026-03-20,2026-03-25,True,,,,,,,,,,,,,,,,,,,,,
1866101,Fogtechnikai informatikus / CAD-CAM technikus,My HR Team Személyzeti Szolgáltató Kft.,https://www.cvonline.hu/hu/lite/allas/fogtechnikai-informatikus-cad-cam-technikus-1866101,2026-03-20,2026-03-25,True,Miskolc,,,High School with Diploma,,"Specialized computer-aided design and manufacturing programs, CAD-CAM technology machines",On-site,Full-time,0-1 years,,,,,,,,,,,,
1866573,Diákmunka - Business Intelligence Trainee,MŰISZ Iskolaszövetkezet,https://www.cvonline.hu/hu/allas/diakmunka-business-intelligence-trainee-1866573,2026-03-20,2026-03-25,True,Budapest,,"English: B2, Hungarian: Native speaker",Bachelor,"Python, R","Power BI, Tableau, Qlik",Hybrid,Full-time,,,,,,,,,,,,,
1866168,Alkalmazásfejlesztő,MÁV Szolgáltató Központ Zrt.,https://www.cvonline.hu/hu/allas/alkalmazasfejleszto-1866168,2026-03-20,2026-03-20,False,Sopron,,,Bachelor,"Java, Spring Boot, React","Oracle SQL, SQL Developer, IntelliJ IDEA, Git (GitLab)",Hybrid,Half-time,1-3 years,,,,,,,,,,,,
1866554,Data Platform Engineer (m/w/d)*,Laendle,https://www.cvonline.hu/hu/allas/data-platform-engineer-m-w-d-1866554,2026-03-20,2026-03-25,True,Knellesegg,,,,"Power BI, SQL","Power BI (Service, Desktop, Gateway-Betrieb), Microsoft Fabric, Denodo",,Full-time,5+ years,,,,,,,,,,,,
1865793,C++  Developer,HAYS Hungary Kft.,https://www.cvonline.hu/hu/allas/c-developer-1865793,2026-03-20,2026-03-25,True,,,English: B2,Bachelor,"C++, Python","Git, Version control systems",,Full-time,3-5 years,,,,,,,,,,,,
1865791,Project Manager (Data & Agile),HAYS Hungary Kft.,https://www.cvonline.hu/hu/allas/project-manager-data-agile-1865791,2026-03-20,2026-03-25,True,,,English: B2,Bachelor,Python,Excel,Home-Office,Full-time,3-5 years,,,,,,,,,,,,
1865806,Software Solution Architect,HAYS Hungary Kft.,https://www.cvonline.hu/hu/allas/software-solution-architect-1865806,2026-03-20,2026-03-25,True,,Competitive salary and various benefits,English: B2,,,,Home-Office,Full-time,3-5 years,,,,,,,,,,,,
1865920,Leiter:in Handelssysteme,Laendle,https://www.cvonline.hu/hu/allas/leiterin-handelssysteme-1865920,2026-03-20,2026-03-25,True,,,,,,,,,5+ years,,,,,,,,,,,,
1865807,"Data Analyst (SQL, Power BI)",HAYS Hungary Kft.,https://www.cvonline.hu/hu/allas/data-analyst-sql-power-bi-1865807,2026-03-20,2026-03-25,True,Budapest,,English: B2,,"SQL, Power BI","Spotfire, PowerBI",Home-Office,Full-time,1-3 years,,,,,,,,,,,,
1865912,"Account Delivery Manager (m,w,d)",Vienna,https://www.cvonline.hu/hu/allas/account-delivery-manager-mwd-1865912,2026-03-20,2026-03-25,True,,,German: Native,"Bachelor, Master",,,Home-Office,Full-time,5+ years,,,,,,,,,,,,
1865323,IT Operátor_Kecskemét,A-Credit 2000 Tanácsadó és Szolgáltató Kft.,https://www.cvonline.hu/hu/allas/it-operator-kecskemet-1865323,2026-03-20,2026-03-25,True,Kecskemét,,English: B2,,,"VMware, Veeam, PowerBi, ManageEngine",,Full-time,3-5 years,,,,,,,,,,,,
1865676,Diákmunka - C++ Developer Trainee SINUMERIK HMI,MŰISZ Iskolaszövetkezet,https://www.cvonline.hu/hu/allas/diakmunka-c-developer-trainee-sinumerik-hmi-1865676,2026-03-20,2026-03-23,False,Budapest,,"English: B2, German: A1",Bachelor,"C, C++","Qt, Python",Home-Office,Full-time,5+ years,,,,,,,,,,,,
1865577,SENIOR SAP FUNCTIONAL SUPPORT EXPERT (WM / SD-EDI),BECK AND PARTNERS Kft.,https://www.cvonline.hu/hu/allas/senior-sap-functional-support-expert-wm-sd-edi-1865577,2026-03-20,2026-03-25,True,Siófok,,English: B2,,,,Home-Office,Full-time,3-5 years,,,,,,,,,,,,
1865675,Diákmunka - MES fejlesztő gyakornok,MŰISZ Iskolaszövetkezet,https://www.cvonline.hu/hu/allas/diakmunka-mes-fejleszto-gyakornok-1865675,2026-03-20,2026-03-25,True,Budapest,,"English: B2, German: B2",Bachelor,JavaScript,,On-site with home office,Full-time,1-3 years,,,,,,,,,,,,
1865430,IT HD szakértő,MÁV Szolgáltató Központ Zrt.,https://www.cvonline.hu/hu/allas/it-hd-szakerto-1865430,2026-03-20,2026-03-25,True,Záhony,,,szakirányú felsőfokú állami iskolai végzettség,,"[Office alkalmazások, Active Directory, szerver konzolalkalmazások, távmenedzselő eszközök, ügyfélszolgálati rendszerek]",On-site,Full-time,1-3 years,,,,,,,,,,,,
1865740,Aladdin Financial Engineering Intern,Mind-Diák Szövetkezet,https://www.cvonline.hu/hu/allas/aladdin-financial-engineering-intern-1865740,2026-03-20,2026-03-25,True,,,English: B2,Bachelor,"Python, C++","Outlook, Word, Snowflake, Spark, Storm, Solr",Hybrid,Short-term,,,,,,,,,,,,,
1865160,Data Engineer Metering Operations,Laendle,https://www.cvonline.hu/hu/allas/data-engineer-metering-operations-1865160,2026-03-20,2026-03-25,True,,,,,"Python, SQL",Modern Analytics Tools,,Full-time,3-5 years,,,,,,,,,,,,
1865429,IT HD szakértő,MÁV Szolgáltató Központ Zrt.,https://www.cvonline.hu/hu/allas/it-hd-szakerto-1865429,2026-03-20,2026-03-25,True,Budapest,,,szakirányú felsőfokú állami iskolai végzettség,,"[Office alkalmazások, Active Directory, szerver konzolalkalmazások, távmenedzselő eszközök, ügyfélszolgálati rendszerek]",On-site,Full-time,1-3 years,,,,,,,,,,,,
1865004,"Web&ERP támogató konzulens (Web, Backend)",Hire-One Kft.,https://www.cvonline.hu/hu/allas/weberp-tamogato-konzulens-web-backend-1865004,2026-03-20,2026-03-25,True,,,English: B1,Bachelor,"HTML, CSS, JavaScript, .NET (C#)","REST API, SQL, Microsoft Dynamics 365",,Full-time,3-5 years,,,,,,,,,,,,
1865056,Senior Consultant SAP S/4 Hana Finance,Vienna,https://www.cvonline.hu/hu/allas/senior-consultant-sap-s-4-hana-finance-1865056,2026-03-20,2026-03-25,True,,"€55,200 gross annually, plus performance-based bonuses","German: Fluent, English: Proficient",,,SAP S/4HANA,Hybrid,Full-time,5+ years,,,,,,,,,,,,
1865060,Businesskundenbetreuer in der Telekommunikation (m/w/d),Vienna,https://www.cvonline.hu/hu/allas/businesskundenbetreuer-der-telekommunikation-m-w-d-1865060,2026-03-20,2026-03-25,True,,"2124,00 brutto pro Monat plus fixen Provisionsanteil von € 400,00",Deutsch: C1,Bachelor,,Fundierte EDV-Kenntnisse,On-site,Full-time,0-1 years,,,,,,,,,,,,
1864941,Termelést támogató gyakornok,Mind-Diák Szövetkezet,https://www.cvonline.hu/hu/allas/termelest-tamogato-gyakornok-1864941,2026-03-20,2026-03-25,True,,2050 Ft/óra,"English: B1, Hungarian: Native",,,"Excel, PowerPoint, Sharepoint, Lists, Power Automate",On-site,Short-term,0-1 years,,,,,,,,,,,,
1864988,Sales Data Analyst,Trenkwalder Kft,https://www.cvonline.hu/hu/allas/sales-data-analyst-1864988,2026-03-20,2026-03-25,True,,,English: B2,,"Power BI, Tableau, SAP Analytics Cloud",Excel,Home-Office,Full-time,3-5 years,,,,,,,,,,,,
1867150,Senior Scrum Master (German speaking),HAYS Hungary Kft.,https://www.cvonline.hu/hu/allas/senior-scrum-master-german-speaking-1867150,2026-03-22,2026-03-22,False,,,"German: C1, English: B2",,,"Jira, Confluence",,Full-time,5+ years,,,,,,,,,,,,
1867061,Entwicklungsingenieur für Assistenz- & Automatisierungssysteme (m/w/d),Laendle,https://www.cvonline.hu/hu/allas/entwicklungsingenieur-fur-assistenz-automatisierungssysteme-m-w-d-1867061,2026-03-22,2026-03-25,True,,,"English: B2, German: Native",,"Python, C++",,Hybrid,Full-time,5+ years,,,,,,,,,,,,
1866823,SOFTWARE ENTWICKLER FULL STACK (M/W/D),Laendle,https://www.cvonline.hu/hu/allas/software-entwickler-full-stack-m-w-d-1866823,2026-03-22,2026-03-25,True,Götzis,,"German: C1, English: B2",Bachelor,"JavaScript, .Net Core, Python","Node.js, .Net Core, REST/GraphQL-APIs, React/Next.js, CronJobs, PostgreSQL, Azure, Redis",On-site,Full-time,3-5 years,,,,,,,,,,,,
1867062,Teamlead Software Development (m/w/d),Laendle,https://www.cvonline.hu/hu/allas/teamlead-software-development-m-w-d-1867062,2026-03-22,2026-03-25,True,,,"German: C1, English: B2",Bachelor,,,Hybrid,Full-time,5+ years,,,,,,,,,,,,
1866824,Junior Data Analyst / Engineer 70–100 %,Laendle,https://www.cvonline.hu/hu/allas/junior-data-analyst-engineer-70-100-1866824,2026-03-22,2026-03-25,True,,50.000 - 85.000 EUR gross/year,German: C1,,"SQL, Python","Git, Azure Databricks, Power BI",Hybrid,Full-time,3-5 years,,,,,,,,,,,,
1866607,Senior Scrum Master (German speaker),Randstad Hungary Kft.,https://www.cvonline.hu/hu/allas/senior-scrum-master-german-speaker-1866607,2026-03-22,2026-03-25,True,,,"German: C1, English: B2",,,"Jira, Confluence",,Full-time,3-5 years,,,,,,,,,,,,
1866666,Front-End Developer,HAYS Hungary Kft.,https://www.cvonline.hu/hu/allas/front-end-developer-1866666,2026-03-22,2026-03-25,True,Budapest,,English: B2,,"JavaScript, Vue","Figma, Balsamiq, JustInMind",Hybrid,Full-time,1-3 years,,,,,,,,,,,,
1866670,IT Business Analyst,HAYS Hungary Kft.,https://www.cvonline.hu/hu/allas/it-business-analyst-1866670,2026-03-22,2026-03-25,True,,,English: B2,Bachelor,Python,MS Office suite,Home-Office,Full-time,1-3 years,,,,,,,,,,,,
1866657,RENDSZERGAZDA (MICROSOFT KÖRNYEZET),BECK AND PARTNERS Kft.,https://www.cvonline.hu/hu/allas/rendszergazda-microsoft-kornyezet-1866657,2026-03-22,2026-03-25,True,Biatorbágy,,English: B1,,,"Active Directory, Microsoft Windows, MS Office, Intune, PowerShell",Home-Office,Full-time,1-3 years,,,,,,,,,,,,
1866671,Senior Data Engineer,HAYS Hungary Kft.,https://www.cvonline.hu/hu/allas/senior-data-engineer-1866671,2026-03-22,2026-03-25,True,Budapest,,English: B2,,"Python, Apache Spark, Terraform","Google Cloud Platform (GCP), Azure, Apache Kafka, Apache HBase, Google BigQuery, PostgreSQL, MongoDB, Rest API, CI/CD principles, Terraform",Home-Office,Full-time,5+ years,,,,,,,,,,,,
1866667,Cyber Security Specialist,HAYS Hungary Kft.,https://www.cvonline.hu/hu/allas/cyber-security-specialist-1866667,2026-03-22,2026-03-25,True,,,English: C1,Bachelor,,,"Full-time, Remote",Full-time,5+ years,,,,,,,,,,,,
1866656,MEDIOR VIRTUALIZÁCIÓS RENDSZERMÉRNÖK,BECK AND PARTNERS Kft.,https://www.cvonline.hu/hu/allas/medior-virtualizacios-rendszermernok-1866656,2026-03-22,2026-03-25,True,Budapest,,English: B2,Bachelor,"PowerShell, PowerCLI","VMware, Microsoft Hyper-V, VDI, IBM PowerVM",On-site with home office,Full-time,3-5 years,,,,,,,,,,,,
1868462,IT System Engineer (m/w/d),Laendle,https://www.cvonline.hu/hu/allas/it-system-engineer-m-w-d-1868462,2026-03-23,2026-03-25,True,,,"German: C1, English: B2",,Linux,"Active Directory, Group Policies",On-site,Full-time,3-5 years,,,,,,,,,,,,
1868596,IT Operations gyakornok,Mind-Diák Szövetkezet,https://www.cvonline.hu/hu/allas/it-operations-gyakornok-1868596,2026-03-23,2026-03-25,True,,Br. 3500 Ft / óra gyakornoki bér,English: B1,Bachelor,,,On-site,Short-term,0-1 years,,,,,,,,,,,,
1867761,Diákmunka - IT biztonsági tanácsadó,MŰISZ Iskolaszövetkezet,https://www.cvonline.hu/hu/allas/diakmunka-it-biztonsagi-tanacsado-1867761,2026-03-23,2026-03-25,True,,2400 Ft/óra,,Bachelor,,"MS Office, Outlook, Böngészők",,Full-time,1-3 years,,,,,,,,,,,,
1867760,Diákmunka - C++ programozó,MŰISZ Iskolaszövetkezet,https://www.cvonline.hu/hu/allas/diakmunka-c-programozo-1867760,2026-03-23,2026-03-25,True,,2500 Ft/óra,,Bachelor,"C++, C#","3D CAD, BIM",,Full-time,1-3 years,,,,,,,,,,,,
1869522,IT System Engineer - Microsoft/Office 365 (f/m/x),Laendle,https://www.cvonline.hu/hu/allas/it-system-engineer-microsoft-office-365-f-m-x-1869522,2026-03-25,2026-03-25,True,Vorarlberg,,English: B2,,PowerShell,"Office 365, Exchange, Teams, SharePoint, Azure AD",On-site,Full-time,3-5 years,,,,,,,,,,,,
1869434,Számítógép szerelő technikus,Pannon-Work Cégcsoport,https://www.cvonline.hu/hu/allas/szamitogep-szerelo-technikus-1869434,2026-03-25,2026-03-25,True,Komárno,,,High School with Diploma,,,,Full-time,0-1 years,,,,,,,,,,,,
1869406,Software Tester (VR Training Devices),HAYS Hungary Kft.,https://www.cvonline.hu/hu/allas/software-tester-vr-training-devices-1869406,2026-03-25,2026-03-25,True,,,English: B2,Bachelor,"Python, C++","Unreal Engine, Bug tracking tools, Test management systems",On-site,Full-time,3-5 years,,,,,,,,,,,,
1869387,IT RENDSZERGAZDA,BECK AND PARTNERS Kft.,https://www.cvonline.hu/hu/allas/it-rendszergazda-1869387,2026-03-25,2026-03-25,True,"Budapest, XIII. kerület",,,,"Java, Node.js, Bash","GitLab, Google Workspace, AWS, GCP, Docker, Kubernetes, CI/CD",Hybrid,Full-time,3-5 years,,,,,,,,,,,,
1869370,IT Operations trainne,Mind-Diák Szövetkezet,https://www.cvonline.hu/hu/allas/it-operations-trainne-1869370,2026-03-25,2026-03-25,True,,,English: B2,Bachelor,,,On-site,Short-term,0-1 years,,,,,,,,,,,,
1869162,ADATBÁZIS ÜZEMELTETÉSI SZAKÉRTŐ (ORACLE/MSSQL),BECK AND PARTNERS Kft.,https://www.cvonline.hu/hu/allas/adatbazis-uzemeltetesi-szakerto-oracle-mssql-1869162,2026-03-25,2026-03-25,True,Budapest,,English: B2,,,"Oracle Exadata Cloud@Customer, MSSQL, RMAN, Oracle RAC, Data Guard, ASM, Enterprise Manager Cloud Control",Home-Office,Full-time,5+ years,,,,,,,,,,,,
1869472,Junior Szoftver technikus,Pannonjob Kft.,https://www.cvonline.hu/hu/allas/junior-szoftver-technikus-1869472,2026-03-25,2026-03-25,True,Vecsés,,English: A1,,,,,Full-time,0-1 years,,,,,,,,,,,,
1869069,Automatizálási rendszermérnök,Magyar Posta ZRt.,https://www.cvonline.hu/hu/allas/automatizalasi-rendszermernok-1869069,2026-03-25,2026-03-25,True,Budaörs,,English: B2,Bachelor,,"Ms Windows Server, Linux",On-site,Full-time,3-5 years,,,,,,,,,,,,
1869256,Application Manager*in Warehouse Solution,Laendle,https://www.cvonline.hu/hu/allas/application-managerin-warehouse-solution-1869256,2026-03-25,2026-03-25,True,Kennelbach,,"German: C1, English: B2",,,,,Full-time,3-5 years,,,,,,,,,,,,
1869292,Diákmunka - IT biztonsági gyakornok,MŰISZ Iskolaszövetkezet,https://www.cvonline.hu/hu/allas/diakmunka-it-biztonsagi-gyakornok-1869292,2026-03-25,2026-03-25,True,,2500 Ft/óra,English: B1,Bachelor,,,On-site,Short-term,0-1 years,,,,,,,,,,,,
1868963,Informatikai vezető,Trenkwalder Kft,https://www.cvonline.hu/hu/allas/informatikai-vezeto-1868963,2026-03-25,2026-03-25,True,,,"English: C1, German: B2",Bachelor,,,Hybrid,Full-time,5+ years,,,,,,,,,,,,
1868759,Systemadministrator:in (mit Fokus auf Netzwerkadministration),Laendle,https://www.cvonline.hu/hu/allas/systemadministratorin-mit-fokus-auf-netzwerkadministration-1868759,2026-03-25,2026-03-25,True,,,German: C1,,,,,,,,,,,,,,,,,,
1868770,Diákmunka - Test Engineer Trainee for Industrial Automation,MŰISZ Iskolaszövetkezet,https://www.cvonline.hu/hu/allas/diakmunka-test-engineer-trainee-industrial-automation-1868770,2026-03-25,2026-03-25,True,Budapest,2200-2800 Ft/óra,English: B1,Bachelor,"STL, SCL, FBD, LAD, C#","Siemens Step7, TIA Portal",Hybrid,Full-time,5+ years,,,,,,,,,,,,
1868592,Webshop junior adminisztrátor,Mind-Diák Szövetkezet,https://www.cvonline.hu/hu/allas/webshop-junior-adminisztrator-1868592,2026-03-25,2026-03-25,True,,,,,Frontend,Shoprenter,On-site,Full-time,1-3 years,,,,,,,,,,,,
1868614,C#/.NET Developer,HAYS Hungary Kft.,https://www.cvonline.hu/hu/allas/c-net-developer-1868614,2026-03-25,2026-03-25,True,,,English: B2,Bachelor,"C#, .Net","REST APIs, MS SQL, PostgreSQL, .Net Blazor, Git, Bitbucket, Artifactory, Azure DevOps",,Full-time,3-5 years,,,,,,,,,,,,
1868613,Unreal Engine/C++ Developer,HAYS Hungary Kft.,https://www.cvonline.hu/hu/allas/unreal-engine-c-developer-1868613,2026-03-25,2026-03-25,True,,,English: C1,Bachelor,"C++, Unreal Engine, .Net Blazor","Git, Bitbucket, Artifactory, Azure DevOps",,Full-time,3-5 years,,,,,,,,,,,,
1868595,IT gyakornok,Mind-Diák Szövetkezet,https://www.cvonline.hu/hu/allas/it-gyakornok-1868595,2026-03-25,2026-03-25,True,,,English: B2,Bachelor,,Microsoft Dynamics 365 Business Central,On-site with home office,Full-time,1-3 years,,,,,,,,,,,,
1867605,Senior product owner,Magyar Posta ZRt.,https://www.cvonline.hu/hu/allas/senior-product-owner-1867605,2026-03-25,2026-03-25,True,Budapest,,English: B2,Bachelor,,"Word, Excel, Power Point, Outlook",On-site,Full-time,5+ years,,,,,,,,,,,,
1867709,Daten- und Business Intelligence Experte im Kundendienst Baumaschinen (m/w/d),Laendle,https://www.cvonline.hu/hu/allas/daten-und-business-intelligence-experte-im-kundendienst-baumaschinen-m-w-d-1867709,2026-03-25,2026-03-25,True,,,English: B2,Bachelor,"Java, Python, C#","Microsoft Dynamics 365, PowerApps, Microsoft Power BI",Hybrid,Full-time,1-3 years,,,,,,,,,,,,
1867742,Diákmunka - Technical Writer,MŰISZ Iskolaszövetkezet,https://www.cvonline.hu/hu/allas/diakmunka-technical-writer-1867742,2026-03-25,2026-03-25,True,,,English: B2,Bachelor,,,Hybrid,Full-time,3-5 years,,,,,,,,,,,,
1867487,Medior Szoftverfejlesztő (JAVA),HUNAM Personnel Solutions Kft.,https://www.cvonline.hu/hu/allas/medior-szoftverfejleszto-java-1867487,2026-03-25,2026-03-25,True,,,English: C1,,Java,"Dynatrace, Splunk, CloudWatch, Jenkins, Cloud Foundry, SplitIO, AWS ALB, EC2, CloudFront, S3, SQS, RDS Aurora, SES, WAF, Kubernetes, Docker",,Full-time,3-5 years,,,,,,,,,,,,
1867292,Business Consultant (m/w/d),Vienna,https://www.cvonline.hu/hu/allas/business-consultant-m-w-d-1867292,2026-03-25,2026-03-25,True,,50000 EUR gross/year,,Bachelor,,,Home-Office,Full-time,1-3 years,,,,,,,,,,,,
1867488,Medior Tesztautomatizáló Mérnök,HUNAM Personnel Solutions Kft.,https://www.cvonline.hu/hu/allas/medior-tesztautomatizalo-mernok-1867488,2026-03-25,2026-03-25,True,,,English: B2,,"Java, Python, JS, C#","Selenium WebDriver, Appium, TestNG, JUnit, Git/SVN",On-site,Full-time,3-5 years,,,,,,,,,,,,
