job_id,title,company,url,first_seen,last_seen,active,Location,Salary,Language Requirements,Education,Programming Languages,Required Software / Tools,Work Arrangement,Job Type,Experience Level
2846499,Tesztmérnök,CTDI Budapest Kft.,https://www.profession.hu/allas/tesztmernok-ctdi-budapest-kft-budapest-2846499?sessionId=ed7061b1d89e7c95ce70868e0e3baa03,2026-03-04,2026-03-22,False,Budapest,,English: B2,Bachelor,"C, C++, Python, Linux (Ubuntu/Debian), Raspbian, Visual Studio, QT","Word, PowerPoint, Excel",Full-time,Full-time,3-5 years
2846347,IT Adatbázis és Alkalmazásüzemeltető Mérnök,Magyar Suzuki Zrt.,https://www.profession.hu/allas/it-adatbazis-es-alkalmazasuzemelteto-mernok-magyar-suzuki-zrt-esztergom-2846347?sessionId=ed7061b1d89e7c95ce70868e0e3baa03,2026-03-04,2026-03-25,True,Esztergom,,English: B1,Bachelor,,"UNIX, LINUX, ORACLE, MYSQL, MSSQL",On-site,Full-time,3-5 years
2846277,IT megfelelőségi munkatárs,Egis Gyógyszergyár Zrt.,https://www.profession.hu/allas/it-megfelelosegi-munkatars-egis-gyogyszergyar-zrt-budapest-2846277?sessionId=ed7061b1d89e7c95ce70868e0e3baa03,2026-03-04,2026-03-25,True,Budapest,,English: B1,Bachelor,,,Home-Office,Full-time,1-3 years
2845848,Bi analyst (senior),PROFESSION SERVICES,https://www.profession.hu/allas/bi-analyst-senior-profession-services-budapest-2845848/pro?sessionId=ed7061b1d89e7c95ce70868e0e3baa03,2026-03-04,2026-03-25,True,Budapest,,"English: B2, German: B2",Bachelor,"SQL, Power BI","BI, SQL, POWER BI, AGILIS, Workstation, Power Apps, Power Automate",Hybrid,Full-time,5-10 years
2845844,Full-Stack fejlesztő (Medior / Senior),PROFESSION SERVICES,https://www.profession.hu/allas/full-stack-fejleszto-medior-senior-profession-services-budapest-2845844/pro?sessionId=ed7061b1d89e7c95ce70868e0e3baa03,2026-03-04,2026-03-25,True,Budapest,,"English: B2, German: B2",Bachelor,"Java, Angular","Spring Boot, Hibernate, HTML5, CSS3, JavaScript / TypeScript, QueryDSL, Atlassian tools (Jira, Confluence, Bitbucket), Jenkins, REST, Maven, OpenAPI / Swagger, SonarQube / SonarLint, Git, Quarkus",Hybrid,Full-time,3-5 years
2845831,Szoftvertesztelő (senior),PROFESSION SERVICES,https://www.profession.hu/allas/szoftvertesztelo-senior-profession-services-budapest-2845831/pro?sessionId=ed7061b1d89e7c95ce70868e0e3baa03,2026-03-04,2026-03-25,True,Budapest,,"English: B2, German: B2",Bachelor,,"SQL, Postman",Hybrid,Full-time,5-10 years
2845291,Release manager,TIGRA Zrt.,https://www.profession.hu/allas/release-manager-tigra-zrt-budapest-2845291?sessionId=ed7061b1d89e7c95ce70868e0e3baa03,2026-03-04,2026-03-25,True,Budapest,,English: B2,Bachelor,,"Git, Jenkins, GitLab CI, Azure DevOps Pipelines, Argo CD/Flux, Maven, Node.js, Angular, Docker, Artifactory, Nexus, GitHub Packages, Kubernetes (helm chart), Cloud platform: AWS, Azure, GCP, Monitoring tools: Prometheus, Grafana, Datadog, New Relic, ELK stack, Splunk, Grafana Loki",Hybrid,Full-time,3-5 years
2844979,Devops Intern,Tata Consultancy Services Limited,https://www.profession.hu/allas/devops-intern-tata-consultancy-services-limited-budapest-2844979?sessionId=ed7061b1d89e7c95ce70868e0e3baa03,2026-03-04,2026-03-25,True,Budapest,,English: C2,Bachelor,,"DEVOPS, ANSIBLE, DOCKER, CLOUD, LINUX, GIT, VIRTUALIZATION, API SECURITY, AZURE, AWS, AGILE, JENKINS, DATA MANAGEMENT",On-site,Full-time,
2844968,Data Engineer Intern,Tata Consultancy Services Hungary,https://www.profession.hu/allas/data-engineer-intern-tata-consultancy-services-hungary-budapest-2844968?sessionId=ed7061b1d89e7c95ce70868e0e3baa03,2026-03-04,2026-03-25,True,Budapest,,English: C2,Bachelor,"Python, C++, SQL, PySpark","Power BI, Data Bricks, Azure, AWS",On-site,Full-time,
2844971,QA Intern,Tata Consultancy Services Limited,https://www.profession.hu/allas/qa-intern-tata-consultancy-services-limited-budapest-2844971?sessionId=ed7061b1d89e7c95ce70868e0e3baa03,2026-03-04,2026-03-25,True,Budapest,,English: C2,Bachelor,"JavaScript, TypeScript",Playwright,On-site,Full-time,
2844810,IT Manager,profession.hu Kft.,https://www.profession.hu/allas/it-manager-profession-hu-kft-budapest-2844810/pro?sessionId=ed7061b1d89e7c95ce70868e0e3baa03,2026-03-04,2026-03-25,True,Budapest,,,Bachelor,,,Hybrid,Full-time,3-5 years
2844761,Kubernetes infrastruktúra rendszerüzemeltető,Alfa Vienna Insurance Group Biztosító Zrt.,https://www.profession.hu/allas/kubernetes-infrastruktura-rendszeruzemelteto-alfa-vienna-insurance-group-biztosito-zrt-budapest-2844761?sessionId=ed7061b1d89e7c95ce70868e0e3baa03,2026-03-04,2026-03-25,True,Budapest,,"English: B2, Hungarian: C1",High School with Diploma,"Python, Shell, Go","Ansible, Terraform, Gitlab CI/CD, Kubernetes, Docker, JSON, YAML, PostgreSQL, JIRA, Confluence, Splunk, Nexus, Trivy, Aqua scanner",Hybrid,Full-time,3-5 years
2844739,Senior Project Manager (Online),profession.hu Kft.,https://www.profession.hu/allas/senior-project-manager-online-profession-hu-kft-budapest-2844739/pro?sessionId=ed7061b1d89e7c95ce70868e0e3baa03,2026-03-04,2026-03-17,False,Budapest,"1,0M - 1,2M Ft havi bér",English: B2,,,,Hybrid,Full-time,3-5 years
2844719,IT fejlesztési- és csoportvezető  (Generálkivitelezés – Dunaújváros),GRABARICS Kft.,https://www.profession.hu/allas/it-fejlesztesi-es-csoportvezeto-generalkivitelezes-dunaujvaros-grabarics-kft-dunaujvaros-2844719?sessionId=ed7061b1d89e7c95ce70868e0e3baa03,2026-03-04,2026-03-25,True,Dunaújváros,,English: B1,Bachelor,,"Microsoft 365, Azure, ITIL",On-site,Full-time,5+ years
2844699,Release menedzser,MVM Informatika Zrt.,https://www.profession.hu/allas/release-menedzser-mvm-informatika-zrt-budapest-2844699?sessionId=ed7061b1d89e7c95ce70868e0e3baa03,2026-03-04,2026-03-25,True,Budapest,,,Bachelor,,,On-site,Full-time,3-5 years
2846244,Főosztályvezető-helyettes (IT-fejlesztési portfóliómenedzser),Nemzeti Adó- és Vámhivatal,https://www.profession.hu/allas/foosztalyvezeto-helyettes-it-fejlesztesi-portfoliomenedzser-nemzeti-ado-es-vamhivatal-budapest-2846244?sessionId=ed7061b1d89e7c95ce70868e0e3baa03,2026-03-04,2026-03-25,True,Budapest,,Magyar: C1,Főiskola,,"Atlassian termékek (JIRA, Confluence)",Rugalmas munkarend,Teljes munkaidős,3-5 év tapasztalat
2846168,Senior IT solution architect (sola),BECK AND PARTNERS Kft.,https://www.profession.hu/allas/senior-it-solution-architect-sola-beck-and-partners-kft-vac-2846168?sessionId=ed7061b1d89e7c95ce70868e0e3baa03,2026-03-04,2026-03-25,True,Budapest,,English: B2,Bachelor,,,Hybrid,Full-time,3-5 years
2846167,SENIOR IT BUSINESS ANALYST (banki terület),BECK AND PARTNERS Kft.,https://www.profession.hu/allas/senior-it-business-analyst-banki-terulet-beck-and-partners-kft-vac-2846167?sessionId=ed7061b1d89e7c95ce70868e0e3baa03,2026-03-04,2026-03-25,True,Budapest,,English: B2,Bachelor,,,Hybrid,Full-time,5+ years
2846154,Manuális tesztelő gyakornok (diákmunka),OnE Job Iskolaszövetkezet,https://www.profession.hu/allas/manualis-tesztelo-gyakornok-diakmunka-one-job-iskolaszovetkezet-budapest-2846154?sessionId=ed7061b1d89e7c95ce70868e0e3baa03,2026-03-04,2026-03-25,True,Budapest,,English: B1,Bachelor,,"ISTQB, AGILIS",Hybrid,Half-time,
2832933,IT Rendszerszervező,BECK AND PARTNERS Kft.,https://www.profession.hu/allas/it-rendszerszervezo-beck-and-partners-kft-budapest-2832933?sessionId=ed7061b1d89e7c95ce70868e0e3baa03,2026-03-04,2026-03-16,False,"Budapest, 13. kerület",,,Főiskola,,"API, XML, JSON, MS OFFICE, SOAPUI, POSTMAN, UML, SQL, REST, JIRA, CONFLUENCE, JMETER, BPMN, AGILIS SCRUM KANBAN",Home Office,Full-time,3-5 years
2833204,Diákmunka - Engineering Graduate - Industrial Automation,MŰISZ Iskolaszövetkezet,https://www.profession.hu/allas/diakmunka-engineering-graduate-industrial-automation-muisz-iskolaszovetkezet-budapest-2833204?sessionId=ed7061b1d89e7c95ce70868e0e3baa03,2026-03-04,2026-03-04,False,Budapest XI. kerület,2200 - 2800 Ft/óra,"English: B1, Magyar: Anyanyelv","Ongoing higher education (Electrical Engineering, Software Engineering, Mechatronics Engineering, or similar)",,"PLC programming (e.g., SCL / LAD), Familiarity with Siemens TIA Portal and SIMATIC S7-1200/1500 product families, Experience with Mendix or other low-code/no-code platforms",Hybrid,Full-time,
2833203,Diákmunka - C++ Developer Trainee SINUMERIK HMI,MŰISZ Iskolaszövetkezet,https://www.profession.hu/allas/diakmunka-c-developer-trainee-sinumerik-hmi-muisz-iskolaszovetkezet-budapest-2833203?sessionId=ed7061b1d89e7c95ce70868e0e3baa03,2026-03-04,2026-03-18,False,Budapest XI. kerület,,"English: B1, Hungarian: Native",Középiskola,"C, C++, Python","Git, SCM (ClearCase), Scrum/Agile methodology",Home-Office,Full-time,
2826010,Stratégiai projekt mérnök,MOL-LUB KFT.,https://www.profession.hu/allas/strategiai-projekt-mernok-mol-lub-kft-almasfuzito-2826010?sessionId=ed7061b1d89e7c95ce70868e0e3baa03,2026-03-04,2026-03-17,False,Almásfüzitő,,English: B2,Bachelor,,"Microsoft Office, Microsoft Project",On-site,Full-time,3-5 years
2840787,Data analyst (JT),Tech People Hungary Kft.,https://www.profession.hu/allas/data-analyst-jt-tech-people-hungary-kft-budapest-2840787?sessionId=ed7061b1d89e7c95ce70868e0e3baa03,2026-03-04,2026-03-25,True,Budapest,,English: B2,Bachelor,SQL (Oracle and PostgreSQL),"Oracle, PostgreSQL",On-site,Full-time,1-3 years
2832116,Biztonsági eseménykezelő központ (SOC) L1 elemző,Seculabs Kft.,https://www.profession.hu/allas/biztonsagi-esemenykezelo-kozpont-soc-l-elemzo-seculabs-kft-budapest-2832116?sessionId=ed7061b1d89e7c95ce70868e0e3baa03,2026-03-04,2026-03-20,False,Budapest,,English: A2,High School with Diploma,Scripting languages,"Windows, Linux, MacOS",Részmunkaidő,Alkalmazotti jogviszony,1-3 years
2825998,B2C Ügyfélszolgálati Projektmenedzser,MOHU MOL Hulladékgazdálkodási Zrt.,https://www.profession.hu/allas/b-c-ugyfelszolgalati-projektmenedzser-mohu-mol-hulladekgazdalkodasi-zrt-budapest-2825998?sessionId=ed7061b1d89e7c95ce70868e0e3baa03,2026-03-04,2026-03-17,False,Budapest,,English: B2,Bachelor,,"Azure DevOps, MS Project, M365, Excel, Power BI",On-site,Full-time,1-3 years
2836598,AUTOMATA TESZTELŐ - PROJEKT (E-TD01),Tech People Hungary Kft.,https://www.profession.hu/allas/automata-tesztelo-projekt-e-td-tech-people-hungary-kft-budapest-2836598?sessionId=ed7061b1d89e7c95ce70868e0e3baa03,2026-03-04,2026-03-23,False,"Budapest, IX. kerület",,English: B2,Bachelor,,"API, JIRA, CLEAN CODE, CI, ISTQB, JMETER, AGILIS",Home-Office,Full-time,3-5 years
2836300,ENTERPRISE ARCHITECT (GYK),Tech People Hungary Kft.,https://www.profession.hu/allas/enterprise-architect-gyk-tech-people-hungary-kft-budapest-2836300?sessionId=ed7061b1d89e7c95ce70868e0e3baa03,2026-03-04,2026-03-23,False,Budapest,,English: B2,Bachelor,,"UML, ITIL, Togaf, CMMI, ITIL",Home-Office,Full-time,3-5 years
2834482,Software Engineer,One Magyarország Zrt.,https://www.profession.hu/allas/software-engineer-one-magyarorszag-zrt-budapest-2834482?sessionId=ed7061b1d89e7c95ce70868e0e3baa03,2026-03-04,2026-03-23,False,Budapest,,English: B2,Bachelor,"Java, Spring Boot",,Hybrid,Full-time,3-5 years
2825996,B2C Ügyfélszolgálati Adatelemzési Szakértő,MOHU MOL Hulladékgazdálkodási Zrt.,https://www.profession.hu/allas/b-c-ugyfelszolgalati-adatelemzesi-szakerto-mohu-mol-hulladekgazdalkodasi-zrt-budapest-2825996?sessionId=ed7061b1d89e7c95ce70868e0e3baa03,2026-03-04,2026-03-17,False,Budapest,,English: B2,Bachelor,,"MS Office, Power BI, Excel, Power Apps, Power Automate",,Full-time,1-3 years
2836118,Tesztautomatizálási mérnök - Mindennapi Biztosítások Squad,ERSTE BANK HUNGARY Zrt.,https://www.profession.hu/allas/tesztautomatizalasi-mernok-mindennapi-biztositasok-squad-erste-bank-hungary-zrt-2836118?sessionId=ed7061b1d89e7c95ce70868e0e3baa03,2026-03-04,2026-03-10,False,Budapest,,English: B2,Bachelor,"Java, REST Assured","WEB SERVICE, JAVA SELENIUM REST ISTQB AGILIS",Hybrid,Full-time,1-3 years
2833424,Hardware Test Engineer,Grafton Recruitment,https://www.profession.hu/allas/hardware-test-engineer-grafton-recruitment-ullo-2833424?sessionId=ed7061b1d89e7c95ce70868e0e3baa03,2026-03-04,2026-03-17,False,Üllő,,"English: B2, Hungarian: Native",Bachelor,"Java, Python",Linux,On-site,Full-time,1-3 years
2841526,Ipar 4.0 Rendszerfejlesztő És Digitalizációs Szakmérnök,Masterplast Nyrt.,https://www.profession.hu/allas/ipar-rendszerfejleszto-es-digitalizacios-szakmernok-masterplast-nyrt-sarszentmihaly-2841526/pro?sessionId=ed7061b1d89e7c95ce70868e0e3baa03,2026-03-04,2026-03-25,True,Sárszentmihály,,"English: B2, German: C1",Bachelor,"SQL basics, Excel advanced",,Hybrid,Full-time,1-3 years
2833168,Szoftver tesztmérnök,Info-M Zrt.,https://www.profession.hu/allas/szoftver-tesztmernok-info-m-zrt-budapest-2833168?sessionId=ed7061b1d89e7c95ce70868e0e3baa03,2026-03-04,2026-03-20,False,Budapest,,,Bachelor,"Python, JavaScript","Selenium, ISTQB, SQL, GIT, JIRA, BACKEND, FRONTEND, DEVOPS, POSTMAN, ORACLE, TRELLO, SVN",On-site,Full-time,3-5 years
2832912,Projektmenedzser,RÁBA Nyrt.,https://www.profession.hu/allas/projektmenedzser-raba-nyrt-gyor-2832912?sessionId=ed7061b1d89e7c95ce70868e0e3baa03,2026-03-04,2026-03-20,False,Győr,,English: C1,Bachelor,,3D CAD systems (CREO preferred),Full-time,Full-time,3-5 years
2836285,Agile coach (GYK),Tech People Hungary Kft.,https://www.profession.hu/allas/agile-coach-gyk-tech-people-hungary-kft-budapest-2836285?sessionId=ed7061b1d89e7c95ce70868e0e3baa03,2026-03-04,2026-03-23,False,Budapest,,"English: B2, Hungarian: Native",Bachelor,,"JIRA, Confluence, Service Now",Hybrid,Full-time,1-3 years
2834428,IT Business Analyst,IdomSoft Zrt.,https://www.profession.hu/allas/it-business-analyst-idomsoft-zrt-budapest-2834428/pro?sessionId=ed7061b1d89e7c95ce70868e0e3baa03,2026-03-04,2026-03-20,False,Budapest,,English: B2,Főiskola,SQL,"Jira, Confluence, Miro",Hybrid,Full-time,3-5 years
2833511,ERP logisztikai konzulens/tanácsadó,BECK AND PARTNERS Kft.,https://www.profession.hu/allas/erp-logisztikai-konzulens-tanacsado-beck-and-partners-kft-2833511?sessionId=ed7061b1d89e7c95ce70868e0e3baa03,2026-03-04,2026-03-17,False,Budapest,,English: B2,Bachelor,SQL,"ERP, QAD Inc. integrált vállalatirányítási (ERP) megoldás",On-site with home office,Full-time,3-5 years
2841516,ANGULAR DEVELOPER (3871),HumanField Kft,https://www.profession.hu/allas/angular-developer-humanfield-kft-2841516/pro?sessionId=ed7061b1d89e7c95ce70868e0e3baa03,2026-03-04,2026-03-25,True,,,English: B2,Bachelor,"JavaScript, HTML, CSS, Angular, Git",Agile,Full-time,,3-5 years
2840278,Medior UI/UX Designer,DYNTELL Magyarország Kft.,https://www.profession.hu/allas/medior-ui-ux-designer-dyntell-magyarorszag-kft-debrecen-2840278?sessionId=ed7061b1d89e7c95ce70868e0e3baa03,2026-03-04,2026-03-25,True,Debrecen,,English: B1,,,"Adobe, Figma, Sketch, XD",Remote with on-site option,Full-time,1-3 years
2838176,Devops mérnök,Lechner Nonprofit Kft.,https://www.profession.hu/allas/devops-mernok-lechner-nonprofit-kft-budapest-2838176/pro?sessionId=ed7061b1d89e7c95ce70868e0e3baa03,2026-03-04,2026-03-25,True,Budapest,,,Bachelor,"BASH, PYTHON, JAVA, Docker, Spring, Maven","GIT, AWS, DEVOPS, AZURE CLOUD, JENKINS, DNS, MAVEN CI, ARGOCD",Hybrid,Full-time,3-5 years
2836015,IT üzleti elemző,Capgemini Magyarország Kft.,https://www.profession.hu/allas/it-uzleti-elemzo-capgemini-magyarorszag-kft-2836015?sessionId=ed7061b1d89e7c95ce70868e0e3baa03,2026-03-04,2026-03-23,False,Budapest,,English: C2,Bachelor,,,Hybrid,Full-time,3-5 years
2834466,Data Engineer,One Magyarország Zrt.,https://www.profession.hu/allas/data-engineer-one-magyarorszag-zrt-2834466?sessionId=ed7061b1d89e7c95ce70868e0e3baa03,2026-03-04,2026-03-23,False,Budapest,,English: B2,Bachelor,"SQL, Python","Google Cloud Platform (GCP), BigQuery, Airflow",Hybrid,Full-time,3-5 years
2836276,Azure System Specialist,MOL Nyrt.,https://www.profession.hu/allas/azure-system-specialist-mol-nyrt-budapest-2836276?sessionId=ed7061b1d89e7c95ce70868e0e3baa03,2026-03-04,2026-03-23,False,Budapest,,English: B2,"Bachelor's degree in computer science, IT, or related field",,"Azure Monitor, AppDynamic s, Azure DevOps, SonarCloud, JMeter, Selenium, Appium, Postman, Jira, Confluence",Hybrid,Full-time,1-3 years
2840397,Information Technology Early Talent Leadership Development Program,Eaton,https://www.profession.hu/allas/information-technology-early-talent-leadership-development-program-eaton-budapest-2840397?sessionId=ed7061b1d89e7c95ce70868e0e3baa03,2026-03-04,2026-03-25,True,Budapest,,English: B2,Bachelor,,,Hybrid,Full-time,1-3 years
2836013,Rendszerszervező,Capgemini Magyarország Kft.,https://www.profession.hu/allas/rendszerszervezo-capgemini-magyarorszag-kft-2836013?sessionId=ed7061b1d89e7c95ce70868e0e3baa03,2026-03-04,2026-03-23,False,Budapest,,English: C1,Bachelor,"SQL, UML, BPMN","SoapUI, Postman, Jira",Hybrid,Full-time,3-5 years
2835561,Szoftvertesztelő,Raiffeisen Software GmbH Magyarországi,https://www.profession.hu/allas/szoftvertesztelo-raiffeisen-software-gmbh-magyarorszagi-budapest-2835561?sessionId=ed7061b1d89e7c95ce70868e0e3baa03,2026-03-04,2026-03-22,False,Budapest,450000 Ft/year + Cafeteria benefits,"German: B1, English: A2",,,,Hybrid with on-site presence required,Full-time,1-3 years
2835912,Solution Architect,Alfa Vienna Insurance Group Biztosító Zrt.,https://www.profession.hu/allas/solution-architect-alfa-vienna-insurance-group-biztosito-zrt-budapest-2835912?sessionId=ed7061b1d89e7c95ce70868e0e3baa03,2026-03-04,2026-03-22,False,Budapest,,"English: B2, Hungarian: C1",Bachelor,,,Hybrid,Full-time,5+ years
2841426,Információbiztonsági szakértő (junior),ProCons Kft.,https://www.profession.hu/allas/informaciobiztonsagi-szakerto-junior-procons-kft-kecskemet-2841426/pro?sessionId=ed7061b1d89e7c95ce70868e0e3baa03,2026-03-04,2026-03-25,True,Kecskemét,,,Bachelor,,"ISO, NIS2, DORA, kiberbiztonság információbiztonság audit tanácsadó szakértő kockázatkezelés IT",On-site,Full-time,1-3 years
2840393,IT rendszerszervező,MagNet Bank Zrt.,https://www.profession.hu/allas/it-rendszerszervezo-magnet-bank-zrt-budapest-2840393?sessionId=ed7061b1d89e7c95ce70868e0e3baa03,2026-03-04,2026-03-25,True,Budapest,,English: B2,Bachelor,,"SQL, UML",On-site,Full-time,1-3 years
2841021,Projekt Koordinátor - Kecskemét,Formel D Magyarország Kft.,https://www.profession.hu/allas/projekt-koordinator-kecskemet-formel-d-magyarorszag-kft-kecskemet-2841021?sessionId=ed7061b1d89e7c95ce70868e0e3baa03,2026-03-04,2026-03-25,True,Kecskemét,,"German: B1, English: A2",High School with Diploma,,MS Office,On-site,Full-time,1-3 years
2836310,Senior Java Backend fejlesztő – Spring Boot (GYW),Tech People Hungary Kft.,https://www.profession.hu/allas/senior-java-backend-fejleszto-spring-boot-gyw-tech-people-hungary-kft-budapest-2836310?sessionId=ed7061b1d89e7c95ce70868e0e3baa03,2026-03-04,2026-03-23,False,Budapest,,English: B2,Bachelor,"Java, Kotlin","Spring, SQL, Git, Maven, Agilis, Docker, REST, OpenApi, Microservice",Hybrid,Full-time,5+ years
2827657,Scrum master Professional,UNIQA Insurance Group AG Magyarországi Fióktelepe,https://www.profession.hu/allas/scrum-master-professional-uniqa-insurance-group-ag-magyarorszagi-fioktelepe-budapest-2827657?sessionId=ed7061b1d89e7c95ce70868e0e3baa03,2026-03-04,2026-03-13,False,Budapest,,"English: B2, German: C1",,,"Jira (Hive), Miro",Home-Office,Full-time,3-5 years
2840677,Backend fejlesztő,XTRADEVELOPERS Kft.,https://www.profession.hu/allas/backend-fejleszto-xtradevelopers-kft-2840677?sessionId=ed7061b1d89e7c95ce70868e0e3baa03,2026-03-04,2026-03-25,True,,,"English: A2, Hungarian: High School with Diploma",High School with Diploma,"PHP, JavaScript, SQL, Laravel, MySQL, PostgreSQL, React, CSS3, HTML5, Git","Elasticsearch, TypeScript, SVN, Jira",Remote,Full-time,1-3 years
2836043,Medior IT projektmenedzser,Capgemini Magyarország Kft.,https://www.profession.hu/allas/medior-it-projektmenedzser-capgemini-magyarorszag-kft-2836043?sessionId=ed7061b1d89e7c95ce70868e0e3baa03,2026-03-04,2026-03-23,False,Budapest,,English: B2,Bachelor,,,Hybrid,Full-time,1-3 years
2832200,Adattudományi informatikai gyakornoki program,Nemzeti Adó- és Vámhivatal,https://www.profession.hu/allas/adattudomanyi-informatikai-gyakornoki-program-nemzeti-ado-es-vamhivatal-2832200?sessionId=ed7061b1d89e7c95ce70868e0e3baa03,2026-03-04,2026-03-20,False,"Békéscsaba, Budapest, Debrecen, Kaposvár, Kecskemét, Salgótarján, Szeged, Szekszárd, Szombathely, Tatabánya, Veszprém, Zalaegerszeg",,,Bachelor,"Python, R, SQL, SAS, Office",,Rugalmas munkaidő,Gyakornoki jogviszony,
2827642,Scrum master,UNIQA Insurance Group AG Magyarországi Fióktelepe,https://www.profession.hu/allas/scrum-master-uniqa-insurance-group-ag-magyarorszagi-fioktelepe-budapest-2827642?sessionId=ed7061b1d89e7c95ce70868e0e3baa03,2026-03-04,2026-03-13,False,Budapest,,"English: B1, German: B2",Bachelor,,"Jira (Hive), Miro",Home-Office with On-site,Full-time,1-3 years
2840379,Sr. Machine Learning Szoftvermérnök,Nova HR,https://www.profession.hu/allas/sr-machine-learning-szoftvermernok-nova-hr-2840379?sessionId=ed7061b1d89e7c95ce70868e0e3baa03,2026-03-04,2026-03-25,True,,,English: C2,Bachelor,Python,"Azure, Machine Learning, AWS",Remote-first,Full-time,5-10 years
2840508,SAP Server Management Infrastructure Specialist (LJT),Tech People Hungary Kft.,https://www.profession.hu/allas/sap-server-management-infrastructure-specialist-ljt-tech-people-hungary-kft-budapest-2840508?sessionId=ed7061b1d89e7c95ce70868e0e3baa03,2026-03-04,2026-03-25,True,Budapest,,English: B2,Bachelor,,"Chef, Puppet, Ansible",Hybrid,Full-time,5+ years
2836381,Licencmenedzser,MBH Bank Nyrt.,https://www.profession.hu/allas/licencmenedzser-mbh-bank-nyrt-2836381?sessionId=ed7061b1d89e7c95ce70868e0e3baa03,2026-03-04,2026-03-05,False,Budapest,,English: A1,Bachelor,,ORACLE,Home-Office,Full-time,1-3 years
2844999,GEN AI Intern,Tata Consultancy Services Limited,https://www.profession.hu/allas/gen-ai-intern-tata-consultancy-services-limited-budapest-2844999?sessionId=ed7061b1d89e7c95ce70868e0e3baa03,2026-03-04,2026-03-25,True,Budapest,,English: C2,Bachelor,"Python, Java",,On-site,Full-time,0-1 years
2841384,Device Management CoE Lead,MAGYAR TELEKOM NYRT.,https://www.profession.hu/allas/device-management-coe-lead-magyar-telekom-nyrt-budapest-2841384?sessionId=ed7061b1d89e7c95ce70868e0e3baa03,2026-03-04,2026-03-25,True,Budapest,,English: B2,Bachelor,,,Hybrid,Full-time,5-10 years
2845159,JUNIOR RPA DEVELOPER (3876),HumanField Kft,https://www.profession.hu/allas/junior-rpa-developer-humanfield-kft-2845159?sessionId=ed7061b1d89e7c95ce70868e0e3baa03,2026-03-04,2026-03-25,True,Budapest,,English: C1,Bachelor,,"Power BI, Microsoft Power Automate, Business Intelligence, Microsoft Power Apps, PowerPivot, Low-Code Development, RPA, Low-code, No-code",Hybrid,Full-time,1-3 years
2845158,JUNIOR POWER BI SPECIALIST (3878),HumanField Kft,https://www.profession.hu/allas/junior-power-bi-specialist-humanfield-kft-2845158?sessionId=ed7061b1d89e7c95ce70868e0e3baa03,2026-03-04,2026-03-25,True,Budapest,,English: C2,Bachelor,,"Power BI, Power Platform, Microsoft Power Automate, Business Intelligence, Microsoft Power Apps, PowerPivot, Low-Code Development, RPA, Low-code, No-code",Hybrid,Full-time,1-3 years
2845143,WordPress webfejlesztő,Széchenyi István Egyetem,https://www.profession.hu/allas/wordpress-webfejleszto-szechenyi-istvan-egyetem-gyor-2845143?sessionId=ed7061b1d89e7c95ce70868e0e3baa03,2026-03-04,2026-03-18,False,Győr,,English: B1,Bachelor,,WordPress,On-site,Short-term,1-3 years
2845127,IT projektmenedzser,Széchenyi István Egyetem,https://www.profession.hu/allas/it-projektmenedzser-szechenyi-istvan-egyetem-gyor-2845127?sessionId=ed7061b1d89e7c95ce70868e0e3baa03,2026-03-04,2026-03-25,True,Győr,,English: B2,Bachelor,,,On-site,Short-term,1-3 years
2844912,Business Process Analyst,Grafton Recruitment,https://www.profession.hu/allas/business-process-analyst-grafton-recruitment-2844912?sessionId=ed7061b1d89e7c95ce70868e0e3baa03,2026-03-04,2026-03-25,True,Budapest,,"English: C2, Hungarian: Native",Bachelor,,"SAP, S/4HANA",Hybrid,Full-time,3-5 years
2844904,BI fejlesztő,Raiffeisen Software GmbH Magyarországi,https://www.profession.hu/allas/bi-fejleszto-raiffeisen-software-gmbh-magyarorszagi-budapest-2844904?sessionId=ed7061b1d89e7c95ce70868e0e3baa03,2026-03-04,2026-03-25,True,Budapest,,"Magyar (Társalgási szint), Német (Középfok 1-3 év tapasztalat)",Foglalkoztatás jellege,"SQL, Python","Databricks, Microsoft Fabric",Hybrid,Full-time,1-3 years
2844863,C# / .NET fejlesztő,Budapesti Értéktőzsde Nyrt.,https://www.profession.hu/allas/c-net-fejleszto-budapesti-ertektozsde-nyrt-budapest-2844863?sessionId=ed7061b1d89e7c95ce70868e0e3baa03,2026-03-04,2026-03-25,True,Budapest,,English: B2,Bachelor,"C#, .NET","MSSQL, ITIL",Hybrid,Full-time,3-5 years
2840763,Digitális akadálymentesítési szerkesztő,NEMZETI MÉDIA- ÉS HÍRKÖZLÉSI HATÓSÁG,https://www.profession.hu/allas/digitalis-akadalymentesitesi-szerkeszto-nemzeti-media-es-hirkozlesi-hatosag-budapest-2840763?sessionId=ed7061b1d89e7c95ce70868e0e3baa03,2026-03-04,2026-03-25,True,Budapest,,English: B2,Középiskola,,"HTML5, WAI_ARIA attribútumok, Adobe Acrobat Pro, MS Office",On-site,Full-time,1-3 years
2844698,Tesztelő,Pillér Nonprofit Kft,https://www.profession.hu/allas/tesztelo-piller-nonprofit-kft-budapest-2844698?sessionId=ed7061b1d89e7c95ce70868e0e3baa03,2026-03-04,2026-03-25,True,Budapest,,English: B1,Középiskola,,"SQL, ISTQB, UML, API",Hybrid,Full-time,5-10 years
2844691,Java fejlesztő,Pénzjegynyomda Zrt.,https://www.profession.hu/allas/java-fejleszto-penzjegynyomda-zrt-budapest-2844691?sessionId=ed7061b1d89e7c95ce70868e0e3baa03,2026-03-04,2026-03-25,True,Budapest,,English: B2,Bachelor,"HTML, JAVA",GIT,Hybrid,Full-time,5+ years
2844682,Full-stack fejlesztő,Soft Consulting Hungary Zrt.,https://www.profession.hu/allas/full-stack-fejleszto-soft-consulting-hungary-zrt-budapest-2844682?sessionId=ed7061b1d89e7c95ce70868e0e3baa03,2026-03-04,2026-03-25,True,Budapest,,,Bachelor,C#,"GIT, HTML, CSS, JavaScript, jQuery, Knockout, Entity framework, MSSQL",On-site,Full-time,3-5 years
2830943,Vezető IT Üzleti elemző,MVM Next Energiakereskedelmi Zrt.,https://www.profession.hu/allas/vezeto-it-uzleti-elemzo-mvm-next-energiakereskedelmi-zrt-budapest-2830943?sessionId=ed7061b1d89e7c95ce70868e0e3baa03,2026-03-04,2026-03-14,False,Budapest,,,Főiskola,,"MS OFFICE, SQL, POWER BI, ADATTÁRHÁZ UAT BI",On-site,Full-time,5-10 év tapasztalat
2831333,Információ Biztonsági Felelős (Regionális),DHL Global Management GmbH,https://www.profession.hu/allas/informacio-biztonsagi-felelos-regionalis-dhl-global-management-gmbh-2831333?sessionId=ed7061b1d89e7c95ce70868e0e3baa03,2026-03-04,2026-03-14,False,Budapest,,"English: C2, Hungarian: C2",Bachelor,,,On-site,Full-time,3-5 years
2832293,Senior Automation Developer,Grafton Recruitment,https://www.profession.hu/allas/senior-automation-developer-grafton-recruitment-2832293?sessionId=ed7061b1d89e7c95ce70868e0e3baa03,2026-03-04,2026-03-17,False,Budapest,,English: C1,Bachelor,"Python, JavaScript, Node.js, .NET, VBA/VBS, Google App Script, SAP Scripting","UiPath, RPA, SAP, SAP Script, VBS, Google App Script, Python",Hybrid,Full-time,5+ years
2831813,SENIOR RENDSZERSZERVEZŐ (KÜT és ügyféladat kezelő alkalmazások),Raiffeisen Bank Zrt.,https://www.profession.hu/allas/senior-rendszerszervezo-kut-es-ugyfeladat-kezelo-alkalmazasok-raiffeisen-bank-zrt-budapest-2831813?sessionId=ed7061b1d89e7c95ce70868e0e3baa03,2026-03-04,2026-03-05,False,Budapest,,English: B2,Bachelor,,"API, AGILIS REST",Hybrid,Full-time,1-3 years
2830465,Business Analyst - Lexholding ZRt.,Lexholding ZRt.,https://www.profession.hu/allas/business-analyst-lexholding-zrt-lexholding-zrt-budapest-2830465?sessionId=ed7061b1d89e7c95ce70868e0e3baa03,2026-03-04,2026-03-14,False,Budapest,,,Bachelor,,,,Full-time,1-3 years
2832284,IT vezető,Trenkwalder,https://www.profession.hu/allas/it-vezeto-trenkwalder-2832284?sessionId=ed7061b1d89e7c95ce70868e0e3baa03,2026-03-04,2026-03-16,False,Baranya,,English: B1,Bachelor,,,,Full-time,3-5 years
2831729,Teszt technikus ( SMT gyártás ),Cloud Network Technology Kft.,https://www.profession.hu/allas/teszt-technikus-smt-gyartas-cloud-network-technology-kft-komarom-2831729?sessionId=ed7061b1d89e7c95ce70868e0e3baa03,2026-03-04,2026-03-18,False,Komárom,,English: A1,Secondary School with Diploma,,MS Office,Full-time,Full-time,1-3 years
2839318,Senior full-stack szoftverfejlesztő,TIGRA Zrt.,https://www.profession.hu/allas/senior-full-stack-szoftverfejleszto-tigra-zrt-budapest-2839318?sessionId=ed7061b1d89e7c95ce70868e0e3baa03,2026-03-04,2026-03-25,True,Budapest,,English: B2,Bachelor,"Java Springboot, Angular",,Hybrid,Full-time,3-5 years
2830657,SENIOR SCRUM MASTER/AGILE COACH - GERMAN SPEAKER (NT),Tech People Hungary Kft.,https://www.profession.hu/allas/senior-scrum-master-agile-coach-german-speaker-nt-tech-people-hungary-kft-budapest-2830657?sessionId=ed7061b1d89e7c95ce70868e0e3baa03,2026-03-04,2026-03-16,False,Budapest,,"English: B1, German: B1",Bachelor,,"Jira, Confluence",Hybrid,Full-time,3-5 years
2830012,SENIOR FRONT-END DEVELOPER (REACT NATIVE) - CONTRACTING (EW21),Tech People Hungary Kft.,https://www.profession.hu/allas/senior-front-end-developer-react-native-contracting-ew-tech-people-hungary-kft-2830012?sessionId=ed7061b1d89e7c95ce70868e0e3baa03,2026-03-04,2026-03-14,False,,,English: B2,Bachelor,"React Native, JavaScript / TypeScript",MacBook,Remote,Full-time,5+ years
2840179,"Vezető Fejlesztő (.NET, C#)",Nova HR,https://www.profession.hu/allas/vezeto-fejleszto-net-c-nova-hr-2840179?sessionId=ed7061b1d89e7c95ce70868e0e3baa03,2026-03-04,2026-03-25,True,,,English: C2,Bachelor,"C#, .NET","Azure, SQL Server, MySQL, React.js",Remote-first,Full-time,5+ years
2835557,Tesztautomatizáló mérnök,Raiffeisen Software GmbH Magyarországi,https://www.profession.hu/allas/tesztautomatizalo-mernok-raiffeisen-software-gmbh-magyarorszagi-budapest-2835557?sessionId=ed7061b1d89e7c95ce70868e0e3baa03,2026-03-04,2026-03-22,False,Budapest,450.000 Ft/year,"German: B1, English: A2",,"Powershell, Groovy","Postman, JMeter, Jenkins",Hybrid,Full-time,1-3 years
2830010,"MANUÁLIS TESZTELŐ, BANKOS PROJEKT (EO6)",Tech People Hungary Kft.,https://www.profession.hu/allas/manualis-tesztelo-bankos-projekt-eo-tech-people-hungary-kft-budapest-2830010?sessionId=ed7061b1d89e7c95ce70868e0e3baa03,2026-03-04,2026-03-14,False,Budapest,,English: B2,Bachelor,,"ISTQB, JIRA, AGILIS",Hybrid,Full-time,1-3 years
2828555,Gazdasági informatikus (Bábolna),IKR Agrár Kft.,https://www.profession.hu/allas/gazdasagi-informatikus-babolna-ikr-agrar-kft-babolna-2828555?sessionId=ed7061b1d89e7c95ce70868e0e3baa03,2026-03-04,2026-03-14,False,Bábolna,,,Bachelor,,"Excel (Power Query, pivot, complex functions), BI tools (Power BI), SQL, Database management",Hybrid,Full-time,1-3 years
2840386,LEAD FRONTEND DEVELOPER & TECHNICAL MENTOR (3861),HumanField Kft,https://www.profession.hu/allas/lead-frontend-developer-technical-mentor-humanfield-kft-2840386/pro?sessionId=ed7061b1d89e7c95ce70868e0e3baa03,2026-03-04,2026-03-25,True,Budapest,,,Középiskola,"React, TypeScript","Redux Toolkit, TanStack Table, TanStack Query, Azure AD, MSAL, Storybook, Playwright, CI/CD, Tailwind CSS, atomic design, Final Form, React Hook Form",Hybrid,Full-time,5+ years
2835062,IT Compliance Officer (IT/OT),Richter Gedeon Nyrt.,https://www.profession.hu/allas/it-compliance-officer-it-ot-richter-gedeon-nyrt-budapest-2835062?sessionId=ed7061b1d89e7c95ce70868e0e3baa03,2026-03-04,2026-03-22,False,Budapest,,English: B2,Bachelor,,,On-site,Full-time,3-5 years
2839726,IT Business Partner,Richter Gedeon Nyrt.,https://www.profession.hu/allas/it-business-partner-richter-gedeon-nyrt-2839726?sessionId=ed7061b1d89e7c95ce70868e0e3baa03,2026-03-04,2026-03-25,True,Budapest,,English: C2,Bachelor,,,On-site,Full-time,3-5 years
2835014,Test engineer,Pepperl+Fuchs Kft.,https://www.profession.hu/allas/test-engineer-pepperl-fuchs-kft-veszprem-2835014?sessionId=ed7061b1d89e7c95ce70868e0e3baa03,2026-03-04,2026-03-22,False,Veszprém,,"English: B2, Hungarian: Native",Bachelor,C/C#,MS Office,On-site,Full-time,3-5 years
2830682,IT Biztonságtechnikai menedzser,Tech People Hungary Kft.,https://www.profession.hu/allas/it-biztonsagtechnikai-menedzser-tech-people-hungary-kft-budapest-2830682?sessionId=ed7061b1d89e7c95ce70868e0e3baa03,2026-03-04,2026-03-16,False,Budapest,,"English: B2, Hungarian",Bachelor,,,On-site,Full-time,3-5 years
2839266,Senior Data Engineer,Tata Consultancy Services Limited,https://www.profession.hu/allas/senior-data-engineer-tata-consultancy-services-limited-budapest-2839266?sessionId=ed7061b1d89e7c95ce70868e0e3baa03,2026-03-04,2026-03-25,True,Budapest,,English: B2,High School with Diploma,,"GitHub Actions, JFrog, dbt, Airflow, AWS Glue",Hybrid,Full-time,5+ years
2830418,Senior Data Architect,MOL Nyrt.,https://www.profession.hu/allas/senior-data-architect-mol-nyrt-budapest-2830418?sessionId=ed7061b1d89e7c95ce70868e0e3baa03,2026-03-04,2026-03-16,False,Budapest,,English: C1,Bachelor,,"Advanced SQL, ETL knowledge (Informatica, Talend, SSIS, or similar tools), Data modeling techniques (dimensional, star schema, snowflake), Familiarity with Hadoop, Spark, Databricks, Knowledge of NoSQL systems (MongoDB, Cassandra), Scripting skills in Python and/or PowerShell, Experience with Power BI, Tableau, OBIEE or similar, Familiarity with AWS, Azure, or Google Cloud data services",Hybrid,Full-time,3-5 years
2831644,IT megfelelőségi gyakornok,Fürge Diák Iskolaszövetkezet,https://www.profession.hu/allas/it-megfelelosegi-gyakornok-furge-diak-iskolaszovetkezet-budapest-2831644?sessionId=ed7061b1d89e7c95ce70868e0e3baa03,2026-03-04,2026-03-18,False,Budapest,2175 Ft/óra,English: C1,Bachelor,,M365,Home-Office,Full-time,3-5 years
2830650,Medior PHP fejlesztő,Tech People Hungary Kft.,https://www.profession.hu/allas/medior-php-fejleszt-tech-people-hungary-kft-budapest-2830650?sessionId=ed7061b1d89e7c95ce70868e0e3baa03,2026-03-04,2026-03-16,False,Budapest,,English: B2,Bachelor,"PHP, JavaScript, HTML, CSS, XML, Shell script, SQL, MySQL/MariaDB","CodeIgniter, Symfony, Zend, jQuery, Composer, Git, gitlab, Docker, Ubuntu Linux, Continuous Integration, Coding Standards, Clean code, unit testing, TDD, Version control tools",Home-Office,Full-time,1-3 years
2830557,QA Szakmai Vezető,Euroleasing Zrt.,https://www.profession.hu/allas/qa-szakmai-vezeto-euroleasing-zrt-budapest-2830557?sessionId=ed7061b1d89e7c95ce70868e0e3baa03,2026-03-04,2026-03-16,False,Budapest,,,Középiskola,,"Cypress, Playwright, Selenium",Teljes munkaidő,Full-time,5-10 év tapasztalat
2827526,"Full-Stack fejlesztő medior/senior (Angular, Java)",Raiffeisen Software GmbH Magyarországi,https://www.profession.hu/allas/full-stack-fejleszto-medior-senior-angular-java-raiffeisen-software-gmbh-magyarorszagi-budapest-2827526?sessionId=ed7061b1d89e7c95ce70868e0e3baa03,2026-03-04,2026-03-13,False,Budapest,,"German: B2, English: B1",High School with Diploma,"Java 11+, Angular, Spring Boot, Hybernate SQL, HTML5, CSS3, JavaScript/TypeScript","QueryDSL, Atlassian tools (Jenkins), REST, Maven, OpenApi/Swagger, SonarQube / SonarLint, Git, Quarkus",Hybrid,Full-time,3-5 years
2839718,Rendszerszervező,MagNet Bank Zrt.,https://www.profession.hu/allas/rendszerszervezo-magnet-bank-zrt-2839718?sessionId=ed7061b1d89e7c95ce70868e0e3baa03,2026-03-04,2026-03-25,True,Budapest,,,Bachelor,,"SQL, UML",Home-office,Full-time,1-3 years
2835405,IT Rendszerszervező,EOS Faktor Zrt.,https://www.profession.hu/allas/it-rendszerszervezo-eos-faktor-zrt-budapest-2835405?sessionId=ed7061b1d89e7c95ce70868e0e3baa03,2026-03-04,2026-03-04,False,Budapest,,English: B2,Bachelor,"Java, SQL, Node.js, JavaScript","UML, BPMN","Hybrid, On-site with home office",Full-time,1-3 years
2835366,Business Technology Consultant,Nufarm Hungária Kft.,https://www.profession.hu/allas/business-technology-consultant-nufarm-hungaria-kft-budapest-2835366?sessionId=ed7061b1d89e7c95ce70868e0e3baa03,2026-03-04,2026-03-22,False,Budapest,,English: B2,Bachelor,,,On-site,Full-time,5+ years
2835307,Rendszerszervező,HC LINEAR Kft,https://www.profession.hu/allas/rendszerszervezo-hc-linear-kft-pecs-2835307?sessionId=ed7061b1d89e7c95ce70868e0e3baa03,2026-03-04,2026-03-22,False,Pécs,,,Főiskola,"Qt/QML, Java, C++","UML, AGILIS, MySQL, PostgreSQL",On-site,Full-time,5-10 év tapasztalat
2835001,Medior IT projektmenedzser,MVM Informatika Zrt.,https://www.profession.hu/allas/medior-it-projektmenedzser-mvm-informatika-zrt-paks-2835001?sessionId=ed7061b1d89e7c95ce70868e0e3baa03,2026-03-04,2026-03-18,False,"Paks, Budapest, Szeged",,English: B2,Főiskola,,"Microsoft Office, Visio, Azure DevOps, MS Project, ServiceNow, Linux, Windows, SAP, CRM, BI, Agile, PMP",Teljes munkaidő,Full-time,1-3 év tapasztalat
2831636,Szoftverfejlesztő gyakornok,Fürge Diák Iskolaszövetkezet,https://www.profession.hu/allas/szoftverfejleszto-gyakornok-furge-diak-iskolaszovetkezet-budapest-2831636?sessionId=ed7061b1d89e7c95ce70868e0e3baa03,2026-03-04,2026-03-18,False,Budapest,2175 Ft/óra bruttó,English: B1,Középiskola,"Any Microsoft supported programming language, SQL, Azure, BI, PowerShell, Power BI, Confluence",,Home-Office,Full-time,0-1 years
2831339,SAP key user,BHS Trans Kft.,https://www.profession.hu/allas/sap-key-user-bhs-trans-kft-dunakeszi-2831339?sessionId=ed7061b1d89e7c95ce70868e0e3baa03,2026-03-04,2026-03-16,False,Dunakeszi,,English: B1,Bachelor,,"SAP BI, POWER BI, UAT",On-site,Full-time,1-3 years
2830603,Scrum Master (NK),Tech People Hungary Kft.,https://www.profession.hu/allas/scrum-master-nk-tech-people-hungary-kft-budapest-2830603?sessionId=ed7061b1d89e7c95ce70868e0e3baa03,2026-03-04,2026-03-16,False,Budapest,,English: B2,Bachelor,,"Agile, Scrum, Kanban, SCRUM ScrumBan, Lean, SAFe®",Hybrid,Full-time,3-5 years
2824737,"Microsoft Dynamics Navision, Business Central szakmai tanácsadó",LC Expert Kft,https://www.profession.hu/allas/microsoft-dynamics-navision-business-central-szakmai-tanacsado-lc-expert-kft-budapest-2824737/pro?sessionId=ed7061b1d89e7c95ce70868e0e3baa03,2026-03-04,2026-03-09,False,Budapest,,English: B2,Bachelor,,"Microsoft Dynamics BC, MS Dynamics NAVISION, MS Dynamics Business Central",Hybrid,Full-time,3-5 years
2840374,Incidensmenedzser,Profession Services,https://www.profession.hu/allas/incidensmenedzser-profession-services-budapest-2840374/pro?sessionId=ed7061b1d89e7c95ce70868e0e3baa03,2026-03-04,2026-03-25,True,Budapest,,English: B1,Bachelor,,"ITIL, CHANGE MANAGEMENT, SERVICE MANAGEMENT",Hybrid,Full-time,3-5 years
2839475,Szervizmérnök / szerviztechnikus,EURO ONE Számítástechnikai Zrt,https://www.profession.hu/allas/szervizmernok-szerviztechnikus-euro-one-szamitastechnikai-zrt-budapest-2839475?sessionId=ed7061b1d89e7c95ce70868e0e3baa03,2026-03-04,2026-03-25,True,Budapest,,English: A2,Bachelor,,,On-site,Full-time,1-3 years
2833395,Project manager,Cofidis Magyarországi Fióktelepe,https://www.profession.hu/allas/project-manager-cofidis-magyarorszagi-fioktelepe-budapest-2833395?sessionId=ed7061b1d89e7c95ce70868e0e3baa03,2026-03-04,2026-03-22,False,Budapest,,English: C2,Bachelor,,,Hybrid,Full-time,3-5 years
2830484,System Owner ServiceNow,Dr. Oetker Kft.,https://www.profession.hu/allas/system-owner-servicenow-dr-oetker-kft-budapest-2830484?sessionId=ed7061b1d89e7c95ce70868e0e3baa03,2026-03-04,2026-03-16,False,Budapest,,English: C2,Bachelor,,"ServiceNow, Flow Designer, IntegrationHub, JavaScript, ACLs",Remote,Full-time,3-5 years
2835493,Cross-functional Team Lead,TRENDENCY ONLINE Zrt.,https://www.profession.hu/allas/cross-functional-team-lead-trendency-online-zrt-budapest-2835493?sessionId=ed7061b1d89e7c95ce70868e0e3baa03,2026-03-04,2026-03-22,False,Budapest,,English: B2,Középiskola,,"Jira, Confluence, Udemy",Hibrid,Full-time,3-5 years
2830906,IT Trainee,Hydro Extrusion Hungary Kft.,https://www.profession.hu/allas/it-trainee-hydro-extrusion-hungary-kft-szekesfehervar-2830906?sessionId=ed7061b1d89e7c95ce70868e0e3baa03,2026-03-04,2026-03-16,False,Székesfehérvár,,English: C2,Bachelor,,,Hybrid,Full-time,1-3 years
2828088,Scada mérnök,GNX Engineering Kft.,https://www.profession.hu/allas/scada-mernok-gnx-engineering-kft-budapest-2828088/pro?sessionId=ed7061b1d89e7c95ce70868e0e3baa03,2026-03-04,2026-03-13,False,Budapest,,English: B1,Bachelor,"Python, Schneider Electric Modicon PLC, Siemens PLC","SCADA, VPN",On-site,Full-time,1-3 years
2827629,"Tesztelési, támogatási és minőségbiztosítási munkatárs",Magyar Közút Nonprofit Zrt. - Útdíj Üzletág,https://www.profession.hu/allas/tesztelesi-tamogatasi-es-minosegbiztositasi-munkatars-magyar-kozut-nonprofit-zrt-utdij-uzletag-budapest-2827629/pro?sessionId=ed7061b1d89e7c95ce70868e0e3baa03,2026-03-04,2026-03-14,False,Budapest,,,Középiskola,,MS Office,On-site,Full-time,1-3 years
2815821,IT Integration Support Engineer,MEEST INTERNATIONAL sp. z o.o.,https://www.profession.hu/allas/it-integration-support-engineer-meest-international-sp-z-o-o-budapest-2815821?sessionId=ed7061b1d89e7c95ce70868e0e3baa03,2026-03-04,2026-03-14,False,Budapest,,"English: B2, Magyar anyanyelvi szint 1-3 év",Középiskola,,"API, SERVICENOW, REST, JIRA, CONFLUENCE, Desktop PC",Hybrid,Full-time,1-3 years
2840759,Senior IT Projektmenedzser,IdomSoft Zrt.,https://www.profession.hu/allas/senior-it-projektmenedzser-idomsoft-zrt-budapest-2840759/pro?sessionId=ed7061b1d89e7c95ce70868e0e3baa03,2026-03-04,2026-03-10,False,Budapest,,English: C2,Bachelor,,,Hybrid,Full-time,5+ years
2839457,EV Data and Reporting Analyst,BP Finance Business & Technology,https://www.profession.hu/allas/ev-data-and-reporting-analyst-bp-finance-business-technology-budapest-2839457?sessionId=ed7061b1d89e7c95ce70868e0e3baa03,2026-03-04,2026-03-25,True,Budapest,,English: C2,Bachelor,"Power BI, DAX, SQL, Power Query M, Python","Power BI, DAX, SQL, Power Query M",Hybrid,Full-time,1-3 years
2830448,IT Professional Consulting SAP EWM,Dr. Oetker Kft.,https://www.profession.hu/allas/it-professional-consulting-sap-ewm-dr-oetker-kft-budapest-2830448?sessionId=ed7061b1d89e7c95ce70868e0e3baa03,2026-03-04,2026-03-16,False,,,English: C2,Bachelor,"ABAP, ABAP OO","SAP S/4HANA EWM, SAP WM, SAP S/4HANA Stock Room Management, SAP Material Flow Control (SAP S/4HANA MFS), Mobisys Solution Builder (MSB)",Remote,Full-time,5+ years
2839253,Intermediate DevOps Engineer,Tata Consultancy Services Limited,https://www.profession.hu/allas/intermediate-devops-engineer-tata-consultancy-services-limited-budapest-2839253?sessionId=ed7061b1d89e7c95ce70868e0e3baa03,2026-03-04,2026-03-25,True,Budapest,,English: B1,Secondary School with Diploma,,"DevOPS, AWS, BASH, LINUX, DOCKER, JENKINS, GIT",Hybrid,Full-time,3-5 years
2835490,Automata Szoftvertesztelő,TRENDENCY ONLINE Zrt.,https://www.profession.hu/allas/automata-szoftvertesztelo-trendency-online-zrt-budapest-2835490?sessionId=ed7061b1d89e7c95ce70868e0e3baa03,2026-03-04,2026-03-22,False,Budapest,,English: B2,Középiskola,,"Playwright, Cypress",Hibrid,Full-time,3-5 years
2830641,Dynamics 365 sales és customer insights szakértő (NO),Tech People Hungary Kft.,https://www.profession.hu/allas/dynamics-sales-es-customer-insights-szakerto-no-tech-people-hungary-kft-budapest-2830641?sessionId=ed7061b1d89e7c95ce70868e0e3baa03,2026-03-04,2026-03-16,False,Budapest,,English: B2,Bachelor,,"Microsoft Dynamics 365, Microsoft Azure",Hybrid,Full-time,5+ years
2834368,C#/ASP.Net programozó,DLM Solutions Kft.,https://www.profession.hu/allas/c-asp-net-programozo-dlm-solutions-kft-szolnok-2834368?sessionId=ed7061b1d89e7c95ce70868e0e3baa03,2026-03-04,2026-03-22,False,Szolnok,,English: A2,Bachelor,C#,"SQL, Git",On-site,Full-time,Pályakezdő/friss diplomás
2839512,Adatbázis szakértő/DB expert,REMEDIOS Zrt.,https://www.profession.hu/allas/adatbazis-szakerto-db-expert-remedios-zrt-budapest-2839512?sessionId=ed7061b1d89e7c95ce70868e0e3baa03,2026-03-04,2026-03-25,True,Budapest,,English: B2,Bachelor,,"ORACLE SQL, POSTGRESQL, MONGODB, LINUX, UNIX, ADATTÁRHÁZ, AZURE, AWS, DOCKER, ANSIBLE",Hybrid,Full-time,3-5 years
2839247,Junior Üzleti Folyamat Automatizálási Tanácsadó,,https://www.profession.hu/allas/junior-uzleti-folyamat-automatizalasi-tanacsado-2839247?sessionId=ed7061b1d89e7c95ce70868e0e3baa03,2026-03-04,2026-03-25,True,Budapest,,"English: C1, Hungarian: Native",Bachelor,"VBA, SQL, MySQL, PowerShell, .NET, Python, Java, C#, JavaScript, HTML/CSS, React, Angular, Vue.js, Node.js, Docker, Kubernetes","Microsoft Excel, Microsoft Office (Word, PowerPoint, Outlook), Blue Prism, UiPath, Microsoft Power Automate, Microsoft Power Apps",Hybrid,Full-time,0-1 years
2835483,Ios fejlesztő,Smart Solutions Consultancy Kft.,https://www.profession.hu/allas/ios-fejleszto-smart-solutions-consultancy-kft-budapest-2835483?sessionId=ed7061b1d89e7c95ce70868e0e3baa03,2026-03-04,2026-03-22,False,Budapest,,English: A2,Bachelor,"Swift, RxSwift, Combine, MVVM, MVP, MVC","Git, Jira, CocoaPods, Swift Package Manager, SwiftyMocky",Hybrid,Full-time,3-5 years
2835107,Senior SAP BTP Specialist,Richter Gedeon Nyrt.,https://www.profession.hu/allas/senior-sap-btp-specialist-richter-gedeon-nyrt-budapest-2835107?sessionId=ed7061b1d89e7c95ce70868e0e3baa03,2026-03-04,2026-03-22,False,Budapest,,English: B2,Bachelor,,SAP Business Technology Platform (BTP),On-site,Full-time,3-5 years
2830588,Senior Szoftver Architekt - AI Projekthez (NE),Tech People Hungary Kft.,https://www.profession.hu/allas/senior-szoftver-architekt-ai-projekthez-ne-tech-people-hungary-kft-budapest-2830588?sessionId=ed7061b1d89e7c95ce70868e0e3baa03,2026-03-04,2026-03-16,False,Budapest,,English: B2,Bachelor,".NET, SQL, NoSQL (PostgreSQL, MongoDB), Docker, Kubernetes","SonarQube, Jenkins, Git, MLflow, Kubeflow, DVC",Hybrid,Full-time,3-5 years
2830520,JAVA és PHP full stack fejlesztő,Euroleasing Zrt.,https://www.profession.hu/allas/java-es-php-full-stack-fejleszto-euroleasing-zrt-budapest-2830520?sessionId=ed7061b1d89e7c95ce70868e0e3baa03,2026-03-04,2026-03-16,False,Budapest,,English: B2,Bachelor,"Java, PHP","GitHub, GitLab, Docker, Kubernetes, Oracle adatbázisok, MSSQL adatbázisok, Microsoft Azure",Full-time,Short-term,5+ years
2830034,TEST AUTOMATION ENGINEER - PROJECT (ED4),Tech People Hungary Kft.,https://www.profession.hu/allas/test-automation-engineer-project-ed-tech-people-hungary-kft-2830034?sessionId=ed7061b1d89e7c95ce70868e0e3baa03,2026-03-04,2026-03-14,False,Vienna,,"English: B2, German: B2",Bachelor,"Java, HTML","REST Assured, Jira, Confluence, TestNG, Selenium, Appium, JMeter, Jenkins",Hybrid,Full-time,"1-3 years, 5+ years"
2827615,Alkalmazás fejlesztési munkatárs,Magyar Közút Nonprofit Zrt. - Útdíj Üzletág,https://www.profession.hu/allas/alkalmazas-fejlesztesi-munkatars-magyar-kozut-nonprofit-zrt-utdij-uzletag-budapest-2827615/pro?sessionId=ed7061b1d89e7c95ce70868e0e3baa03,2026-03-04,2026-03-14,False,Budapest,,English: B1,Bachelor,"Java, Node.js, JavaScript, Python, SQL, NoSQL, Linux","J2EE, JPA, Hibernate, Maven, Vaadin, Spring, Camunda, BPMN2.0, Event-driven architecture, Message queue, WebSocket, Git, Gitflow",On-site,Full-time,3-5 years
2835105,BI Engineer,Richter Gedeon Nyrt.,https://www.profession.hu/allas/bi-engineer-richter-gedeon-nyrt-budapest-2835105?sessionId=ed7061b1d89e7c95ce70868e0e3baa03,2026-03-04,2026-03-22,False,Budapest,,English: B2,Bachelor,"MSSQL, TSQL, Microsoft Analysis Services (OLAP), Power BI","Oracle, Cloudera DataLake technológiák (CDP, CDF), Azure DataLake, DataFactory, Databricks, SAS Guide",On-site,Full-time,5-10 years
2835069,Junior IT Auditor,,https://www.profession.hu/allas/junior-it-auditor-2835069?sessionId=ed7061b1d89e7c95ce70868e0e3baa03,2026-03-04,2026-03-22,False,Budapest,,"English: B2, Hungarian: Native",Bachelor,,"Microsoft Office, ISO",Hybrid,Full-time,Pályakezdő/friss diplomás
2833255,Global Data Service Lead,PROVIDENT PÉNZÜGYI ZRT.,https://www.profession.hu/allas/global-data-service-lead-provident-penzugyi-zrt-budapest-2833255?sessionId=ed7061b1d89e7c95ce70868e0e3baa03,2026-03-04,2026-03-22,False,Budapest,,English: B2,Bachelor,,"AWS, Snowflake, Power BI",Home-Office,Full-time,1-3 years
2835379,Szenior projektvezető,LAUREL Kft.,https://www.profession.hu/allas/szenior-projektvezeto-laurel-kft-szekesfehervar-2835379?sessionId=ed7061b1d89e7c95ce70868e0e3baa03,2026-03-04,2026-03-22,False,Székesfehérvár,,Angol középfok,Főiskola,,"Microsoft Office, JIRA",On-site,Full-time,3-5 years
2833474,Software Product Manager,4FLOW,https://www.profession.hu/allas/software-product-manager-flow-budapest-2833474?sessionId=ed7061b1d89e7c95ce70868e0e3baa03,2026-03-04,2026-03-22,False,Budapest,,English: B2,Bachelor,,,On-site with home office,Full-time,1-3 years
2833128,Software Developer – System Integration & Content Processing,Wolters Kluwer Hungary Kft.,https://www.profession.hu/allas/software-developer-system-integration-content-processing-wolters-kluwer-hungary-kft-budapest-2833128?sessionId=ed7061b1d89e7c95ce70868e0e3baa03,2026-03-04,2026-03-25,True,Budapest,,English: B2,Bachelor,"C++, Java, C#","Jira, Confluence, GIT",Hybrid,"Full-time, permanent employment",1-3 years
2840180,"Senior .NET, C# Fejlesztő",Nova HR,https://www.profession.hu/allas/senior-net-c-fejleszto-nova-hr-2840180?sessionId=ed7061b1d89e7c95ce70868e0e3baa03,2026-03-04,2026-03-25,True,,,English: B2,Bachelor,"C#, .NET, SQL, Azure, PostgreSQL, MySQL, ASP.NET, DevOps",,Remote-first,Full-time,5+ years
2839610,IT koordinátor,MAPEI KFT.,https://www.profession.hu/allas/it-koordinator-mapei-kft-budaors-2839610?sessionId=ed7061b1d89e7c95ce70868e0e3baa03,2026-03-04,2026-03-25,True,Budaörs,,English: B2,Bachelor,,,On-site,Full-time,3-5 years
2839502,"Robot programozó (ABB - Áprilisi kezdés, kiemelt bér)",A.W.F. Kft.,https://www.profession.hu/allas/robot-programozo-abb-aprilisi-kezdes-kiemelt-ber-a-w-f-kft-sarvar-2839502?sessionId=ed7061b1d89e7c95ce70868e0e3baa03,2026-03-04,2026-03-25,True,Sárvár,,"English: B2, German: B2",Bachelor,RAPID,"ABB, KUKA, Fanuc, Yaskawa robotok programozásában",On-site,Full-time,1-3 years
2842692,Projektmenedzser,HajduSol Kft,https://www.profession.hu/allas/projektmenedzser-hajdusol-kft-2842692?sessionId=ed7061b1d89e7c95ce70868e0e3baa03,2026-03-04,2026-03-25,True,Hajdú-Bihar megye,,,Középiskola 'B' kat. jogosítvány,,"CRM rendszer, CAD program",Teljes munkaidő,Teljes munkaidő,3-5 év tapasztalat
2841119,Ellenőrzési szakértő (Site Control Expert),MOHU MOL Hulladékgazdálkodási Zrt.,https://www.profession.hu/allas/ellenorzesi-szakerto-site-control-expert-mohu-mol-hulladekgazdalkodasi-zrt-budapest-2841119?sessionId=ed7061b1d89e7c95ce70868e0e3baa03,2026-03-04,2026-03-11,False,Budapest,,English: B1,Bachelor,,"MS Office (Excel, PPT, Word), Database management",On-site with home office,Full-time,1-3 years
2842908,AI Solution Architect,KPMG Tanácsadó Kft.,https://www.profession.hu/allas/ai-solution-architect-kpmg-tanacsado-kft-2842908?sessionId=ed7061b1d89e7c95ce70868e0e3baa03,2026-03-04,2026-03-25,True,Budapest,,"English: C2, Magyar: Magyar nyelv ismerete","Főiskola, Master",,Laptop,Hybrid,Full-time,5-10 years
2842907,SAP FI Advisor,KPMG Tanácsadó Kft.,https://www.profession.hu/allas/sap-fi-advisor-kpmg-tanacsado-kft-budapest-2842907?sessionId=ed7061b1d89e7c95ce70868e0e3baa03,2026-03-04,2026-03-25,True,Budapest,,"English: B2, Hungarian: C1",Bachelor,,"SAP CLOUD, Laptop",Hybrid,Full-time,1-3 years
2842885,Testing Engineer,Huawei Technologies Hungary Kft.,https://www.profession.hu/allas/testing-engineer-huawei-technologies-hungary-kft-komarom-2842885?sessionId=ed7061b1d89e7c95ce70868e0e3baa03,2026-03-04,2026-03-25,True,Komárom,,English: C2,Bachelor,,,On-site,Full-time,1-3 years
2842285,IT biztonsági tanácsadó,SECURITY.HU KFT.,https://www.profession.hu/allas/it-biztonsagi-tanacsado-security-hu-kft-budapest-2842285?sessionId=ed7061b1d89e7c95ce70868e0e3baa03,2026-03-04,2026-03-25,True,Budapest,,English: A2,Bachelor,,"Laptop, Mobiltelefon",Hybrid,Full-time,3-5 years
2842868,E-Sport Streamer_Prof - Diákmunka,Pannon-Work Zrt.,https://www.profession.hu/allas/e-sport-streamer-prof-diakmunka-pannon-work-zrt-kaposvar-2842868?sessionId=ed7061b1d89e7c95ce70868e0e3baa03,2026-03-04,2026-03-25,True,Kaposvár,,English: C2,High School with Diploma,,,On-site,Full-time,Pályakezdő/friss diplomás
2842632,Senior Software Test Engineer – Industrial Automation,evosoft Hungary Kft,https://www.profession.hu/allas/senior-software-test-engineer-industrial-automation-evosoft-hungary-kft-budapest-2842632?sessionId=ed7061b1d89e7c95ce70868e0e3baa03,2026-03-04,2026-03-25,True,Budapest,,"English: B2, German: Intermediate",Bachelor,"C#, Python","TIA Portal, SIMATIC S7-1200 / 1500 ecosystems, Jenkins, Wireshark",Hybrid,Full-time,3-5 years
2828547,Angular frontend fejlesztő,UNIX AUTÓ KFT.,https://www.profession.hu/allas/angular-frontend-fejleszto-unix-auto-kft-budapest-2828547?sessionId=ed7061b1d89e7c95ce70868e0e3baa03,2026-03-04,2026-03-14,False,Budapest,"1,000,000 - 1,400,000 Ft/hónap",,Középiskola,"JavaScript (ES6+), TypeScript, Angular 11+, RxJS, NgRx","Git, Visual Studio Code",On-site,Full-time,3-5 years
2842737,Rendszerszervező (Banki terület),Nova HR,https://www.profession.hu/allas/rendszerszervezo-banki-terulet-nova-hr-budapest-2842737?sessionId=ed7061b1d89e7c95ce70868e0e3baa03,2026-03-04,2026-03-25,True,Budapest,,English: B1,Bachelor,,"AGILIS, UML, SQL, BPMN, UAT, API, WEBSERVICE, REST",Hybrid,Full-time,3-5 years
2842718,Data Bricks Expert / Azure Data Engineering Expert,Rathgeber Magyarország Kft.,https://www.profession.hu/allas/data-bricks-expert-azure-data-engineering-expert-rathgeber-magyarorszag-kft-szekesfehervar-2842718?sessionId=ed7061b1d89e7c95ce70868e0e3baa03,2026-03-04,2026-03-25,True,Székesfehérvár,,"English: C1, German: B2",Bachelor,"Python, SQL, Power BI","Databricks Platform, Apache Spark, Delta Lake, Star-Scheme, Snowflake-Scheme, Unity Catalog, Apache Nifi, SAP",On-site,Full-time,3-5 years
2842659,Senior Integrációs Specialista (Java),BECK AND PARTNERS Kft.,https://www.profession.hu/allas/senior-integracios-specialista-java-beck-and-partners-kft-pecs-2842659?sessionId=ed7061b1d89e7c95ce70868e0e3baa03,2026-03-04,2026-03-25,True,Pécs,,English: B2,Középiskola,"Java, Spring Boot, Spring Security","SQL (Oracle, PostgreSQL), Kubernetes, Git, CI/CD",Hybrid,Full-time,5+ years
2842636,IT Assistant Manager (Security & Infrastructure),Mobis Hungary Kft.,https://www.profession.hu/allas/it-assistant-manager-security-infrastructure-mobis-hungary-kft-kecskemet-2842636?sessionId=ed7061b1d89e7c95ce70868e0e3baa03,2026-03-04,2026-03-25,True,Kecskemét,,English: B2,High School with Diploma,,"PC, Barcode reader, Printer, Server",On-site,Full-time,1-3 years
2842424,MES fejlesztő,Knorr-Bremse,https://www.profession.hu/allas/mes-fejleszto-knorr-bremse-budapest-2842424?sessionId=ed7061b1d89e7c95ce70868e0e3baa03,2026-03-04,2026-03-25,True,Budapest,,,High School with Diploma,JavaScript,"ERP, API, Tulip platform, REST, MES, PLM",Full-time,Full-time,1-3 years
2826153,IT business analyst,GriffSoft Zrt.,https://www.profession.hu/allas/it-business-analyst-griffsoft-zrt-budapest-2826153?sessionId=ed7061b1d89e7c95ce70868e0e3baa03,2026-03-04,2026-03-11,False,Budapest,,,Főiskola,"C#, Transact -SQL","AGILIS, SQL, UML, AZURE, SCRUM, DEVOPS, GIT, C BPMN, FIGMA, UI/UX design",Rugalmas munkaidő,Teljes munkaidő,3-5 év tapasztalat
2842308,Omnichannel Payment Specialist,Decathlon,https://www.profession.hu/allas/omnichannel-payment-specialist-decathlon-budaors-2842308/pro?sessionId=ed7061b1d89e7c95ce70868e0e3baa03,2026-03-04,2026-03-25,True,Budaörs,,"English: B2, Hungarian: Fluent",Bachelor,,,Hybrid,Full-time,3-5 years
2842298,IT Delivery Lead,Alfa Vienna Insurance Group Biztosító Zrt.,https://www.profession.hu/allas/it-delivery-lead-alfa-vienna-insurance-group-biztosito-zrt-budapest-2842298?sessionId=ed7061b1d89e7c95ce70868e0e3baa03,2026-03-04,2026-03-25,True,Budapest,,"English: B2, Hungarian: C1",Bachelor,,"AGILIS, JIRA, CONFLUENCE",Hybrid,Full-time,3-5 years
2841547,PLC programozó,VT ASYST Kft.,https://www.profession.hu/allas/plc-programozo-vt-asyst-kft-szekesfehervar-2841547?sessionId=ed7061b1d89e7c95ce70868e0e3baa03,2026-03-04,2026-03-25,True,Székesfehérvár,,,Bachelor,,"ROBOT, PLC, SCADA, HMI, SIEMENS PLC",Full-time,Full-time,1-3 years
2825752,JAVA Fejlesztő (Banki területre),Nova HR,https://www.profession.hu/allas/java-fejleszto-banki-teruletre-nova-hr-budapest-2825752?sessionId=ed7061b1d89e7c95ce70868e0e3baa03,2026-03-04,2026-03-08,False,Budapest,,English: B2,Bachelor,"JAVA, AGILIS, JAVASCRIPT","JIRA, CONFLUENCE, BITBUCKET, JENKINS",Hybrid,Full-time,3-5 years
2824819,ERP belső tanácsadó,Magyar Vagon Business Solutions Kft.,https://www.profession.hu/allas/erp-belso-tanacsado-magyar-vagon-business-solutions-kft-budapest-2824819?sessionId=ed7061b1d89e7c95ce70868e0e3baa03,2026-03-04,2026-03-09,False,Budapest,,,Bachelor,,"ERP, UAT, SQL, BI, EXCEL, POWER BI",Hybrid,Full-time,3-5 years
2830050,Adatelemző szakértő (Budapest),E.ON Észak-dunántúli Áramhálózati Zrt.,https://www.profession.hu/allas/adatelemzo-szakerto-budapest-e-on-eszak-dunantuli-aramhalozati-zrt-2830050?sessionId=ed7061b1d89e7c95ce70868e0e3baa03,2026-03-04,2026-03-08,False,Budapest,,,Bachelor,Python,"SQL, Machine Learning, ADATTÁRHÁZ, AZURE",On-site,Full-time,1-3 years
2825750,"Medior JAVA Fejlesztő (Spring Boot, Microservices)",Nova HR,https://www.profession.hu/allas/medior-java-fejleszto-spring-boot-microservices-nova-hr-budapest-2825750?sessionId=ed7061b1d89e7c95ce70868e0e3baa03,2026-03-04,2026-03-08,False,Budapest,,English: B2,Középiskola,"Java, Spring Boot","SQL, Maven, REST, JSON, GIT, Docker / Podman, Oracle, SonarQube, Redis, Kubernetes, CD/CI, Swagger/OpenAPI, MQ, Kafka",Hibrid,Full-time,3-5 years
2830049,Offline Programming Engineer (m/f/d),Rheinmetall,https://www.profession.hu/allas/offline-programming-engineer-m-f-d-rheinmetall-zalaegerszeg-2830049?sessionId=ed7061b1d89e7c95ce70868e0e3baa03,2026-03-04,2026-03-14,False,Zalaegerszeg,,"English: C1, Hungarian: Native",Bachelor,,"Process Simulate, RoboDK, Delmia, RobotStudio, KUKA.Sim",On-site,Full-time,3-5 years
2825377,Business Analyst,Keskeny és Társai 2001 Kft.,https://www.profession.hu/allas/business-analyst-keskeny-es-tarsai-kft-budapest-2825377?sessionId=ed7061b1d89e7c95ce70868e0e3baa03,2026-03-04,2026-03-08,False,Budapest,,English: B2,Bachelor,"SQL, MSSQL, POWER BI","Laptop, Workstation, Monitor (1 db), Monitor (2 db), Mobiltelefon",,Full-time,1-3 years
2830047,"Product Owner (banki, befektetési területre)",Nova HR,https://www.profession.hu/allas/product-owner-banki-befektetesi-teruletre-nova-hr-budapest-2830047?sessionId=ed7061b1d89e7c95ce70868e0e3baa03,2026-03-04,2026-03-14,False,Budapest,,English: B2,Bachelor,,AGILIS SCRUM,Hybrid,Full-time,3-5 years
2825212,WordPress Developer,Indotek Group,https://www.profession.hu/allas/wordpress-developer-indotek-group-2825212?sessionId=ed7061b1d89e7c95ce70868e0e3baa03,2026-03-04,2026-03-08,False,Budapest,,,Főiskola,"PHP, HTML5, CSS3, JS","WordPress, Frontend, Backend, Git, Divi, Elementor, AI tools",Hybrid,Full-time,5-10 years
2825211,Senior Python Developer,Indotek Group,https://www.profession.hu/allas/senior-python-developer-indotek-group-2825211?sessionId=ed7061b1d89e7c95ce70868e0e3baa03,2026-03-04,2026-03-08,False,Budapest,,,Főiskola,Python,"DOCKER, PYTHON, BACKEND, POSTGRESQL, API, NOSQL, SQL, REST",Hybrid,Full-time,5+ years
2829649,IT Rendszerszervező,Alfa Vienna Insurance Group Biztosító Zrt.,https://www.profession.hu/allas/it-rendszerszervezo-alfa-vienna-insurance-group-biztosito-zrt-budapest-2829649?sessionId=ed7061b1d89e7c95ce70868e0e3baa03,2026-03-04,2026-03-14,False,Budapest,,"English: B1, Hungarian: C1",Bachelor,,"Confluence, Jira, GitLab",Hybrid,Full-time,3-5 years
2829708,"Adatelemző szakember(1089 Budapest, Orczy út 44-46.)",BÁRDI AUTÓ ZRT.,https://www.profession.hu/allas/adatelemzo-szakember-budapest-orczy-ut-bardi-auto-zrt-budapest-2829708?sessionId=ed7061b1d89e7c95ce70868e0e3baa03,2026-03-04,2026-03-14,False,Budapest,,English: A1,Főiskola,"SQL, Python, C#",,Home-Office,Full-time,1-3 years
2829707,IT Rendszerszervező (Pénzügyi fókusz),Alfa Vienna Insurance Group Biztosító Zrt.,https://www.profession.hu/allas/it-rendszerszervezo-penzugyi-fokusz-alfa-vienna-insurance-group-biztosito-zrt-budapest-2829707?sessionId=ed7061b1d89e7c95ce70868e0e3baa03,2026-03-04,2026-03-14,False,Budapest,,"English: B2, Hungarian: C1",Bachelor,,"Oracle, UML, DevOps, Agile, Confluence, Jira, Tempo",Hybrid,Full-time,3-5 years
2829706,"Szoftverfejlesztő(1089 Budapest, Orczy út 44-46.)",BÁRDI AUTÓ ZRT.,https://www.profession.hu/allas/szoftverfejleszto-budapest-orczy-ut-bardi-auto-zrt-budapest-2829706?sessionId=ed7061b1d89e7c95ce70868e0e3baa03,2026-03-04,2026-03-14,False,Budapest,,English: B2,Bachelor,"Go, C / C++, Java","MySQL/MariaDB, OPC UA Ladder",Home-Office,Full-time,3-5 years
2829705,Webfejlesztő(Budapest),BÁRDI AUTÓ ZRT.,https://www.profession.hu/allas/webfejleszto-budapest-bardi-auto-zrt-budapest-2829705?sessionId=ed7061b1d89e7c95ce70868e0e3baa03,2026-03-04,2026-03-14,False,Budapest,,English: B2,Középiskola,"PHP, SQL, HTML, JavaScript, CSS, Laravel","Google Analytics, SEO",Home-Office,Full-time,3-5 years
2825753,Senior Automata Szoftvertesztelő,Nova HR,https://www.profession.hu/allas/senior-automata-szoftvertesztelo-nova-hr-budapest-2825753?sessionId=ed7061b1d89e7c95ce70868e0e3baa03,2026-03-04,2026-03-08,False,Haller Gardens - Budapest,,English: B2,Bachelor,"Java, Selenium, JMeter",Agilis,Hybrid,Full-time,3-5 years
2838676,IT Üzleti elemző (Retail fókusz),Auchan Retail Magyarország,https://www.profession.hu/allas/it-uzleti-elemzo-retail-fokusz-auchan-retail-magyarorszag-budaors-2838676?sessionId=ed7061b1d89e7c95ce70868e0e3baa03,2026-03-04,2026-03-25,True,Budaörs,,English: B2,Bachelor,,"Jira, UML, SQL, Confluence",Hybrid,Full-time,3-5 years
2834408,Frontend/Configurator developer,ShiwaForce.com Zrt,https://www.profession.hu/allas/frontend-configurator-developer-shiwaforce-com-zrt-budapest-2834408?sessionId=ed7061b1d89e7c95ce70868e0e3baa03,2026-03-04,2026-03-20,False,Budapest,,English: B2,Bachelor,"Angular, React, Vue","Jira, Jenkins, Confluence, Zendesk, JavaScript, Java, Groovy, SVN, GitHub, ARO BPMN",Full-time,Full-time,3-5 years
2834349,Adatbázis üzemeltető rendszermérnök,Pillér Nonprofit Kft,https://www.profession.hu/allas/adatbazis-uzemelteto-rendszermernok-piller-nonprofit-kft-budapest-2834349?sessionId=ed7061b1d89e7c95ce70868e0e3baa03,2026-03-04,2026-03-20,False,Budapest,,English: A2,Secondary School Leaving Certificate,"Python, SQL (PL/SQL, pgSQL)","PostgreSQL, SQL, PLSQL, LINUX, ORACLE, ANSIBLE, BASH",Hybrid,Full-time,1-3 years
2834263,Üzleti elemző,B+N Magyarország Kft.,https://www.profession.hu/allas/uzleti-elemzo-b-n-magyarorszag-kft-budapest-2834263?sessionId=ed7061b1d89e7c95ce70868e0e3baa03,2026-03-04,2026-03-20,False,Budapest,,English: B2,Középiskola,,"BI eszközök, Microsoft Copilot, Power Platform eszközök, SharePoint Online",Hybrid,Full-time,3-5 years
2827502,IT Service Desk Analyst-German and English-NS,ALDI International IT Services Kft.,https://www.profession.hu/allas/it-service-desk-analyst-german-and-english-ns-aldi-international-it-services-kft-2827502/pro?sessionId=ed7061b1d89e7c95ce70868e0e3baa03,2026-03-04,2026-03-13,False,Budapest,,"English: B2, German: B2",High School with Diploma,,ServiceNow,"Home-Office, On-site with home office",Full-time,
2836398,Test engineer,Bamo Technology Hungary Kft.,https://www.profession.hu/allas/test-engineer-bamo-technology-hungary-kft-acs-2836398/pro?sessionId=ed7061b1d89e7c95ce70868e0e3baa03,2026-03-04,2026-03-23,False,Ács,,English: B2,Bachelor's or Master's degree in Chemical Engineering or a related field (Chemical Engineering preferred),,,On-site,Full-time,3-5 years
2829525,Senior Full Stack Developer,SENSO-MEDIA Zrt.,https://www.profession.hu/allas/senior-full-stack-developer-senso-media-zrt-budapest-2829525?sessionId=ed7061b1d89e7c95ce70868e0e3baa03,2026-03-04,2026-03-14,False,Budapest,,,Középiskola,"JavaScript, TypeScript","Node.js, Vue.js, MongoDB, REST API, Git, Electron, PHP, MySQL",Hybrid,Full-time,3-5 years
2827714,Junior szoftverfejlesztő,Oxford One Zrt.,https://www.profession.hu/allas/junior-szoftverfejleszto-oxford-one-zrt-2827714?sessionId=ed7061b1d89e7c95ce70868e0e3baa03,2026-03-04,2026-03-14,False,,,,Főiskola,"PHP 7.x / 8.x, JavaScript, Laravel, MySQL, CSS / SASS, node.js / npm, React, VueJS, AlpineJS, jQuery, Bootstrap CSS/JS","Git, Docker, Linux server administration, AI (LLM, PyTorch, Tensorflow), NoSQL databases, AWS",Home Office,Full-time,1-3 years
2826556,QA / End-to-End Tesztelő,ISZT Nonprofit Kft.,https://www.profession.hu/allas/qa-end-to-end-tesztelo-iszt-nonprofit-kft-budapest-2826556/pro?sessionId=ed7061b1d89e7c95ce70868e0e3baa03,2026-03-04,2026-03-11,False,Budapest,,English: A1,,"JavaScript, TypeScript, Golang","Cypress, Playwright, Jest, Git, GitHub Actions, Docker",Hybrid,Full-time,3-5 years
2825279,.Net fejlesztő,INSIRON INFORMATIKA Kft.,https://www.profession.hu/allas/net-fejleszto-insiron-informatika-kft-2825279?sessionId=ed7061b1d89e7c95ce70868e0e3baa03,2026-03-04,2026-03-09,False,Budapest,,English: B2,Bachelor,"C#, Angular (18+), HTML 5, CSS, Bootstrap",".NET Core, Web API, LINQ, Entity Framework, MSSQL, PostgreSQL, MongoDB, Azure DevOps, CI/CD folyamatok",Hybrid,Full-time,3-5 years
2824977,Szoftverfejlesztő informatikus,PANNON-VÍZ Zrt.,https://www.profession.hu/allas/szoftverfejleszto-informatikus-pannon-viz-zrt-gyor-2824977?sessionId=ed7061b1d89e7c95ce70868e0e3baa03,2026-03-04,2026-03-09,False,Győr,,English: A2,Bachelor,"SQL, ORACLE, PYTHON, PHP, JAVA","MS OFFICE, ERP, EXCEL",Rugalmas munkaidő,Teljes munkaidő,5-10 years
2824098,Test Manager – Senior Advisor,,https://www.profession.hu/allas/test-manager-senior-advisor-2824098?sessionId=ed7061b1d89e7c95ce70868e0e3baa03,2026-03-04,2026-03-08,False,Budapest,,"English: C1, Hungarian: Native",Bachelor,,"JIRA, SAP Test Management, Test Automation Tools",Hybrid,Full-time,3-5 years
2840668,AI DEVELOPER (3866),HumanField Kft,https://www.profession.hu/allas/ai-developer-humanfield-kft-2840668/pro?sessionId=ed7061b1d89e7c95ce70868e0e3baa03,2026-03-04,2026-03-25,True,Budapest,,English: B2,Bachelor,Python,"FastAPI, Neo4j graph database, AWS Bedrock, Claude Agent SDK, OpenAI Codex SDK, pydantic-ai",Hybrid,Full-time,5+ years
2834339,IT Solution Manager,VOIS,https://www.profession.hu/allas/it-solution-manager-vois-budapest-2834339/pro?sessionId=ed7061b1d89e7c95ce70868e0e3baa03,2026-03-04,2026-03-23,False,Budapest,,English: B2,Bachelor,,,Hybrid,Full-time,5+ years
2838716,IT business analyst / Application analyst,DUNA AUTÓ Zrt.,https://www.profession.hu/allas/it-business-analyst-application-analyst-duna-auto-zrt-budapest-2838716?sessionId=ed7061b1d89e7c95ce70868e0e3baa03,2026-03-04,2026-03-25,True,Budapest,,,Főiskola,,,On-site,Full-time,1-3 years
2838334,Full stack fejlesztő,Lexunit Zrt.,https://www.profession.hu/allas/full-stack-fejleszto-lexunit-zrt-budapest-2838334?sessionId=ed7061b1d89e7c95ce70868e0e3baa03,2026-03-04,2026-03-25,True,Budapest,,"Magyar: Magyarországon belül bárhonnan végezhető, Angol: Középfok",Középiskola,"JavaScript/TypeScript, Python, Node.js, AWS, PostgreSQL, DevOps, Azure, Docker, REST, Vue","React, Next.js, API, Backend, Frontend, Database, Cloud Services, CI/CD, IaC",Távmunka,Teljes munkaidő,3-5 év tapasztalat
2830046,IT Manager,CAIP (Hungary) Intelligent Cockpit,https://www.profession.hu/allas/it-manager-caip-hungary-intelligent-cockpit-nyiregyhaza-2830046?sessionId=ed7061b1d89e7c95ce70868e0e3baa03,2026-03-04,2026-03-14,False,Nyíregyháza,,"English: B2, Chinese: A1",Bachelor 'B' kat. jogosítvány,,"SAP, MES, WMS, APS, SRM, EDI, OA",On-site,Full-time,5-10 years
2825100,Medior szoftvertesztelő,ShiwaForce.com Zrt,https://www.profession.hu/allas/medior-szoftvertesztelo-shiwaforce-com-zrt-budapest-2825100?sessionId=ed7061b1d89e7c95ce70868e0e3baa03,2026-03-04,2026-03-09,False,Budapest,,English: B2,Középiskola,,"AGILIS, ISTQB, JIRA",Hybrid,Full-time,3-5 years
2841238,Czech Speaking Service Desk Analyst L1,Tata Consultancy Services Limited,https://www.profession.hu/allas/czech-speaking-service-desk-analyst-l-tata-consultancy-services-limited-2841238/pro?sessionId=ed7061b1d89e7c95ce70868e0e3baa03,2026-03-04,2026-03-25,True,Budapest,,"English: B1, Czech: C2",High School with Diploma,,"Windows, Office 365, Network troubleshooting skills",Hybrid,Full-time,0-1 years
2834676,SENIOR JAVA DEVELOPER - SPRING BOOT (GYT-2),Tech People Hungary Kft.,https://www.profession.hu/allas/senior-java-developer-spring-boot-gyt-tech-people-hungary-kft-budapest-2834676?sessionId=ed7061b1d89e7c95ce70868e0e3baa03,2026-03-04,2026-03-20,False,Budapest,,English: B2,Bachelor,"Java, Spring Boot","AWS, Confluent Kafka, Spring Security, GitHub Actions, Jenkins, Shell Scripting, Mockito, Gatling, JMeter, New Relic, Grafana, PostgreSQL, MongoDB",Hybrid,Full-time,5+ years
2834335,Experienced Creative Designer,VOIS,https://www.profession.hu/allas/experienced-creative-designer-vois-budapest-2834335/pro?sessionId=ed7061b1d89e7c95ce70868e0e3baa03,2026-03-04,2026-03-23,False,Budapest,,English: C2,Bachelor,,"Adobe Creative Suite, Figma",Hybrid,Full-time,5+ years
2834009,IT support munkatárs (GM-1716),Talentis Group Zrt.,https://www.profession.hu/allas/it-support-munkatars-gm-talentis-group-zrt-budaors-2834009?sessionId=ed7061b1d89e7c95ce70868e0e3baa03,2026-03-04,2026-03-20,False,Budaörs,,English: A2,Secondary School with Diploma,,MS Office,On-site,Full-time,1-3 years
2824971,Convenience Partnership Reporting & Support Specialist - German speaking,BP BSC,https://www.profession.hu/allas/convenience-partnership-reporting-support-specialist-german-speaking-bp-bsc-budapest-2824971/pro?sessionId=ed7061b1d89e7c95ce70868e0e3baa03,2026-03-04,2026-03-09,False,Budapest,,"English: C2, German: C2",Bachelor,,Power BI,Hybrid,Full-time,1-3 years
2824067,Tech Lead / Architect,DUNA HOUSE FRANCHISE Kft.,https://www.profession.hu/allas/tech-lead-architect-duna-house-franchise-kft-budapest-2824067/pro?sessionId=ed7061b1d89e7c95ce70868e0e3baa03,2026-03-04,2026-03-04,False,Budapest,,,Középiskola,"PHP, JavaScript, MySQL, MongoDB","Architecture, Testing, Technical Writing, Ionic, Vue.js, iOS, Android",Hibrid,Full-time,5+ years
2841234,Spanish Speaking Service Desk Analyst - Level 1,Tata Consultancy Services Limited,https://www.profession.hu/allas/spanish-speaking-service-desk-analyst-level-tata-consultancy-services-limited-2841234?sessionId=ed7061b1d89e7c95ce70868e0e3baa03,2026-03-04,2026-03-10,False,Budapest,,"English: B1, Spanish: C1",High School with Diploma,,"Windows, Office 365, Network troubleshooting skills",On-site,Full-time,0-1 years
2838283,Finance Analytics Engineer,Computacenter Services Kft.,https://www.profession.hu/allas/finance-analytics-engineer-computacenter-services-kft-budapest-2838283?sessionId=ed7061b1d89e7c95ce70868e0e3baa03,2026-03-04,2026-03-25,True,Budapest,,English: C2,Bachelor,"Power BI, DAX, Power Query, SQL, VBA, Python","Power Platform (Power Automate, Power Apps), Excel, SAP, LinkedIn Learning, Udemy",Hybrid,Full-time,3-5 years
2827683,Systems Verification Trainee,Gentherm Hungary Kft.,https://www.profession.hu/allas/systems-verification-trainee-gentherm-hungary-kft-pilisszentivan-2827683/pro?sessionId=ed7061b1d89e7c95ce70868e0e3baa03,2026-03-04,2026-03-13,False,Pilisszentiván,,English: B2,Bachelor,C,"MS Office, Vector software and tools",Full-time,Full-time,1-3 years
2836535,SENIOR SALESFORCE DEVELOPER (3848),HumanField Kft,https://www.profession.hu/allas/senior-salesforce-developer-humanfield-kft-2836535/pro?sessionId=ed7061b1d89e7c95ce70868e0e3baa03,2026-03-04,2026-03-23,False,Budapest,,English: B2,Középiskola,"Java, JavaScript, C#, Apex","CRM CLOUD, JAVA MIDDLEWARE, REST, SOAP",Hybrid,Full-time,3-5 years
2834331,Product Designer,VOIS,https://www.profession.hu/allas/product-designer-vois-budapest-2834331/pro?sessionId=ed7061b1d89e7c95ce70868e0e3baa03,2026-03-04,2026-03-23,False,Budapest,,English: B2,Bachelor,,"Figma, Adobe Creative Cloud",Hybrid,Full-time,1-3 years
2838796,"Tanácsadó, elemzői készségekkel",eNET Magyarország Kft.,https://www.profession.hu/allas/tanacsado-elemzoi-keszsegekkel-enet-magyarorszag-kft-budapest-2838796?sessionId=ed7061b1d89e7c95ce70868e0e3baa03,2026-03-04,2026-03-25,True,Budapest,,English: B2,Bachelor,"Python, R","SQL, MS Office (Excel), Agile",On-site,Full-time,1-3 years
2838554,PLC és SCADA specialista,Hydro Extrusion Hungary Kft.,https://www.profession.hu/allas/plc-es-scada-specialista-hydro-extrusion-hungary-kft-szekesfehervar-2838554?sessionId=ed7061b1d89e7c95ce70868e0e3baa03,2026-03-04,2026-03-23,False,Székesfehérvár,,English: B1,Felsőoktatási szakképzés,,Ignition SCADA,On-site,Full-time,1-3 years
2833960,SAP MM/PP system analyst,Thermo Services (Hungary) Kft.,https://www.profession.hu/allas/sap-mm-pp-system-analyst-thermo-services-hungary-kft-budapest-2833960?sessionId=ed7061b1d89e7c95ce70868e0e3baa03,2026-03-04,2026-03-20,False,Budapest,,English: B2,Bachelor,,SAP,On-site,Full-time,3-5 years
2825055,IT Consultant / Business Analyst,INITON KFT.,https://www.profession.hu/allas/it-consultant-business-analyst-initon-kft-budapest-2825055?sessionId=ed7061b1d89e7c95ce70868e0e3baa03,2026-03-04,2026-03-09,False,Budapest,,English: B2,Bachelor,,,Hybrid,Full-time,1-3 years
2824043,Üzleti elemző,Profession Services,https://www.profession.hu/allas/uzleti-elemzo-profession-services-2824043/pro?sessionId=ed7061b1d89e7c95ce70868e0e3baa03,2026-03-04,2026-03-08,False,Budapest,,"German: B2, English: B2",Bachelor,,"Jira, Confluence",Hybrid,Full-time,3-5 years
2838840,ABAS programozó,"""Phoenix Mecano Kecskemét"" KFT",https://www.profession.hu/allas/abas-programozo-phoenix-mecano-kecskemet-kft-kecskemet-2838840?sessionId=ed7061b1d89e7c95ce70868e0e3baa03,2026-03-04,2026-03-25,True,Kecskemét,,"English: B1, German: B1",Bachelor,"Java, Bash","ERP SAP, Linux UNIX operációs rendszerek",Full-time,Full-time,3-5 years
2824718,Digitális termékmenedzser,BinX Zrt.,https://www.profession.hu/allas/digitalis-termekmenedzser-binx-zrt-budapest-2824718?sessionId=ed7061b1d89e7c95ce70868e0e3baa03,2026-03-04,2026-03-09,False,Budapest,,,Egyetem,,MacOS,Hybrid,Full-time,3-5 years
2838684,Szoftverfejlesztő,Prémium Kft.,https://www.profession.hu/allas/szoftverfejleszto-premium-kft-budapest-2838684?sessionId=ed7061b1d89e7c95ce70868e0e3baa03,2026-03-04,2026-03-25,True,"Budapest, XIII. kerület",,,Főiskola,"C#, SQL","MS SQL, Webalapú alkalmazások fejlesztése",On-site with home office,Full-time,1-3 years
2834366,Rendszermérnök (Microsoft),EURO ONE Számítástechnikai Zrt,https://www.profession.hu/allas/rendszermernok-microsoft-euro-one-szamitastechnikai-zrt-budapest-2834366?sessionId=ed7061b1d89e7c95ce70868e0e3baa03,2026-03-04,2026-03-20,False,Budapest,,,Felsőoktatási szakképzés,PowerShell,"AZURE, POWERSHELL, microsoft MS Copilot, Intune, Entra ID, Microsoft AD, Microsoft Azure, Azure Arc, Azure CLI, MS DLP (Puview), System Center",Hybrid,Full-time,3-5 év tapasztalat
2825297,Junior Számlázási Kontroller,Mercarius Kft.,https://www.profession.hu/allas/junior-szamlazasi-kontroller-mercarius-kft-budapest-2825297?sessionId=ed7061b1d89e7c95ce70868e0e3baa03,2026-03-04,2026-03-09,False,Budapest,,,Főiskola,,Microsoft Office programok ( Excel: függvények),On-site,Full-time,1-3 év tapasztalat
2824023,Product manager,Storck Hungária Kft.,https://www.profession.hu/allas/product-manager-storck-hungaria-kft-budapest-2824023/pro?sessionId=ed7061b1d89e7c95ce70868e0e3baa03,2026-03-04,2026-03-08,False,Budapest,,English: B2,Bachelor,,"MS Office, Excel, PowerPoint",Hybrid,Full-time,3-5 years
2838535,Frontend fullstack developer,EDAG Hungary Kft.,https://www.profession.hu/allas/frontend-fullstack-developer-edag-hungary-kft-gyor-2838535?sessionId=ed7061b1d89e7c95ce70868e0e3baa03,2026-03-04,2026-03-25,True,Győr,,"English: C1, German: B2",Középiskola,"JavaScript, TypeScript, React, NextJS","Jest, Cypress, WebViews, GitHub Actions, Docker, Kubernetes, Grafana, ELK",Hybrid,Full-time,1-3 years
2837703,AI AND ESG DATA SPECIALIST (3851),HumanField Kft,https://www.profession.hu/allas/ai-and-esg-data-specialist-humanfield-kft-2837703/pro?sessionId=ed7061b1d89e7c95ce70868e0e3baa03,2026-03-04,2026-03-25,True,,,English: B2,Bachelor,,"BI, POWER BI",Remote,Full-time,3-5 years
2834362,Tech Lead (Mobile) – iOS / Android / JEE,MagNet Bank Zrt.,https://www.profession.hu/allas/tech-lead-mobile-ios-android-jee-magnet-bank-zrt-budapest-2834362?sessionId=ed7061b1d89e7c95ce70868e0e3baa03,2026-03-04,2026-03-20,False,Budapest,,,Főiskola,"Swift, Kotlin/Java","GitLab, Jenkins, Scrum, Kanban, Clean Code, Clean Architecture, SOLID elvek, OOP szemlélet, Verziókezelés (Git), CI/CD pipeline",Hybrid,Full-time,5+ years
2834219,IT fejlesztő (GM-1717),Talentis Group Zrt.,https://www.profession.hu/allas/it-fejleszto-gm-talentis-group-zrt-budaors-2834219?sessionId=ed7061b1d89e7c95ce70868e0e3baa03,2026-03-04,2026-03-20,False,Budaörs,,English: B2,Középiskola,"HTML, CSS, Laravel, WordPress, PHP, MySQL, JavaScript, Bootstrap","GitHub, RestAPI",On-site,Full-time,1-3 years
2826364,Java fejlesztő,Raiffeisen Software GmbH Magyarországi,https://www.profession.hu/allas/java-fejleszto-raiffeisen-software-gmbh-magyarorszagi-budapest-2826364?sessionId=ed7061b1d89e7c95ce70868e0e3baa03,2026-03-04,2026-03-11,False,Budapest,450.000 Ft/year,"German: B2, English: B1",Secondary education with diploma,"Java11+, Git, SQL, Springboot, Docker, Kubernetes, OpenShift, Quarkus, Hibernate","Laptop, Monitor (2 db), Windows, Headset",Hybrid,Full-time,3-5 years
2825081,Folyamat koordinátor (Sales/CRM),Mercarius Kft.,https://www.profession.hu/allas/folyamat-koordinator-sales-crm-mercarius-kft-budapest-2825081?sessionId=ed7061b1d89e7c95ce70868e0e3baa03,2026-03-04,2026-03-09,False,"Budapest, XIII. kerület",,,Főiskola,,,Teljes munkaidő,Full-time,1-3 év tapasztalat
2824882,ITSM szakértő,HungaroControl Zrt.,https://www.profession.hu/allas/itsm-szakerto-hungarocontrol-zrt-budapest-2824882?sessionId=ed7061b1d89e7c95ce70868e0e3baa03,2026-03-04,2026-03-09,False,"Budapest, XVIII. kerület",,English: B2,Bachelor,,ServiceNow ITSM,On-site,Full-time,3-5 years
2841548,PLC programozó,VT ASYST Kft.,https://www.profession.hu/allas/plc-programozo-vt-asyst-kft-szekesfehervar-2841548?sessionId=ed7061b1d89e7c95ce70868e0e3baa03,2026-03-04,2026-03-25,True,Székesfehérvár,,English: B1,Bachelor,,"PLC, HMI, SCADA, M2M communication, Robot programming, Camera programming",Full-time,Full-time,1-3 years
2838531,Backend Java developer,EDAG Hungary Kft.,https://www.profession.hu/allas/backend-java-developer-edag-hungary-kft-gyor-2838531?sessionId=ed7061b1d89e7c95ce70868e0e3baa03,2026-03-04,2026-03-25,True,Győr,,"English: C2, German: B2",Középiskola,Java,"Spring Boot, Kubernetes, Spring JPA, RESTful APIs, NextJS",Hybrid,Full-time,5-10 years
2834924,Medior Data Analyst,ingatlan.com Zrt.,https://www.profession.hu/allas/medior-data-analyst-ingatlan-com-zrt-budapest-2834924?sessionId=ed7061b1d89e7c95ce70868e0e3baa03,2026-03-04,2026-03-20,False,Budapest,,English: B2,Bachelor,,"Tableau, dbt",Hybrid,Full-time,3-5 years
2834357,Fejlesztési vezető,TRENDENCY ONLINE Zrt.,https://www.profession.hu/allas/fejlesztesi-vezeto-trendency-online-zrt-budapest-2834357?sessionId=ed7061b1d89e7c95ce70868e0e3baa03,2026-03-04,2026-03-20,False,Budapest,,"Magyar: Magyarázó, Angol: Kiváló",Főiskola,,,Hibrid,Full-time,5+ years
2834306,Tesztmérnök,VIDEOTON EAS Kft.,https://www.profession.hu/allas/tesztmernok-videoton-eas-kft-szekesfehervar-2834306?sessionId=ed7061b1d89e7c95ce70868e0e3baa03,2026-03-04,2026-03-20,False,Székesfehérvár,,"English: B2, German",Bachelor,"C#, Visual basic, Labview",,On-site,Full-time,0-1 years
2831503,IT projektvezető gyakornok,Fürge Diák Iskolaszövetkezet,https://www.profession.hu/allas/it-projektvezeto-gyakornok-furge-diak-iskolaszovetkezet-budapest-2831503?sessionId=ed7061b1d89e7c95ce70868e0e3baa03,2026-03-04,2026-03-18,False,Budapest,2175 Ft/óra brutto,English: B2,Középiskola,,SERVICENOW,Home-Office,Half-time,1-3 years
2826358,Üzleti elemző német nyelvtudással,Raiffeisen Software GmbH Magyarországi,https://www.profession.hu/allas/uzleti-elemzo-nemet-nyelvtudassal-raiffeisen-software-gmbh-magyarorszagi-budapest-2826358?sessionId=ed7061b1d89e7c95ce70868e0e3baa03,2026-03-04,2026-03-11,False,Budapest,450.000 Ft/year + Cafeteria benefits,"English: B2, German: C1",,,"Jira, Confluence",Hybrid with on-site presence required (20% office attendance per month),Full-time,3-5 years
2824936,Senior Project Manager,PROVIDENT PÉNZÜGYI ZRT.,https://www.profession.hu/allas/senior-project-manager-provident-penzugyi-zrt-budapest-2824936?sessionId=ed7061b1d89e7c95ce70868e0e3baa03,2026-03-04,2026-03-09,False,Budapest,,English: C2,Bachelor,,,Home-Office,Full-time,5+ years
2822459,Rendszerszervező,NEMZETI MÉDIA- ÉS HÍRKÖZLÉSI HATÓSÁG,https://www.profession.hu/allas/rendszerszervezo-nemzeti-media-es-hirkozlesi-hatosag-budapest-2822459?sessionId=ed7061b1d89e7c95ce70868e0e3baa03,2026-03-04,2026-03-09,False,Budapest,,Magyar: Magyar,Középiskola,,Microsoft Office,On-site,Full-time,1-3 years
2829723,Információbiztonsági munkatárs,ORSZÁGOS BÍRÓSÁGI HIVATAL,https://www.profession.hu/allas/informaciobiztonsagi-munkatars-orszagos-birosagi-hivatal-budapest-2829723?sessionId=ed7061b1d89e7c95ce70868e0e3baa03,2026-03-04,2026-03-14,False,Budapest,,English: B2,Bachelor,,,Hybrid,Full-time,1-3 years
2829677,Lead Szoftverfejlesztő,4iG Informatikai Zrt.,https://www.profession.hu/allas/lead-szoftverfejleszto-ig-informatikai-zrt-budapest-2829677?sessionId=ed7061b1d89e7c95ce70868e0e3baa03,2026-03-04,2026-03-14,False,Budapest,,,Főiskola,"Java, Spring, Maven, NodeJS, Angular, React, Kotlin","AutoCAD, AWS/Azure",On-site with home office,Full-time,5+ years
2825033,Projekt koordinátor,Mercarius Kft.,https://www.profession.hu/allas/projekt-koordinator-mercarius-kft-budapest-2825033?sessionId=ed7061b1d89e7c95ce70868e0e3baa03,2026-03-04,2026-03-09,False,"Budapest, XIII. kerület",,,Felsőfokú végzettség vagy folyamatban lévő tanulmányok,,,On-site,Full-time,1-3 years
2824311,Microsoft infrastruktúra üzemeltető,SMP Solutions Zrt.,https://www.profession.hu/allas/microsoft-infrastruktura-uzemelteto-smp-solutions-zrt-2824311?sessionId=ed7061b1d89e7c95ce70868e0e3baa03,2026-03-04,2026-03-08,False,Budapest,,,Bachelor,,AZURE,Remote Desktop Service ismerete,Full-time,1-3 years
2832860,Tesztautomatizálási mérnök,MVM Informatika Zrt.,https://www.profession.hu/allas/tesztautomatizalasi-mernok-mvm-informatika-zrt-paks-2832860?sessionId=ed7061b1d89e7c95ce70868e0e3baa03,2026-03-04,2026-03-18,False,"Paks, Budapest, Szeged",,,Bachelor,,"WORD, POWERPOINT, MS PROJECT, SAP ERP, EXCEL, OUTLOOK, JMETER, ISTQB",On-site,Full-time,3-5 years
2832859,Senior BI rendszermérnök,MVM Informatika Zrt.,https://www.profession.hu/allas/senior-bi-rendszermernok-mvm-informatika-zrt-paks-2832859?sessionId=ed7061b1d89e7c95ce70868e0e3baa03,2026-03-04,2026-03-17,False,Paks,,"English: B1, Hungarian: Native",Bachelor,ABAP,"SAP BW, SAP Core modules, Microsoft Office applications",On-site,Full-time,5+ years
2828522,Investment Domain Architect,Nova HR,https://www.profession.hu/allas/investment-domain-architect-nova-hr-budapest-2828522?sessionId=ed7061b1d89e7c95ce70868e0e3baa03,2026-03-04,2026-03-14,False,Budapest,,English: B2,Bachelor,,,Hybrid,Full-time,5+ years
2828897,Üzleti elemző,MVM Next Energiakereskedelmi Zrt.,https://www.profession.hu/allas/uzleti-elemzo-mvm-next-energiakereskedelmi-zrt-budapest-2828897?sessionId=ed7061b1d89e7c95ce70868e0e3baa03,2026-03-04,2026-03-14,False,Budapest,,,Főiskola,"SQL, Power BI","CRM, BI, SQL, SAP, ADATTÁRHÁZ, POWER BI",,Full-time,3-5 years
2823380,Data Scientist (3824),HumanField Kft,https://www.profession.hu/allas/data-scientist-humanfield-kft-2823380/pro?sessionId=ed7061b1d89e7c95ce70868e0e3baa03,2026-03-04,2026-03-07,False,Budapest,,English: B2,Master,"Python, R","CLOUD, PYTHON, MACHINE LEARNING, R",Hybrid,Full-time,5+ years
2828850,Junior HubSpot CRM Fejlesztő,KBOSS.hu Kft.,https://www.profession.hu/allas/junior-hubspot-crm-fejleszto-kboss-hu-kft-budapest-2828850?sessionId=ed7061b1d89e7c95ce70868e0e3baa03,2026-03-04,2026-03-14,False,Budapest,,English: B2,Bachelor,"Java, Python","CRM API, SQL, GIT, REST",On-site,Full-time,1-3 years
2826476,Senior Salesforce Marketing Cloud Expert / Salesforce Platform Administrator,AVL,https://www.profession.hu/allas/senior-salesforce-marketing-cloud-expert-salesforce-platform-administrator-avl-erd-2826476/pro?sessionId=ed7061b1d89e7c95ce70868e0e3baa03,2026-03-04,2026-03-11,False,Érd,,"English: B2, German: A1",Bachelor,,"Salesforce Marketing Cloud (ExactTarget), Email Studio, Automation Studio, Journey Builder, Contact Builder, Salesforce Core Platform, Marketing Cloud Connect",Hybrid,Full-time,5+ years
2824294,Full Stack Lead Developer,FOTEXNET Kft.,https://www.profession.hu/allas/full-stack-lead-developer-fotexnet-kft-budapest-2824294?sessionId=ed7061b1d89e7c95ce70868e0e3baa03,2026-03-04,2026-03-08,False,Budapest,,English: B2,Egyetem,"PHP, Laravel, HTML5, CSS3, TailwindCSS, Typescript, React, NextJS, Node, PostgreSQL","API, DevOps, AWS, POSTMAN, GIT, UNIX, BASH, REST",Full-time,Full-time,5-10 years
2837402,Vezető fejlesztő / szoftverfejlesztési vezető,HUN-REN Magyar Kutatási Hálózat,https://www.profession.hu/allas/vezeto-fejleszto-szoftverfejlesztesi-vezeto-hun-ren-magyar-kutatasi-halozat-budapest-2837402?sessionId=ed7061b1d89e7c95ce70868e0e3baa03,2026-03-04,2026-03-25,True,Budapest,,English: B2,Bachelor,"PHP, HTML, CSS, JavaScript, Laravel, Symfony, CodeIgniter, C#, .Net",,Hybrid,Full-time,3-5 years
2835462,Senior Data Warehouse Engineer (m/f/d),IT Security Schweiz AG,https://www.profession.hu/allas/senior-data-warehouse-engineer-m-f-d-it-security-schweiz-ag-2835462/pro?sessionId=ed7061b1d89e7c95ce70868e0e3baa03,2026-03-04,2026-03-22,False,Budapest,,English: B2,Középiskola,,"Oracle Database, Microsoft SQL Server, SQL Server Clustering (Failover Cluster, Always On Availability Groups), PSQL (PostgreSQL), ETL tools, XML technologies (XSD, XSLT, SOAP/REST)",,Full-time,1-3 years
2833359,"Web&ERP támogató konzulens (Web, Backend)",Hire-One Kft.,https://www.profession.hu/allas/web-erp-tamogato-konzulens-web-backend-hire-one-kft-2833359?sessionId=ed7061b1d89e7c95ce70868e0e3baa03,2026-03-04,2026-03-20,False,Bács-Kiskun megye,,English: B1,Bachelor,"C#, JavaScript, .NET (C#), HTML, CSS, SQL","ERP, BACKEND, FRONTEND, API, CMS, DYNAMICS, HTML, CSS, JAVASCRIPT, C, BI, WORDPRESS, DEVOPS, GIT, REST, POWER BI",Full-time,Full-time,1-3 years
2827489,IT Vezető,Interfa Bútoripari Kft.,https://www.profession.hu/allas/it-vezeto-interfa-butoripari-kft-szany-2827489?sessionId=ed7061b1d89e7c95ce70868e0e3baa03,2026-03-04,2026-03-13,False,Szany,,"English: B2, German: B2",Bachelor 'B' kat. jogosítvány,,Windows,Full-time,Full-time,3-5 years
2824237,Head of Data Team,Europ Assistance Magyarország Kft.,https://www.profession.hu/allas/head-of-data-team-europ-assistance-magyarorszag-kft-budapest-2824237?sessionId=ed7061b1d89e7c95ce70868e0e3baa03,2026-03-04,2026-03-08,False,Budapest,,"English: C2, Magyar: Magyar nyelv (indigén)",Főiskola,"SQL, Power BI, SSRS, Docker, Kubernetes","Microsoft Azure, Azure SQL Database/instance (PaaS), Data Factory, SSIS, Power shell, php",Hybrid,Full-time,3-5 years
2823493,Üzleti elemző Treasury rendszerek területén (d/m/w),Profession Services,https://www.profession.hu/allas/uzleti-elemzo-treasury-rendszerek-teruleten-d-m-w-profession-services-2823493/pro?sessionId=ed7061b1d89e7c95ce70868e0e3baa03,2026-03-04,2026-03-07,False,Budapest,,"Német középfok 3-5 év tapasztalat, Magyar, ANGOL/NÉMET nyelvű önéletrajz",Felsőoktatási szakképzés,SQL,"AGILIS, Laptop, Mobiltelefon",Hibrid munkavégzés akár havi 80% home office,Full-time,3-5 years
2837204,Senior SAP Security Consultant,,https://www.profession.hu/allas/senior-sap-security-consultant-2837204?sessionId=ed7061b1d89e7c95ce70868e0e3baa03,2026-03-04,2026-03-25,True,Budapest,,"English: B2, Magyar: Szint 3",Főiskola,,"SAP SECURITY, Microsoft Office",Hibrid,Full-time,3-5 years
2835456,Product Owner (Medior+) – webes és üzleti alkalmazások,DUNA HOUSE FRANCHISE Kft.,https://www.profession.hu/allas/product-owner-medior-webes-es-uzleti-alkalmazasok-duna-house-franchise-kft-budapest-2835456/pro?sessionId=ed7061b1d89e7c95ce70868e0e3baa03,2026-03-04,2026-03-22,False,"Budapest, II. kerület",,English: B2,Bachelor,"HTML, JavaScript, PHP","Jira, YouTrack, ServiceNow",On-site,Full-time,1-3 years
2829417,Senior tanácsadó - Rendszerszervező,CompuTREND Zrt.,https://www.profession.hu/allas/senior-tanacsado-rendszerszervezo-computrend-zrt-budapest-2829417?sessionId=ed7061b1d89e7c95ce70868e0e3baa03,2026-03-04,2026-03-14,False,Budapest,,,Középiskola,,"SQL, MS OFFICE",Hybrid,Full-time,3-5 years
2828842,Senior HubSpot CRM Fejlesztő,KBOSS.hu Kft.,https://www.profession.hu/allas/senior-hubspot-crm-fejleszto-kboss-hu-kft-budapest-2828842?sessionId=ed7061b1d89e7c95ce70868e0e3baa03,2026-03-04,2026-03-14,False,Budapest,,English: B1,,"Java, SQL, PostgreSQL, REST API, Git, Spring Boot, Spring Framework, Angular, React","CRM API, API integrációk tervezése és implementálása, Meglévő szinkronizációs folyamatok optimalizálása, Együttműködés a backend csapattal az infrastruktúra változások követésében, CRM rendszerhez kapcsolódó, illetve a társ területektől érkező hibák felderítése és javítása, Felhasználói igények specifikálása, Tesztek írása és dokumentáció készítése, Junior kolléga mentorálása",Hybrid,Full-time,3-5 years
2828780,AI-Specialista,New Land Media Kft.,https://www.profession.hu/allas/ai-specialista-new-land-media-kft-budapest-2828780?sessionId=ed7061b1d89e7c95ce70868e0e3baa03,2026-03-04,2026-03-14,False,"Budapest, II. kerület",,,Főiskola,Python,"TensorFlow, PyTorch, scikit-learn",Home-office,Full-time,1-3 years
2838284,Data Scientist,Nemzeti Fejlesztési Központ,https://www.profession.hu/allas/data-scientist-nemzeti-fejlesztesi-kozpont-budapest-2838284/pro?sessionId=ed7061b1d89e7c95ce70868e0e3baa03,2026-03-04,2026-03-25,True,Budapest,,English: B2,Master,Python,"SQL, AGILIS, Big Data, Machine Learning, Data Visualization / BI, Cloud technologies",,Full-time,1-3 years
2836529,Cloud and AI Delivery Lead,VOIS,https://www.profession.hu/allas/cloud-and-ai-delivery-lead-vois-budapest-2836529/pro?sessionId=ed7061b1d89e7c95ce70868e0e3baa03,2026-03-04,2026-03-25,True,Budapest,,English: C1,Bachelor,,"AWS, Azure, GCP, TensorFlow, PyTorch, OpenAI",Hybrid,Full-time,5+ years
2832888,Junior SOC Analyst,HungaroControl Zrt.,https://www.profession.hu/allas/junior-soc-analyst-hungarocontrol-zrt-budapest-2832888?sessionId=ed7061b1d89e7c95ce70868e0e3baa03,2026-03-04,2026-03-20,False,Budapest,,English: B2,Bachelor,,,On-site,Full-time,1-3 years
2824330,IT project manager,ShiwaForce.com Zrt,https://www.profession.hu/allas/it-project-manager-shiwaforce-com-zrt-budapest-2824330?sessionId=ed7061b1d89e7c95ce70868e0e3baa03,2026-03-04,2026-03-08,False,Budapest,,English: C2,Bachelor,,"MS PROJECT, PROJECT MANAGEMENT, JIRA, PMI PMP",Hybrid,Full-time,3-5 years
2823940,IT (MES) Hardware Specialist,Mobis Hungary Kft.,https://www.profession.hu/allas/it-mes-hardware-specialist-mobis-hungary-kft-kecskemet-2823940?sessionId=ed7061b1d89e7c95ce70868e0e3baa03,2026-03-04,2026-03-08,False,Kecskemét,,English: B2,High School with Diploma,,,On-site,Full-time,1-3 years
2828675,Adatelemző,Országos Mentőszolgálat,https://www.profession.hu/allas/adatelemzo-orszagos-mentoszolgalat-budapest-2828675?sessionId=ed7061b1d89e7c95ce70868e0e3baa03,2026-03-04,2026-03-14,False,Budapest,,,Bachelor,,"BI, MS Office",On-site,Full-time,1-3 years
2833069,Adatbázis elemző - Tesztelés és automatizálás,Intrum ASC Kft.,https://www.profession.hu/allas/adatbazis-elemzo-teszteles-es-automatizalas-intrum-asc-kft-budapest-2833069?sessionId=ed7061b1d89e7c95ce70868e0e3baa03,2026-03-04,2026-03-20,False,Budapest,,"English: B2, German: C1",Bachelor,"Python, SQL, Power BI","API, POSTMAN, Excel",Hybrid,Full-time,Pályakezdő/friss diplomás
2824058,Rendszerszervező,KELER Zrt.,https://www.profession.hu/allas/rendszerszervezo-keler-zrt-budapest-2824058?sessionId=ed7061b1d89e7c95ce70868e0e3baa03,2026-03-04,2026-03-08,False,Budapest,,English: B2,Bachelor,,"ORACLE, MS SQL",Hybrid,Full-time,3-5 years
2837528,Order to Delivery Lead (Dunakeszi),Reed Magyarország Kft.,https://www.profession.hu/allas/order-to-delivery-lead-dunakeszi-reed-magyarorszag-kft-fot-2837528?sessionId=ed7061b1d89e7c95ce70868e0e3baa03,2026-03-04,2026-03-25,True,Fót,,English: C2,Bachelor,,,Hybrid,Full-time,5+ years
2827097,IT auditor/ Kiberbiztonsági tanácsadó,ITSecure Kft.,https://www.profession.hu/allas/it-auditor-kiberbiztonsagi-tanacsado-itsecure-kft-budapest-2827097?sessionId=ed7061b1d89e7c95ce70868e0e3baa03,2026-03-04,2026-03-11,False,Budapest,"900 EUR - 1,1M Ft/hourly gross","English: A2, Hungarian: Native",Bachelor,,,On-site,Full-time,1-3 years
2837044,Junior Databricks RAG fejlesztő (MI/AI terület),Alfa Vienna Insurance Group Biztosító Zrt.,https://www.profession.hu/allas/junior-databricks-rag-fejleszto-mi-ai-terulet-alfa-vienna-insurance-group-biztosito-zrt-budapest-2837044?sessionId=ed7061b1d89e7c95ce70868e0e3baa03,2026-03-04,2026-03-22,False,Budapest,,"English: B1, Hungarian: C1",Bachelor,"Python, SQL, PLSQL","Databricks, Microsoft Azure, Git, Spark, MLFlow",Hybrid,Full-time,3-5 years
2833573,Tesztautomatizálás mérnök (E-E01),Tech People Hungary Kft.,https://www.profession.hu/allas/tesztautomatizalas-mernok-e-e-tech-people-hungary-kft-budapest-2833573?sessionId=ed7061b1d89e7c95ce70868e0e3baa03,2026-03-04,2026-03-20,False,Budapest,,English: B1,Bachelor,,"Cypress, Playwright, Selenium, Jira, Confluence, Xray",On-site,Full-time,5-10 years
2833502,Frontend Fejlesztő (Angular),Nova HR,https://www.profession.hu/allas/frontend-fejleszto-angular-nova-hr-budapest-2833502?sessionId=ed7061b1d89e7c95ce70868e0e3baa03,2026-03-04,2026-03-17,False,Budapest,,English: A2,Bachelor,"HTML5, CSS3, JavaScript/TypeScript, Angular 2+, HTTP REST, OpenAPI",Git,Hybrid,Full-time,3-5 years
2823559,Technikai Üzleti Elemző,Profession Services,https://www.profession.hu/allas/technikai-uzleti-elemzo-profession-services-2823559/pro?sessionId=ed7061b1d89e7c95ce70868e0e3baa03,2026-03-04,2026-03-07,False,Budapest,,German: B2,Bachelor,"Angular, Java","JIRA, Confluence, Enterprise Architect",Hybrid,Full-time,3-5 years
2838584,Senior java fejlesztő,Soloron IT Zrt.,https://www.profession.hu/allas/senior-java-fejleszto-soloron-it-zrt-budapest-2838584/pro?sessionId=ed7061b1d89e7c95ce70868e0e3baa03,2026-03-04,2026-03-25,True,Budapest,,English: B1,Bachelor,"Java, Spring Boot, PostgreSQL","Bitbucket, Jira, Confluence, Docker, RabbitMQ, Kafka, API Gateway, ESB, MS Azure",Hybrid,Full-time,5+ years
2837731,Erőmű adatelemző szakértő,E.ON Energiatermelő Kft.,https://www.profession.hu/allas/eromu-adatelemzo-szakerto-e-on-energiatermelo-kft-2837731?sessionId=ed7061b1d89e7c95ce70868e0e3baa03,2026-03-04,2026-03-09,False,Budapest,,English: B1,Bachelor,"Power BI, SQL, R, Python","BI SQL ADATBÁZIS KEZELÉS, POWER BI, EXCEL",,Full-time,3-5 years
2837690,Magic fejlesztő,Smart Solutions Consultancy Kft.,https://www.profession.hu/allas/magic-fejleszto-smart-solutions-consultancy-kft-budapest-2837690?sessionId=ed7061b1d89e7c95ce70868e0e3baa03,2026-03-04,2026-03-25,True,Budapest,,"English: A2, English: B2",Bachelor,"SQL, ORACLE","Laptop, Headset, Mobiltelefon",Hybrid,Full-time,5+ years
2835308,SAP SD Analyst,Thermo Services (Hungary) Kft.,https://www.profession.hu/allas/sap-sd-analyst-thermo-services-hungary-kft-budapest-2835308?sessionId=ed7061b1d89e7c95ce70868e0e3baa03,2026-03-04,2026-03-25,True,Budapest,,English: B2,Bachelor,,"Microsoft Office suite, SAP (SD space), relevant technical tools",Full-time,Full-time,1-3 years
2828630,"Medior tanácsadó, projektvezető",eNET Magyarország Kft.,https://www.profession.hu/allas/medior-tanacsado-projektvezeto-enet-magyarorszag-kft-budapest-2828630?sessionId=ed7061b1d89e7c95ce70868e0e3baa03,2026-03-04,2026-03-14,False,Budapest,,English: B2,Bachelor,,"MS Office, Microsoft Word, PowerPoint, Word Excel, Agilis, PMP",On-site,Full-time,3-5 years
2823963,Microsoft Dynamics CRM SW Fejlesztő,Hire-One Kft.,https://www.profession.hu/allas/microsoft-dynamics-crm-sw-fejleszto-hire-one-kft-2823963?sessionId=ed7061b1d89e7c95ce70868e0e3baa03,2026-03-04,2026-03-08,False,Budapest,,English: B1,Bachelor,"C#, .NET, JavaScript","CRM, POWERBI, C, JAVASCRIPT, C#, .NET, Power Automate, MS Dynamics",Home-Office,Full-time,1-3 years
2837365,Medior PHP Fejlesztő (NO),Tech People Hungary Kft.,https://www.profession.hu/allas/medior-php-fejleszto-no-tech-people-hungary-kft-budapest-2837365?sessionId=ed7061b1d89e7c95ce70868e0e3baa03,2026-03-04,2026-03-25,True,Budapest,,English: A2,High School with Diploma,"PHP, JavaScript, HTML, CSS, XML, Shell script","CodeIgniter, Symfony, Zend, jQuery, Git, Gitlab, Composer, Docker, Ubuntu Linux",Home-Office,Full-time,1-3 years
2836564,Informatikai vezető,AXING Zrt.,https://www.profession.hu/allas/informatikai-vezeto-axing-zrt-budapest-2836564?sessionId=ed7061b1d89e7c95ce70868e0e3baa03,2026-03-04,2026-03-25,True,Budapest,,English: B2,Bachelor,,,,Full-time,1-3 years
2829091,Go fejlesztő – Online kommunikáció implementáció,Excite Hungary Kft.,https://www.profession.hu/allas/go-fejleszto-online-kommunikacio-implementacio-excite-hungary-kft-2829091?sessionId=ed7061b1d89e7c95ce70868e0e3baa03,2026-03-04,2026-03-14,False,,"1,000,000 Ft/hourly",English: B2,High School with Diploma,"Go, React","API, BACKEND, SQL, MYSQL, GIT, AWS, DEVOPS, DOCKER, MONGODB, SVN",Remote,Full-time,3-5 years
2828626,Rendszertervező,PROGEN MÉRNÖKI FEJLESZTŐ ÉS SZOLGÁLTATÓ KFT.,https://www.profession.hu/allas/rendszertervezo-progen-mernoki-fejleszto-es-szolgaltato-kft-budapest-2828626?sessionId=ed7061b1d89e7c95ce70868e0e3baa03,2026-03-04,2026-03-14,False,Budapest,,,Középiskola,,"SQL, UML, BPMN",Hybrid,Full-time,1-3 years
2828540,DWH & BI Specialist,One Magyarország Zrt.,https://www.profession.hu/allas/dwh-bi-specialist-one-magyarorszag-zrt-budapest-2828540?sessionId=ed7061b1d89e7c95ce70868e0e3baa03,2026-03-04,2026-03-14,False,Budapest,,English: B2,Bachelor,"Oracle, Power BI",MS Office,Hybrid,Full-time,1-3 years
2824003,Full Stack PHP Developer,Hire-One Kft.,https://www.profession.hu/allas/full-stack-php-developer-hire-one-kft-tata-2824003?sessionId=ed7061b1d89e7c95ce70868e0e3baa03,2026-03-04,2026-03-08,False,Tata,,,Főiskola,"PHP, JavaScript","ERP, CRM, JAVASCRIPT, HTML5, CSS3, SQL, LINUX, AGILIS",Hybrid,Full-time,1-3 years
2836409,System Analyst,Szerencsejáték Zrt.,https://www.profession.hu/allas/system-analyst-szerencsejatek-zrt-budapest-2836409?sessionId=ed7061b1d89e7c95ce70868e0e3baa03,2026-03-04,2026-03-25,True,Budapest,,English: B2,Főiskola,,"Atlassian JIRA, JIRA Automation, JIRA Query Language (JQL), Confluence, Microsoft O365, M365, BPMN eszközök (DrawIO, Visio), MsSQL, Oracle SQL, Azure DevOps, Microsoft Power Platform",On-site,Full-time,3-5 years
2829546,Senior PHP fejlesztő,Oktatási Hivatal,https://www.profession.hu/allas/senior-php-fejleszto-oktatasi-hivatal-budapest-2829546?sessionId=ed7061b1d89e7c95ce70868e0e3baa03,2026-03-04,2026-03-14,False,Budapest,,,Középiskola,"PHP, JavaScript, TypeScript","Laravel, Vue3, Git, PHPUnit, PHP Code Sniffer, PHPStan, PHP Mess Detector",Teljes munkaidő,Határozatlan idejű,5+ years
2832953,Webfejlesztő,Medicare Zrt.,https://www.profession.hu/allas/webfejleszto-medicare-zrt-budapest-2832953?sessionId=ed7061b1d89e7c95ce70868e0e3baa03,2026-03-04,2026-03-20,False,"Budapest, XIII. kerület",,,Középiskola,WordPress,"Analitikai eszközök, Egyedi pluginok",On-site,Full-time,3-5 years
2824080,Senior Java fejlesztő,MagNet Bank Zrt.,https://www.profession.hu/allas/senior-java-fejleszto-magnet-bank-zrt-budapest-2824080?sessionId=ed7061b1d89e7c95ce70868e0e3baa03,2026-03-04,2026-03-08,False,Budapest,,,Bachelor,Java,"Maven, Jenkins, IntelliJ IDEA, Git, PostgreSQL, Easy Redmine",Hybrid,Full-time,5+ years
2830705,Senior IT manuális tesztelő,BECK AND PARTNERS Kft.,https://www.profession.hu/allas/senior-it-manualis-tesztelo-beck-and-partners-kft-vac-2830705?sessionId=ed7061b1d89e7c95ce70868e0e3baa03,2026-03-04,2026-03-11,False,Budapest,,,Középiskola,,"API, POSTMAN, SQL, ORACLE, AZURE CLOUD, BACKEND, JIRA",Hybrid,Full-time,5+ years
2830403,Full Stack Java Fejlesztő,BECK AND PARTNERS Kft.,https://www.profession.hu/allas/full-stack-java-fejleszto-beck-and-partners-kft-budapest-2830403?sessionId=ed7061b1d89e7c95ce70868e0e3baa03,2026-03-04,2026-03-14,False,Budapest,,English: B2,Bachelor,"Java, Spring, SQL, Angular, Python","AWS, Docker, Kubernetes, JUnit, Mockito, REST, SOAP API-k, Messaging (SNS, SQS, Kafka)",On-site,Full-time,5+ years
2827681,IT mérnök,Pannonjob Kft.,https://www.profession.hu/allas/it-mernok-pannonjob-kft-miskolc-2827681?sessionId=ed7061b1d89e7c95ce70868e0e3baa03,2026-03-04,2026-03-13,False,"Miskolc, Csanyikvölgy",,"Magyar: Magas szintű, Angol: Magas szintű",Főiskola,,"LAN WAN VPN, OPERÁCIÓS RENDSZEREK WINDOWS, VMWARE CLOUD AZURE AWS, IT BIZTONSÁG, POWERSHELL, ITIL, SERVICENOW, HÁLÓZATI ISMERETEK AUTOMATIZÁLÁS AGILIS CCNA",On-site,Full-time,1-3 years
2830596,DevOps Engineer (mid-level / senior),Trenkwalder,https://www.profession.hu/allas/devops-engineer-mid-level-senior-trenkwalder-2830596?sessionId=ed7061b1d89e7c95ce70868e0e3baa03,2026-03-04,2026-03-14,False,Budapest,,English: B2,Bachelor,,"DevOPS, CLOUD, DOCKER, AWS, AZURE, POSTGRESQL, GitHub Actions, Helm, Terraform, Kubernetes, Prometheus, Grafana, Datadog",Hybrid,Full-time,3-5 years
2823523,Java Full Stack Developer,thyssenkrupp Components Technology Hungary Kft.,https://www.profession.hu/allas/java-full-stack-developer-thyssenkrupp-components-technology-hungary-kft-2823523?sessionId=ed7061b1d89e7c95ce70868e0e3baa03,2026-03-04,2026-03-07,False,Budapest,,English: C2,Bachelor,"Java, Vue.js, React","DevOps, GitLab, CI/CD pipelines",On-site,Full-time,5+ years
2830974,IT gyakornok,Fürge Diák Iskolaszövetkezet,https://www.profession.hu/allas/it-gyakornok-furge-diak-iskolaszovetkezet-budapest-2830974?sessionId=ed7061b1d89e7c95ce70868e0e3baa03,2026-03-04,2026-03-16,False,Budapest,2175 Ft/óra brutto,English: B1,Cégtagozat,,SAP,Home-Office,Full-time,0-1 years
2827555,SAP Lead Developer (26000325),MOL IT & DIGITAL GBS KFT.,https://www.profession.hu/allas/sap-lead-developer-mol-it-digital-gbs-kft-budapest-2827555?sessionId=ed7061b1d89e7c95ce70868e0e3baa03,2026-03-04,2026-03-13,False,Budapest,,English: B2,Bachelor,,,Hybrid,Full-time,5+ years
2827454,Test Method Specialist,COLOPLAST Hungary Kft.,https://www.profession.hu/allas/test-method-specialist-coloplast-hungary-kft-tatabanya-2827454?sessionId=ed7061b1d89e7c95ce70868e0e3baa03,2026-03-04,2026-03-13,False,Tatabánya,,English: C2,Master,,,On-site,Full-time,1-3 years
2830926,BI elemző gyakornok,Fürge Diák Iskolaszövetkezet,https://www.profession.hu/allas/bi-elemzo-gyakornok-furge-diak-iskolaszovetkezet-budapest-2830926?sessionId=ed7061b1d89e7c95ce70868e0e3baa03,2026-03-04,2026-03-16,False,Budapest,2175 Ft/óra bruttó,"English: B1, Hungarian: Native",Középiskola,"Python, SQL, Excel","Pandas, BI, Snowflake, SSMS, Streamlit",Home-Office,Half-time,
2827587,Rendszerszervező,ITware Kft.,https://www.profession.hu/allas/rendszerszervezo-itware-kft-budapest-2827587?sessionId=ed7061b1d89e7c95ce70868e0e3baa03,2026-03-04,2026-03-13,False,Budapest,,English: B2,Főiskola,,,Hibrid,Full-time,5+ years
2826009,IT Release Manager (Circular economy),MOL IT & DIGITAL GBS KFT.,https://www.profession.hu/allas/it-release-manager-circular-economy-mol-it-digital-gbs-kft-budapest-2826009?sessionId=ed7061b1d89e7c95ce70868e0e3baa03,2026-03-04,2026-03-18,False,Budapest,,"English: B2, Hungarian: Native",Bachelor,,"Azure DevOps, Confluence",Hybrid,Full-time,5+ years
2823321,Rendszerszervező,ULYSSYS Kft.,https://www.profession.hu/allas/rendszerszervezo-ulyssys-kft-budapest-2823321?sessionId=ed7061b1d89e7c95ce70868e0e3baa03,2026-03-04,2026-03-07,False,Budapest,,,Főiskola,SQL,Jira,Hibrid,Teljes munkaidő,1-3 év tapasztalat
2823205,Junior/medior IT Business Analyst - supporting Wholesale business field,MOL IT & Digital GBS Kft.,https://www.profession.hu/allas/junior-medior-it-business-analyst-supporting-wholesale-business-field-mol-it-digital-gbs-kft-budapest-2823205?sessionId=ed7061b1d89e7c95ce70868e0e3baa03,2026-03-04,2026-03-07,False,Budapest,,"English: C2, Hungarian: C1",Bachelor,,"MS Office, SAP, SAP Solution Manager, Azure DevOps, ERP/CRM systems (Salesforce), Test management tools",Home-Office,Full-time,1-3 years
2826322,Solution Architect,4iG Informatikai Zrt.,https://www.profession.hu/allas/solution-architect-ig-informatikai-zrt-budapest-2826322?sessionId=ed7061b1d89e7c95ce70868e0e3baa03,2026-03-04,2026-03-13,False,Budapest,,English: B2,Bachelor,,"SAP S/4HANA, Kyriba, Accelya, Skymetrix, Navitaire, Dynamics AX, Microsoft Azure, Azure SQL, SQL Server",On-site,Full-time,5+ years
2830492,Szoftverfejlesztő (C++/C#),DanubiSoft Kft.,https://www.profession.hu/allas/szoftverfejleszto-c-c-danubisoft-kft-2830492?sessionId=ed7061b1d89e7c95ce70868e0e3baa03,2026-03-04,2026-03-16,False,Budapest,,English: B2,Bachelor,"C++, C#, Git, SQL, POSTGRESQL, XML, JSON, .NET 6+, REST, Blazor wasm, Xamarin forms, AI","ERP, PPS/MRP/APS, Agile Scrum, Kanban, Jenkins",On-site,Full-time,1-3 years
2838178,Senior Service Designer,Lechner Nonprofit Kft.,https://www.profession.hu/allas/senior-service-designer-lechner-nonprofit-kft-budapest-2838178/pro?sessionId=ed7061b1d89e7c95ce70868e0e3baa03,2026-03-04,2026-03-25,True,Budapest,,,Bachelor,,IOS,Hybrid,Full-time,5+ years
2831702,Intermediate .NET Developer,Tata Consultancy Services Limited,https://www.profession.hu/allas/intermediate-net-developer-tata-consultancy-services-limited-budapest-2831702?sessionId=ed7061b1d89e7c95ce70868e0e3baa03,2026-03-04,2026-03-18,False,Budapest,,English: C2,Középiskola,".NET 6+, C#","Clean Architecture principles, MediatR or equivalent, Azure App Services, Azure Functions, Git repositories (Bitbucket or GitHub), Azure API Management, Terraform",Hybrid,Full-time,3-5 years
2830912,Informatikai projektvezető,Új Világ Nonprofit Szolgáltató Kft.,https://www.profession.hu/allas/informatikai-projektvezeto-uj-vilag-nonprofit-szolgaltato-kft-2830912?sessionId=ed7061b1d89e7c95ce70868e0e3baa03,2026-03-04,2026-03-18,False,Budapest,,,Felsőfokú iskolai végzettség műszaki/gazdasági területen vagy szakirányú felsőfokú képesítés,,,Home Office lehetőség (hibrid munkavégzés),Full-time,5+ years
2827661,Medior Backend Java fejlesztő,NRGmap Kft.,https://www.profession.hu/allas/medior-backend-java-fejleszto-nrgmap-kft-budapest-2827661?sessionId=ed7061b1d89e7c95ce70868e0e3baa03,2026-03-04,2026-03-13,False,Budapest,,English: B2,Bachelor,Java,"Spring / Spring Boot, Git, Docker, Kubernetes, CI/CD pipeline, Spring Security, OAuth2, JWT",Hybrid,Full-time,3-5 years
2826310,Senior Apex Fejlesztő,4iG Informatikai Zrt.,https://www.profession.hu/allas/senior-apex-fejleszto-ig-informatikai-zrt-budapest-2826310?sessionId=ed7061b1d89e7c95ce70868e0e3baa03,2026-03-04,2026-03-13,False,Budapest,,English: B2,Bachelor,"PL/SQL, JavaScript","Oracle APEX, PL/SQL, JavaScript",On-site,Full-time,5-10 years
2828665,Business Systems Analyst,Ivy Technology AMS Hungary Kft.,https://www.profession.hu/allas/business-systems-analyst-ivy-technology-ams-hungary-kft-szombathely-2828665?sessionId=ed7061b1d89e7c95ce70868e0e3baa03,2026-03-04,2026-03-16,False,Szombathely,,English: B2,Bachelor,Java,"Oracle PL/SQL, SolarWinds",On-site,Full-time,3-5 years
2823412,Technical Lead,Jubosys Kft.,https://www.profession.hu/allas/technical-lead-jubosys-kft-2823412?sessionId=ed7061b1d89e7c95ce70868e0e3baa03,2026-03-04,2026-03-07,False,,"Br. 1,4M - 2,4M Ft havi bér","English: B1, Hungarian: B1",Bachelor,"Java, Go, Golang, Docker, Linux",,Remote/hibrid,Full-time,3-5 years
2832024,Senior Data Analyst - Business Insights,Computacenter Services Kft.,https://www.profession.hu/allas/senior-data-analyst-business-insights-computacenter-services-kft-budapest-2832024?sessionId=ed7061b1d89e7c95ce70868e0e3baa03,2026-03-04,2026-03-18,False,Budapest,,"English: C1, German: B2, French: B2",Bachelor,"Excel, Power BI, SQL","Power Automate, Power Apps, Power Platform, Copilot",Hybrid,Full-time,3-5 years
2831264,Informatikai gyakornok - Digitalizációs terület,Fürge Diák Iskolaszövetkezet,https://www.profession.hu/allas/informatikai-gyakornok-digitalizacios-terulet-furge-diak-iskolaszovetkezet-szombathely-2831264?sessionId=ed7061b1d89e7c95ce70868e0e3baa03,2026-03-04,2026-03-16,False,Szombathely,,English: B2,Középiskola,,"Excel, Power BI, SAP, SharePoint",Full-time,Full-time,1-3 years
2826299,Senior Linux Rendszermérnök,4iG Informatikai Zrt.,https://www.profession.hu/allas/senior-linux-rendszermernok-ig-informatikai-zrt-budapest-2826299?sessionId=ed7061b1d89e7c95ce70868e0e3baa03,2026-03-04,2026-03-13,False,Budapest,,English: B2,Bachelor,"Python, JavaScript","Red Hat, SuSE, Debian, Jenkins, Ansible, GitLab, Vault, Image Registry, Kubernetes, Zabbix, Azure, AWS, Google felhő szolgáltatások, IoT megoldások",On-site,Full-time,3-5 years
2823195,Senior Full-Stack szoftverfejlesztő,PHARMAROAD Zrt.,https://www.profession.hu/allas/senior-full-stack-szoftverfejleszto-pharmaroad-zrt-budapest-2823195?sessionId=ed7061b1d89e7c95ce70868e0e3baa03,2026-03-04,2026-03-07,False,Budapest,,English: B2,Főiskola,"C#, .NET, Angular","Git, MSSQL, T-SQL, Azure DevOps, WPF, Azure Cloud, Azure Data Factory",Hibrid,Full-time,5+ years
2823192,IT rendszerszervező,HMSoft Zrt.,https://www.profession.hu/allas/it-rendszerszervezo-hmsoft-zrt-budapest-2823192?sessionId=ed7061b1d89e7c95ce70868e0e3baa03,2026-03-04,2026-03-07,False,Budapest,,English: B1,High School with Diploma,,"JIRA, UML, SQL",Full-time,Full-time,1-3 years
2827705,Tesztautomatizáló mérnök,LIGHTWARE Zrt.,https://www.profession.hu/allas/tesztautomatizalo-mernok-lightware-zrt-budapest-2827705?sessionId=ed7061b1d89e7c95ce70868e0e3baa03,2026-03-04,2026-03-13,False,Budapest,,English: B2,Középiskola,"Python, JavaScript","Git, Backend, SVN, Maven",Rugalmas munkaidő,Teljes munkaidő,5-10 év tapasztalat
2827564,ERP Cyber Security Assurance Analyst,MOL IT & DIGITAL GBS KFT.,https://www.profession.hu/allas/erp-cyber-security-assurance-analyst-mol-it-digital-gbs-kft-budapest-2827564?sessionId=ed7061b1d89e7c95ce70868e0e3baa03,2026-03-04,2026-03-13,False,Budapest,,English: B2,Bachelor,,,Hybrid,Full-time,3-5 years
2823497,Junior Security Provisioning Analyst [BÉ-APA26],Focus Consulting Kft.,https://www.profession.hu/allas/junior-security-provisioning-analyst-be-apa-focus-consulting-kft-budapest-2823497?sessionId=ed7061b1d89e7c95ce70868e0e3baa03,2026-03-04,2026-03-07,False,Budapest,,English: C2,Bachelor,,,Hybrid,Full-time,1-3 years
2832042,Programozó,SZAKÁL-MET-AL Zrt.,https://www.profession.hu/allas/programozo-szakal-met-al-zrt-budaors-2832042?sessionId=ed7061b1d89e7c95ce70868e0e3baa03,2026-03-04,2026-03-18,False,Budaörs,,English: A2,Bachelor,Java,,Rugalmas munkaidő,Teljes munkaidő,1-3 years
2822362,Data Analytics Engineer (remote),Profession Services,https://www.profession.hu/allas/data-analytics-engineer-remote-profession-services-2822362/pro?sessionId=ed7061b1d89e7c95ce70868e0e3baa03,2026-03-04,2026-03-05,False,,,English: C2,Bachelor,"SQL, Python, Power BI, Git","Microsoft Fabric, dbt, SAP ECC / S4HANA, Oracle EBS, ERP, Salesforce, Finance, HR, Manufacturing, Agile, DevOps",Fully remote,Full-time,3-5 years
2830931,Cloud Platform Trainee,Fürge Diák Iskolaszövetkezet,https://www.profession.hu/allas/cloud-platform-trainee-furge-diak-iskolaszovetkezet-budapest-2830931?sessionId=ed7061b1d89e7c95ce70868e0e3baa03,2026-03-04,2026-03-16,False,Budapest,2175 Ft/óra brutto,English: B2,,Programozási és hálózati ismeret,"CLOUD AZURE, AUTOMATIZÁLÁS",Home office,Full-time,1-3 years
2830673,Senior IT business analyst,PROFESSION SERVICES,https://www.profession.hu/allas/senior-it-business-analyst-profession-services-budapest-2830673/pro?sessionId=ed7061b1d89e7c95ce70868e0e3baa03,2026-03-04,2026-03-16,False,Budapest,,English: B2,Bachelor,,,Hybrid,Full-time,5+ years
2830375,C# Fejlesztő Gyakornok,Fürge Diák Iskolaszövetkezet,https://www.profession.hu/allas/c-fejleszto-gyakornok-furge-diak-iskolaszovetkezet-debrecen-2830375?sessionId=ed7061b1d89e7c95ce70868e0e3baa03,2026-03-04,2026-03-16,False,Debrecen,,English: A2,Bachelor,C#,"WPF, MSSQL, Excel, SAP",On-site,Full-time,1-3 years
2827639,Medior Frontend fejlesztő,NRGmap Kft.,https://www.profession.hu/allas/medior-frontend-fejleszto-nrgmap-kft-budapest-2827639?sessionId=ed7061b1d89e7c95ce70868e0e3baa03,2026-03-04,2026-03-13,False,Budapest,,English: B2,Bachelor,"Vue.js, React, JavaScript (ES6+)","HTML5, CSS3 (or SCSS), REST API, Git, Redux, Cypress",Hybrid,Full-time,3-5 years
2822323,IT Audit Manager,,https://www.profession.hu/allas/it-audit-manager-2822323?sessionId=ed7061b1d89e7c95ce70868e0e3baa03,2026-03-04,2026-03-05,False,Budapest,,"English: C2, Hungarian: C1",Bachelor,,Laptop,Hybrid,Full-time,5+ years
2827684,Szoftverfejlesztő,PRINTNET Kft.,https://www.profession.hu/allas/szoftverfejleszto-printnet-kft-budapest-2827684?sessionId=ed7061b1d89e7c95ce70868e0e3baa03,2026-03-04,2026-03-13,False,Budapest,,English: B1,Bachelor,"C#, .NET Core, JavaScript, CSS, HTML5","MSSQL, Entity Framework, Blazor, Oracle PL/SQL, Microsoft SQL Server, MySQL",Hybrid,Full-time,1-3 years
2842016,Global HR Technology Architect,Alcoa Shared Services Hungary Kft.,https://www.profession.hu/allas/global-hr-technology-architect-alcoa-shared-services-hungary-kft-2842016?sessionId=ed7061b1d89e7c95ce70868e0e3baa03,2026-03-04,2026-03-25,True,,,English: C2,Bachelor,,"Microsoft Office 365, Workday, Security Testing, ACCESS, Cloud, Project Management",Hybrid,Full-time,3-5 years
2842013,Senior Developer (contractor),Alcoa Shared Services Hungary Kft.,https://www.profession.hu/allas/senior-developer-contractor-alcoa-shared-services-hungary-kft-2842013?sessionId=ed7061b1d89e7c95ce70868e0e3baa03,2026-03-04,2026-03-25,True,,,English: B2,Bachelor,"C#, .NET, SQL, Blazor, JavaScript, CSS","MES, OSIsoft PI, Data Warehouse, EBS, LIMS, PLCs",,Full-time,5+ years
2842012,Salesforce Digital Consultant,Alcoa Shared Services Hungary Kft.,https://www.profession.hu/allas/salesforce-digital-consultant-alcoa-shared-services-hungary-kft-2842012?sessionId=ed7061b1d89e7c95ce70868e0e3baa03,2026-03-04,2026-03-25,True,,,"English: B2, French: B1, Spanish: B1, Portuguese: B1, Norwegian: B1, Icelandic: B1",Bachelor,,Salesforce,On-site with home office,Full-time,5+ years
2841598,Tesztmérnök Gyakornok (eBike fejlesztési területre - RBHM),Robert Bosch Energy and Body Systems,https://www.profession.hu/allas/tesztmernok-gyakornok-ebike-fejlesztesi-teruletre-rbhm-robert-bosch-energy-and-body-systems-miskolc-2841598?sessionId=ed7061b1d89e7c95ce70868e0e3baa03,2026-03-04,2026-03-25,True,Miskolc,,English: A2,Secondary School with Diploma,,,Flexible working hours – adjusted to fit into your schedule,Part-time,
2841611,IT projektmenedzser,SENSO-MEDIA Zrt.,https://www.profession.hu/allas/it-projektmenedzser-senso-media-zrt-budapest-2841611?sessionId=ed7061b1d89e7c95ce70868e0e3baa03,2026-03-04,2026-03-25,True,Budapest,,"English: B2, Hungarian: Native",Bachelor,,,On-site with home office,Full-time,5+ years
2841593,Építésvezető (külföldi munkavégzésre),Körös-Consult Zrt.,https://www.profession.hu/allas/epitesvezeto-kulfoldi-munkavegzesre-koros-consult-zrt-budapest-2841593?sessionId=ed7061b1d89e7c95ce70868e0e3baa03,2026-03-04,2026-03-25,True,Budapest,,English: B2,Bachelor,,,On-site,Full-time,1-3 years
2841507,Frontend fejlesztő – Juniorból Mediorba (Full Remote),United Call Centers Kft.,https://www.profession.hu/allas/frontend-fejleszto-juniorbol-mediorba-full-remote-united-call-centers-kft-2841507?sessionId=ed7061b1d89e7c95ce70868e0e3baa03,2026-03-04,2026-03-25,True,,,English: B2,High School with Diploma,"JavaScript, Vue, React, Angular, Svelte",Laptop,Home-Office,Full-time,1-3 years
2841489,Backend fejlesztő – Juniorból Mediorba (Full Remote),United Call Centers Kft.,https://www.profession.hu/allas/backend-fejleszto-juniorbol-mediorba-full-remote-united-call-centers-kft-2841489?sessionId=ed7061b1d89e7c95ce70868e0e3baa03,2026-03-04,2026-03-25,True,,,English: B1,,"PHP, Laravel, Symfony, Yii, CodeIgniter","Git, Linux, API",Home-Office,Full-time,1-3 years
2841463,IT Compliance & Governance Gyakornoki program – Székesfehérvár - Diákmunka,PannonDiák,https://www.profession.hu/allas/it-compliance-governance-gyakornoki-program-szekesfehervar-diakmunka-pannondiak-szekesfehervar-2841463?sessionId=ed7061b1d89e7c95ce70868e0e3baa03,2026-03-04,2026-03-25,True,Székesfehérvár,,English: B2,Bachelor,,Laptop,Hybrid,Short-term,0-1 years
2841462,IT támogatási gyakornoki program – Székesfehérvár - Diákmunka,PannonDiák,https://www.profession.hu/allas/it-tamogatasi-gyakornoki-program-szekesfehervar-diakmunka-pannondiak-szekesfehervar-2841462?sessionId=ed7061b1d89e7c95ce70868e0e3baa03,2026-03-04,2026-03-25,True,Székesfehérvár,,English: B2,Középiskola,,Laptop,Home-Office,Half-time,0-1 years
2841459,UX / Service Design gyakornok - Székesfehérvár - Diákmunka,PannonDiák,https://www.profession.hu/allas/ux-service-design-gyakornok-szekesfehervar-diakmunka-pannondiak-szekesfehervar-2841459?sessionId=ed7061b1d89e7c95ce70868e0e3baa03,2026-03-04,2026-03-25,True,Székesfehérvár,,English: B2,Bachelor,,"Miro, Figma",Home-Office,Full-time,1-3 years
2841458,Digital & Data Gyakornoki Program – Székesfehérvár - Diákmunka,PannonDiák,https://www.profession.hu/allas/digital-data-gyakornoki-program-szekesfehervar-diakmunka-pannondiak-szekesfehervar-2841458?sessionId=ed7061b1d89e7c95ce70868e0e3baa03,2026-03-04,2026-03-25,True,Székesfehérvár,,English: B2,Bachelor,,"BI CLOUD, Laptop",Home-Office,Full-time,0-1 years
2841443,SENIOR/MEDIOR IT SW PROJECT MANAGER - (GYKI2),Tech People Hungary Kft.,https://www.profession.hu/allas/senior-medior-it-sw-project-manager-gyki-tech-people-hungary-kft-budapest-2841443?sessionId=ed7061b1d89e7c95ce70868e0e3baa03,2026-03-04,2026-03-25,True,"Budapest, IX. kerület",,English: B2,Bachelor,,"MS PROJECT, AGILIS, PMP, JIRA",Hybrid,Full-time,3-5 years
2841268,Rendszerszervező,"Magyar Agrár-, Élelmiszergazdasági és",https://www.profession.hu/allas/rendszerszervezo-magyar-agrar-elelmiszergazdasagi-es-budapest-2841268?sessionId=ed7061b1d89e7c95ce70868e0e3baa03,2026-03-04,2026-03-25,True,"Budapest, XI. kerület",,,Főiskola,,,On-site,Full-time,1-3 years
2841270,Belső Fejlesztő,Masterplast Nyrt.,https://www.profession.hu/allas/belso-fejleszto-masterplast-nyrt-sarszentmihaly-2841270?sessionId=ed7061b1d89e7c95ce70868e0e3baa03,2026-03-04,2026-03-25,True,Sárszentmihály,,English: B1,Bachelor,"Python, JavaScript, VBA","Power Apps/Low-code, REST API, BI eszközök (Targit, Power BI), GitHub, PostgreSQL / TimescaleDB, AI-támogatott fejlesztés (Copilot, ChatGPT), MS Dynamics AX 2009 vagy 2012, ERP / CMMS / CRM / MES rendszer",On-site,Full-time,1-3 years
2841264,Frissdiplomás projekt koordinátor,MVM Next Energiakereskedelmi Zrt.,https://www.profession.hu/allas/frissdiplomas-projekt-koordinator-mvm-next-energiakereskedelmi-zrt-budapest-2841264?sessionId=ed7061b1d89e7c95ce70868e0e3baa03,2026-03-04,2026-03-25,True,Budapest,,,Bachelor,,"MS Office, SAP",On-site,Full-time,0-1 years
2841263,Senior IT projektmenedzser,MVM Informatika Zrt.,https://www.profession.hu/allas/senior-it-projektmenedzser-mvm-informatika-zrt-szeged-2841263?sessionId=ed7061b1d89e7c95ce70868e0e3baa03,2026-03-04,2026-03-25,True,Szeged,,English: B2,Bachelor,,"VISIO, AZURE, DEVOPS, LINUX, WINDOWS, BI, AGILIS, PMP, MS PROJECT, SERVICENOW, SAP, CRM",Full-time,Full-time,3-5 years
2840722,Solution architect,Richter Gedeon Nyrt.,https://www.profession.hu/allas/solution-architect-richter-gedeon-nyrt-budapest-2840722?sessionId=ed7061b1d89e7c95ce70868e0e3baa03,2026-03-04,2026-03-25,True,Budapest,,English: B2,Bachelor,,,On-site,Full-time,5+ years
2825935,Medior tesztelő,MVM Ügyfélkapcsolati Kft.,https://www.profession.hu/allas/medior-tesztelo-mvm-ugyfelkapcsolati-kft-budapest-2825935?sessionId=ed7061b1d89e7c95ce70868e0e3baa03,2026-03-04,2026-03-09,False,Budapest II. kerület,,English: B1,Bachelor,,"ISTQB, ANDROID, IOS, AZURE DEVOPS",On-site,Full-time,3-5 years
2822589,"Java Architect / Mentor (Microservices, Spring Boot, Kubernetes)",Nova HR,https://www.profession.hu/allas/java-architect-mentor-microservices-spring-boot-kubernetes-nova-hr-budapest-2822589?sessionId=ed7061b1d89e7c95ce70868e0e3baa03,2026-03-04,2026-03-05,False,Budapest,,English: B1,Középiskola,"Java, Spring Boot, Kubernetes, Liquibase","Oracle, SQL, Agilis microservices, Spring boot, Kubernetes, Liquibase",Hybrid,Full-time,5+ years
2825934,Senior tesztelő,MVM Ügyfélkapcsolati Kft.,https://www.profession.hu/allas/senior-tesztelo-mvm-ugyfelkapcsolati-kft-budapest-2825934?sessionId=ed7061b1d89e7c95ce70868e0e3baa03,2026-03-04,2026-03-09,False,Budapest,,English: B1,Főiskola,,"ISTQB, DEVOPS, ANDROID, IOS, AZURE",On-site,Full-time,5-8 years
2826264,Senior üzleti adattárház fejlesztő és architekt szakértő,MVM Next Energiakereskedelmi Zrt.,https://www.profession.hu/allas/senior-uzleti-adattarhaz-fejleszto-es-architekt-szakerto-mvm-next-energiakereskedelmi-zrt-budapest-2826264?sessionId=ed7061b1d89e7c95ce70868e0e3baa03,2026-03-04,2026-03-08,False,Budapest,,,Főiskola,,"ADATTÁRHÁZ, BI, SQL",On-site,Full-time,5-10 év tapasztalat
2822668,Application specialist,Cloud Network Technology Kft.,https://www.profession.hu/allas/application-specialist-cloud-network-technology-kft-komarom-2822668?sessionId=ed7061b1d89e7c95ce70868e0e3baa03,2026-03-04,2026-03-05,False,Komárom,,,Középiskola,SQL,,Általános munkarend,Teljes munkaidő,1-3 év tapasztalat
2826263,Senior üzleti adattárház fejlesztési szakértő,MVM Next Energiakereskedelmi Zrt.,https://www.profession.hu/allas/senior-uzleti-adattarhaz-fejlesztesi-szakerto-mvm-next-energiakereskedelmi-zrt-budapest-2826263?sessionId=ed7061b1d89e7c95ce70868e0e3baa03,2026-03-04,2026-03-10,False,Budapest,,,Főiskola,"SQL, Power BI","BI, SQL, POWER BI",Általános munkarend,Teljes munkaidő,5-10 év tapasztalat
2826106,SAP Business Analyst,Cloud Network Technology Kft.,https://www.profession.hu/allas/sap-business-analyst-cloud-network-technology-kft-komarom-2826106?sessionId=ed7061b1d89e7c95ce70868e0e3baa03,2026-03-04,2026-03-11,False,Komárom,,"English: B2, Hungarian: Native",Középiskola,ABAP,"SAP ASSEMBLY, ABAP, S/4 Hana",On-site,Full-time,1-3 years
2826512,Projekt koordinátor,Nemzeti Élelmiszerlánc-Biztonsági Hivatal,https://www.profession.hu/allas/projekt-koordinator-nemzeti-elelmiszerlanc-biztonsagi-hivatal-budapest-2826512?sessionId=ed7061b1d89e7c95ce70868e0e3baa03,2026-03-04,2026-03-11,False,Budapest,,,Bachelor,,"MS OFFICE WORD, OUTLOOK, EXCEL, JIRA",On-site,Full-time,1-3 years
2826257,DataStore Rendszerüzemeltető,Alfa Vienna Insurance Group Biztosító Zrt.,https://www.profession.hu/allas/datastore-rendszeruzemelteto-alfa-vienna-insurance-group-biztosito-zrt-budapest-2826257?sessionId=ed7061b1d89e7c95ce70868e0e3baa03,2026-03-04,2026-03-11,False,Budapest,,"English: B1, Hungarian: C1",Bachelor,PL/SQL,"Oracle SQL, Oracle APEX",Hybrid,Full-time,3-5 years
2826090,Oracle adatbázis üzemeltető,MBH Bank Nyrt.,https://www.profession.hu/allas/oracle-adatbazis-uzemelteto-mbh-bank-nyrt-2826090?sessionId=ed7061b1d89e7c95ce70868e0e3baa03,2026-03-04,2026-03-11,False,Budapest,,English: B2,Főiskola,,"Oracle Cloud, ITIL, Agilis",Hybrid,Full-time,1-3 years
2826497,Medior IT tesztelő,MVM Informatika Zrt.,https://www.profession.hu/allas/medior-it-tesztelo-mvm-informatika-zrt-paks-2826497?sessionId=ed7061b1d89e7c95ce70868e0e3baa03,2026-03-04,2026-03-08,False,Paks,,English: A2,Bachelor,,"MS-Word, MS-Excel, MS-PowerPoint, MS-Outlook, MS-Project, Azure DevOps, Postman",On-site,Full-time,3-5 years
2826388,Dynamics AX / D365 Finance & Operations Developer,Futureal Shared Services Partnership,https://www.profession.hu/allas/dynamics-ax-d-finance-operations-developer-futureal-shared-services-partnership-budapest-2826388?sessionId=ed7061b1d89e7c95ce70868e0e3baa03,2026-03-04,2026-03-11,False,Budapest,,English: B2,Bachelor,X++,"DYNAMICS, MS standard functions, D365 F&O",Hybrid,Full-time,3-5 years
2822480,Meteorológiai fejlesztő - rádiószonda,HungaroMet Nonprofit Zrt.,https://www.profession.hu/allas/meteorologiai-fejleszto-radioszonda-hungaromet-nonprofit-zrt-budapest-2822480?sessionId=ed7061b1d89e7c95ce70868e0e3baa03,2026-03-04,2026-03-05,False,Budapest,,English: B2,Bachelor,"C, C++, Python, PHP, Java","UNIX/Linux, Shell, NetCDF, BUFR",Full-time,Short-term,
2826227,Product Owner,MOHU MOL Hulladékgazdálkodási Zrt.,https://www.profession.hu/allas/product-owner-mohu-mol-hulladekgazdalkodasi-zrt-budapest-2826227?sessionId=ed7061b1d89e7c95ce70868e0e3baa03,2026-03-04,2026-03-11,False,Budapest,,English: C1,Bachelor,,"JIRA, Confluence",On-site,Full-time,3-5 years
2823567,Junior Azure Cloud Operations Engineer/Cloud Intern,Getronics Global Service Centre,https://www.profession.hu/allas/junior-azure-cloud-operations-engineer-cloud-intern-getronics-global-service-centre-budapest-2823567?sessionId=ed7061b1d89e7c95ce70868e0e3baa03,2026-03-04,2026-03-05,False,Budapest,,English: B2,Bachelor,"Python, PowerShell, Bash","Azure DevOps, PowerShell, ARM templates, Terraform",Hybrid,Full-time,Pályakezdő/friss diplomás
2822677,Devops mérnök,Multi Alarm Zrt.,https://www.profession.hu/allas/devops-mernok-multi-alarm-zrt-2822677?sessionId=ed7061b1d89e7c95ce70868e0e3baa03,2026-03-04,2026-03-05,False,,,English: B1,Főiskola,"Python, C","Ansible, PostgreSQL, DevOps, Linux, Debian, Self-hosted GitLab, Zabbix",Home-Office,Full-time,5+ years
2822672,Adatbázis adminisztrátor (DBA),Multi Alarm Zrt.,https://www.profession.hu/allas/adatbazis-adminisztrator-dba-multi-alarm-zrt-2822672?sessionId=ed7061b1d89e7c95ce70868e0e3baa03,2026-03-04,2026-03-05,False,,,English: B1,Bachelor,"Python, C, PostgreSQL, SQL, NOSQL, LINUX, MSSQL, MongoDB","MYSQL, POSTGRESQL, LINUX, MSSQL, C, PYTHON, POSTGIS, MONGODB",Home-Office,Full-time,3-5 years
2824377,Global IT Category Manager,Louis Dreyfus Company Hungary Kft.,https://www.profession.hu/allas/global-it-category-manager-louis-dreyfus-company-hungary-kft-budapest-2824377?sessionId=ed7061b1d89e7c95ce70868e0e3baa03,2026-03-04,2026-03-11,False,Budapest,,"English: C2, French: B2, German: B2, Portuguese: B2, Spanish: B2",Master,,"SAP (S4, Ariba), M-Files, Docusign, ERP, eProcurement solution (SAP Ariba), Contract Management tool",On-site,Full-time,5+ years
2822573,Meteorológiai fejlesztő - adatelemző,HungaroMet Nonprofit Zrt.,https://www.profession.hu/allas/meteorologiai-fejleszto-adatelemzo-hungaromet-nonprofit-zrt-budapest-2822573?sessionId=ed7061b1d89e7c95ce70868e0e3baa03,2026-03-04,2026-03-05,False,Budapest,,English: B2,Bachelor,"C, C++, Python, PHP","UNIX/Linux, Shell",On-site,Full-time,
2822347,Early Talent Program-Engineering,Coca-Cola HBC Magyarország Kft.,https://www.profession.hu/allas/early-talent-program-engineering-coca-cola-hbc-magyarorszag-kft-dunaharaszti-2822347?sessionId=ed7061b1d89e7c95ce70868e0e3baa03,2026-03-04,2026-03-05,False,Dunaharaszti,,"English: C2, Hungarian: Native","Bachelor, Master",,,On-site,Full-time,
2821155,IT Business Analyst,Minds IT Solutions Zrt.,https://www.profession.hu/allas/it-business-analyst-minds-it-solutions-zrt-budapest-2821155/pro?sessionId=ed7061b1d89e7c95ce70868e0e3baa03,2026-03-04,2026-03-05,False,Budapest,,English: B2,Középiskola,,"API-k tervezésében és használatában szerzett gyakorlat, Rest interface ismerete, Release és deployment folyamatok ismerete, Modellező szoftverek használatában szerzett tapasztalat, Relációs és NoSQL adatbázisok kezelésében szerzett ismeret (SQL és NoSQL lekérdezések írása), Felhőalapú platformok (Openshift) ismerete, Üzenetsor-kezelő rendszerek (pl Kafka) ismerete, CI/CD eszközök (pl. Jenkins) ismerete",Hibrid,Full-time,5+ years
2831947,O2C Process Development Expert,MOL Nyrt.,https://www.profession.hu/allas/o-c-process-development-expert-mol-nyrt-budapest-2831947?sessionId=ed7061b1d89e7c95ce70868e0e3baa03,2026-03-04,2026-03-23,False,Budapest,,English: B2,Bachelor,,"MS Office/O365, ERP systems, Process mining systems",On-site,Full-time,3-5 years
2826239,Business Intelligence Engineer,MOHU MOL Hulladékgazdálkodási Zrt.,https://www.profession.hu/allas/business-intelligence-engineer-mohu-mol-hulladekgazdalkodasi-zrt-budapest-2826239?sessionId=ed7061b1d89e7c95ce70868e0e3baa03,2026-03-04,2026-03-11,False,Budapest,,English: C1,Bachelor,"SQL, Python","Power BI, Tableau, Qlik, Looker, AWS Redshift, BigQuery, Snowflake",On-site,Full-time,5-10 years
2822252,IT Üzleti Intelligencia menedzser,L.A.C. Zrt.,https://www.profession.hu/allas/it-uzleti-intelligencia-menedzser-l-a-c-zrt-budapest-2822252?sessionId=ed7061b1d89e7c95ce70868e0e3baa03,2026-03-04,2026-03-11,False,Budapest,,English: B2,Bachelor,"SQL, Power BI, Microsoft Fabric, Microsoft Graph, SharePoint","BI SQL, NOSQL, Power BI, Laptop, Mobiltelefon",Home-Office,Full-time,5+ years
2817989,Üzleti intelligencia szakértő,L.A.C. Zrt.,https://www.profession.hu/allas/uzleti-intelligencia-szakerto-l-a-c-zrt-budapest-2817989?sessionId=ed7061b1d89e7c95ce70868e0e3baa03,2026-03-04,2026-03-05,False,Budapest,,English: B2,Bachelor,"Python, R","Microsoft Excel (high level), Microsoft SQL (high level), SQL data manipulation (high level), Basic troubleshooting techniques, e.g., restarting a SQL service, NoSQL solutions, Microsoft Azure solutions, Microsoft Graph and SharePoint data management, MS Power BI (high level), MS Fabric",Hybrid,Full-time,3-5 years
2826131,Linux rendszer fejlesztő (C/C++),PROTECTA Kft,https://www.profession.hu/allas/linux-rendszer-fejleszto-c-c-protecta-kft-budapest-2826131?sessionId=ed7061b1d89e7c95ce70868e0e3baa03,2026-03-04,2026-03-11,False,Budapest,,English: B2,Bachelor,"C, C++, JavaScript","Linux, Git, Buildroot, Yocto, Bash, Version control systems",Full-time,Full-time,3-5 years
2822149,PHP programozó (Symfony),NetHotelBooking Kft.,https://www.profession.hu/allas/php-programozo-symfony-nethotelbooking-kft-veszprem-2822149?sessionId=ed7061b1d89e7c95ce70868e0e3baa03,2026-03-04,2026-03-05,False,Veszprém,,English: B1,Középiskola,"PHP, Symfony","Git, AWS CodePipeline, Asana, Docker",Hybrid,Full-time,3-5 years
2822491,Java Developer,ShiwaForce.com Zrt,https://www.profession.hu/allas/java-developer-shiwaforce-com-zrt-budapest-2822491?sessionId=ed7061b1d89e7c95ce70868e0e3baa03,2026-03-04,2026-03-05,False,Budapest,,English: B2,Bachelor,"Java, Spring Boot, SQL, Maven, REST, JSON","Docker, Kafka, PostgreSQL, Git, DevOps, MySQL, NoSQL, Ansible",Hybrid,Full-time,3-5 years
2822490,Data scientist,QUADRON Analitika és Kiberbiztonság,https://www.profession.hu/allas/data-scientist-quadron-analitika-es-kiberbiztonsag-budapest-2822490?sessionId=ed7061b1d89e7c95ce70868e0e3baa03,2026-03-04,2026-03-05,False,Budapest,,English: B2,Bachelor,"Python, SQL","Laptop, Mobiltelefon",Hybrid,Full-time,3-5 years
2822238,"Senior Java Developer (AWS Cloud, ML Platform)",X-Chem Zrt.,https://www.profession.hu/allas/senior-java-developer-aws-cloud-ml-platform-x-chem-zrt-budapest-2822238?sessionId=ed7061b1d89e7c95ce70868e0e3baa03,2026-03-04,2026-03-05,False,Budapest,,English: B2,Főiskola,"Java, Python, C#, React","AWS, Kubernetes, Docker, MongoDB, PostgreSQL, Oracle",Hybrid,Full-time,5+ years
2837533,"Indirekt beszerzés, IT Beszerző",MOL Nyrt.,https://www.profession.hu/allas/indirekt-beszerzes-it-beszerzo-mol-nyrt-budapest-2837533?sessionId=ed7061b1d89e7c95ce70868e0e3baa03,2026-03-04,2026-03-25,True,Budapest,,English: B2,Bachelor,,ERP/e Beszerzés,On-site,Full-time,3-5 years
2840795,IT Specialist,Grafton Recruitment,https://www.profession.hu/allas/it-specialist-grafton-recruitment-fuzesabony-2840795?sessionId=ed7061b1d89e7c95ce70868e0e3baa03,2026-03-04,2026-03-23,False,Füzesabony,,English: C2,Bachelor,,"DYNAMICS ERP, PC BI, LAN WAN, POWER BI, HÁLÓZATI ISMERETEK",Hybrid,Full-time,3-5 years
2840593,Senior BI Business Analyst,Kőröstej kft.,https://www.profession.hu/allas/senior-bi-business-analyst-korostej-kft-budapest-2840593?sessionId=ed7061b1d89e7c95ce70868e0e3baa03,2026-03-04,2026-03-25,True,Budapest,,English: B2,Főiskola,,"BI, SQL, ERP, SAP, POWER BI, EXCEL",Általános munkarend,Teljes munkaidő,5+ years
2840481,Medior Full Stack Fejlesztő (Backend fókuszú),Dartsee Kft.,https://www.profession.hu/allas/medior-full-stack-fejleszto-backend-fokuszu-dartsee-kft-budapest-2840481?sessionId=ed7061b1d89e7c95ce70868e0e3baa03,2026-03-04,2026-03-17,False,Budapest,"1,2M - 1,7M Ft havi bér","English: C2, Hungarian: B2",Bachelor,"Node.js, PostgreSQL, React 19",,Hybrid,Full-time,3-5 years
2838739,Webmaster,BP Party Boat Kft.,https://www.profession.hu/allas/webmaster-bp-party-boat-kft-budapest-2838739?sessionId=ed7061b1d89e7c95ce70868e0e3baa03,2026-03-04,2026-03-25,True,Budapest,,"English: B1, Hungarian: C1",Bachelor,"PHP, JavaScript (React, Vue.js), Laravel, Django, REST API","WordPress CMS, DNS Security Analytics, Database Systems, Debugging, Troubleshooting, Google Analytics, Tag Manager, Google Search Console, Git, Bitbucket, CI/CD (Bitbucket Pipelines), SSH/SFTP, Looker Studio",Hybrid,Full-time,5+ years
2840470,PLC és SCADA specialista,HRCV Kft.,https://www.profession.hu/allas/plc-es-scada-specialista-hrcv-kft-szekesfehervar-2840470?sessionId=ed7061b1d89e7c95ce70868e0e3baa03,2026-03-04,2026-03-25,True,Székesfehérvár,,English: B2,Bachelor,,"Laptop, Mobiltelefon, Ignition SCADA, PLC, SCADA",On-site,Full-time,1-3 years
2840326,Diákmunka - Software Developer trainee,MŰISZ Iskolaszövetkezet,https://www.profession.hu/allas/diakmunka-software-developer-trainee-muisz-iskolaszovetkezet-budapest-2840326?sessionId=ed7061b1d89e7c95ce70868e0e3baa03,2026-03-04,2026-03-22,False,Budapest XI. kerület,2200 - 2800 Ft/óra bér,"English: B1, Magyar: Általános iskolai tananyag (AIT)",Főiskola,C#,"TESTING HARDWARE, DEVOPS, SECURITY TEST AUTOMATION, SOFTWARE TESTING",Hybrid,Full-time,
2840253,FULL-STACK JAVA DEVELOPER (Vállalati digtális megoldások),Raiffeisen Bank Zrt.,https://www.profession.hu/allas/full-stack-java-developer-vallalati-digtalis-megoldasok-raiffeisen-bank-zrt-budapest-2840253?sessionId=ed7061b1d89e7c95ce70868e0e3baa03,2026-03-04,2026-03-25,True,Budapest,,English: B2,Bachelor,"Java, Angular, DevOps, Frontend (HTML5, CSS), API (AWS, Docker, JavaScript), Agile Scrum, REST, JIRA, Confluence",,Hybrid,Full-time,1-3 years
2828754,SENIOR RENDSZERSZERVEZŐ (Bankkártyás rendszerek),Raiffeisen Bank Zrt.,https://www.profession.hu/allas/senior-rendszerszervezo-bankkartyas-rendszerek-raiffeisen-bank-zrt-budapest-2828754?sessionId=ed7061b1d89e7c95ce70868e0e3baa03,2026-03-04,2026-03-14,False,Budapest,,English: B2,Bachelor,,,Hybrid,Full-time,1-3 years
2820951,Adatszakértő | Data Scientist,Robert Bosch Elektronika Kft.,https://www.profession.hu/allas/adatszakerto-data-scientist-robert-bosch-elektronika-kft-hatvan-2820951?sessionId=ed7061b1d89e7c95ce70868e0e3baa03,2026-03-04,2026-03-05,False,3000 Hatvan,,English: B2,Bachelor,"Python, SQL, GIT, LINUX, WINDOWS",,Hybrid,Full-time,1-3 years
2828722,"Szoftverfejlesztő (.NET, Core rendszer; SIG 122)",SIGNAL IDUNA Biztosító Zártkörűen,https://www.profession.hu/allas/szoftverfejleszto-net-core-rendszer-sig-signal-iduna-biztosito-zartkoruen-budapest-2828722?sessionId=ed7061b1d89e7c95ce70868e0e3baa03,2026-03-04,2026-03-14,False,Budapest,,,Középiskola,".NET, C#, ASP.NET, T-SQL","MS SQL, Windows Server, Visual Studio, Angular, TypeScript, WCF, ASP.NET MVC",Hibrid,Full-time,5-10 év tapasztalat
2820156,Data & BI Specialist,Visit Hungary Nonprofit Zrt.,https://www.profession.hu/allas/data-bi-specialist-visit-hungary-nonprofit-zrt-budapest-2820156?sessionId=ed7061b1d89e7c95ce70868e0e3baa03,2026-03-04,2026-03-05,False,Budapest,,English: B2,Bachelor,"SQL, Python, R","MS OFFICE, POWER BI, Microsoft Fabric",On-site,Full-time,1-3 years
2820832,CAD-CAM szoftver támogató mérnök,CAD-CAM SOLUTIONS KFT.,https://www.profession.hu/allas/cad-cam-szoftver-tamogato-mernok-cad-cam-solutions-kft-szekesfehervar-2820832?sessionId=ed7061b1d89e7c95ce70868e0e3baa03,2026-03-04,2026-03-04,False,Székesfehérvár,,English: A2,Bachelor 'B' kat. jogosítvány,,"CAD, CAM systems",On-site,Full-time,Pályakezdő/friss diplomás
2833004,Medior Full Stack PHP Fejlesztő,ROBIBU Kft.,https://www.profession.hu/allas/medior-full-stack-php-fejleszto-robibu-kft-szeged-2833004?sessionId=ed7061b1d89e7c95ce70868e0e3baa03,2026-03-04,2026-03-20,False,Szeged,,English: B1,Bachelor,"PHP, JavaScript, C#, .NET, Angular, Blazor","API, GIT, MYSQL, DOCKER, REST",Full-time,Full-time,3-5 years
2828936,AI Research & Development Gyakornok,Fürge Diák Iskolaszövetkezet,https://www.profession.hu/allas/ai-research-development-gyakornok-furge-diak-iskolaszovetkezet-budapest-2828936?sessionId=ed7061b1d89e7c95ce70868e0e3baa03,2026-03-04,2026-03-14,False,Budapest,2300 Ft/óra brutto,English: B1,Középiskola,,,On-site,Full-time,0-1 years
2828918,IT ServiceNow Fejlesztő Gyakornok,Fürge Diák Iskolaszövetkezet,https://www.profession.hu/allas/it-servicenow-fejleszto-gyakornok-furge-diak-iskolaszovetkezet-budapest-2828918?sessionId=ed7061b1d89e7c95ce70868e0e3baa03,2026-03-04,2026-03-14,False,Budapest,2300 Ft/óra bruttó,English: B1,Bachelor,,ServiceNow,On-site,Full-time,0-1 years
2839837,IT megoldástervező (IT Solution Architect),NISZ Zrt.,https://www.profession.hu/allas/it-megoldastervezo-it-solution-architect-nisz-zrt-budapest-2839837?sessionId=ed7061b1d89e7c95ce70868e0e3baa03,2026-03-04,2026-03-25,True,Budapest,,,Bachelor,AZURE CLOUD,,Hybrid,Full-time,3-5 years
2839367,Data Analyst Intern (Python / VBA),Fürge Diák Iskolaszövetkezet,https://www.profession.hu/allas/data-analyst-intern-python-vba-furge-diak-iskolaszovetkezet-budapest-2839367?sessionId=ed7061b1d89e7c95ce70868e0e3baa03,2026-03-04,2026-03-25,True,Budapest,N. e Ft/hó,English: B2,,"Python, VBA","SAP ARIBA, EPM data platform, Power BI",Rugalmas munkaidő (20–40 óra/hét),Full-time,
2828063,Senior IT Infrastruktúra Architect,BECK AND PARTNERS Kft.,https://www.profession.hu/allas/senior-it-infrastruktura-architect-beck-and-partners-kft-vac-2828063?sessionId=ed7061b1d89e7c95ce70868e0e3baa03,2026-03-04,2026-03-13,False,Budapest,,,Középiskola,,"DNS, DHCP, Windows Server, Exchange, VMware, Hyper-V, RedHat Linux, Visio",Hybrid,Full-time,5-10 years
2827935,Lead Backend Developer (Node.js),BECK AND PARTNERS Kft.,https://www.profession.hu/allas/lead-backend-developer-node-js-beck-and-partners-kft-vac-2827935?sessionId=ed7061b1d89e7c95ce70868e0e3baa03,2026-03-04,2026-03-13,False,Budapest,,English: B1,,"Node.js, TypeScript","NestJS, GraphQL, Kubernetes, AWS, GCP, Azure",Hybrid,Full-time,5-10 years
2827811,JIS koordinátor,"""Rudolph Autóipari"" Kft.",https://www.profession.hu/allas/jis-koordinator-rudolph-autoipari-kft-ujhartyan-2827811?sessionId=ed7061b1d89e7c95ce70868e0e3baa03,2026-03-04,2026-03-13,False,Újhartyán,,"English: B1, German: B1",Secondary education with diploma,,,Full-time,Full-time,1-3 years
2838782,Fullstack fejlesztő,I.T.C. Kft.,https://www.profession.hu/allas/fullstack-fejleszto-i-t-c-kft-szeged-2838782?sessionId=ed7061b1d89e7c95ce70868e0e3baa03,2026-03-04,2026-03-25,True,Szeged,,English: A1,Bachelor,"PHP, Angular, JavaScript, CD API, Backend Java, Docker, MySQL, Frontend HTML, CSS, React, Vue, Git, Linux, REST, CI/CD, Agile Scrum, Kanban","Symphony, MySQL, Git, Docker, REST API, GraphQL API, Linux server environment",On-site,Full-time,1-3 years
2838646,"Diákmunka - Data Scientist – QLab (Validation, Integration Total Vehicle)",MŰISZ Iskolaszövetkezet,https://www.profession.hu/allas/diakmunka-data-scientist-qlab-validation-integration-total-vehicle-muisz-iskolaszovetkezet-debrecen-2838646?sessionId=ed7061b1d89e7c95ce70868e0e3baa03,2026-03-04,2026-03-25,True,Debrecen,2145 Ft/óra bruttó,English: B1,,"Python, SQL, React, C++","Docker, API, CI/CD, Kafka, LangGraph/LangChain agents/AutoGen/crewAI",,Full-time,0-1 years
2838631,IT fejlesztő,CE Glass Zrt.,https://www.profession.hu/allas/it-fejleszto-ce-glass-zrt-szeged-2838631?sessionId=ed7061b1d89e7c95ce70868e0e3baa03,2026-03-04,2026-03-25,True,Szatymaz,,English: B2,Bachelor,"Angular, Java",Desktop PC,Hybrid,Full-time,3-5 years
2838542,Kontroller,CE Glass Zrt.,https://www.profession.hu/allas/kontroller-ce-glass-zrt-szeged-2838542?sessionId=ed7061b1d89e7c95ce70868e0e3baa03,2026-03-04,2026-03-25,True,Szeged,,English: B2,Főiskola,"PowerBI, SQL","MS SQL, Power BI",Hybrid,Full-time,3-5 years
2838486,IT projekt koordinátor,BECK AND PARTNERS Kft.,https://www.profession.hu/allas/it-projekt-koordinator-beck-and-partners-kft-budapest-2838486?sessionId=ed7061b1d89e7c95ce70868e0e3baa03,2026-03-04,2026-03-23,False,Budapest,,,Középiskola,,"ERP, JIRA",Hybrid,Full-time,1-3 years
2826213,Diákmunka - Szoftvertesztelő gyakornok,MŰISZ Iskolaszövetkezet,https://www.profession.hu/allas/diakmunka-szoftvertesztelo-gyakornok-muisz-iskolaszovetkezet-budapest-2826213?sessionId=ed7061b1d89e7c95ce70868e0e3baa03,2026-03-04,2026-03-11,False,Budapest,2390 Ft/óra,"English: B1, Hungarian: Native",Bachelor,,Microsoft Office,On-site,Full-time,0-1 years
2826415,Backup Admin – System engineer,BECK AND PARTNERS Kft.,https://www.profession.hu/allas/backup-admin-system-engineer-beck-and-partners-kft-2826415?sessionId=ed7061b1d89e7c95ce70868e0e3baa03,2026-03-04,2026-03-10,False,Budapest,,English: B2,Középiskola,"Python, PowerShell","BACKUP, WINDOWS, LINUX, DATABASES, ITIL, COHESITY",Hybrid,Full-time,3-5 years
2826641,C++ Software Engineer,Grafton Recruitment,https://www.profession.hu/allas/c-software-engineer-grafton-recruitment-2826641?sessionId=ed7061b1d89e7c95ce70868e0e3baa03,2026-03-04,2026-03-09,False,Budapest,,"English: C2, Hungarian: C2",Master,C++,"UNIX, LINUX",Hybrid,Full-time,3-5 years
2837644,IT Business Analyst,SIGNAL IDUNA Biztosító Zártkörűen,https://www.profession.hu/allas/it-business-analyst-signal-iduna-biztosito-zartkoruen-budapest-2837644?sessionId=ed7061b1d89e7c95ce70868e0e3baa03,2026-03-04,2026-03-25,True,Budapest,,English: B2,Bachelor,"UML, BPMN, MS Visio/Miro","Jira/Confluence/Azure DevOps, MS Office",Hybrid,Full-time,3-5 years
2837541,SAP-ABAP fejlesztő,Grafton Recruitment,https://www.profession.hu/allas/sap-abap-fejleszto-grafton-recruitment-2837541?sessionId=ed7061b1d89e7c95ce70868e0e3baa03,2026-03-04,2026-03-22,False,Budapest,,"English: B2, German: B2",Bachelor,"ABAP/ABAP OO, HR-Forms","SAP ABAP, SERVICENOW, TESTING, API, ACCESS, AGILE, JIRA",Hybrid,Full-time,5+ years
2835629,"Software Engineer – Backend Focus (.NET, AWS)",WeShop Kft.,https://www.profession.hu/allas/software-engineer-backend-focus-net-aws-weshop-kft-budapest-2835629?sessionId=ed7061b1d89e7c95ce70868e0e3baa03,2026-03-04,2026-03-25,True,Budapest,"1,000,000 - 1,800,000 Ft havi bér",Angol: A1,,".NET Core, ASP.NET Core, Angular","AWS, API, SQL, Entity Framework Core, Docker, CI/CD pipeline, Clean architecture, SOLID principles",Home-Office,Full-time,5+ years
2837307,Informatikai fejlesztő,Állami Számvevőszék,https://www.profession.hu/allas/informatikai-fejleszto-allami-szamvevoszek-budapest-2837307?sessionId=ed7061b1d89e7c95ce70868e0e3baa03,2026-03-04,2026-03-25,True,Budapest,,,Bachelor,"PHP, Laravel, JavaScript, HTML, CSS, Git","SQL, LINUX, DOCKER, TESTING, POSTGRESQL, MYSQL, PANDAS, R, VUE., PYTHON, ANSIBLE, LEAN, AGILE",Home-Office,Full-time,1-3 years
2835556,Osztályvezető (Informatikai Rendszertámogató Osztály),Semmelweis Egyetem Informatikai Főigazgatóság,https://www.profession.hu/allas/osztalyvezeto-informatikai-rendszertamogato-osztaly-semmelweis-egyetem-informatikai-foigazgatosag-budapest-2835556?sessionId=ed7061b1d89e7c95ce70868e0e3baa03,2026-03-04,2026-03-25,True,Budapest,,English: B2,Bachelor,,Microsoft 365,On-site,Full-time,3-5 years
2820871,Senior IT Rendszerszervező (MobilApp),Alfa Vienna Insurance Group Biztosító Zrt.,https://www.profession.hu/allas/senior-it-rendszerszervezo-mobilapp-alfa-vienna-insurance-group-biztosito-zrt-budapest-2820871?sessionId=ed7061b1d89e7c95ce70868e0e3baa03,2026-03-04,2026-03-04,False,Budapest,,,Főiskola 3-5 év tapasztalat,,"Enterprise Architect, BPMN, Confluence, Jira",Hybrid,Full-time,3-5 years
2825295,Senior Business Analyst (ERP – termelés / sütőipar),PAROLA KFT,https://www.profession.hu/allas/senior-business-analyst-erp-termeles-sutoipar-parola-kft-budapest-2825295?sessionId=ed7061b1d89e7c95ce70868e0e3baa03,2026-03-04,2026-03-09,False,Budapest,,English: B2,Bachelor,,"ERP, Windows, Atlassian, Miro, Office, Figma, AI SaaS",Hybrid,Full-time,3-5 years
2824863,Adattárház programozó,Abroncs Kereskedőház Kft,https://www.profession.hu/allas/adattarhaz-programozo-abroncs-kereskedohaz-kft-budapest-2824863?sessionId=ed7061b1d89e7c95ce70868e0e3baa03,2026-03-04,2026-03-09,False,Budapest,,,Középiskola,"SQL, Excel","ERP, ADATTÁRHÁZ DYNAMICS, ETL",Alkalmazotti jogviszony,Teljes munkaidő,1-3 év tapasztalat
2836538,IT Project Manager,Grafton Recruitment,https://www.profession.hu/allas/it-project-manager-grafton-recruitment-2836538?sessionId=ed7061b1d89e7c95ce70868e0e3baa03,2026-03-04,2026-03-18,False,Budapest,,"English: C1, Hungarian: C1",Bachelor,,AGILIS,Hybrid,Full-time,3-5 years
2836473,Senior/Mid-Level Full Stake Developer (Full/Part-Time),Dentalprices Kft.,https://www.profession.hu/allas/senior-mid-level-full-stake-developer-full-part-time-dentalprices-kft-2836473?sessionId=ed7061b1d89e7c95ce70868e0e3baa03,2026-03-04,2026-03-23,False,,,English: C1,Bachelor,"TypeScript, Node.js, Python","Git, AWS ECS, EC2, RDS, Redis, PostgreSQL, Docker, N8N, ChatGPT",Fully remote work environment,Full-time,5+ years
2836024,Back-End Developer gyakornok,Fürge Diák Iskolaszövetkezet,https://www.profession.hu/allas/back-end-developer-gyakornok-furge-diak-iskolaszovetkezet-budapest-2836024?sessionId=ed7061b1d89e7c95ce70868e0e3baa03,2026-03-04,2026-03-23,False,Budapest,2500 Ft/óra bruttó,"English: B1, Hungarian: Native","Bachelor, Master","Java, Python, C++, Go (Golang)","Laptop, Mobile phone",Hybrid,Full-time,
2835028,Senior .net fejlesztő,Oktatási Hivatal,https://www.profession.hu/allas/senior-net-fejleszto-oktatasi-hivatal-budapest-2835028?sessionId=ed7061b1d89e7c95ce70868e0e3baa03,2026-03-04,2026-03-22,False,Budapest,,,Középiskola,"C#, .NET, React","Gitlab, Gitlab CI/CD, SonarQube, Atlassian JIRA",On-site,Full-time,5-10 years
2834628,.Net (full-stack) vezetőfejlesztő,Oktatási Hivatal,https://www.profession.hu/allas/net-full-stack-vezetofejleszto-oktatasi-hivatal-budapest-2834628?sessionId=ed7061b1d89e7c95ce70868e0e3baa03,2026-03-04,2026-03-22,False,Budapest,,,Középiskola,"C#, .NET, React","Gitlab, Gitlab CI/CD, SonarQube, Atlassian JIRA",Teljes munkaidő,Határozott idejű,5-10 év
2835306,Diákmunka - Projektasszisztens,MŰISZ Iskolaszövetkezet,https://www.profession.hu/allas/diakmunka-projektasszisztens-muisz-iskolaszovetkezet-budapest-2835306?sessionId=ed7061b1d89e7c95ce70868e0e3baa03,2026-03-04,2026-03-09,False,Budapest,2900 Ft/óra,"English: B1, German: B1, Hungarian: Native",Bachelor,Python,"MS Office •EXCEL, Redmine/Doors",On-site,Full-time,
2835263,Szoftverfejlesztő,HM ARZENÁL Zrt.,https://www.profession.hu/allas/szoftverfejleszto-hm-arzenal-zrt-nyirtelek-2835263?sessionId=ed7061b1d89e7c95ce70868e0e3baa03,2026-03-04,2026-03-22,False,Nyírtelek,,English: A1,Bachelor,"Python, .NET, C++ (based on mentioned hardware languages)",Linux,On-site,Full-time,1-3 years
2835013,Diákmunka - IT PMO Intern,MŰISZ Iskolaszövetkezet,https://www.profession.hu/allas/diakmunka-it-pmo-intern-muisz-iskolaszovetkezet-budapest-2835013?sessionId=ed7061b1d89e7c95ce70868e0e3baa03,2026-03-04,2026-03-18,False,Budapest,2400 Ft/óra,"English: B1, Hungarian: Native",Középiskola,,"MS OFFICE, AZURE DEVOPS, JIRA, CONFLUENCE, TESTING UAT, ERP, CRM",,Short-term,
2823663,Full stack fejlesztő,GamiTradingHU Kft,https://www.profession.hu/allas/full-stack-fejleszto-gamitradinghu-kft-2823663?sessionId=ed7061b1d89e7c95ce70868e0e3baa03,2026-03-04,2026-03-07,False,,"Br. 1,8M - 2,3M Ft havi bér",English: B1,,"React.js, Typescript, NodeJS","MySQL, AWS, PostgreSQL, DevOps, REST API, Git, Docker, Redis, RabbitMQ, Kafka, WebSocket",Home-Office,Full-time,5-10 years
2834649,NPD Project Manager (Supporting the Soft Flow NPD Programs),BECK AND PARTNERS Kft.,https://www.profession.hu/allas/npd-project-manager-supporting-the-soft-flow-npd-programs-beck-and-partners-kft-pecs-2834649?sessionId=ed7061b1d89e7c95ce70868e0e3baa03,2026-03-04,2026-03-18,False,Pécs,,English: B2,Bachelor,,Agile,Hybrid,Full-time,3-5 years
2834475,Senior szoftvertesztelő,Oktatási Hivatal,https://www.profession.hu/allas/senior-szoftvertesztelo-oktatasi-hivatal-budapest-2834475?sessionId=ed7061b1d89e7c95ce70868e0e3baa03,2026-03-04,2026-03-20,False,Budapest,,,Középiskola,,"Ticketing alkalmazás (pl. JIRA), SQL (MS SQL, MySQL), API és webservice (SOAPUI) tesztelési eszközök, Terheléstesztelési eszközök",Teljes munkaidő,Alkalmazotti jogviszony,5+ years
2834024,Diákmunka - Villamosmérnök gyakornok (német nyelvtudás szükséges),MŰISZ Iskolaszövetkezet,https://www.profession.hu/allas/diakmunka-villamosmernok-gyakornok-nemet-nyelvtudas-szukseges-muisz-iskolaszovetkezet-budapest-2834024?sessionId=ed7061b1d89e7c95ce70868e0e3baa03,2026-03-04,2026-03-20,False,Budapest XI. kerület,,"Német középfok, Magyar anyanyelvi szint",Felsőfokú villamos / szoftvermérnöki tanulmányokat folytatsz.,,"Eclipse, Simatic Step7",,Full-time,3-5 years
2834021,Diákmunka - Software Developer Graduate,MŰISZ Iskolaszövetkezet,https://www.profession.hu/allas/diakmunka-software-developer-graduate-muisz-iskolaszovetkezet-budapest-2834021?sessionId=ed7061b1d89e7c95ce70868e0e3baa03,2026-03-04,2026-03-04,False,Budapest XI. kerület,2200 - 2800 Ft/óra bér,"English: B1, Magyar: Általános iskolai tananyag",Főiskola,"Java, Spring Boot, Python, Angular, JavaScript/TypeScript","Git, Docker, IntelliJ IDEA, Visual Studio, PyCharm, Terraform, GitLab, CI/CD pipelines, RESTful APIs",Hybrid,Full-time,
2834015,Diákmunka - Test engineer trainee - Simotion project,MŰISZ Iskolaszövetkezet,https://www.profession.hu/allas/diakmunka-test-engineer-trainee-simotion-project-muisz-iskolaszovetkezet-budapest-2834015?sessionId=ed7061b1d89e7c95ce70868e0e3baa03,2026-03-04,2026-03-08,False,Szeged,2200 - 2800 Ft/óra,"English: B1, Hungarian: Native",Ongoing specialized higher education (IT or electrical engineering),C#,"Windows, TFS, ISTQB, Test automation",Hybrid,Full-time,
2821003,Alkalmazásfejlesztő,Nemzeti Filmintézet Közhasznú Nonprofit Zrt.,https://www.profession.hu/allas/alkalmazasfejleszto-nemzeti-filmintezet-kozhasznu-nonprofit-zrt-budapest-2821003?sessionId=ed7061b1d89e7c95ce70868e0e3baa03,2026-03-04,2026-03-05,False,Budapest,,,Felsőoktatási szakképzés,"PHP, JavaScript","GIT, DOCKER, LARAVEL, MYSQL, SQL, CMS, WORDPRESS, API, MVC, HTML5, CSS3, LINUX, DEVOPS, REST",Hibrid,Teljes munkaidő,1-3 év tapasztalat
2824015,Junior Vue.js fejlesztő diákmunka,Tudatos Diák Iskolaszövetkezet,https://www.profession.hu/allas/junior-vue-js-fejleszto-diakmunka-tudatos-diak-iskolaszovetkezet-budapest-2824015?sessionId=ed7061b1d89e7c95ce70868e0e3baa03,2026-03-04,2026-03-08,False,Budapest,,"English: B2, Hungarian: C1",High School with Diploma,"Vue.js, React.js, PHP (Laravel)","Git, TypeScript, TailWindCSS, Bootstrap, Nuxt.js",Hybrid,Full-time,1-3 years
2824013,Junior React.js fejlesztő diákmunka,Tudatos Diák Iskolaszövetkezet,https://www.profession.hu/allas/junior-react-js-fejleszto-diakmunka-tudatos-diak-iskolaszovetkezet-budapest-2824013?sessionId=ed7061b1d89e7c95ce70868e0e3baa03,2026-03-04,2026-03-08,False,Budapest,,"English: B2, Hungarian: C1",High School with Diploma,"React.js, Vue.js, Next.js, TypeScript, TailWindCSS, Bootstrap, PHP (Laravel)",,Hybrid,Full-time,1-3 years
2846568,Senior SAP Lead Developer (S/4HANA) (m/f/x),ZEISS,https://www.profession.hu/allas/senior-sap-lead-developer-s-hana-m-f-x-zeiss-2846568?sessionId=ed7061b1d89e7c95ce70868e0e3baa03,2026-03-04,2026-03-09,False,Németország,,"English: C2, German: C2",Középiskola,"ABAP, SAP Clean Core principles, RAP (RESTful ABAP Programming Model), CAP (Cloud Application Programming Model)",Jira,Általános munkarend,Teljes munkaidő,1-3 years
2846565,Product Designer II,Mollie B.V.,https://www.profession.hu/allas/product-designer-ii-mollie-b-v-2846565?sessionId=ed7061b1d89e7c95ce70868e0e3baa03,2026-03-04,2026-03-25,True,Németország,,English: B2,Középiskola,,,On-site,Full-time,1-3 years
2846563,Working Student in (Gen)AI Transformation Management (m|f|d),MEAG MUNICH ERGO AssetManagement GmbH,https://www.profession.hu/allas/working-student-in-gen-ai-transformation-management-m-f-d-meag-munich-ergo-assetmanagement-gmbh-2846563?sessionId=ed7061b1d89e7c95ce70868e0e3baa03,2026-03-04,2026-03-25,True,Munich,,"English: B2, German: B2",Bachelor,,,Hybrid,Full-time,1-3 years
2846545,Working Student IT J-SOX EMENA,Grohe AG,https://www.profession.hu/allas/working-student-it-j-sox-emena-grohe-ag-2846545?sessionId=ed7061b1d89e7c95ce70868e0e3baa03,2026-03-04,2026-03-25,True,,,"English: C1, German: C1",Bachelor,,"SAP, SQL, JIRA",Hybrid,Full-time,1-3 years
2846518,(Senior) Cyber Detection Engineer (m/f/d) - SAP Global Security & Cloud Compliance,SAP SE,https://www.profession.hu/allas/senior-cyber-detection-engineer-m-f-d-sap-global-security-cloud-compliance-sap-se-2846518?sessionId=ed7061b1d89e7c95ce70868e0e3baa03,2026-03-04,2026-03-17,False,Németország,,English: B1,Egyetem,"Python, PowerShell","SAP SECURITY CLOUD, AWS, AZURE, SIEM",Full-time,Full-time,1-3 years
2846497,ICT GRC - Firewall Governance Manager,N26 GmbH,https://www.profession.hu/allas/ict-grc-firewall-governance-manager-n-gmbh-2846497?sessionId=ed7061b1d89e7c95ce70868e0e3baa03,2026-03-04,2026-03-25,True,Berlin,,"English: B2, German: Upper-Intermediate",High School with Diploma,,"FIREWALL, NETWORK SECURITY TESTING, ISO, VPN, AWS, ACCESS CHANGE MANAGEMENT",Hybrid,Full-time,1-3 years
2846482,Senior AI Platform Engineer (f/m/x),BMW Group,https://www.profession.hu/allas/senior-ai-platform-engineer-f-m-x-bmw-group-2846482?sessionId=ed7061b1d89e7c95ce70868e0e3baa03,2026-03-04,2026-03-25,True,Munich,,"English: B2, German: Intermediate",Bachelor,"Python, Node.js/Nest.js, Java/Kotlin, Go","AWS, Docker, Kubernetes, API Technologies, MLOps",Full-time,Full-time,3-5 years
2846479,Product Manager - AI Products,N26 GmbH,https://www.profession.hu/allas/product-manager-ai-products-n-gmbh-2846479?sessionId=ed7061b1d89e7c95ce70868e0e3baa03,2026-03-04,2026-03-05,False,Berlin,,English: B2,Bachelor,,"SECURITY, ACCESS, MACHINE LEARNING, AGILE",Hybrid,Full-time,1-3 years
2846463,Senior UX Designer (m/f/d),azeti GmbH,https://www.profession.hu/allas/senior-ux-designer-m-f-d-azeti-gmbh-2846463?sessionId=ed7061b1d89e7c95ce70868e0e3baa03,2026-03-04,2026-03-25,True,Berlin,,"English: C1, German: C1",Secondary School with Diploma,"HTML, CSS, JavaScript","Figma, Sketch, Adobe XD, Agile, Scrum, Kanban",Hybrid,Full-time,5+ years
2846455,Research Engineer - Vision Language Action Models for Intelligent Cyber Physical Systems (f/m/div.),Bosch Gruppe,https://www.profession.hu/allas/research-engineer-vision-language-action-models-for-intelligent-cyber-physical-systems-f-m-div-bosch-gruppe-2846455?sessionId=ed7061b1d89e7c95ce70868e0e3baa03,2026-03-04,2026-03-25,True,Renningen,,"English: C2, German: C1",Master,Python,"Docker, Cloud, Machine Learning",Hybrid,Full-time,3-5 years
2846454,Research Engineer - Reinforcement Learning and Agentic AI (f/m/div.),Bosch Gruppe,https://www.profession.hu/allas/research-engineer-reinforcement-learning-and-agentic-ai-f-m-div-bosch-gruppe-2846454?sessionId=ed7061b1d89e7c95ce70868e0e3baa03,2026-03-04,2026-03-25,True,Renningen,,"English: B2, German: A1",PhD,"Python, C++","MLOps, CI/CD, PyTorch, Hugging Face, JAX, TensorFlow, ROS 2",Hybrid,Full-time,3-5 years
2846452,ORBIS Pilot & Rollout Manager (m/w/d),Dedalus HealthCare GmbH,https://www.profession.hu/allas/orbis-pilot-rollout-manager-m-w-d-dedalus-healthcare-gmbh-2846452?sessionId=ed7061b1d89e7c95ce70868e0e3baa03,2026-03-04,2026-03-25,True,Trier,,"English: B2, German: C1",Bachelor,None,"ANDROID, IOS",Hybrid,Full-time,3-5 years
2846449,Senior System Engineer (m/f/d) for European Space-based Defence Projects,OHB System AG,https://www.profession.hu/allas/senior-system-engineer-m-f-d-for-european-space-based-defence-projects-ohb-system-ag-2846449?sessionId=ed7061b1d89e7c95ce70868e0e3baa03,2026-03-04,2026-03-25,True,Németország,,English: C1,"Bachelor, Master",,,On-site,Full-time,3-5 years
2846424,Business Analyst Client Lifecycle (m/f/d),ODDO BHF SE,https://www.profession.hu/allas/business-analyst-client-lifecycle-m-f-d-oddo-bhf-se-2846424?sessionId=ed7061b1d89e7c95ce70868e0e3baa03,2026-03-04,2026-03-25,True,,,"English: B2, German: B2, French: B2",Bachelor,,,Remote,Full-time,1-3 years
2846031,IT Manager  - 100%,SFO Global Services AG,https://www.profession.hu/allas/it-manager-sfo-global-services-ag-2846031?sessionId=ed7061b1d89e7c95ce70868e0e3baa03,2026-03-04,2026-03-25,True,Biel-Bienne,,English: B2,Bachelor,,"Microsoft Dynamics 365, Power BI, Power Apps, Power Automate",On-site,Full-time,3-5 years
2846021,Head of Global Business Process Excellence 80-100%,dormakaba Schweiz AG,https://www.profession.hu/allas/head-of-global-business-process-excellence-dormakaba-schweiz-ag-2846021?sessionId=ed7061b1d89e7c95ce70868e0e3baa03,2026-03-04,2026-03-05,False,Rümlang,,English: B2,Master,,"SAP, Salesforce",On-site,Full-time,5+ years
2846019,Security Engineer,LHH,https://www.profession.hu/allas/security-engineer-lhh-2846019?sessionId=ed7061b1d89e7c95ce70868e0e3baa03,2026-03-04,2026-03-05,False,Zürich,,English: B2,Bachelor,,"SECURITY HARDWARE, VIRTUALIZATION",On-site,Full-time,5+ years
2845744,Legal Technology Training Specialist,GITMAX IT Services Zrt.,https://www.profession.hu/allas/legal-technology-training-specialist-gitmax-it-services-zrt-2845744?sessionId=ed7061b1d89e7c95ce70868e0e3baa03,2026-03-04,2026-03-25,True,Hackensack,,,Bachelor,,"Articulate, Captivate",Hybrid,Full-time,1-3 years
2845743,Principal Soc Architect,ARM Hungary Kft.,https://www.profession.hu/allas/principal-soc-architect-arm-hungary-kft-2845743?sessionId=ed7061b1d89e7c95ce70868e0e3baa03,2026-03-04,2026-03-17,False,Budapest,,,Bachelor's or Master’s degrees in Electrical or Computer Engineering,,,Hybrid Working,Full-time,5+ years
2845741,Technical Solutions Engineer,GITMAX IT Services Zrt.,https://www.profession.hu/allas/technical-solutions-engineer-gitmax-it-services-zrt-2845741?sessionId=ed7061b1d89e7c95ce70868e0e3baa03,2026-03-04,2026-03-25,True,,,English: B2+,Középiskola,Python,"Pandas, API Testing, Machine Learning, Airflow",Fully remote or hybrid setup with flexible working hours,Full-time,3-5 years
2845740,Architect & Sr. Pre-Sales Engineer (Servers),GITMAX IT Services Zrt.,https://www.profession.hu/allas/architect-sr-pre-sales-engineer-servers-gitmax-it-services-zrt-2845740?sessionId=ed7061b1d89e7c95ce70868e0e3baa03,2026-03-04,2026-03-25,True,,,"English: B2, Ukrainian: Intermediate, Russian: Intermediate",Bachelor,,,On-site,Full-time,5+ years
2845736,Software Engineer in Test,ARM Hungary Kft.,https://www.profession.hu/allas/software-engineer-in-test-arm-hungary-kft-2845736?sessionId=ed7061b1d89e7c95ce70868e0e3baa03,2026-03-04,2026-03-25,True,Budapest,,,Középiskola,"Python, Shell","Git, Docker, LAVA, Artifactory, GitLab CI, Yocto, CMake",Hybrid,Full-time,3-5 years
2823013,Oracle expert,BSCE Tanácsadó és Informatikai Kft.,https://www.profession.hu/allas/oracle-expert-bsce-tanacsado-es-informatikai-kft-2823013?sessionId=ed7061b1d89e7c95ce70868e0e3baa03,2026-03-04,2026-03-04,False,Budapest,,,Bachelor,,"ORACLE ADATTÁRHÁZ, SQL, ODI",On-site,Full-time,1-3 years
2845731,Senior Researcher,GITMAX IT Services Zrt.,https://www.profession.hu/allas/senior-researcher-gitmax-it-services-zrt-2845731?sessionId=ed7061b1d89e7c95ce70868e0e3baa03,2026-03-04,2026-03-18,False,,,English: B2,PhD,"Python, PyTorch, TensorFlow","Docker, Linux, GitHub/GitLab",,Full-time,5+ years
2824652,"Investment Data Automation Specialist, Associate",BlackRock Hungary Kft.,https://www.profession.hu/allas/investment-data-automation-specialist-associate-blackrock-hungary-kft-2824652?sessionId=ed7061b1d89e7c95ce70868e0e3baa03,2026-03-04,2026-03-07,False,Budapest,,English: B2,"Bachelor’s degree in Finance, Economics, IT or an equivalent combination of education","VBA, Python","SQL, ACCESS, VBA, EXCEL, Power Automate, Alteryx",Hybrid,Full-time,1-3 years
2845728,Staff Software Engineer (iOS),Diligent Governance Hungary Kft.,https://www.profession.hu/allas/staff-software-engineer-ios-diligent-governance-hungary-kft-2845728?sessionId=ed7061b1d89e7c95ce70868e0e3baa03,2026-03-04,2026-03-25,True,Budapest,,,Középiskola,"Swift, C","IOS SECURITY, DEVOPS, XCODE, CLOUD ACCESS, DEBUGGING, REST",Hybrid,Full-time,5-10 years
2845727,Senior Backend Engineer Go/Python (Payments),GITMAX IT Services Zrt.,https://www.profession.hu/allas/senior-backend-engineer-go-python-payments-gitmax-it-services-zrt-2845727?sessionId=ed7061b1d89e7c95ce70868e0e3baa03,2026-03-04,2026-03-25,True,,,English: Upper-Intermediate or higher,Középiskola,"Go, Python, SQL, PostgreSQL, JSON, ACCESS, REST",Kafka,Hybrid,Full-time,5+ years
2845724,Cloud Solution Architect,GITMAX IT Services Zrt.,https://www.profession.hu/allas/cloud-solution-architect-gitmax-it-services-zrt-2845724?sessionId=ed7061b1d89e7c95ce70868e0e3baa03,2026-03-04,2026-03-25,True,,,,Bachelor’s or Master’s degree,,"AWS, GCP, Azure, Terraform, CloudFormation, Kubernetes, Docker",Hybrid,Full-time,5+ years
2845718,Senior Data Engineer,GITMAX IT Services Zrt.,https://www.profession.hu/allas/senior-data-engineer-gitmax-it-services-zrt-2845718?sessionId=ed7061b1d89e7c95ce70868e0e3baa03,2026-03-04,2026-03-18,False,Indianapolis,,,Egyetem,Python,DATABASES AWS AZURE POSTGRESQL SQL PYTHON DATABASE BI ANALYTICS SCRUM AGILE ORACLE MYSQL GIT DYNAMICS PANDAS DOCKER GDPR SOX POWER BI,Hybrid,Full-time,5+ years
2827340,Pénzügy BI konzulens,BSCE Tanácsadó és Informatikai Kft.,https://www.profession.hu/allas/penzugy-bi-konzulens-bsce-tanacsado-es-informatikai-kft-2827340?sessionId=ed7061b1d89e7c95ce70868e0e3baa03,2026-03-04,2026-03-13,False,Budapest,,,Középiskola,,,Teljes munkaidő,Általános munkarend,Nem kell tapasztalat
2821960,"Python Financial Engineering Platform Lead, Vice President",BlackRock Hungary Kft.,https://www.profession.hu/allas/python-financial-engineering-platform-lead-vice-president-blackrock-hungary-kft-2821960?sessionId=ed7061b1d89e7c95ce70868e0e3baa03,2026-03-04,2026-03-05,False,Budapest,,English: B2,Bachelor's (BSc) or higher degree in Computer Science or equivalent field,"Python, Pandas, Apache Arrow, Snowflake, Prefect","Azure DevOps, git, CI/CD",Hybrid,Full-time,5+ years
2845711,"Manager, Database Administration",GITMAX IT Services Zrt.,https://www.profession.hu/allas/manager-database-administration-gitmax-it-services-zrt-2845711?sessionId=ed7061b1d89e7c95ce70868e0e3baa03,2026-03-04,2026-03-25,True,,,,Bachelor,"PowerShell, T-SQL, Bash, Python","Azure SQL, AWS RDS, Aurora, PostgreSQL",Hybrid,Full-time,5+ years
2845710,Senior Cloud Data Engineer,GITMAX IT Services Zrt.,https://www.profession.hu/allas/senior-cloud-data-engineer-gitmax-it-services-zrt-2845710?sessionId=ed7061b1d89e7c95ce70868e0e3baa03,2026-03-04,2026-03-25,True,Indianapolis,,,Középiskola,"Python, SQL","CLOUD ANALYTICS, DATABASES, BI, ACCESS, SECURITY, AZURE, AWS, REST, POWER BI, TROUBLESHOOTING, AGILE",Hybrid/onsite flexibility,Full-time,5+ years
2845709,L2 Support Engineer,GITMAX IT Services Zrt.,https://www.profession.hu/allas/l-support-engineer-gitmax-it-services-zrt-2845709?sessionId=ed7061b1d89e7c95ce70868e0e3baa03,2026-03-04,2026-03-25,True,,,English: B2,High School with Diploma,,"JIRA, Confluence, Zabbix, RabbitMQ, Slack",Home-Office,Full-time,1-3 years
2822944,"Quantitative Modeler, Vice President",BlackRock Hungary Kft.,https://www.profession.hu/allas/quantitative-modeler-vice-president-blackrock-hungary-kft-2822944?sessionId=ed7061b1d89e7c95ce70868e0e3baa03,2026-03-04,2026-03-05,False,,,,Master,"C++, Python","Git, LINUX",Hybrid,Full-time,5+ years
2821992,"UX/UI Design Lead, Vice President",BlackRock Hungary Kft.,https://www.profession.hu/allas/ux-ui-design-lead-vice-president-blackrock-hungary-kft-2821992?sessionId=ed7061b1d89e7c95ce70868e0e3baa03,2026-03-04,2026-03-05,False,Budapest,,,Bachelor,,Figma,Hybrid,Full-time,5+ years
2845691,Staff Program Delivery Manager – Site Reliability Engineering,Diligent Governance Hungary Kft.,https://www.profession.hu/allas/staff-program-delivery-manager-site-reliability-engineering-diligent-governance-hungary-kft-2845691?sessionId=ed7061b1d89e7c95ce70868e0e3baa03,2026-03-04,2026-03-25,True,Budapest,,,"Bachelor's degree in business, IT, computer science or related field (or pursuit of advance degree in a related field)",,"AWS, Cloud Security Network, Azure, PowerBI, Tableau, Project Management PMI",Hybrid,Full-time,5-10 years
2839212,Financial System Administrator,IPACKCHEM Kft.,https://www.profession.hu/allas/financial-system-administrator-ipackchem-kft-2839212?sessionId=ed7061b1d89e7c95ce70868e0e3baa03,2026-03-04,2026-03-16,False,Budapest,,,"Bachelor’s degree in Accounting, Finance, or Information Systems preferred","SQL, Excel","Oracle EPM Cloud FCCS, Oracle EPM Cloud PBCS, Oracle EPM Cloud EDM, Access, PowerPoint, ERP, Infor LN, Visual basic",,Full-time,2-5 years of experience
2845684,Lead Data Scientist,GITMAX IT Services Zrt.,https://www.profession.hu/allas/lead-data-scientist-gitmax-it-services-zrt-2845684?sessionId=ed7061b1d89e7c95ce70868e0e3baa03,2026-03-04,2026-03-18,False,,,,"Bachelor, Master","Python, R, SQL","Machine Learning Libraries, Data Analysis Tools, Project Management Tools",On-site,Full-time,5+ years
2845679,Senior Data Scientist,GITMAX IT Services Zrt.,https://www.profession.hu/allas/senior-data-scientist-gitmax-it-services-zrt-2845679?sessionId=ed7061b1d89e7c95ce70868e0e3baa03,2026-03-04,2026-03-18,False,San Francisco,,,Középiskola,"SQL, Python","MACHINE LEARNING, PYTHON",Hybrid,Full-time,5+ years
2845677,QA Specialist (Odoo),GITMAX IT Services Zrt.,https://www.profession.hu/allas/qa-specialist-odoo-gitmax-it-services-zrt-2845677?sessionId=ed7061b1d89e7c95ce70868e0e3baa03,2026-03-04,2026-03-25,True,,,,Középiskola,,"TESTING, ERP, API, TROUBLESHOOTING",Általános munkarend,Teljes munkaidő,3-5 év tapasztalat
2843998,Lecturer AI Reinforcement Learning (m/f/d),IU Internationale Hochschule,https://www.profession.hu/allas/lecturer-ai-reinforcement-learning-m-f-d-iu-internationale-hochschule-2843998?sessionId=ed7061b1d89e7c95ce70868e0e3baa03,2026-03-04,2026-03-22,False,Berlin,,English: C1,Bachelor,,,On-site,Freelance,1-3 years
2843995,Lecturer Business Administration SAP S/4HANA Business Processes (m/f/d),IU Internationale Hochschule,https://www.profession.hu/allas/lecturer-business-administration-sap-s-hana-business-processes-m-f-d-iu-internationale-hochschule-2843995?sessionId=ed7061b1d89e7c95ce70868e0e3baa03,2026-03-04,2026-03-09,False,Bad Honnef,,English: C1,Bachelor,,SAP,On-site,Short-term,1-3 years
2844001,Lecturer Cyber Security Theoretical Computer Science for IT Security (m/f/d),IU Internationale Hochschule,https://www.profession.hu/allas/lecturer-cyber-security-theoretical-computer-science-for-it-security-m-f-d-iu-internationale-hochschule-2844001?sessionId=ed7061b1d89e7c95ce70868e0e3baa03,2026-03-04,2026-03-09,False,Berlin,,English: C1,Bachelor,,,On-site,Short-term,1-3 years
2844000,Lecturer Cyber Security Artificial Intelligence (m/f/d),IU Internationale Hochschule,https://www.profession.hu/allas/lecturer-cyber-security-artificial-intelligence-m-f-d-iu-internationale-hochschule-2844000?sessionId=ed7061b1d89e7c95ce70868e0e3baa03,2026-03-04,2026-03-22,False,Berlin,,English: C1,Bachelor,,,On-site,Short-term,1-3 years
2845560,In-house Dynamics 365 CRM Consultant / Analyst (m/f/d),Golding Capital Partners GmbH,https://www.profession.hu/allas/in-house-dynamics-crm-consultant-analyst-m-f-d-golding-capital-partners-gmbh-2845560?sessionId=ed7061b1d89e7c95ce70868e0e3baa03,2026-03-04,2026-03-25,True,,,English: B1,Bachelor,,"DYNAMICS CRM, TESTING BI ACCESS POWER BI TROUBLESHOOTING",Home-Office,Full-time,1-3 years
2845557,Customer Success Partner Senior Advisor (f/m/d),SAP SE,https://www.profession.hu/allas/customer-success-partner-senior-advisor-f-m-d-sap-se-2845557?sessionId=ed7061b1d89e7c95ce70868e0e3baa03,2026-03-04,2026-03-13,False,Németország,,English: B2,Középiskola,,"SAP C, SAP CLOUD @SAP, SAP Signavio, SAP LeanIX, SAP Cloud ALM, Tricentis, Syniti",On-site,Full-time,5+ years
2843969,Vice President (m|w|d) / Senior Manager (m|w|d) - Corporate Strategy,Voith GmbH & Co. KGaA,https://www.profession.hu/allas/vice-president-m-w-d-senior-manager-m-w-d-corporate-strategy-voith-gmbh-co-kgaa-2843969?sessionId=ed7061b1d89e7c95ce70868e0e3baa03,2026-03-04,2026-03-25,True,Heidenheim,,"English: C1, German: B2","Master's degree, MBA or equivalent qualification",,,Hybrid,Full-time,3-5 years
2845547,Senior Frontend Developer (all genders welcome),Rosenxt Group,https://www.profession.hu/allas/senior-frontend-developer-all-genders-welcome-rosenxt-group-2845547?sessionId=ed7061b1d89e7c95ce70868e0e3baa03,2026-03-04,2026-03-25,True,Wietmarschen-Lohne,,English: B2,Bachelor,"Angular, TypeScript, JavaScript, HTML, CSS","Azure Cloud, CI/CD pipelines, Automated testing frameworks",Hybrid,Full-time,1-3 years
2845543,Development Engineer - Software for Manufacturing (m/w/x),Thorlabs GmbH,https://www.profession.hu/allas/development-engineer-software-for-manufacturing-m-w-x-thorlabs-gmbh-2845543?sessionId=ed7061b1d89e7c95ce70868e0e3baa03,2026-03-04,2026-03-09,False,Németország,,"English: B2, German: Advantage","Bachelor, Master",,,Flexible working hours (arranged individually),Full-time,1-3 years
2845541,Agentic AI Engineer (f/m/x),BMW Group,https://www.profession.hu/allas/agentic-ai-engineer-f-m-x-bmw-group-2845541?sessionId=ed7061b1d89e7c95ce70868e0e3baa03,2026-03-04,2026-03-25,True,Munich,,English: B1,Bachelor,Python,"Database systems, Data pipelines, AWS, Azure, DevOps, Testing",Full-time,Full-time,1-3 years
2845536,Data Platform Engineer,Circonomit GmbH,https://www.profession.hu/allas/data-platform-engineer-circonomit-gmbh-2845536?sessionId=ed7061b1d89e7c95ce70868e0e3baa03,2026-03-04,2026-03-25,True,"Cologne, Germany",,"English: C1, German: C1",Bachelor,"Python, TypeScript","Apache Spark, Apache Flink, Git, AWS, Cloudflare, Neo4j, JanusGraph, RDF/OWL, GitHub",On-site,Full-time,5+ years
2845535,Senior Backend Engineer,Circonomit GmbH,https://www.profession.hu/allas/senior-backend-engineer-circonomit-gmbh-2845535?sessionId=ed7061b1d89e7c95ce70868e0e3baa03,2026-03-04,2026-03-25,True,Cologne,,"English: C1, German: C1",Bachelor,TypeScript,"SQL, Solid.js, GitHub",On-site,Full-time,5+ years
2845534,Senior Full Stack Data Engineer,Circonomit GmbH,https://www.profession.hu/allas/senior-full-stack-data-engineer-circonomit-gmbh-2845534?sessionId=ed7061b1d89e7c95ce70868e0e3baa03,2026-03-04,2026-03-25,True,"Cologne, Germany",,"English: C1, German: C1",Bachelor,"Python, SQL, Scala","Apache Spark, dbt, dlt, GitHub",On-site,Full-time,5+ years
2845526,Thesis in Charging Interfaces Team starting April 2026,Daimler Truck AG,https://www.profession.hu/allas/thesis-in-charging-interfaces-team-starting-april-daimler-truck-ag-2845526?sessionId=ed7061b1d89e7c95ce70868e0e3baa03,2026-03-04,2026-03-18,False,Németország,,English: B2,Főiskola,"C/C++, Python","HARDWARE, NETWORK",Általános munkarend,Teljes munkaidő,1-3 év tapasztalat
2845521,Senior CAE & AI Engineer (f/m/x),BMW Group,https://www.profession.hu/allas/senior-cae-ai-engineer-f-m-x-bmw-group-2845521?sessionId=ed7061b1d89e7c95ce70868e0e3baa03,2026-03-04,2026-03-25,True,Munich,,"English: B2, German: A1","PhD or Master's degree in Engineering, Computer Science, Math or related area",,"SECURITY, MACHINE LEARNING",Full-time,Full-time,3-5 years
2845518,Senior Backend Engineer - Engagement,N26 GmbH,https://www.profession.hu/allas/senior-backend-engineer-engagement-n-gmbh-2845518?sessionId=ed7061b1d89e7c95ce70868e0e3baa03,2026-03-04,2026-03-25,True,Berlin,,English: B2,Bachelor,"Kotlin, Spring Boot","AWS, Databases (Postgres), ACCESS",On-site with home office,Full-time,1-3 years
2845517,Senior Full-Stack Engineer,N26 GmbH,https://www.profession.hu/allas/senior-full-stack-engineer-n-gmbh-2845517?sessionId=ed7061b1d89e7c95ce70868e0e3baa03,2026-03-04,2026-03-04,False,,,English: B2,Bachelor,"React, TypeScript, Node.js, Kotlin, Spring Boot, Python","Clean Code, TDD/BDD, GitHub Copilot, PostgreSQL, CI/CD pipelines",Hybrid,Full-time,1-3 years
2845510,Senior Manager Business Process Excellence - Lead to Cash | EMEA Hub (m/f/x),ZEISS,https://www.profession.hu/allas/senior-manager-business-process-excellence-lead-to-cash-emea-hub-m-f-x-zeiss-2845510?sessionId=ed7061b1d89e7c95ce70868e0e3baa03,2026-03-04,2026-03-25,True,Németország,,"English: B2, German: B2",Főiskola,,"SAP CRM, S/4HANA",Általános munkarend,Teljes munkaidő,1-3 év tapasztalat
2845464,Internship or Working Student in 3D Computer Vision (f/m/x),ZEISS,https://www.profession.hu/allas/internship-or-working-student-in-d-computer-vision-f-m-x-zeiss-2845464?sessionId=ed7061b1d89e7c95ce70868e0e3baa03,2026-03-04,2026-03-25,True,,,"English: B2, German: B1","Bachelor, Master","Python, C++",,Hybrid,Full-time,1-3 years
2845399,Solution Engineer (m/f/d),NTT Global Data Centers EMEA GmbH,https://www.profession.hu/allas/solution-engineer-m-f-d-ntt-global-data-centers-emea-gmbh-2845399?sessionId=ed7061b1d89e7c95ce70868e0e3baa03,2026-03-04,2026-03-25,True,Hibrid,,English: B2,Egyetem,,"MS Office suite (Word, Excel etc.), Salesforce, AutoCAD, Bluebeam, CFD Modeling, AI tools",Hybrid,Full-time,1-3 years
2844952,Data Engineer,ITech Consult AG,https://www.profession.hu/allas/data-engineer-itech-consult-ag-2844952?sessionId=ed7061b1d89e7c95ce70868e0e3baa03,2026-03-04,2026-03-05,False,Basel,,English: B2,Bachelor,Python,"MongoDB, ETL orchestration tools, GraphQL API",On-site,Full-time,1-3 years
2844944,Product Owner  - Scrum / Backlog & Roadmap,ITech Consult AG,https://www.profession.hu/allas/product-owner-scrum-backlog-roadmap-itech-consult-ag-2844944?sessionId=ed7061b1d89e7c95ce70868e0e3baa03,2026-03-04,2026-03-04,False,,,"English: B2, German or French: Intermediate",Bachelor,,"Azure DevOps, Jira, Confluence, Airtable",Remote,Short-term,5+ years
2844935,"Senior Director – Delivery / Client Partner CRM & Tech BU, Enterprise Data, AI and Engagement Platforms – Healthcare & Life Sciences",Indegene Europe LLC,https://www.profession.hu/allas/senior-director-delivery-client-partner-crm-tech-bu-enterprise-data-ai-and-engagement-platforms-healthcare-life-sciences-indegene-europe-llc-2844935?sessionId=ed7061b1d89e7c95ce70868e0e3baa03,2026-03-04,2026-03-25,True,"Binningen/ Basel, Switzerland",,,"Bachelor’s or Master’s in Engineering, Computer Science, Data Science, or related field",,"Veeva CRM, Salesforce, Data Cloud, MDM, omnichannel",,Full-time,5+ years
2844654,Full Stack & AI Developer,immopac operations ag,https://www.profession.hu/allas/full-stack-ai-developer-immopac-operations-ag-2844654?sessionId=ed7061b1d89e7c95ce70868e0e3baa03,2026-03-04,2026-03-16,False,Switzerland,,"English: C1, German: C1, Italian: C1",Master,"Java, Python",,On-site,Full-time,
2844640,Senior DevOps Engineer / DevOps csapatvezető,META-INF Szolgáltató Kft.,https://www.profession.hu/allas/senior-devops-engineer-devops-csapatvezeto-meta-inf-szolgaltato-kft-2844640?sessionId=ed7061b1d89e7c95ce70868e0e3baa03,2026-03-04,2026-03-25,True,,,English: B2,High School with Diploma,"Python, Node.js, Bash, Java","AWS Cloud, DevOps, Docker, Maven, JIRA, Confluence, Bitbucket, ArgoCD, Grafana, Datadog, OpsGenie, PagerDuty, Atlassian tools",,Full-time,5+ years
2844636,PRODUCT MANAGER,Credit Management Solution Üzletviteli Tanácsadó és Szolgáltató Kft.,https://www.profession.hu/allas/product-manager-credit-management-solution-uzletviteli-tanacsado-es-szolgaltato-kft-2844636?sessionId=ed7061b1d89e7c95ce70868e0e3baa03,2026-03-04,2026-03-23,False,,,English: B2,Bachelor,SQL,,Hybrid,Full-time,1-3 years
2844629,ARCHITECT,Credit Management Solution Üzletviteli Tanácsadó és Szolgáltató Kft.,https://www.profession.hu/allas/architect-credit-management-solution-uzletviteli-tanacsado-es-szolgaltato-kft-2844629?sessionId=ed7061b1d89e7c95ce70868e0e3baa03,2026-03-04,2026-03-23,False,,,English: B2,Bachelor,"Node.js, Python","AWS, Azure, CI/CD",Hybrid,Full-time,5-10 years
2844608,Applications Developer 2,Oracle Global Services Hungary Kft.,https://www.profession.hu/allas/applications-developer-oracle-global-services-hungary-kft-2844608?sessionId=ed7061b1d89e7c95ce70868e0e3baa03,2026-03-04,2026-03-05,False,,,English: B2,Bachelor,"JavaScript, SQL, Java, Spring, NodeJS","Oracle ERP, CRM",On-site,Full-time,1-3 years
2844606,BUSINESS ANALYST,Credit Management Solution Üzletviteli Tanácsadó és Szolgáltató Kft.,https://www.profession.hu/allas/business-analyst-credit-management-solution-uzletviteli-tanacsado-es-szolgaltato-kft-2844606?sessionId=ed7061b1d89e7c95ce70868e0e3baa03,2026-03-04,2026-03-23,False,,,English: B2,Bachelor,SQL,,Hybrid,Full-time,1-3 years
2844602,FULL STACK FEJLESZTŐ,Credit Management Solution Üzletviteli Tanácsadó és Szolgáltató Kft.,https://www.profession.hu/allas/full-stack-fejleszto-credit-management-solution-uzletviteli-tanacsado-es-szolgaltato-kft-2844602?sessionId=ed7061b1d89e7c95ce70868e0e3baa03,2026-03-04,2026-03-23,False,,,English: B1,Bachelor,"Python, Node.js, Typescript","Azure, AWS, CI/CD",Hybrid,Full-time,1-3 years
2844591,Kutató-fejlesztő,"KFIT Kutató, Fejlesztő és Innovációs Tanácsadó Kft.",https://www.profession.hu/allas/kutato-fejleszto-kfit-kutato-fejleszto-es-innovacios-tanacsado-kft-2844591?sessionId=ed7061b1d89e7c95ce70868e0e3baa03,2026-03-04,2026-03-25,True,,,,Főiskola,C/C++,"SPHINX, CUDA",Általános munkarend,Teljes munkaidő,1-3 év tapasztalat
2844589,AI Performance Engineer,High Tech Engineering Center Kft.,https://www.profession.hu/allas/ai-performance-engineer-high-tech-engineering-center-kft-2844589?sessionId=ed7061b1d89e7c95ce70868e0e3baa03,2026-03-04,2026-03-25,True,,,English: B2,High School with Diploma,Python,"DOCKER, PYTHON, LINUX",Full-time,Full-time,1-3 years
2844586,Full-stack fejlesztő / Tesztautomatizáló szakértő,META-INF Szolgáltató Kft.,https://www.profession.hu/allas/full-stack-fejleszto-tesztautomatizalo-szakerto-meta-inf-szolgaltato-kft-2844586?sessionId=ed7061b1d89e7c95ce70868e0e3baa03,2026-03-04,2026-03-25,True,,,,Középiskola,"Java, TypeScript","JIRA, CONFLUENCE, SCRUM, KANBAN, CLEAN CODE, JAVA, TEST AUTOMATION",Hybrid,Full-time,
2844572,Senior Java Developer,Accenture Korlátolt Felelősségű Társaság,https://www.profession.hu/allas/senior-java-developer-accenture-korlatolt-felelossegu-tarsasag-2844572?sessionId=ed7061b1d89e7c95ce70868e0e3baa03,2026-03-04,2026-03-25,True,Budapest,,English: B2,Középiskola,"JAVA, Spring, SQL, HTML, CSS, JavaScript, API, DOCKER","UML, Agile, Scrum, Cloud, Microservices, Continuous Delivery, Kubernetes, AKS",Hybrid,Full-time,5+ years
2844564,Senior C# Developer,Vertigo Technologies Hungary Kft.,https://www.profession.hu/allas/senior-c-developer-vertigo-technologies-hungary-kft-2844564?sessionId=ed7061b1d89e7c95ce70868e0e3baa03,2026-03-04,2026-03-25,True,,,"English: B2, Hungarian: B2",High School with Diploma,"C#, Python, Powershell","Git, Docker, Confluence, Jira, Visual Studio, PostgreSQL, TimescaleDB",Hybrid,Full-time,1-3 years
2844550,Software Engineer Intern,ARM Hungary Kft.,https://www.profession.hu/allas/software-engineer-intern-arm-hungary-kft-2844550?sessionId=ed7061b1d89e7c95ce70868e0e3baa03,2026-03-04,2026-03-05,False,Budapest,,English: B2,"Bachelor, Master, PhD","C, C++, Android, Linux, Middleware, Hardware, Python, Java","Testing, DevOps, CI/CD tools and frameworks",Hybrid,Full-time,
2844536,Szoftver architekt,AgileXpert Szoftverfejlesztő és Tanácsadó Kft.,https://www.profession.hu/allas/szoftver-architekt-agilexpert-szoftverfejleszto-es-tanacsado-kft-2844536?sessionId=ed7061b1d89e7c95ce70868e0e3baa03,2026-03-04,2026-03-25,True,Budapest,,English: B1,Bachelor,"Java, SQL, Agile",,Hybrid,Full-time,5+ years
2844530,Program Manager,Supercharge Kft.,https://www.profession.hu/allas/program-manager-supercharge-kft-2844530?sessionId=ed7061b1d89e7c95ce70868e0e3baa03,2026-03-04,2026-03-25,True,Budapest,,English: B2,Bachelor,,"ACCESS, AGILE PROJECT MANAGEMENT",Remote,Full-time,5+ years
2844529,Senior Backend Engineer (Java/Kotlin),Supercharge Kft.,https://www.profession.hu/allas/senior-backend-engineer-java-kotlin-supercharge-kft-szeged-2844529?sessionId=ed7061b1d89e7c95ce70868e0e3baa03,2026-03-04,2026-03-25,True,Szeged,,English: B2,High School with Diploma,"Java, Kotlin","Spring Boot, SQL, NoSQL Databases, AWS, DevOps, ACCESS, REST",On-site,Full-time,5+ years
2844527,Beágyazott szoftverfejlesztő,Phiaro Technologies Kft.,https://www.profession.hu/allas/beagyazott-szoftverfejleszto-phiaro-technologies-kft-2844527?sessionId=ed7061b1d89e7c95ce70868e0e3baa03,2026-03-04,2026-03-25,True,Budapest,,English: B2,Bachelor,"C, C#, C++, Python",GIT,On-site,Full-time,
2844523,Asset Technical Lead,Puppetworks Budapest Produkciós Kft.,https://www.profession.hu/allas/asset-technical-lead-puppetworks-budapest-produkcios-kft-2844523?sessionId=ed7061b1d89e7c95ce70868e0e3baa03,2026-03-04,2026-03-25,True,Budapest,,English: B2,"Bachelor's degree in Computer Science, Software Engineering, or equivalent",,"Autodesk Maya, Solid Angle Arnold",,Full-time,3-5 years
2844487,Salesforce Developer,EF Information Services Kft.,https://www.profession.hu/allas/salesforce-developer-ef-information-services-kft-2844487?sessionId=ed7061b1d89e7c95ce70868e0e3baa03,2026-03-04,2026-03-18,False,Budapest,,,Középiskola,"Apex, JavaScript, Lightning Web Components (LWC)","Salesforce DX, scratch orgs, source-driven development, CI/CD pipelines, APIs (REST/SOAP), Platform Events, Change Data Capture, the Pub/Sub API",On-site,Full-time,5+ years
2844485,Backend Python Developer,Puppetworks Budapest Produkciós Kft.,https://www.profession.hu/allas/backend-python-developer-puppetworks-budapest-produkcios-kft-2844485?sessionId=ed7061b1d89e7c95ce70868e0e3baa03,2026-03-04,2026-03-25,True,Budapest,,English: B2,Bachelor,"Python, C++, Java, C#","SQL, GIT, MVC, Windows, Linux, Agile methods, SQLAlchemy/Django frameworks, Qt Graphic Framework, DVCS tools (Git, Mercurial), MVC desktop GUI development, multi-threaded programs development, cross-platform development",On-site,Full-time,3-5 years
2844481,Graduate Hardware Designer - Solutions Engineering,ARM Hungary Kft.,https://www.profession.hu/allas/graduate-hardware-designer-solutions-engineering-arm-hungary-kft-2844481?sessionId=ed7061b1d89e7c95ce70868e0e3baa03,2026-03-04,2026-03-20,False,Budapest,,English: B2,"Bachelor, Master, PhD","System Verilog, Python, TCL, Perl, PHP",EDA tools,Hybrid,Full-time,
2844478,Senior Atlassian Tanácsadó (Automatizálás & Scripting),META-INF Szolgáltató Kft.,https://www.profession.hu/allas/senior-atlassian-tanacsado-automatizalas-scripting-meta-inf-szolgaltato-kft-2844478?sessionId=ed7061b1d89e7c95ce70868e0e3baa03,2026-03-04,2026-03-25,True,Budapest,,English: B2,Középiskola,"Python, JavaScript, API, Postman, PHP, Ruby, Java","Automatizáció, JIRA, Confluence, REST, Laptop, Mobiltelefon, Postman",Általános munkarend,Full-time,1-3 years
2844450,JAVA fejlesztő,SimpSec Kereskedelmi és Szolgáltató Kft.,https://www.profession.hu/allas/java-fejleszto-simpsec-kereskedelmi-es-szolgaltato-kft-miskolc-2844450?sessionId=ed7061b1d89e7c95ce70868e0e3baa03,2026-03-04,2026-03-25,True,Miskolc,,,Középiskola,"JAVA, Spring, Hibernate, Angular JS, Maven","EJB, Swing, GWT",On-site,Full-time,
2844448,SAP MM Senior Consultant,Accenture Korlátolt Felelősségű Társaság,https://www.profession.hu/allas/sap-mm-senior-consultant-accenture-korlatolt-felelossegu-tarsasag-2844448?sessionId=ed7061b1d89e7c95ce70868e0e3baa03,2026-03-04,2026-03-25,True,Budapest,,"English: B2, German: A1",Középiskola,,"SAP MM, SAP SD, SAP FI/CO, SAP S/4HANA",Hybrid,Full-time,5+ years
2844440,ServiceNow Consultant/Developer,Accenture Korlátolt Felelősségű Társaság,https://www.profession.hu/allas/servicenow-consultant-developer-accenture-korlatolt-felelossegu-tarsasag-2844440?sessionId=ed7061b1d89e7c95ce70868e0e3baa03,2026-03-04,2026-03-25,True,Budapest,,,Középiskola,"JavaScript, HTML, CSS","SERVICENOW, ACCESS",Általános munkarend,Teljes munkaidő,1-3 év tapasztalat
2844429,Junior Salesforce Developer,EF Information Services Kft.,https://www.profession.hu/allas/junior-salesforce-developer-ef-information-services-kft-2844429?sessionId=ed7061b1d89e7c95ce70868e0e3baa03,2026-03-04,2026-03-18,False,Budapest,,,Főiskola,"JavaScript, Apex, SOQL, HTML, CSS, XML/JSON","Git, Salesforce DX, CI/CD pipelines, PMD, ESLint",On-site,Full-time,1-3 years
2844419,Energy Consultant,Supercharge Kft.,https://www.profession.hu/allas/energy-consultant-supercharge-kft-2844419?sessionId=ed7061b1d89e7c95ce70868e0e3baa03,2026-03-04,2026-03-25,True,,,English: B2,Bachelor,,MacOS,On-site,Full-time,5+ years
2844395,IT Business Analyst,Advocate Business Consulting Informatikai Kft.,https://www.profession.hu/allas/it-business-analyst-advocate-business-consulting-informatikai-kft-2844395?sessionId=ed7061b1d89e7c95ce70868e0e3baa03,2026-03-04,2026-03-25,True,Budapest,,English: B2,Bachelor,,"JIRA, AGILE TESTING, SQL, MS OFFICE (WORD, POWERPOINT), PROJECT MANAGEMENT, EXCEL, CONFLUENCE",On-site,Full-time,3-5 years
2844389,Senior ServiceNow Developer,Accenture Korlátolt Felelősségű Társaság,https://www.profession.hu/allas/senior-servicenow-developer-accenture-korlatolt-felelossegu-tarsasag-2844389?sessionId=ed7061b1d89e7c95ce70868e0e3baa03,2026-03-04,2026-03-25,True,Budapest,,"English: B2, German: A1",Középiskola,,SERVICENOW,Hybrid,Full-time,3-5 years
2844383,Angular Developer,Accenture Korlátolt Felelősségű Társaság,https://www.profession.hu/allas/angular-developer-accenture-korlatolt-felelossegu-tarsasag-2844383?sessionId=ed7061b1d89e7c95ce70868e0e3baa03,2026-03-04,2026-03-25,True,Budapest,,English: B2,,"JavaScript, Angular, HTML, CSS, Node.js, Java, Spring Boot","Karma, Jasmine, JUnit, Git, Docker, PostgreSQL, Figma, Camunda, Drools, Apache Camel, Jenkins",Hybrid,Full-time,3-5 years
2844369,Medior Azure Databricks Engineer,Accenture Korlátolt Felelősségű Társaság,https://www.profession.hu/allas/medior-azure-databricks-engineer-accenture-korlatolt-felelossegu-tarsasag-2844369?sessionId=ed7061b1d89e7c95ce70868e0e3baa03,2026-03-04,2026-03-25,True,Budapest,,,Középiskola,"Python, SQL","Azure Databricks, PySpark, SQL, Azure Data Factory (ADF), Azure Data Lake Storage (ADLS), Azure Synapse Analytics, DevOps, Terraform, ARM templates",Hybrid,Full-time,1-3 years
2844364,F# web developer,IntelliFactory Fejlesztő és Szolgáltató Kft.,https://www.profession.hu/allas/f-web-developer-intellifactory-fejleszto-es-szolgaltato-kft-2844364?sessionId=ed7061b1d89e7c95ce70868e0e3baa03,2026-03-04,2026-03-25,True,Budapest,,,Középiskola,F#,"ASP.NET Core, WebSharper",On-site,Full-time,0-1 years
2844353,Senior ServiceNow Business Process Consultant,Accenture Korlátolt Felelősségű Társaság,https://www.profession.hu/allas/senior-servicenow-business-process-consultant-accenture-korlatolt-felelossegu-tarsasag-2844353?sessionId=ed7061b1d89e7c95ce70868e0e3baa03,2026-03-04,2026-03-17,False,Budapest,,English: B2,Középiskola,,"ServiceNow, ITIL, AGILE, SAFe",Hybrid,Full-time,3-5 years
2844349,Senior Azure Databricks Platform Engineer,Accenture Korlátolt Felelősségű Társaság,https://www.profession.hu/allas/senior-azure-databricks-platform-engineer-accenture-korlatolt-felelossegu-tarsasag-2844349?sessionId=ed7061b1d89e7c95ce70868e0e3baa03,2026-03-04,2026-03-25,True,Budapest,,,Középiskola,,"CLOUD AZURE, ACTIVE DIRECTORY, DEVOPS, SECURITY ANALYTICS, ACCESS",Hybrid,Full-time,1-3 years
2844342,Senior Azure Databricks Security Engineer,Accenture Korlátolt Felelősségű Társaság,https://www.profession.hu/allas/senior-azure-databricks-security-engineer-accenture-korlatolt-felelossegu-tarsasag-2844342?sessionId=ed7061b1d89e7c95ce70868e0e3baa03,2026-03-04,2026-03-25,True,Budapest,,,Középiskola,,"NETWORK SECURITY, CLOUD AZURE, ACCESS ISO GDPR",Hybrid,Full-time,5+ years
2844330,Java Developer,Accenture Korlátolt Felelősségű Társaság,https://www.profession.hu/allas/java-developer-accenture-korlatolt-felelossegu-tarsasag-2844330?sessionId=ed7061b1d89e7c95ce70868e0e3baa03,2026-03-04,2026-03-25,True,Budapest,,English: B2,Középiskola,"Java, SQL, HTML, CSS, JavaScript, Spring, UML, Agile/Scrum","SQL, Database Design, Design Patterns, Architectural Blueprints, Kubernetes, AKS, Docker, Continuous Delivery principles",Hybrid,Full-time,3-5 years
2844326,Medior Developer < Node.js/React >,DONE DIGITAL Kft.,https://www.profession.hu/allas/medior-developer-node-js-react-done-digital-kft-2844326?sessionId=ed7061b1d89e7c95ce70868e0e3baa03,2026-03-04,2026-03-25,True,Budapest,,English: B1,High School with Diploma,"Node.js, React","MySQL, DevOps",Home-Office,Full-time,
2844325,Senior Data Engineer (Databricks),DATAPAO Kft.,https://www.profession.hu/allas/senior-data-engineer-databricks-datapao-kft-2844325?sessionId=ed7061b1d89e7c95ce70868e0e3baa03,2026-03-04,2026-03-25,True,Budapest,,English: B2,Középiskola,,"CLOUD, SQL, NOSQL, SPARK, ACCESS, APACHE, UNIX, LINUX, MacOS",Hybrid,Full-time,3-5 years
2844323,Atlassian Consultant,META-INF Szolgáltató Kft.,https://www.profession.hu/allas/atlassian-consultant-meta-inf-szolgaltato-kft-2844323?sessionId=ed7061b1d89e7c95ce70868e0e3baa03,2026-03-04,2026-03-25,True,,,English: B2,High School with Diploma,,"Atlassian products, Custom solutions",On-site,Full-time,1-3 years
2844316,Senior Backend Engineer (Java/Kotlin),Supercharge Kft.,https://www.profession.hu/allas/senior-backend-engineer-java-kotlin-supercharge-kft-2844316?sessionId=ed7061b1d89e7c95ce70868e0e3baa03,2026-03-04,2026-03-25,True,Budapest,,English: B2,Középiskola,"Java, Kotlin, Spring Boot","AWS, DevOps, Grafana, ELK stack, NewRelic, Terraform, Helm",Full-time,Full-time,5+ years
2844315,JavaScript / ServiceNow Developer,Accenture Korlátolt Felelősségű Társaság,https://www.profession.hu/allas/javascript-servicenow-developer-accenture-korlatolt-felelossegu-tarsasag-2844315?sessionId=ed7061b1d89e7c95ce70868e0e3baa03,2026-03-04,2026-03-25,True,Budapest,,"English: B2, German: A1",Középiskola,JavaScript,ServiceNow CSA and Scripting in ServiceNow Fundamentals certificate,Hybrid,Full-time,1-3 years
2844314,Software Test Engineer,ARM Hungary Kft.,https://www.profession.hu/allas/software-test-engineer-arm-hungary-kft-2844314?sessionId=ed7061b1d89e7c95ce70868e0e3baa03,2026-03-04,2026-03-25,True,Budapest,,,Középiskola,"C, Python","JIRA, SECURITY TEST MANAGEMENT, LINUX, GIT, CI",Hybrid,Full-time,0-1 years
2844313,"Senior Software Engineer (AI, Python)",Diligent Governance Hungary Kft.,https://www.profession.hu/allas/senior-software-engineer-ai-python-diligent-governance-hungary-kft-2844313?sessionId=ed7061b1d89e7c95ce70868e0e3baa03,2026-03-04,2026-03-25,True,Budapest,,,Középiskola,"Python, TypeScript","AWS, ACCESS, AGILE, SECURITY TESTING, .C",Hybrid,Full-time,5+ years
2844305,SAP PP Consultant – S/4HANA Public Cloud,Accenture Korlátolt Felelősségű Társaság,https://www.profession.hu/allas/sap-pp-consultant-s-hana-public-cloud-accenture-korlatolt-felelossegu-tarsasag-2844305?sessionId=ed7061b1d89e7c95ce70868e0e3baa03,2026-03-04,2026-03-25,True,Budapest,,English: B2,Középiskola,,"SAP S/4HANA (Public Cloud), MM, QM, SD, PM",Hybrid,Full-time,5+ years
2844303,F# intern,IntelliFactory Fejlesztő és Szolgáltató Kft.,https://www.profession.hu/allas/f-intern-intellifactory-fejleszto-es-szolgaltato-kft-2844303?sessionId=ed7061b1d89e7c95ce70868e0e3baa03,2026-03-04,2026-03-25,True,Budapest,,,Középiskola,,,On-site,Full-time,0-1 years
2844300,Senior Data Engineer (QA focus),Accenture Korlátolt Felelősségű Társaság,https://www.profession.hu/allas/senior-data-engineer-qa-focus-accenture-korlatolt-felelossegu-tarsasag-2844300?sessionId=ed7061b1d89e7c95ce70868e0e3baa03,2026-03-04,2026-03-25,True,Budapest,,,Középiskola,"Python, PySpark","Azure, SQL, ACCESS, JSON, XML, API, AGILE, JSON, XML, UAT, REGRESSION TESTING, REST TEST AUTOMATION, JIRA",Hybrid,Full-time,3-5 years
2844287,Frontend Python Developer,Puppetworks Budapest Produkciós Kft.,https://www.profession.hu/allas/frontend-python-developer-puppetworks-budapest-produkcios-kft-2844287?sessionId=ed7061b1d89e7c95ce70868e0e3baa03,2026-03-04,2026-03-25,True,Budapest,,English: B2,Bachelor,"Python, C++, Java, C#","SQL, GIT, MVC, Windows, Linux, Agile",On-site,Full-time,3-5 years
2844270,BMC Helix/Remedy Developer,Accenture Korlátolt Felelősségű Társaság,https://www.profession.hu/allas/bmc-helix-remedy-developer-accenture-korlatolt-felelossegu-tarsasag-2844270?sessionId=ed7061b1d89e7c95ce70868e0e3baa03,2026-03-04,2026-03-25,True,Budapest,,,Középiskola,"Java, JavaScript, SQL","BMC Helix/Remedy, AR System, Atrium CMDB, ITSM Suite, Smart IT, ServiceNow, Cherwell",Hybrid,Full-time,1-3 years
2844263,Energy Consultant,Supercharge Kft.,https://www.profession.hu/allas/energy-consultant-supercharge-kft-2844263?sessionId=ed7061b1d89e7c95ce70868e0e3baa03,2026-03-04,2026-03-25,True,,,English: B2,Bachelor,,"CHANGE MANAGEMENT, MacOS, Mobiltelefon",On-site with home office,Full-time,5+ years
2824658,EMEA Wealth Client Data Analyst,BlackRock Hungary Kft.,https://www.profession.hu/allas/emea-wealth-client-data-analyst-blackrock-hungary-kft-2824658?sessionId=ed7061b1d89e7c95ce70868e0e3baa03,2026-03-04,2026-03-07,False,Budapest,,English: B2,Bachelor,"Python, SQL","ACCESS, DYNAMICS CRM",Hybrid,Full-time,1-3 years
2844241,AWS Cloud Architect,SnapSoft Informatikai és Szolgáltató Kft.,https://www.profession.hu/allas/aws-cloud-architect-snapsoft-informatikai-es-szolgaltato-kft-2844241?sessionId=ed7061b1d89e7c95ce70868e0e3baa03,2026-03-04,2026-03-25,True,Budapest,,English: B2,Bachelor,,"Terraform (Terragrunt), AWS CloudFormation, Ansible, AWS CDK, GitHub Actions, GitLab, Bitbucket, Docker, Kubernetes/EKS",On-site,Full-time,3-5 years
2844228,Senior Azure Databricks Engineer,Accenture Korlátolt Felelősségű Társaság,https://www.profession.hu/allas/senior-azure-databricks-engineer-accenture-korlatolt-felelossegu-tarsasag-2844228?sessionId=ed7061b1d89e7c95ce70868e0e3baa03,2026-03-04,2026-03-25,True,Budapest,,,Középiskola,"Python, SQL","ACCESS, AZURE, PYSPARK, ANALYTICS, CLOUD, DEVOPS, TRoubleshooting, SPARK",Hybrid,Full-time,5+ years
2844221,IT System Analyst,Advocate Business Consulting Informatikai Kft.,https://www.profession.hu/allas/it-system-analyst-advocate-business-consulting-informatikai-kft-2844221?sessionId=ed7061b1d89e7c95ce70868e0e3baa03,2026-03-04,2026-03-25,True,Budapest,,English: B2,Bachelor,,"UML, MS Office (Word, PowerPoint), SQL, Change Management, Project Management, Excel, JIRA, Confluence, Agile",On-site,Full-time,3-5 years
2844215,Tool Developer,Puppetworks Budapest Produkciós Kft.,https://www.profession.hu/allas/tool-developer-puppetworks-budapest-produkcios-kft-2844215?sessionId=ed7061b1d89e7c95ce70868e0e3baa03,2026-03-04,2026-03-25,True,Budapest,,English: B2,Bachelor,"Python, C++, Java, C#","Windows, Linux, SQL, GIT, LINUX, AGILE, PYTHON, C MVC, SQLAlchemy/Django frameworks, Qt Graphic Framework, DVCS tools (Git, Mercurial), MVC desktop GUI development, multi-threaded programs development, cross-platform development",On-site,Full-time,3-5 years
2844209,IT Project Manager,Advocate Strategic Consulting Kft.,https://www.profession.hu/allas/it-project-manager-advocate-strategic-consulting-kft-2844209?sessionId=ed7061b1d89e7c95ce70868e0e3baa03,2026-03-04,2026-03-25,True,Budapest,,English: B2,Bachelor,,"MS PROJECT, AGILE, JIRA, PMI, PROJECT MANAGEMENT, CONFLUENCE",On-site,Full-time,3-5 years
2844208,Principal Software Engineer,Diligent Governance Hungary Kft.,https://www.profession.hu/allas/principal-software-engineer-diligent-governance-hungary-kft-2844208?sessionId=ed7061b1d89e7c95ce70868e0e3baa03,2026-03-04,2026-03-25,True,,,,Középiskola,"Node.js, Python","AWS, Security",Hybrid,Full-time,5+ years
2844181,Perl fejlesztő,BC.HU Informatikai Kft.,https://www.profession.hu/allas/perl-fejleszto-bc-hu-informatikai-kft-budapest-2844181?sessionId=ed7061b1d89e7c95ce70868e0e3baa03,2026-03-04,2026-03-25,True,Budapest,,English: B1,Secondary education with diploma,"Perl, SQL (preferably PostgreSQL), HTML + CSS","Subversion, JavaScript, Bootstrap, PHP, Linux (at least user level), API, Docker","Remote work, office work, or a combination of both",Full-time,
2827280,"Graduate Engineer, System IP Engineering",ARM Hungary Kft.,https://www.profession.hu/allas/graduate-engineer-system-ip-engineering-arm-hungary-kft-2827280?sessionId=ed7061b1d89e7c95ce70868e0e3baa03,2026-03-04,2026-03-04,False,Budapest,,,Bachelor,"SystemVerilog, Perl, Python","Windows, UVM, Formal methods",Hybrid,Full-time,0-1 years
2844169,Senior Software Engineer (Node.js),Diligent Governance Hungary Kft.,https://www.profession.hu/allas/senior-software-engineer-node-js-diligent-governance-hungary-kft-2844169?sessionId=ed7061b1d89e7c95ce70868e0e3baa03,2026-03-04,2026-03-17,False,Budapest,,,Középiskola,"NodeJS, TypeScript, React","API SECURITY, DEVOPS, GIT, TESTING .C. ACCESS, AGILE",Hybrid,Full-time,1-3 years
2844161,Software Engineering Team Lead - Linux Kernel Drivers,ARM Hungary Kft.,https://www.profession.hu/allas/software-engineering-team-lead-linux-kernel-drivers-arm-hungary-kft-2844161?sessionId=ed7061b1d89e7c95ce70868e0e3baa03,2026-03-04,2026-03-25,True,Budapest,,,Középiskola,,"SECURITY HARDWARE TESTING, LINUX",Hybrid,Full-time,0-1 years
2844159,Software Test Engineer - Tech Lead,ARM Hungary Kft.,https://www.profession.hu/allas/software-test-engineer-tech-lead-arm-hungary-kft-2844159?sessionId=ed7061b1d89e7c95ce70868e0e3baa03,2026-03-04,2026-03-25,True,Budapest,,,Középiskola,"C, Python","Linux, CI",Hybrid,Full-time,0-1 years
2844153,Software Engineer (Node.js),Diligent Governance Hungary Kft.,https://www.profession.hu/allas/software-engineer-node-js-diligent-governance-hungary-kft-2844153?sessionId=ed7061b1d89e7c95ce70868e0e3baa03,2026-03-04,2026-03-11,False,Budapest,,,Középiskola,"Node.js, TypeScript, React","Angular, SQL, GIT, AWS, Docker, Agile, Security Testing, Debugging",Hybrid,Full-time,3-5 years
2844135,Head of Product Strategy & Design,Supercharge Kft.,https://www.profession.hu/allas/head-of-product-strategy-design-supercharge-kft-2844135?sessionId=ed7061b1d89e7c95ce70868e0e3baa03,2026-03-04,2026-03-11,False,Budapest,,English: B2,Bachelor,,"Jira, Slack, Google Sheets, Figma, AI prototyping tools",Hybrid,Full-time,5+ years
2844127,SAP eWM Consultant – S/4HANA Public Cloud,Accenture Korlátolt Felelősségű Társaság,https://www.profession.hu/allas/sap-ewm-consultant-s-hana-public-cloud-accenture-korlatolt-felelossegu-tarsasag-2844127?sessionId=ed7061b1d89e7c95ce70868e0e3baa03,2026-03-04,2026-03-25,True,Budapest,,"English: B2, German: A1",Középiskola,,"SAP eWM, S/4HANA Public Cloud",Hybrid,Full-time,5+ years
2844115,AWS Cloud Engineer,Cheppers Szolgáltató Zrt.,https://www.profession.hu/allas/aws-cloud-engineer-cheppers-szolgaltato-zrt-budapest-2844115?sessionId=ed7061b1d89e7c95ce70868e0e3baa03,2026-03-04,2026-03-18,False,Budapest,,English: B2,Középiskola,"Python, Go","Terraform, AWS CloudFormation, Pulumi, GitLab CI, GitHub Actions, Ansible, Chef, Puppet, Docker, Kubernetes, CloudWatch, Prometheus, Grafana, ELK stack",Hybrid,Full-time,1-3 years
2844112,Lead ServiceNow Developer / Architect,Accenture Korlátolt Felelősségű Társaság,https://www.profession.hu/allas/lead-servicenow-developer-architect-accenture-korlatolt-felelossegu-tarsasag-2844112?sessionId=ed7061b1d89e7c95ce70868e0e3baa03,2026-03-04,2026-03-25,True,Budapest,,"English: B2, German: A1",Cafeteria,,SERVICENOW,Hybrid,Full-time,5+ years
2844109,IT teacher (part-time or hourly),Szegedi Nemzetközi Általános Iskola,https://www.profession.hu/allas/it-teacher-part-time-or-hourly-szegedi-nemzetkozi-altalanos-iskola-szeged-2844109?sessionId=ed7061b1d89e7c95ce70868e0e3baa03,2026-03-04,2026-03-25,True,Szeged,,English: B2,Középiskola,,,Részmunkaidő,Általános munkarend,Nem kell tapasztalat
2844108,Senior SW/System Test Engineer,ARM Hungary Kft.,https://www.profession.hu/allas/senior-sw-system-test-engineer-arm-hungary-kft-2844108?sessionId=ed7061b1d89e7c95ce70868e0e3baa03,2026-03-04,2026-03-25,True,Budapest,,English: B1,High School with Diploma,"Python, Shell scripting under Linux",CI environment,Hybrid,Full-time,0-1 years
2844106,AI Applications Engineer,Oracle Global Services Hungary Kft.,https://www.profession.hu/allas/ai-applications-engineer-oracle-global-services-hungary-kft-2844106?sessionId=ed7061b1d89e7c95ce70868e0e3baa03,2026-03-04,2026-03-05,False,,,,Bachelor,"Python, Java","Oracle Cloud AI services, TensorFlow, PyTorch",On-site,Full-time,1-3 years
2844101,MS Dynamics 365 Developer,Accenture Korlátolt Felelősségű Társaság,https://www.profession.hu/allas/ms-dynamics-developer-accenture-korlatolt-felelossegu-tarsasag-2844101?sessionId=ed7061b1d89e7c95ce70868e0e3baa03,2026-03-04,2026-03-25,True,Budapest,,English: B2,Középiskola,"C#, .NET, HTML, CSS, JavaScript","DYNAMICS C, AZURE CLOUD TESTING, SQL, CRM, SSIS, KingswaySoft, Scribe",Hybrid,Full-time,1-3 years
2844099,IT Business Analyst,Advocate Organization Development Kft.,https://www.profession.hu/allas/it-business-analyst-advocate-organization-development-kft-2844099?sessionId=ed7061b1d89e7c95ce70868e0e3baa03,2026-03-04,2026-03-25,True,Budapest,,English: B2,Bachelor,,"MS OFFICE WORD, POWERPOINT, SQL, JIRA, CONFLUENCE, AGILE TESTING, PROJECT MANAGEMENT, EXCEL",On-site,Full-time,3-5 years
2844095,"Intern, System IP Engineering",ARM Hungary Kft.,https://www.profession.hu/allas/intern-system-ip-engineering-arm-hungary-kft-2844095?sessionId=ed7061b1d89e7c95ce70868e0e3baa03,2026-03-04,2026-03-25,True,Budapest,,,Master's Degree,SystemVerilog,"Perl, Python",Hybrid,Full-time,0-1 years
2844087,Junior Python Developer,Puppetworks Budapest Produkciós Kft.,https://www.profession.hu/allas/junior-python-developer-puppetworks-budapest-produkcios-kft-2844087?sessionId=ed7061b1d89e7c95ce70868e0e3baa03,2026-03-04,2026-03-25,True,Budapest,,English: B2,Bachelor,"Python, C++, Java, C#","SQL, GIT, MVC, Windows, Linux, Agile, SQLAlchemy/Django, Qt Graphic Framework, DVCS tools (Git, Mercurial), MVC desktop GUI development, multi-threaded programs development, cross-platform development",Részmunkaidő,Általános munkarend,
2844083,Graduate Software Engineer,ARM Hungary Kft.,https://www.profession.hu/allas/graduate-software-engineer-arm-hungary-kft-2844083?sessionId=ed7061b1d89e7c95ce70868e0e3baa03,2026-03-04,2026-03-25,True,Budapest,,English: B2,Bachelor,"JAVA, LINUX, TESTING, DEVOPS, C, C++, ASSEMBLY, ANDROID, DEBIAN, PYTHON",EXCEL,Hybrid,Full-time,Pályakezdő/friss diplomás
2844082,AWS Cloud Engineer,SnapSoft Informatikai és Szolgáltató Kft.,https://www.profession.hu/allas/aws-cloud-engineer-snapsoft-informatikai-es-szolgaltato-kft-budapest-2844082?sessionId=ed7061b1d89e7c95ce70868e0e3baa03,2026-03-04,2026-03-25,True,Budapest,,English: B2,Bachelor,,"Terraform, OpenTofu, Terragrunt, AWS CloudFormation, CI/CD pipelines, Ansible, Docker, Bitbucket, MacOS",On-site,Full-time,3-5 years
2844078,Senior Software Engineer,Digital Natives Szolgáltató Zrt.,https://www.profession.hu/allas/senior-software-engineer-digital-natives-szolgaltato-zrt-2844078?sessionId=ed7061b1d89e7c95ce70868e0e3baa03,2026-03-04,2026-03-25,True,,,English: B2,High School with Diploma,"React, TypeScript","Agile, Clean Code, Scrum, Testing Practices, Code Reviews",Home-Office,Full-time,0-1 years
2844077,AI Applications Team - Internship,ARM Hungary Kft.,https://www.profession.hu/allas/ai-applications-team-internship-arm-hungary-kft-2844077?sessionId=ed7061b1d89e7c95ce70868e0e3baa03,2026-03-04,2026-03-11,False,Budapest,,English: B2,Bachelor,"C, C++, Python","DevOps, Network, Testing, Debugging",Hybrid,Full-time,
2844068,Senior Software Engineer (Backend & Cloud Services),Accenture Korlátolt Felelősségű Társaság,https://www.profession.hu/allas/senior-software-engineer-backend-cloud-services-accenture-korlatolt-felelossegu-tarsasag-2844068?sessionId=ed7061b1d89e7c95ce70868e0e3baa03,2026-03-04,2026-03-25,True,Budapest,,,Középiskola,"Node.js, JavaScript, TypeScript","AWS (Lambda, API Gateway, DynamoDB, S3, ECS), Jest or Mocha, CI/CD pipelines (AWS CodePipeline, CodeBuild), Docker, Kubernetes, Monitoring tools (CloudWatch, Prometheus, Datadog)",Hybrid,Full-time,5+ years
2844066,Full-Stack Engineering Manager,SnapSoft Informatikai és Szolgáltató Kft.,https://www.profession.hu/allas/full-stack-engineering-manager-snapsoft-informatikai-es-szolgaltato-kft-2844066?sessionId=ed7061b1d89e7c95ce70868e0e3baa03,2026-03-04,2026-03-25,True,Budapest,,English: B2,Középiskola,"Angular, React, Node.js, Java, .NET, SQL, NoSQL","AWS, Azure, GCP, Terraform, CI/CD pipelines, DevOps, Agile/Scrum, Kubernetes, Amazon EKS",Általános munkarend,Full-time,5+ years
2844063,AI/ML Solutions Architect,SnapSoft Informatikai és Szolgáltató Kft.,https://www.profession.hu/allas/ai-ml-solutions-architect-snapsoft-informatikai-es-szolgaltato-kft-2844063?sessionId=ed7061b1d89e7c95ce70868e0e3baa03,2026-03-04,2026-03-25,True,Budapest,,English: B2,Bachelor,"Python, SQL","AWS CloudFormation, Terraform (Terragrunt), CI/CD pipelines, SageMaker, Bedrock, Glue, MWAA, EMR, RDS, Aurora, S3, OpenSearch, ElasticSearch",On-site,Full-time,5+ years
2844059,Backend Tech Lead (Java/Kotlin),Supercharge Kft.,https://www.profession.hu/allas/backend-tech-lead-java-kotlin-supercharge-kft-2844059?sessionId=ed7061b1d89e7c95ce70868e0e3baa03,2026-03-04,2026-03-25,True,Budapest,,English: B2,Középiskola,"Java, Kotlin","AZURE SECURITY, BACKEND, JAVA, KOTLIN, SPRING, SQL, NOSQL DATABASES, CLOUD AWS, ACCESS, CLEAN CODE",Full-time,Full-time,0-1 years
2844057,AI/ML Engineer,SnapSoft Informatikai és Szolgáltató Kft.,https://www.profession.hu/allas/ai-ml-engineer-snapsoft-informatikai-es-szolgaltato-kft-2844057?sessionId=ed7061b1d89e7c95ce70868e0e3baa03,2026-03-04,2026-03-25,True,Budapest,,English: B2,Bachelor,"Python, SQL","AZURE, PYTHON, SQL, AWS, CLOUD, PANDAS, MACHINE LEARNING, MACOS",On-site,Full-time,1-3 years
2844039,"SAP pénzügyi és kontrolling (FI, CO) tanácsadó",SCHWARZ & TURNER CONSULTING Tanácsadó Kft.,https://www.profession.hu/allas/sap-penzugyi-es-kontrolling-fi-co-tanacsado-schwarz-turner-consulting-tanacsado-kft-2844039?sessionId=ed7061b1d89e7c95ce70868e0e3baa03,2026-03-04,2026-03-25,True,,,"English: B1, German: B1",Secondary education,,SAP,Full-time,Full-time,1-3 years
2844038,Energy Consultant,Supercharge Kft.,https://www.profession.hu/allas/energy-consultant-supercharge-kft-2844038?sessionId=ed7061b1d89e7c95ce70868e0e3baa03,2026-03-04,2026-03-25,True,Budapest,,English: B2,Bachelor,,"CHANGE MANAGEMENT, ACCESS, REST",On-site,Full-time,5-10 years
2844036,Success Manager,Cheppers Szolgáltató Zrt.,https://www.profession.hu/allas/success-manager-cheppers-szolgaltato-zrt-budapest-2844036?sessionId=ed7061b1d89e7c95ce70868e0e3baa03,2026-03-04,2026-03-11,False,Budapest,,"English: B2, Hungarian: B2",Középiskola,,"JIRA, HubSpot",Hybrid,Full-time,1-3 years
2843996,Program Manager,Utimaco GmbH,https://www.profession.hu/allas/program-manager-utimaco-gmbh-2843996?sessionId=ed7061b1d89e7c95ce70868e0e3baa03,2026-03-04,2026-03-25,True,Németország,,English: B2,Főiskola,,"MS Project, SECURITY, ITIL, PROJECT MANAGEMENT, PMI, SCRUM, JIRA",Általános munkarend,Teljes munkaidő,1-3 év tapasztalat
2843993,Solution Consultant – Finance & Controlling Applications/SAP FI (m/f/d),Henkell & Co. Sektkellerei KG,https://www.profession.hu/allas/solution-consultant-finance-controlling-applications-sap-fi-m-f-d-henkell-co-sektkellerei-kg-2843993?sessionId=ed7061b1d89e7c95ce70868e0e3baa03,2026-03-04,2026-03-25,True,Wiesbaden,,"English: B2, German: Native",Bachelor,,,Hybrid,Full-time,3-5 years
2843992,Solution Consultant – Data & Process Integration Services/Master Data Management (d/m/f),Henkell & Co. Sektkellerei KG,https://www.profession.hu/allas/solution-consultant-data-process-integration-services-master-data-management-d-m-f-henkell-co-sektkellerei-kg-2843992?sessionId=ed7061b1d89e7c95ce70868e0e3baa03,2026-03-04,2026-03-25,True,Germany,,"English: B2, German: Native",Bachelor,,"SAP, BI tools, Data Management Systems",Hybrid,Full-time,5+ years
2843987,Security Architekt für Produkte in der industriellen Messtechnik (m/w/x),ZEISS,https://www.profession.hu/allas/security-architekt-fur-produkte-in-der-industriellen-messtechnik-m-w-x-zeiss-2843987?sessionId=ed7061b1d89e7c95ce70868e0e3baa03,2026-03-04,2026-03-23,False,Németország,,"English: B2, German: Fluently",Master,,"CLOUD SECURITY, ISO, IEC 62443, ISO 27001, Cyber Resilience Act (CRA), NIS-2",On-site,Full-time,1-3 years
2843982,Student Worker IT Project Management and Process Support,Utimaco GmbH,https://www.profession.hu/allas/student-worker-it-project-management-and-process-support-utimaco-gmbh-2843982?sessionId=ed7061b1d89e7c95ce70868e0e3baa03,2026-03-04,2026-03-04,False,Hibrid,,English: B2,Középiskola,,"Microsoft Office, Project Management, Excel",Hybrid,Full-time,1-3 years
2843981,Quality Assurance Engineer,Utimaco GmbH,https://www.profession.hu/allas/quality-assurance-engineer-utimaco-gmbh-2843981?sessionId=ed7061b1d89e7c95ce70868e0e3baa03,2026-03-04,2026-03-11,False,Németország,,English: C2,Bachelor,Python,"Linux, TEST AUTOMATION TEST MANAGEMENT ISTQB",Flexible,Full-time,1-3 years
2843980,Senior C++ Development Engineer,Utimaco GmbH,https://www.profession.hu/allas/senior-c-development-engineer-utimaco-gmbh-2843980?sessionId=ed7061b1d89e7c95ce70868e0e3baa03,2026-03-04,2026-03-25,True,Hibrid,,English: B2,Egyetem,"C++, Python, Bash","Git, DATABASE POSTGRESQL, AGILE TESTING, Clang, Valgrind, code reviews",Hybrid,Full-time,1-3 years
2843978,Senior Robotics AI Engineer (f/m/x),BMW Group,https://www.profession.hu/allas/senior-robotics-ai-engineer-f-m-x-bmw-group-2843978?sessionId=ed7061b1d89e7c95ce70868e0e3baa03,2026-03-04,2026-03-23,False,Munich,,English: B2,Master,"Python, C++","PyTorch, JAX, CUDA, ROS 2, Isaac Sim, MuJoCo",Full-time,Full-time,5+ years
2843977,Senior Agentic AI Engineer (f/m/x),BMW Group,https://www.profession.hu/allas/senior-agentic-ai-engineer-f-m-x-bmw-group-2843977?sessionId=ed7061b1d89e7c95ce70868e0e3baa03,2026-03-04,2026-03-25,True,Munich,,English: B1,Master,Python,"AWS, Azure, DevOps, Testing, Security, Machine Learning, Clean Code",Full-time,Full-time,5+ years
2843975,(Inhouse) Project Manager global IT Infrastructure (m/f/d),Leadec Automation & Engineering GmbH,https://www.profession.hu/allas/inhouse-project-manager-global-it-infrastructure-m-f-d-leadec-automation-engineering-gmbh-2843975?sessionId=ed7061b1d89e7c95ce70868e0e3baa03,2026-03-04,2026-03-25,True,Hibrid,,"English: B1-B2, German: B1-B2",Bachelor,,"PMP, BPMN",Hybrid,Full-time,1-3 years
2843965,Student Research Assistant - Open-Source Experimental Design Platform Development (gn),Hertie School gGmbH,https://www.profession.hu/allas/student-research-assistant-open-source-experimental-design-platform-development-gn-hertie-school-ggmbh-2843965?sessionId=ed7061b1d89e7c95ce70868e0e3baa03,2026-03-04,2026-03-25,True,Berlin,,German: B2,Bachelor,"Python, FastAPI","Git, GitHub, Docker, PostgreSQL, SQL, Automated Tests, Troubleshooting",Hybrid,Full-time,1-3 years
2841896,Data Analyst - Marketing Strategy and Intelligence,trivago N.V.,https://www.profession.hu/allas/data-analyst-marketing-strategy-and-intelligence-trivago-n-v-2841896?sessionId=ed7061b1d89e7c95ce70868e0e3baa03,2026-03-04,2026-03-25,True,,,English: B2,Bachelor,"Python, R","SQL, BI/dashboarding tools (e.g., Tableau), ACCESS, MACHINE LEARNING",Home-Office,Full-time,5+ years
2843958,(Senior) Researcher (f/m/d) - Foundation and World Models on Structured Business Data,SAP SE,https://www.profession.hu/allas/senior-researcher-f-m-d-foundation-and-world-models-on-structured-business-data-sap-se-2843958?sessionId=ed7061b1d89e7c95ce70868e0e3baa03,2026-03-04,2026-03-25,True,Germany,,English: B2,PhD,Python,"SAP, ERP, PyTorch, TensorFlow",Hybrid,Full-time,3-5 years
2843953,Backend Engineer - Customer Risk Lifecycle,N26 GmbH,https://www.profession.hu/allas/backend-engineer-customer-risk-lifecycle-n-gmbh-2843953?sessionId=ed7061b1d89e7c95ce70868e0e3baa03,2026-03-04,2026-03-25,True,Germany,,English: B2,Bachelor,"Kotlin, Spring Boot","AWS, Databases (relational and non-relational), Cloud Security",Hybrid,Full-time,1-3 years
2843947,AI Data Engineer - SAP-RPT Model Family (f/m/d),SAP SE,https://www.profession.hu/allas/ai-data-engineer-sap-rpt-model-family-f-m-d-sap-se-2843947?sessionId=ed7061b1d89e7c95ce70868e0e3baa03,2026-03-04,2026-03-11,False,Germany,,English: B2,Master's degree,"Python, SQL","SAP BACKEND, ABAP @SAP, MACHINE LEARNING, AWS, AZURE",Hybrid,Full-time,1-3 years
2843946,Lead Research Engineer (f/m/d): Foundation and World Models on Structured Data,SAP SE,https://www.profession.hu/allas/lead-research-engineer-f-m-d-foundation-and-world-models-on-structured-data-sap-se-2843946?sessionId=ed7061b1d89e7c95ce70868e0e3baa03,2026-03-04,2026-03-17,False,Germany,,English: B2,PhD or Master's degree,Python,"ACCESS, SAP, MACHINE LEARNING",Hybrid,Full-time,5+ years
2843934,(Senior) Research Engineer (f/m/d) - Foundation and World Models on Structured Data,SAP SE,https://www.profession.hu/allas/senior-research-engineer-f-m-d-foundation-and-world-models-on-structured-data-sap-se-2843934?sessionId=ed7061b1d89e7c95ce70868e0e3baa03,2026-03-04,2026-03-23,False,Germany,,English: B2,Master's degree,Python,"ACCESS, SAP, MACHINE LEARNING",Hybrid,Full-time,5+ years
2843923,Backend Engineer - Engagement,N26 GmbH,https://www.profession.hu/allas/backend-engineer-engagement-n-gmbh-2843923?sessionId=ed7061b1d89e7c95ce70868e0e3baa03,2026-03-04,2026-03-09,False,Berlin or Barcelona,,English: B2,Bachelor,"Kotlin, Spring Boot","AWS, Databases (Postgres), Cloud Architecture",Hybrid,Full-time,1-3 years
2843920,Principal Researcher (f/m/d) - Foundation and World Models on Structured Business Data,SAP SE,https://www.profession.hu/allas/principal-researcher-f-m-d-foundation-and-world-models-on-structured-business-data-sap-se-2843920?sessionId=ed7061b1d89e7c95ce70868e0e3baa03,2026-03-04,2026-03-17,False,Germany,,English: B2,PhD,Python,"SAP, ERP, ML frameworks such as PyTorch, TensorFlow",Hybrid,"Full-time, unbefristet",5+ years
2843817,System Engineer (m/w/d),Randstad Deutschland GmbH & Co. KG,https://www.profession.hu/allas/system-engineer-m-w-d-randstad-deutschland-gmbh-co-kg-2843817?sessionId=ed7061b1d89e7c95ce70868e0e3baa03,2026-03-04,2026-03-16,False,Németország,,"English: C1, German: C1",Master / Diplom-Studiengang,Python,"MS OFFICE, TESTING, GIT, JIRA, CONFLUENCE, Atlassian software development, Automated testing tools, Version control (Git), Oscilloscope, Spectrum analyzer, Network analyzer, RF signal generator",On-site,Full-time,1-3 years
2843775,Software Engineer (m/f/d) AIRBUS,"Orizon GmbH, Unit Aviation",https://www.profession.hu/allas/software-engineer-m-f-d-airbus-orizon-gmbh-unit-aviation-2843775?sessionId=ed7061b1d89e7c95ce70868e0e3baa03,2026-03-04,2026-03-18,False,Germany,,"English: C2, German: B1",Bachelor,"C++, Java, QML","MS Office, QT Framework (QML, C++, CMake)",,Full-time,1-3 years
2843745,Softwareentwickler (m/w/d),Randstad Deutschland GmbH & Co. KG,https://www.profession.hu/allas/softwareentwickler-m-w-d-randstad-deutschland-gmbh-co-kg-2843745?sessionId=ed7061b1d89e7c95ce70868e0e3baa03,2026-03-04,2026-03-04,False,Germany,,"German: Fluent, English: B2",Bachelor,"C, C++, Python, MATLAB","CPPUnit, MISRA-C, Xilinx ARM cortex SoC, QT, Simulink, Lauterbach Embedded Trace and debugger, Atlassian toolchain",,Full-time,1-3 years
2843655,Senior Presales Consultant for HPC (High Performance Computing) & AI platforms (f/m/d),Fsas Technologies GmbH,https://www.profession.hu/allas/senior-presales-consultant-for-hpc-high-performance-computing-ai-platforms-f-m-d-fsas-technologies-gmbh-2843655?sessionId=ed7061b1d89e7c95ce70868e0e3baa03,2026-03-04,2026-03-25,True,Hibrid,,"German: B2, English: C1",Középiskola,,,Hybrid,Full-time,1-3 years
2843645,Security Architect (m/w/x) - befristet für 2 Jahre,ZEISS,https://www.profession.hu/allas/security-architect-m-w-x-befristet-fur-jahre-zeiss-2843645?sessionId=ed7061b1d89e7c95ce70868e0e3baa03,2026-03-04,2026-03-23,False,Germany,,"English: C2, German: C2",Bachelor,,,On-site,Full-time,1-3 years
2843615,PLC Development and Support Engineer (f/m/d),European XFEL GmbH,https://www.profession.hu/allas/plc-development-and-support-engineer-f-m-d-european-xfel-gmbh-2843615?sessionId=ed7061b1d89e7c95ce70868e0e3baa03,2026-03-04,2026-03-17,False,Hamburg area,,English: B2,Bachelor,"Python, C#","TwinCAT3, TwinSAFE, GIT, Redmine, SCADA/HMI systems, NC PTP Beckhoff libraries, TwinCAT 3.1",Hybrid,Full-time,1-3 years
2843608,Internship in Next-Generation System Interaction with Eye-Tracking (f/m/x),ZEISS,https://www.profession.hu/allas/internship-in-next-generation-system-interaction-with-eye-tracking-f-m-x-zeiss-2843608?sessionId=ed7061b1d89e7c95ce70868e0e3baa03,2026-03-04,2026-03-25,True,,,"English: B2, German: B1",Master,,,Hybrid,Full-time,1-3 years
2843603,Full-Stack Developer Affiliate (m/w/d),Ströer Content Group Product & Tech GmbH,https://www.profession.hu/allas/full-stack-developer-affiliate-m-w-d-stroer-content-group-product-tech-gmbh-2843603?sessionId=ed7061b1d89e7c95ce70868e0e3baa03,2026-03-04,2026-03-22,False,,,English: B2,High School with Diploma,"Python, React, Django","AWS, Astro, Typescript",On-site with home office,Full-time,1-3 years
2843587,Senior Networking Consultant for HPC (High Performance Computing) & AI platforms (f/m/d),Fsas Technologies GmbH,https://www.profession.hu/allas/senior-networking-consultant-for-hpc-high-performance-computing-ai-platforms-f-m-d-fsas-technologies-gmbh-2843587?sessionId=ed7061b1d89e7c95ce70868e0e3baa03,2026-03-04,2026-03-25,True,Hibrid,,"German: B2, English: C1",Középiskola,,"HPC Networking design, General Networking architectures, Networking Performance optimization, Networking Ecosystem Management, HPC Software, Storage",Hybrid,Full-time,1-3 years
2843582,Global Identity & Access Management Consultant,HDI Global,https://www.profession.hu/allas/global-identity-access-management-consultant-hdi-global-2843582?sessionId=ed7061b1d89e7c95ce70868e0e3baa03,2026-03-04,2026-03-25,True,,,"English: C1, German: C1",Bachelor,,"ACCESS, CLOUD, ISO",Home-Office,Full-time,3-5 years
2843577,Senior Presales Storage Consultant for HPC (High Performance Computing) & AI platforms (f/m/d),Fsas Technologies GmbH,https://www.profession.hu/allas/senior-presales-storage-consultant-for-hpc-high-performance-computing-ai-platforms-f-m-d-fsas-technologies-gmbh-2843577?sessionId=ed7061b1d89e7c95ce70868e0e3baa03,2026-03-04,2026-03-25,True,Hibrid,,"German: Mittel, English: B2",Középiskola,,,Hybrid,Full-time,1-3 years
2843574,Embedded Software-Entwickler (m/w/x) befristet auf 24 Monate,ZEISS,https://www.profession.hu/allas/embedded-software-entwickler-m-w-x-befristet-auf-monate-zeiss-2843574?sessionId=ed7061b1d89e7c95ce70868e0e3baa03,2026-03-04,2026-03-25,True,Németország,,"English: C1, German: C1",Főiskola,"C, Python","GitHub, Azure DevOps, Jira, Axivion",,Teljes munkaidő,1-3 év tapasztalat
2843559,System Transformation Manager (IT Project Management) f/m/d,The Stepstone Group GmbH,https://www.profession.hu/allas/system-transformation-manager-it-project-management-f-m-d-the-stepstone-group-gmbh-2843559?sessionId=ed7061b1d89e7c95ce70868e0e3baa03,2026-03-04,2026-03-09,False,Hibrid,,English: B2,Master,,"Agile delivery methods (e.g., Scrum, Kanban, SAFe), MS Office, Global platforms or multinational rollouts",Hybrid,Full-time,1-3 years
2842259,Senior Data Solution Engineer,LGT Capital Partners AG,https://www.profession.hu/allas/senior-data-solution-engineer-lgt-capital-partners-ag-2842259?sessionId=ed7061b1d89e7c95ce70868e0e3baa03,2026-03-04,2026-03-10,False,Pfäffikon SZ,,English: B2,Bachelor,"Python, SQL, Power BI","dbt, Snowflake, Azure DevOps, Agile/Scrum, CI/CD pipelines",Hybrid,Full-time,1-3 years
2842258,Business Analyst IT,CAISSE DES MEDECINS,https://www.profession.hu/allas/business-analyst-it-caisse-des-medecins-2842258?sessionId=ed7061b1d89e7c95ce70868e0e3baa03,2026-03-04,2026-03-09,False,Thônex,,"English: B1-B2, French: B2, German: B2",Bachelor,,"JIRA, TESTING, AGILE, CONFLUENCE",On-site,Full-time,1-3 years
2842246,Product Owner 80 - 100%,Neho,https://www.profession.hu/allas/product-owner-neho-2842246?sessionId=ed7061b1d89e7c95ce70868e0e3baa03,2026-03-04,2026-03-04,False,,,,Bachelor,,"CRM, EXCEL",Hybrid,Full-time,1-3 years
2842242,E-Invoice Project Manager 100%,IQ Plus AG,https://www.profession.hu/allas/e-invoice-project-manager-iq-plus-ag-2842242?sessionId=ed7061b1d89e7c95ce70868e0e3baa03,2026-03-04,2026-03-05,False,Svájc,,,Középiskola,,,Általános munkarend,Teljes munkaidő,5+ years
2842231,Senior Data Solution Engineer,LGT Capital Partners AG,https://www.profession.hu/allas/senior-data-solution-engineer-lgt-capital-partners-ag-2842231?sessionId=ed7061b1d89e7c95ce70868e0e3baa03,2026-03-04,2026-03-10,False,"Pfäffikon, Switzerland",,English: B2,High School with Diploma,"SQL, Python","BI ANALYTICS TESTING, AZURE DEVOPS, SECURITY ACCESS, SQL, PYTHON, CLOUD, POWER BI, AGILE SCRUM",Hybrid,Full-time,1-3 years
2842228,Business Analyst IT,CAISSE DES MEDECINS,https://www.profession.hu/allas/business-analyst-it-caisse-des-medecins-2842228?sessionId=ed7061b1d89e7c95ce70868e0e3baa03,2026-03-04,2026-03-09,False,Thônex,,"English: B1-B2, French: B2, German: B2",Bachelor,,"Confluence, JIRA",On-site,Full-time,1-3 years
2842215,DSP Engineer,Mettler Toledo,https://www.profession.hu/allas/dsp-engineer-mettler-toledo-2842215?sessionId=ed7061b1d89e7c95ce70868e0e3baa03,2026-03-04,2026-03-18,False,Svájc,,English: B2,Master,,"MATLAB, Simulink",Hybrid,Full-time,1-3 years
2842207,Product Owner 80 - 100%,Neho,https://www.profession.hu/allas/product-owner-neho-2842207?sessionId=ed7061b1d89e7c95ce70868e0e3baa03,2026-03-04,2026-03-04,False,,,,Bachelor,,"CRM, EXCEL",Hybrid,Full-time,1-3 years
2842203,E-Invoice Project Manager 100%,IQ Plus AG,https://www.profession.hu/allas/e-invoice-project-manager-iq-plus-ag-2842203?sessionId=ed7061b1d89e7c95ce70868e0e3baa03,2026-03-04,2026-03-05,False,Svájc,,,Középiskola,,,Általános munkarend,Teljes munkaidő,5+ years
2842084,"Principal Software Engineer (Python, AI)",Diligent Governance Hungary Kft.,https://www.profession.hu/allas/principal-software-engineer-python-ai-diligent-governance-hungary-kft-2842084?sessionId=ed7061b1d89e7c95ce70868e0e3baa03,2026-03-04,2026-03-25,True,Budapest,,,Középiskola,"Node.js, Python","AWS, Security, Backend",Hybrid,Full-time,5+ years
2828347,HRIS Specialist – Talent & Learning Technology,KOSTAL Global Business Services Center Kft.,https://www.profession.hu/allas/hris-specialist-talent-learning-technology-kostal-global-business-services-center-kft-2828347?sessionId=ed7061b1d89e7c95ce70868e0e3baa03,2026-03-04,2026-03-11,False,,,English: C1,Középiskola,,"Cornerstone, SAP SuccessFactors, Workday",Home-Office,Full-time,3-5 years
2842078,Staff Software Engineer,Diligent Governance Hungary Kft.,https://www.profession.hu/allas/staff-software-engineer-diligent-governance-hungary-kft-2842078?sessionId=ed7061b1d89e7c95ce70868e0e3baa03,2026-03-04,2026-03-25,True,Budapest,,,Középiskola,"Node.js, TypeScript","SQL, NoSQL, AWS, DATABASES, REACT, PYTHON, NOSQL, AGILE, SECURITY, DEVOPS, .C., ACCESS, CLOUD, NODE.JS, AWS, DATABASES, REACT, PYTHON, NOSQL",Hybrid,Full-time,5-10 years
2828345,IT PLM Master Data Trainee,KOSTAL Global Business Services Center Kft.,https://www.profession.hu/allas/it-plm-master-data-trainee-kostal-global-business-services-center-kft-2828345?sessionId=ed7061b1d89e7c95ce70868e0e3baa03,2026-03-04,2026-03-11,False,Budapest,,English: B2,Bachelor,,"SAP, MS Office (Excel, Outlook)",Home-Office,Half-time,0-1 years
2835887,IT Trainee – Ticket Quality Monitoring,KOSTAL Global Business Services Center Kft.,https://www.profession.hu/allas/it-trainee-ticket-quality-monitoring-kostal-global-business-services-center-kft-2835887?sessionId=ed7061b1d89e7c95ce70868e0e3baa03,2026-03-04,2026-03-09,False,Budapest,,English: B2,Ongoing university studies,,,Home-Office,Half-time,
2830286,Test Automation Engineer E-Mobility,KOSTAL Global Business Services Center Kft.,https://www.profession.hu/allas/test-automation-engineer-e-mobility-kostal-global-business-services-center-kft-2830286?sessionId=ed7061b1d89e7c95ce70868e0e3baa03,2026-03-04,2026-03-04,False,Budapest,,English: B2,Bachelor,"JavaScript, TypeScript","SELENIUM, ISTQB, SQL, CYPRESS, TROUBLESHOOTING, TEST AUTOMATION, AGILE TEST MANAGEMENT, SCRUM, KANBAN, DATABASE",Home-Office,Full-time,5+ years
2842049,iREMS Product Owner,iREMS Hungary Kft.,https://www.profession.hu/allas/irems-product-owner-irems-hungary-kft-2842049?sessionId=ed7061b1d89e7c95ce70868e0e3baa03,2026-03-04,2026-03-25,True,Budapest,,English: B2,Bachelor,,"AGILE, MICROSOFT OFFICE, PROJECT MANAGEMENT",Remote,Full-time,1-3 years
2835888,Senior IT PLM Engineer,KOSTAL Global Business Services Center Kft.,https://www.profession.hu/allas/senior-it-plm-engineer-kostal-global-business-services-center-kft-2835888?sessionId=ed7061b1d89e7c95ce70868e0e3baa03,2026-03-04,2026-03-18,False,Budapest,,English: B2,Bachelor,Python,"DATABASE, UAT TESTING, PYTHON, TROUBLESHOOTING, CHANGE MANAGEMENT, DATA MANAGEMENT, PROJECT MANAGEMENT, LEAN",Remote with on-site presence required from time to time,Full-time,3-5 years
2828366,Wissenschaftliche*n Mitarbeiter*in (w/m/d) im Bereich Data Science,Budapesti Németnyelvű Távtanulási Központ Alapítvány,https://www.profession.hu/allas/wissenschaftliche-n-mitarbeiter-in-w-m-d-im-bereich-data-science-budapesti-nemetnyelvu-tavtanulasi-kozpont-alapitvany-2828366?sessionId=ed7061b1d89e7c95ce70868e0e3baa03,2026-03-04,2026-03-07,False,Budapest,,"English: B2, German: B2",Master,"Python, Java","Large Language Models (LLMs), Prompt Engineering, Natural Language Processing (NLP)",Hybrid,Half-time,
2842010,Senior Consultant Business (f/m/d) Data Strategy & Advisory - Data Architect,SAP SE,https://www.profession.hu/allas/senior-consultant-business-f-m-d-data-strategy-advisory-data-architect-sap-se-2842010?sessionId=ed7061b1d89e7c95ce70868e0e3baa03,2026-03-04,2026-03-17,False,Hamburg,,"German: B2, English: B2",Bachelor,,"SAP Data & Analytics Portfolio (SAP Datasphere, SAP Analytics Cloud, SAP BW), S/4HANA, Business Transformation Knowledge",Hybrid,"Full-time, unbefristet",3-5 years
2842005,"Solution Consultant – Supply Chain Applications/SAP eWM, WM (m/f/d)",Henkell & Co. Sektkellerei KG,https://www.profession.hu/allas/solution-consultant-supply-chain-applications-sap-ewm-wm-m-f-d-henkell-co-sektkellerei-kg-2842005?sessionId=ed7061b1d89e7c95ce70868e0e3baa03,2026-03-04,2026-03-25,True,Wiesbaden,,"English: B2, German: Native",Bachelor,,"SAP eWM/WM (SAP ECC, SAP S/4 HANA)",Hybrid,Full-time,3-5 years
2842004,Solution Consultant – Data & Process Integration Services/SAP BW (m/f/d),Henkell & Co. Sektkellerei KG,https://www.profession.hu/allas/solution-consultant-data-process-integration-services-sap-bw-m-f-d-henkell-co-sektkellerei-kg-2842004?sessionId=ed7061b1d89e7c95ce70868e0e3baa03,2026-03-04,2026-03-25,True,Wiesbaden,,"English: B2, German: Native",Bachelor,ABAP,"SAP BI ANALYTICS, ABAP",Hybrid,Full-time,3-5 years
2842001,Scrum Master (m/f/d),Utimaco GmbH,https://www.profession.hu/allas/scrum-master-m-f-d-utimaco-gmbh-2842001?sessionId=ed7061b1d89e7c95ce70868e0e3baa03,2026-03-04,2026-03-25,True,Németország,,English: B2,Főiskola,,"SCRUM, AGILE, JIRA, CONFLUENCE",Általános munkarend,Teljes munkaidő,1-3 év tapasztalat
2841999,Business Processes Consultant (f/m/d) for SAP Enterprise Asset Management in CoE EMEA,SAP SE,https://www.profession.hu/allas/business-processes-consultant-f-m-d-for-sap-enterprise-asset-management-in-coe-emea-sap-se-2841999?sessionId=ed7061b1d89e7c95ce70868e0e3baa03,2026-03-04,2026-03-22,False,,,"English: C2, German: B2",Bachelor,ABAP,"SAP CLOUD, SAP S/4HANA, SAP Plant Maintenance, SAP EAM Fiori Apps, RSH, Work Clearance Management, SAP Customer Service, SAP S/4HANA Service, SAP Master Data, SAP Materials Management, SAP Production Planning, SAP Quality Management",Hybrid,Full-time,1-3 years
2841996,Master Data Project Manager (f/m/x),ZEISS,https://www.profession.hu/allas/master-data-project-manager-f-m-x-zeiss-2841996?sessionId=ed7061b1d89e7c95ce70868e0e3baa03,2026-03-04,2026-03-11,False,Németország,,"English: B2, German: B2",Középiskola,,"SAP R ERP, CRM, AGILE PROJECT MANAGEMENT",Általános munkarend,Teljes munkaidő,1-3 years
2841994,Solution Advisor Expert (f/m/d) Customer Experience,SAP SE,https://www.profession.hu/allas/solution-advisor-expert-f-m-d-customer-experience-sap-se-2841994?sessionId=ed7061b1d89e7c95ce70868e0e3baa03,2026-03-04,2026-03-10,False,"Berlin, Hamburg, Ratingen, Eschborn, Walldorf, Gerlingen, Garchingen",,"English: B2, German: Fluent",Bachelor,,,Hybrid,Full-time,1-3 years
2841992,Business Process Consultant SAP (f/m/x),ZEISS,https://www.profession.hu/allas/business-process-consultant-sap-f-m-x-zeiss-2841992?sessionId=ed7061b1d89e7c95ce70868e0e3baa03,2026-03-04,2026-03-05,False,Németország,,"English: C2, German: C2","Bachelor's degree in Business Informatics, Business Administration, Industrial Engineering, or related field",,"SAP R/3 (and ideally SAP S/4HANA), relevant third-party business systems",Full-time,Full-time,1-3 years
2841987,Senior Solution Consultant / Content & Experience Management,Adobe Systems Europe Limited,https://www.profession.hu/allas/senior-solution-consultant-content-experience-management-adobe-systems-europe-limited-2841987?sessionId=ed7061b1d89e7c95ce70868e0e3baa03,2026-03-04,2026-03-25,True,Németország,,"English: B2, German: B2",Középiskola,"Adobe C, C Cloud, HTML5, CSS, JavaScript, DNS",.html @ADOBE,Full-time,Full-time,1-3 years
2841981,SAP S/4HANA RAR Consultant (m/f/d) – FSCM,Vaillant GmbH,https://www.profession.hu/allas/sap-s-hana-rar-consultant-m-f-d-fscm-vaillant-gmbh-2841981?sessionId=ed7061b1d89e7c95ce70868e0e3baa03,2026-03-04,2026-03-25,True,Remscheid,,English: B2,Bachelor,,"SAP ENTERPRISE ARCHITECT, AGILE PROJECT MANAGEMENT, EXCEL",Hybrid,Full-time,1-3 years
2841979,(Senior) Technical Consultant (m/w/d),SoftProject GmbH,https://www.profession.hu/allas/senior-technical-consultant-m-w-d-softproject-gmbh-2841979?sessionId=ed7061b1d89e7c95ce70868e0e3baa03,2026-03-04,2026-03-25,True,Ettlingen,,English: B2,Bachelor,"Java, .NET, Python, PHP","Agile, Waterfall, Microsoft Office, Atlassian tools (Jira, Confluence, Bitbucket), Design and project planning tools",On-site,Full-time,1-3 years
2841974,Senior Expert (m/f/d) Artificial Intelligence (AI),Diehl Defence GmbH & Co. KG,https://www.profession.hu/allas/senior-expert-m-f-d-artificial-intelligence-ai-diehl-defence-gmbh-co-kg-2841974?sessionId=ed7061b1d89e7c95ce70868e0e3baa03,2026-03-04,2026-03-17,False,Überlingen,,"English: B2, German: B2",PhD,"Python, TensorFlow, PyTorch",MLOps tools,On-site,Full-time,5+ years
2841949,Senior Product Manager - Payments Rails,N26 GmbH,https://www.profession.hu/allas/senior-product-manager-payments-rails-n-gmbh-2841949?sessionId=ed7061b1d89e7c95ce70868e0e3baa03,2026-03-04,2026-03-25,True,Berlin,,English: B2,Bachelor,,"SWIFT, BACKEND, AGILE, ACCESS",On-site with home office,Full-time,5+ years
2841943,Engineer / PLC Programmer (m/f/d) - OT Network Architecture & Cyber Security,JAUSS HR-Consulting GmbH & Co. KG,https://www.profession.hu/allas/engineer-plc-programmer-m-f-d-ot-network-architecture-cyber-security-jauss-hr-consulting-gmbh-co-kg-2841943?sessionId=ed7061b1d89e7c95ce70868e0e3baa03,2026-03-04,2026-03-16,False,,,"English: C1, German: B2",Bachelor,"TIA Portal, Rockwell Studio 5000","PLC, SCADA, OT firewalls, Layer 2/3 switches",Remote with on-site visits,Full-time,1-3 years
2841913,Global Business Process Manager – Finance & Controlling (m/f/d),Dynapac GmbH,https://www.profession.hu/allas/global-business-process-manager-finance-controlling-m-f-d-dynapac-gmbh-2841913?sessionId=ed7061b1d89e7c95ce70868e0e3baa03,2026-03-04,2026-03-25,True,Hibrid,,English: B2,Bachelor,,SAP S/4HANA 2023,Hybrid,Full-time,1-3 years
2841826,(Associate) Director Process Consulting (m/f/d),QIAGEN GmbH,https://www.profession.hu/allas/associate-director-process-consulting-m-f-d-qiagen-gmbh-2841826?sessionId=ed7061b1d89e7c95ce70868e0e3baa03,2026-03-04,2026-03-25,True,Németország,,"English: B2, German: Strong advantage",Középiskola,,"SAP S/4HANA, ECC",Hybrid,Full-time,1-3 years
2841818,Mobile Developer Digital Health (m/w/d),MEDIAN Unternehmensgruppe B.V. & Co. KG,https://www.profession.hu/allas/mobile-developer-digital-health-m-w-d-median-unternehmensgruppe-b-v-co-kg-2841818?sessionId=ed7061b1d89e7c95ce70868e0e3baa03,2026-03-04,2026-03-25,True,Németország,,"English: C1, German: B2 or higher",Középiskola,"React, REST, DevOps, Backend, Frontend","Firebase, Fastlane, Docker, Kubernetes, Browserstack, Terminar, GitHub",Általános munkarend,Teljes munkaidő,1-3 years
2841772,Head of IT Delivery (m/f/x),Allane SE,https://www.profession.hu/allas/head-of-it-delivery-m-f-x-allane-se-2841772?sessionId=ed7061b1d89e7c95ce70868e0e3baa03,2026-03-04,2026-03-11,False,Munich,,"English: B2, German: C1",Bachelor,,"SERVICE MANAGEMENT, AGILE, EXCEL",Hybrid,Full-time,3-5 years
2841348,Embedded Software Engineer,mylife Diabetes Care AG,https://www.profession.hu/allas/embedded-software-engineer-mylife-diabetes-care-ag-2841348?sessionId=ed7061b1d89e7c95ce70868e0e3baa03,2026-03-04,2026-03-23,False,Burgdorf,,,Középiskola,"C, C++, Python","Git, STM32, Bluetooth, TDD, SCRUM, CI/CD, RTOS",Hybrid,Teljes munkaidő,1-3 év tapasztalat
2841063,Full-Stack Engineer,SnapSoft Informatikai és Szolgáltató Kft.,https://www.profession.hu/allas/full-stack-engineer-snapsoft-informatikai-es-szolgaltato-kft-2841063?sessionId=ed7061b1d89e7c95ce70868e0e3baa03,2026-03-04,2026-03-23,False,Budapest,,English: B2,Középiskola,"Angular, React, Node.js, Java, .NET, SQL, NoSQL, Docker, AWS","Git, Terraform, OpenTofu, PostgreSQL, DynamoDB, Spring Boot, Kubernetes, AWS ECS, RDS, S3, API Gateway",Általános munkarend,Teljes munkaidő,1-3 év tapasztalat
2822950,Junior JavaScript fejlesztő,FIT Solutions Kft.,https://www.profession.hu/allas/junior-javascript-fejleszto-fit-solutions-kft-szeged-2822950?sessionId=ed7061b1d89e7c95ce70868e0e3baa03,2026-03-04,2026-03-05,False,Szeged,,"English: B1, Hungarian: B1",Secondary education with diploma,"PHP, JavaScript, Angular, Vue.js, jQuery, Node.js, PostgreSQL, MongoDB","Git, Laravel, Docker, REST API, MVC, OOP",Hybrid,Full-time,
2823015,Junior PHP fejlesztő,FIT Solutions Kft.,https://www.profession.hu/allas/junior-php-fejleszto-fit-solutions-kft-szeged-2823015?sessionId=ed7061b1d89e7c95ce70868e0e3baa03,2026-03-04,2026-03-07,False,Szeged,,"English: B2, Hungarian: B2",Secondary education with diploma,"PHP, SQL, Git, Laravel, Docker, Vue.js, Node.js, MongoDB, PostgreSQL","Linux, REST API, Composer, OOP and MVC design patterns",Hybrid,Full-time,
2841055,"Staff Software Engineer/Tech Lead (Node Js, AWS)",Diligent Governance Hungary Kft.,https://www.profession.hu/allas/staff-software-engineer-tech-lead-node-js-aws-diligent-governance-hungary-kft-2841055?sessionId=ed7061b1d89e7c95ce70868e0e3baa03,2026-03-04,2026-03-25,True,Budapest,,,Bachelor,"Node.js, JavaScript, TypeScript","React, Cloud, Agile, AWS, Security, DevOps, Azure",Hybrid,Full-time,5+ years
2841019,C++ Softwareentwickler / C++ Development Engineer,Utimaco GmbH,https://www.profession.hu/allas/c-softwareentwickler-c-development-engineer-utimaco-gmbh-2841019?sessionId=ed7061b1d89e7c95ce70868e0e3baa03,2026-03-04,2026-03-11,False,Hibrid,,English: B2,Egyetem,"C++, Python, Go, Bash","LINUX, SECURITY, AGILE TESTING, GIT, DATABASE POSTGRESQL, CLANG TIDY, SANITIZERS, CODE REVIEWS",Hybrid,Full-time,1-3 years
2841017,Lead Developer Engineer - Application Platform (m/f/d),AP Sensing GmbH,https://www.profession.hu/allas/lead-developer-engineer-application-platform-m-f-d-ap-sensing-gmbh-2841017?sessionId=ed7061b1d89e7c95ce70868e0e3baa03,2026-03-04,2026-03-25,True,Böblingen bei Stuttgart,,"English: C1, German: C1",Bachelor,"C#, Angular, K8s, NATS, MQTT, Kafka","C API, Laptop",Hybrid,Full-time,5-10 years
2839984,Systems Engineer,trivago N.V.,https://www.profession.hu/allas/systems-engineer-trivago-n-v-2839984?sessionId=ed7061b1d89e7c95ce70868e0e3baa03,2026-03-04,2026-03-25,True,,,,Bachelor,,"DEVOPS, CLOUD, ACCESS, MACHINE LEARNING, LINUX, UNIX",Home-Office,Full-time,5+ years
2840976,Postdoc (f/m/d),Karlsruher Institut für Technologie (KIT) Campus Nord,https://www.profession.hu/allas/postdoc-f-m-d-karlsruher-institut-fur-technologie-kit-campus-nord-2840976?sessionId=ed7061b1d89e7c95ce70868e0e3baa03,2026-03-04,2026-03-16,False,Karlsruhe,,English: B2,PhD,,,Hybrid,Full-time,1-3 years
2840965,Working Student Web Crawling & Data Automation Engineer (m/f/d),Experteer GmbH,https://www.profession.hu/allas/working-student-web-crawling-data-automation-engineer-m-f-d-experteer-gmbh-2840965?sessionId=ed7061b1d89e7c95ce70868e0e3baa03,2026-03-04,2026-03-25,True,Munich,,English: B2,Bachelor,"Ruby, JavaScript",,Hybrid,Full-time,1-3 years
2840963,MS Dynamics BC / NAV– Technical Consultant (job for all genders),Metabowerke GmbH,https://www.profession.hu/allas/ms-dynamics-bc-nav-technical-consultant-job-for-all-genders-metabowerke-gmbh-2840963?sessionId=ed7061b1d89e7c95ce70868e0e3baa03,2026-03-04,2026-03-25,True,,,"English: B2, German: B2",Bachelor,"C#, AL (Application Lifecycle)","DYNAMICS ERP, NAV/Business Central, DevOps, Azure, CI/CD pipelines, Test automation",Hybrid,Full-time,5+ years
2840959,SAP Planning & Analytics Solution Advisor Specialist (f/m/d),SAP SE,https://www.profession.hu/allas/sap-planning-analytics-solution-advisor-specialist-f-m-d-sap-se-2840959?sessionId=ed7061b1d89e7c95ce70868e0e3baa03,2026-03-04,2026-03-25,True,Germany,,"German: Full working proficiency, English: Business English",Bachelor,,"SAP Business Data Cloud, Planning & Analytics Architecture",On-site with home office,Full-time,1-3 years
2840958,System Engineer Tracker (all genders),FREQUENTIS COMSOFT GmbH,https://www.profession.hu/allas/system-engineer-tracker-all-genders-frequentis-comsoft-gmbh-2840958?sessionId=ed7061b1d89e7c95ce70868e0e3baa03,2026-03-04,2026-03-25,True,Karlsruhe,,English: B2,Bachelor,"Python, Security, Linux, Bash, Ansible, C++, Java, Access, Troubleshooting, Virtualization, Network, C","PYTHON, SECURITY, LINUX, BASH, ANSIBLE, C++, JAVA, ACCESS, VIRTUALIZATION, NETWORK",Hybrid,Full-time,1-3 years
2840956,Working Student Data Analyst (m/f/d),Experteer GmbH,https://www.profession.hu/allas/working-student-data-analyst-m-f-d-experteer-gmbh-2840956?sessionId=ed7061b1d89e7c95ce70868e0e3baa03,2026-03-04,2026-03-25,True,Munich,,"English: B2, German: B2, French: B2, Spanish: B2, Italian: B2, Dutch: B2",Bachelor,,"DATA MANAGEMENT, MACHINE LEARNING",Hybrid,Full-time,1-3 years
2840955,Business Intelligence & Reporting Specialist (m/f/d) in Renewable Energies,ENCAVIS Management GmbH & Co. KG,https://www.profession.hu/allas/business-intelligence-reporting-specialist-m-f-d-in-renewable-energies-encavis-management-gmbh-co-kg-2840955?sessionId=ed7061b1d89e7c95ce70868e0e3baa03,2026-03-04,2026-03-16,False,Hamburg,,English: B2,Bachelor,"DAX, Power Query","BI DATABASES, POWER BI, OUTLOOK, EXCEL, DATA MANAGEMENT",Hybrid,Full-time,1-3 years
2840953,Sr. Lead Customer Partner (Sales) Financial Services & Insurance (m/w/d),Kyndryl,https://www.profession.hu/allas/sr-lead-customer-partner-sales-financial-services-insurance-m-w-d-kyndryl-2840953?sessionId=ed7061b1d89e7c95ce70868e0e3baa03,2026-03-04,2026-03-25,True,"Munich, Stuttgart, Frankfurt, Hamburg, Berlin, Düsseldorf, Cologne",,"English: C1, German: B2",Bachelor,,Microsoft 365,On-site,Full-time,5-10 years
2840946,Senior Product Manager - Runtime Platform,N26 GmbH,https://www.profession.hu/allas/senior-product-manager-runtime-platform-n-gmbh-2840946?sessionId=ed7061b1d89e7c95ce70868e0e3baa03,2026-03-04,2026-03-22,False,Berlin,,English: B2,Bachelor,,"AGILE, ANALYTICS, CLOUD, WINDOWS, ACCESS, REST",On-site,Full-time,1-3 years
2840934,Unit Head - System Development of Service Solutions (f/m/d),MAN Truck & Bus Group,https://www.profession.hu/allas/unit-head-system-development-of-service-solutions-f-m-d-man-truck-bus-group-2840934?sessionId=ed7061b1d89e7c95ce70868e0e3baa03,2026-03-04,2026-03-25,True,,,English: B2,Bachelor,,,Home-Office,Full-time,3-5 years
2840837,(Senior) Data Scientist (f/m/x) Forecasting,suena GmbH,https://www.profession.hu/allas/senior-data-scientist-f-m-x-forecasting-suena-gmbh-2840837?sessionId=ed7061b1d89e7c95ce70868e0e3baa03,2026-03-04,2026-03-09,False,Hamburg,,English: B2,,"Python, SQL","AWS, Grafana, GitLab",Hybrid,Full-time,3-5 years
2840824,Senior Fullstack Developer (m/w/d) Digital Health,MEDIAN Unternehmensgruppe B.V. & Co. KG,https://www.profession.hu/allas/senior-fullstack-developer-m-w-d-digital-health-median-unternehmensgruppe-b-v-co-kg-2840824?sessionId=ed7061b1d89e7c95ce70868e0e3baa03,2026-03-04,2026-03-17,False,Németország,,"English: B2, German: C1",Középiskola,"Java, Kotlin, Rust, Spring Boot, PostgreSQL, Kafka, Knative, RESTful, WebSocket, Next.js, React, Flutter","Git, GitHub Actions, Helm, ArgoCD, Azure AKS, GKE, Kubernetes, Cloud Platforms / Hyperscalers, GitOps, CI/CD, Secure SDLC practices, DevOps tools",Általános munkarend,Teljes munkaidő,1-3 years
2840803,Senior Project Delivery Manager (m/f/d),Sybilla Technologies Sp. z o. o.,https://www.profession.hu/allas/senior-project-delivery-manager-m-f-d-sybilla-technologies-sp-z-o-o-2840803?sessionId=ed7061b1d89e7c95ce70868e0e3baa03,2026-03-04,2026-03-25,True,,"EUR 6,000–7,000 gross (employment contract) or EUR 48-53 net/hour (B2B)","English: C1, German: C1",MSc,,,Remote-first,Full-time,3-5 years
2840567,C# / .NET Fullstack fejlesztő (m/f/d),Riedel Communications Hungary Kft.,https://www.profession.hu/allas/c-net-fullstack-fejleszto-m-f-d-riedel-communications-hungary-kft-budapest-2840567?sessionId=ed7061b1d89e7c95ce70868e0e3baa03,2026-03-04,2026-03-25,True,Budapest,"1,0M - 1,5M Ft havi bér","English: B2, Magyar: Felsőfok",Egyetem,"C#, .NET, ASP.NET, TypeScript, React","Microservice-architektúra, Felhőkörnyezetek, Linux, Azure DevOps, Kubernetes","Alkalmankénti, de opcionális nemzetközi üzleti utak",Full-time,3-5 years
2840505,Senior Backend Engineer | Golang  | 80-100% | Hybrid working model | Zurich Switzerland,SMG Swiss Marketplace Group,https://www.profession.hu/allas/senior-backend-engineer-golang-hybrid-working-model-zurich-switzerland-smg-swiss-marketplace-group-2840505?sessionId=ed7061b1d89e7c95ce70868e0e3baa03,2026-03-04,2026-03-23,False,,,,Középiskola,Go,"DATABASES, AWS, BACKEND, BI, NETWORK, POSTGRESQL, WINDOWS, SCRUM",Hybrid,Full-time,5+ years
2840059,IT Developer Adjustments and Consistency Check (f/m/d),MAN Truck & Bus Group,https://www.profession.hu/allas/it-developer-adjustments-and-consistency-check-f-m-d-man-truck-bus-group-2840059?sessionId=ed7061b1d89e7c95ce70868e0e3baa03,2026-03-04,2026-03-25,True,,,English: B2,Bachelor,"C#, .NET Core, Angular","AWS, Azure, NoSQL Databases, SQL, MySQL, DevOps, Docker, Terraform, Datadog, CloudWatch",Hybrid,Full-time,1-3 years
2840037,IT Software Engineer in RPG (m/f/d),AND-E,https://www.profession.hu/allas/it-software-engineer-in-rpg-m-f-d-and-e-2840037?sessionId=ed7061b1d89e7c95ce70868e0e3baa03,2026-03-04,2026-03-25,True,Németország,,"English: B2, German: Basic",Bachelor,"RPG III, RPG/ILE, RPG/Free","DB2 SQL, DATABASE ITIL",Hybrid,Full-time,1-3 years
2840022,IT Developer Shared Services (f/m/d),MAN Truck & Bus Group,https://www.profession.hu/allas/it-developer-shared-services-f-m-d-man-truck-bus-group-2840022?sessionId=ed7061b1d89e7c95ce70868e0e3baa03,2026-03-04,2026-03-25,True,,,English: B2,Bachelor,"C#, .NET Core, Angular, React, TypeScript","AWS, DevOps practices including CI/CD, Docker, and Terraform, Monitoring and observability tools (e.g., DataDog, CloudWatch, Grafana), Service management systems such as ServiceNow, Docker, Terraform",Home-Office,Full-time,1-3 years
2840012,Senior Vehicle AI Architect (f/m/x),BMW Group,https://www.profession.hu/allas/senior-vehicle-ai-architect-f-m-x-bmw-group-2840012?sessionId=ed7061b1d89e7c95ce70868e0e3baa03,2026-03-04,2026-03-25,True,Munich,,English: B2,Bachelor,"C++, Kotlin, Rust, API","LiteRT LM, ExecuTorch, ONNX GenAI",Full-time,Full-time,5+ years
2840000,Application Specialist eCommerce (f/m/x) – 2-Year Fixed-Term Contract,ZEISS,https://www.profession.hu/allas/application-specialist-ecommerce-f-m-x-year-fixed-term-contract-zeiss-2840000?sessionId=ed7061b1d89e7c95ce70868e0e3baa03,2026-03-04,2026-03-17,False,Németország,,English: B2,Egyetem,,"SAP ERP, JIRA, Confluence",On-site,Full-time,1-3 years
2839999,Machine Learning Engineer (m/f/x),ZEISS,https://www.profession.hu/allas/machine-learning-engineer-m-f-x-zeiss-2839999?sessionId=ed7061b1d89e7c95ce70868e0e3baa03,2026-03-04,2026-03-25,True,Németország,,Angol középfok,Egyetem,"Python, C++, C","TESTING, CLOUD, ANSIBLE, GIT, DOCKER, HARDWARE C, DEVOPS, AZURE, MACHINE LEARNING, CLEAN CODE",Általános munkarend,Teljes munkaidő,1-3 év tapasztalat
2839991,Test Manager (f/m/x) Sales & Service CRM,Sysmex Europe SE,https://www.profession.hu/allas/test-manager-f-m-x-sales-service-crm-sysmex-europe-se-2839991?sessionId=ed7061b1d89e7c95ce70868e0e3baa03,2026-03-04,2026-03-25,True,Hamburg,,English: B2,Bachelor,,"CRM, DEVOPS, TESTING, ISO, DYNAMICS, AZURE, REGRESSION TESTING",Hybrid,Full-time,1-3 years
2839986,IT Developer Diagnostics (f/m/d),MAN Truck & Bus Group,https://www.profession.hu/allas/it-developer-diagnostics-f-m-d-man-truck-bus-group-2839986?sessionId=ed7061b1d89e7c95ce70868e0e3baa03,2026-03-04,2026-03-11,False,,,English: B2,Bachelor,"JS, .net, Python",,Home-Office,Full-time,1-3 years
2839976,Director (f/m/d) Finance Technology & AI,BMG RIGHTS MANAGEMENT GmbH - Corporate,https://www.profession.hu/allas/director-f-m-d-finance-technology-ai-bmg-rights-management-gmbh-corporate-2839976?sessionId=ed7061b1d89e7c95ce70868e0e3baa03,2026-03-04,2026-03-25,True,,,English: B2,Bachelor,,"ANALYTICS, SECURITY, CHANGE MANAGEMENT",Remote,Full-time,1-3 years
2839536,Field System Engineer,Dectris AG,https://www.profession.hu/allas/field-system-engineer-dectris-ag-2839536?sessionId=ed7061b1d89e7c95ce70868e0e3baa03,2026-03-04,2026-03-05,False,Baden-Dättwil,,English: B2,Master,Python,Linux,Hybrid,Full-time,3-5 years
2839532,DevSecOps Engineer 80-100%,BÜCHI Labortechnik AG,https://www.profession.hu/allas/devsecops-engineer-buchi-labortechnik-ag-2839532?sessionId=ed7061b1d89e7c95ce70868e0e3baa03,2026-03-04,2026-03-25,True,Flawil,,English: C2,Bachelor,,"Azure DevOps, CI/CD pipelines, DevSecOps tools",Hybrid,Full-time,1-3 years
2839527,Senior DevSecOps Engineer in the region of Basel,Albedis AG,https://www.profession.hu/allas/senior-devsecops-engineer-in-the-region-of-basel-albedis-ag-2839527?sessionId=ed7061b1d89e7c95ce70868e0e3baa03,2026-03-04,2026-03-11,False,Basel,,English: B2,Bachelor,,"API AZURE, DEVOPS, MONGODB",On-site,Full-time,3-5 years
2839514,Senior Avaloq Developer in the region of Basel,Albedis AG,https://www.profession.hu/allas/senior-avaloq-developer-in-the-region-of-basel-albedis-ag-2839514?sessionId=ed7061b1d89e7c95ce70868e0e3baa03,2026-03-04,2026-03-14,False,Svájc,,"English: B2, German: advantageous",Egyetem,,SWIFT,On-site,Full-time,1-3 years
2825858,Intern as AI/Cloud Engineer - part time for student,Oracle Global Services Hungary Kft.,https://www.profession.hu/allas/intern-as-ai-cloud-engineer-part-time-for-student-oracle-global-services-hungary-kft-2825858?sessionId=ed7061b1d89e7c95ce70868e0e3baa03,2026-03-04,2026-03-08,False,,,English: B2,Középiskola,"Python, Bash, SQL (Oracle), JQ","Terraform, Ansible, Git, OpenSearch, Grafana, Prometheus, Podman, Kubernetes, Oracle Cloud Infrastructure (IaaS, PaaS)",Részmunkaidő,Általános munkarend,
2839215,Senior Applied Scientist,Diligent Governance Hungary Kft.,https://www.profession.hu/allas/senior-applied-scientist-diligent-governance-hungary-kft-2839215?sessionId=ed7061b1d89e7c95ce70868e0e3baa03,2026-03-04,2026-03-25,True,Budapest,,,Bachelor,Python,"AWS, Pandas, Cloud databases",Hybrid,Full-time,3-5 years
2827315,AI Engineer,IPACKCHEM Kft.,https://www.profession.hu/allas/ai-engineer-ipackchem-kft-2827315?sessionId=ed7061b1d89e7c95ce70868e0e3baa03,2026-03-04,2026-03-10,False,Budapest,,,"Bachelor’s or master’s degree in AI, computer science, Engineering, mathematics or a related field","Python, SQL, PostgreSQL","Microsoft Azure GenAI platforms (AI Foundry, Copilot Studio), Power Platform, GenAI agents (Copilot agents)",,Full-time,2-4 years
2839207,LN Technical Analyst,IPACKCHEM Kft.,https://www.profession.hu/allas/ln-technical-analyst-ipackchem-kft-2839207?sessionId=ed7061b1d89e7c95ce70868e0e3baa03,2026-03-04,2026-03-25,True,Budapest,,,Bachelor’s Degree,,"ERP, LINUX, UNIX, ORACLE DATABASE",On-site,Full-time,3-5 years
2839163,Principal Consultant (f/m/d) Business Data Strategy & Advisory - Data Architect (f/m/d),SAP SE,https://www.profession.hu/allas/principal-consultant-f-m-d-business-data-strategy-advisory-data-architect-f-m-d-sap-se-2839163?sessionId=ed7061b1d89e7c95ce70868e0e3baa03,2026-03-04,2026-03-17,False,"Walldorf, Berlin, Eschborn, Gerlingen, Hamburg, Garchingen (near Munich), Dresden, Ratingen, Hannover",,"German: CEFRL1-3, English: B2",Bachelor,,"SAP Data & Analytics portfolio (SAP Datasphere, SAP Analytics Cloud, SAP BW), SAP Business Data Cloud, SAP RISE incl. Clean Core principles and SAP BTP, AI and emerging technologies",Hybrid,Full-time,1-3 years
2839162,Development Expert (f/m/d),SAP SE,https://www.profession.hu/allas/development-expert-f-m-d-sap-se-2839162?sessionId=ed7061b1d89e7c95ce70868e0e3baa03,2026-03-04,2026-03-17,False,"Garching, Dresden",,English: B2,Bachelor,"Go, Rust, Python","Kubernetes operators, Go, Modern network APIs",Hybrid,Full-time,5+ years
2839161,(Senior) Developer (f/m/d) for Sovereign Cloud Onsite / ApeiroRA / EU AI Projects,SAP SE,https://www.profession.hu/allas/senior-developer-f-m-d-for-sovereign-cloud-onsite-apeirora-eu-ai-projects-sap-se-2839161?sessionId=ed7061b1d89e7c95ce70868e0e3baa03,2026-03-04,2026-03-17,False,"Munich, Dresden, St. Leon-Rot",,English: B2,Bachelor,"Go, Python","Kubernetes, OpenStack, Ceph, Helm, Prometheus, Flux, Istio, Git, AWS, Azure",Hybrid,Full-time,5+ years
2839160,Senior DevOps Engineer (f/m/d),SAP SE,https://www.profession.hu/allas/senior-devops-engineer-f-m-d-sap-se-2839160?sessionId=ed7061b1d89e7c95ce70868e0e3baa03,2026-03-04,2026-03-17,False,"Munich, Dresden, St. Leon-Rot",,English: B2,Bachelor,"Go, Python, Bash","Kubernetes, Terraform, Ansible, AWS, Azure, OpenStack, Prometheus, Grafana, OpenTelemetry",Hybrid,Full-time,5+ years
2839159,"(Senior) Cloud-Native Developer (f/m/d) SAP BTP Fabric, Central Cloud Services Team",SAP SE,https://www.profession.hu/allas/senior-cloud-native-developer-f-m-d-sap-btp-fabric-central-cloud-services-team-sap-se-2839159?sessionId=ed7061b1d89e7c95ce70868e0e3baa03,2026-03-04,2026-03-17,False,,,English: C2,Bachelor,"C++, Node.JS, Java","CLOUD, SAP SECURITY, DOCKER, AWS, AZURE, NETWORK, AGILE, JENKINS, DEBUGGING",Hybrid,Full-time,1-3 years
2839151,Product Manager – Agentic AI & LLMs (f/m/x),ING Deutschland,https://www.profession.hu/allas/product-manager-agentic-ai-llms-f-m-x-ing-deutschland-2839151?sessionId=ed7061b1d89e7c95ce70868e0e3baa03,2026-03-04,2026-03-25,True,,,"English: B2, German: Advantage",Bachelor,,TESTING ANALYTICS API CLOUD,Hybrid,Full-time,1-3 years
2839144,SAP AI Engineering Architect (f/m/d),SAP SE,https://www.profession.hu/allas/sap-ai-engineering-architect-f-m-d-sap-se-2839144?sessionId=ed7061b1d89e7c95ce70868e0e3baa03,2026-03-04,2026-03-16,False,Hibrid,,"English: B2, German: B2",Bachelor,"Python, Java","SAP Analytics, Security, SAP BTP, Machine Learning, TensorFlow, PyTorch, JavaScript, HTML",Hybrid,Full-time,1-3 years
2839143,Site Reliability Engineer - Observability,N26 GmbH,https://www.profession.hu/allas/site-reliability-engineer-observability-n-gmbh-2839143?sessionId=ed7061b1d89e7c95ce70868e0e3baa03,2026-03-04,2026-03-11,False,Berlin,,English: B2,Bachelor,"Python, GoLang","Prometheus, StatsD, OpenTelemetry libraries, Vector, Beats, FluentBit, OpenSearch, Grafana, Datadog, Terraform, AWS CDK",Home-Office,Full-time,1-3 years
2839142,Senior Consultant (f/m/d) Business Data Strategy & Advisory - Data Architect (f/m/d),SAP SE,https://www.profession.hu/allas/senior-consultant-f-m-d-business-data-strategy-advisory-data-architect-f-m-d-sap-se-2839142?sessionId=ed7061b1d89e7c95ce70868e0e3baa03,2026-03-04,2026-03-17,False,Germany,,"English: B2, German: B2",Bachelor,,"SAP Data & Analytics Portfolio (SAP Datasphere, SAP Analytics Cloud, SAP BW), S/4HANA, Business Transformation Knowledge",Hybrid,Full-time,1-3 years
2839141,Senior Consultant (f/m/d) Business Data Strategy & Advisory - Data Architect (f/m/d),SAP SE,https://www.profession.hu/allas/senior-consultant-f-m-d-business-data-strategy-advisory-data-architect-f-m-d-sap-se-2839141?sessionId=ed7061b1d89e7c95ce70868e0e3baa03,2026-03-04,2026-03-17,False,Hamburg,,"English: B2, German: B2",Bachelor,,"SAP Data & Analytics Portfolio (SAP Datasphere, SAP Analytics Cloud, SAP BW), SAP Business Data Cloud, SAP RISE incl. Clean Core principles and SAP BTP",Hybrid,Full-time,1-3 years
2839137,SAP AI Engineering Architect (f/m/d),SAP SE,https://www.profession.hu/allas/sap-ai-engineering-architect-f-m-d-sap-se-2839137?sessionId=ed7061b1d89e7c95ce70868e0e3baa03,2026-03-04,2026-03-05,False,Hibrid,,"English: B2, German: B2",Bachelor,"Python, Java","SAP Analytics Security, SAP Business Technology Platform (BTP), TensorFlow, PyTorch, JavaScript, HTML",Hybrid,Full-time,1-3 years
2839135,SAP AI Engineering Architect (f/m/d),SAP SE,https://www.profession.hu/allas/sap-ai-engineering-architect-f-m-d-sap-se-2839135?sessionId=ed7061b1d89e7c95ce70868e0e3baa03,2026-03-04,2026-03-16,False,,,"English: B2, German: B2",Bachelor,"Python, Java","SAP AI Core, SAP AI Business Services, SAP Integration Suite, SAP Extension Suite, TensorFlow, PyTorch",Hybrid,Full-time,1-3 years
2839133,Product Security Engineer,N26 GmbH,https://www.profession.hu/allas/product-security-engineer-n-gmbh-2839133?sessionId=ed7061b1d89e7c95ce70868e0e3baa03,2026-03-04,2026-03-17,False,,,English: B2,Bachelor,Python,"SECURITY TESTING, PYTHON, CLOUD ACCESS, REST",Hybrid,Full-time,1-3 years
2839131,SAP AI Engineering Architect (f/m/d),SAP SE,https://www.profession.hu/allas/sap-ai-engineering-architect-f-m-d-sap-se-2839131?sessionId=ed7061b1d89e7c95ce70868e0e3baa03,2026-03-04,2026-03-04,False,Hibrid,,"English: B2, German: B2",Bachelor,"Python, Java","SAP Analytics, Security, SAP BTP, Machine Learning, TensorFlow, PyTorch, JavaScript, HTML",Hybrid,Full-time,1-3 years
2839128,"Lead Solutions Engineer, Global Accounts",Shopify,https://www.profession.hu/allas/lead-solutions-engineer-global-accounts-shopify-2839128?sessionId=ed7061b1d89e7c95ce70868e0e3baa03,2026-03-04,2026-03-09,False,Németország,,"English: C1, German: Native or fluent",Bachelor,,"CLOUD, EXCEL",On-site with home office,Full-time,5+ years
2839127,Full-Stack Security Automation Engineer,N26 GmbH,https://www.profession.hu/allas/full-stack-security-automation-engineer-n-gmbh-2839127?sessionId=ed7061b1d89e7c95ce70868e0e3baa03,2026-03-04,2026-03-13,False,,,English: B2,Bachelor,"Python, Java/Kotlin, React","AWS, Docker, Kubernetes, SIEM, SOAR",Hybrid,Full-time,5+ years
2839124,Senior Consultant (f/m/d) Business Data Strategy & Advisory - Data Architect (f/m/d),SAP SE,https://www.profession.hu/allas/senior-consultant-f-m-d-business-data-strategy-advisory-data-architect-f-m-d-sap-se-2839124?sessionId=ed7061b1d89e7c95ce70868e0e3baa03,2026-03-04,2026-03-25,True,Germany,,"English: B2, German: B2",Bachelor,,"SAP Analytics Cloud, SAP Business Data Cloud, SAP Datasphere, SAP BW, SAP RISE incl. Clean Core principles and SAP BTP",Hybrid,Full-time,1-3 years
2839123,(Senior) Specialist (f/m/d) Transformation Advisory Center - Digital Architect (f/m/d),SAP SE,https://www.profession.hu/allas/senior-specialist-f-m-d-transformation-advisory-center-digital-architect-f-m-d-sap-se-2839123?sessionId=ed7061b1d89e7c95ce70868e0e3baa03,2026-03-04,2026-03-17,False,Walldorf or Barcelona,,"English: B2, German: Fluency",Bachelor,,Analytical tools and techniques,Hybrid,Full-time,1-3 years
2839118,(Senior) Gardener Core Engineer (f/m/d),SAP SE,https://www.profession.hu/allas/senior-gardener-core-engineer-f-m-d-sap-se-2839118?sessionId=ed7061b1d89e7c95ce70868e0e3baa03,2026-03-04,2026-03-17,False,Németország,,English: B2,Bachelor,"Go, Kubernetes","AWS, Azure, LINUX, CLOUD API, SAP",On-site with home office,"Full-time, unbefristet",3-5 years
2839116,SAP AI Engineering Architect (f/m/d),SAP SE,https://www.profession.hu/allas/sap-ai-engineering-architect-f-m-d-sap-se-2839116?sessionId=ed7061b1d89e7c95ce70868e0e3baa03,2026-03-04,2026-03-16,False,Hibrid,,"English: B2, German: B2",Bachelor,"Python, Java","SAP Analytics, Security, SAP BTP, TensorFlow, PyTorch, JavaScript, HTML",Hybrid,Full-time,1-3 years
2839115,Senior SOC Engineer,N26 GmbH,https://www.profession.hu/allas/senior-soc-engineer-n-gmbh-2839115?sessionId=ed7061b1d89e7c95ce70868e0e3baa03,2026-03-04,2026-03-25,True,Berlin or Barcelona,,English: B2,Bachelor,"Python, Bash","AWS (S3, IAM, Lambda, Kinesis, CloudWatch, Step Functions, Glue, Athena, Glacier), SIEM ingestion pipelines, MITRE ATT&CK mapping workflows using Navigator",Hybrid,Full-time,5+ years
2839114,SAP AI Engineering Architect (f/m/d),SAP SE,https://www.profession.hu/allas/sap-ai-engineering-architect-f-m-d-sap-se-2839114?sessionId=ed7061b1d89e7c95ce70868e0e3baa03,2026-03-04,2026-03-16,False,Hibrid,,"English: B2, German: B2",Bachelor,"Python, Java","SAP Analytics, Security, SAP BTP, TensorFlow, PyTorch, JavaScript, HTML",Hybrid,Full-time,1-3 years
2839110,Principal BTP AI Development Consultant (f/m/d),SAP SE,https://www.profession.hu/allas/principal-btp-ai-development-consultant-f-m-d-sap-se-2839110?sessionId=ed7061b1d89e7c95ce70868e0e3baa03,2026-03-04,2026-03-17,False,Garching or Walldorf,,"English: C2, German: B2",Bachelor,"ABAP, Java, JavaScript","SAP CLOUD, SAP ABAP, SAP JAVA, SAP JAVASCRIPT, SAP CAP, SAP RAP, Agile Project Management (PMI)",Hybrid,Full-time,1-3 years
2839109,SAP AI Engineering Architect (f/m/d),SAP SE,https://www.profession.hu/allas/sap-ai-engineering-architect-f-m-d-sap-se-2839109?sessionId=ed7061b1d89e7c95ce70868e0e3baa03,2026-03-04,2026-03-16,False,,,"English: B2, German: B2",Bachelor,"Python, Java","SAP AI Core, SAP AI Business Services, SAP Integration Suite, SAP Extension Suite, TensorFlow, PyTorch",Hybrid,Full-time,1-3 years
2839108,Data Platform Solution Architect,Adobe Systems Europe Limited,https://www.profession.hu/allas/data-platform-solution-architect-adobe-systems-europe-limited-2839108?sessionId=ed7061b1d89e7c95ce70868e0e3baa03,2026-03-04,2026-03-25,True,Németország,,English: B2,Középiskola,,"Adobe Experience Platform, Salesforce Tealium, Google 360, Database / data warehousing technology, Adobe Campaign, Adobe Journey Optimizer",On-site,Full-time,1-3 years
2839105,SAP AI Engineering Architect (f/m/d),SAP SE,https://www.profession.hu/allas/sap-ai-engineering-architect-f-m-d-sap-se-2839105?sessionId=ed7061b1d89e7c95ce70868e0e3baa03,2026-03-04,2026-03-16,False,Hibrid,,"English: B2, German: B2",Bachelor,"Python, Java","SAP Analytics, Security, SAP BTP, Machine Learning, HTML, JavaScript",Hybrid,Full-time,1-3 years
2839096,Product Security Expert (f/m/d) for the SAP BTP Multi Channel Delivery & DC Buildout team,SAP SE,https://www.profession.hu/allas/product-security-expert-f-m-d-for-the-sap-btp-multi-channel-delivery-dc-buildout-team-sap-se-2839096?sessionId=ed7061b1d89e7c95ce70868e0e3baa03,2026-03-04,2026-03-11,False,Németország,,"English: C2, German: C2",Bachelor,,"AWS, Azure, SAP Hana Cloud, SAP Analytic Cloud, Cloud Foundry, SAP Cloud Integration, SAP BTP security services, on-premises security products",Full-time,Full-time,3-5 years
2839095,SAP AI Engineering Architect (f/m/d),SAP SE,https://www.profession.hu/allas/sap-ai-engineering-architect-f-m-d-sap-se-2839095?sessionId=ed7061b1d89e7c95ce70868e0e3baa03,2026-03-04,2026-03-16,False,Hibrid,,"English: B2, German: B2",Bachelor,"Python, Java","SAP Analytics, Security, SAP BTP, TensorFlow, PyTorch, JavaScript, HTML",Hybrid,Full-time,1-3 years
2839094,Senior Consultant (f/m/d) Business Data Strategy & Advisory - Data Architect (f/m/d),SAP SE,https://www.profession.hu/allas/senior-consultant-f-m-d-business-data-strategy-advisory-data-architect-f-m-d-sap-se-2839094?sessionId=ed7061b1d89e7c95ce70868e0e3baa03,2026-03-04,2026-03-17,False,Germany,,"English: B2, German: B2",Bachelor,,"SAP Data & Analytics Portfolio (SAP Datasphere, SAP Analytics Cloud, SAP BW), S/4HANA, Business Transformation Knowledge",Hybrid,Full-time,1-3 years
2839093,SAP AI Engineering Architect (f/m/d),SAP SE,https://www.profession.hu/allas/sap-ai-engineering-architect-f-m-d-sap-se-2839093?sessionId=ed7061b1d89e7c95ce70868e0e3baa03,2026-03-04,2026-03-16,False,,,"English: B2, German: B2",Bachelor,"Python, Java","SAP AI Core, SAP AI Business Services, SAP Integration Suite, SAP Extension Suite, TensorFlow, PyTorch",Hybrid,Full-time,1-3 years
2839091,Principal Consultant (f/m/d) Business Data Strategy & Advisory - Data Architect (f/m/d),SAP SE,https://www.profession.hu/allas/principal-consultant-f-m-d-business-data-strategy-advisory-data-architect-f-m-d-sap-se-2839091?sessionId=ed7061b1d89e7c95ce70868e0e3baa03,2026-03-04,2026-03-17,False,"Walldorf, Berlin, Eschborn, Gerlingen, Hamburg, Garchingen (near Munich), Dresden, Ratingen, Hannover",,"German: B2, English: C1",Bachelor,,"SAP Data & Analytics portfolio (SAP Datasphere, SAP Analytics Cloud, SAP BW), SAP Business Data Cloud, SAP RISE incl. Clean Core principles and SAP BTP, Advanced Change Management Practices",Hybrid,Full-time,1-3 years
2839090,Principal Consultant (f/m/d) Business Data Strategy & Advisory - Data Architect (f/m/d),SAP SE,https://www.profession.hu/allas/principal-consultant-f-m-d-business-data-strategy-advisory-data-architect-f-m-d-sap-se-2839090?sessionId=ed7061b1d89e7c95ce70868e0e3baa03,2026-03-04,2026-03-17,False,"Walldorf, Berlin, Eschborn, Gerlingen, Hamburg, Garchingen (near Munich), Dresden, Ratingen, Hannover",,"German: Mittel, English: Fortgeschritten",Bachelor,,"SAP Data & Analytics Portfolio (SAP Datasphere, SAP Analytics Cloud, SAP BW), SAP Business Data Cloud, SAP RISE incl. Clean Core principles and SAP BTP, Advanced Change Management Tools",Hybrid,Full-time,1-3 years
2839089,Chief Expert Enterprise Architect (f/m/d) - MU Germany,SAP SE,https://www.profession.hu/allas/chief-expert-enterprise-architect-f-m-d-mu-germany-sap-se-2839089?sessionId=ed7061b1d89e7c95ce70868e0e3baa03,2026-03-04,2026-03-17,False,,,"English: B2, German: B2",Bachelor,,,Hybrid,"Full-time, unbefristet",1-3 years
2839088,Principal BTP AI Development Consultant (f/m/d),SAP SE,https://www.profession.hu/allas/principal-btp-ai-development-consultant-f-m-d-sap-se-2839088?sessionId=ed7061b1d89e7c95ce70868e0e3baa03,2026-03-04,2026-03-17,False,Garching or Walldorf,,"English: C1, German: B2",Bachelor,"ABAP, Java, JavaScript","SAP CLOUD, SAP ABAP, SAP JAVA, SAP JAVASCRIPT, SAP CAP, SAP RAP, Agile Project Management (PMI)",Hybrid,Full-time,1-3 years
2839087,Senior Consultant (f/m/d) Business Data Strategy & Advisory - Data Architect (f/m/d),SAP SE,https://www.profession.hu/allas/senior-consultant-f-m-d-business-data-strategy-advisory-data-architect-f-m-d-sap-se-2839087?sessionId=ed7061b1d89e7c95ce70868e0e3baa03,2026-03-04,2026-03-17,False,Germany,,"English: B2, German: B2",Bachelor,,"SAP Data & Analytics portfolio (SAP Datasphere, SAP Analytics Cloud, SAP BW), S/4HANA, Business Transformation methodologies like RISE or Clean Core, AI and emerging technologies",Hybrid,Full-time,1-3 years
2839086,Customer Success Partner Expert/Chief Expert- Integrated Toolchain (f/m/d),SAP SE,https://www.profession.hu/allas/customer-success-partner-expert-chief-expert-integrated-toolchain-f-m-d-sap-se-2839086?sessionId=ed7061b1d89e7c95ce70868e0e3baa03,2026-03-04,2026-03-17,False,Németország,,English: B2,Középiskola,,"SAP Signavio, SAP LeanIX, SAP Cloud ALM, Tricentis, Syniti",On-site,Full-time,1-3 years
2839083,Senior BTP AI Development Consultant (f/m/d),SAP SE,https://www.profession.hu/allas/senior-btp-ai-development-consultant-f-m-d-sap-se-2839083?sessionId=ed7061b1d89e7c95ce70868e0e3baa03,2026-03-04,2026-03-17,False,Garching or Walldorf,,"English: C2, German: B2",Bachelor,"ABAP, Java, JavaScript, HTML5, React","SAP ABAP, SAP Cloud Platform (CAP, RAP), SAP S/4HANA, VS-Code, ADT, BAS, SAPUI5, Fiori Elements",Hybrid,Full-time,1-3 years
2839082,Senior Technical Product Marketing Manager,commercetools GmbH,https://www.profession.hu/allas/senior-technical-product-marketing-manager-commercetools-gmbh-2839082?sessionId=ed7061b1d89e7c95ce70868e0e3baa03,2026-03-04,2026-03-25,True,Durham or Boston,,English: B2,Bachelor,,,Hybrid,Full-time,1-3 years
2839081,Principal Consultant (f/m/d) Business Data Strategy & Advisory - Data Architect (f/m/d),SAP SE,https://www.profession.hu/allas/principal-consultant-f-m-d-business-data-strategy-advisory-data-architect-f-m-d-sap-se-2839081?sessionId=ed7061b1d89e7c95ce70868e0e3baa03,2026-03-04,2026-03-17,False,"Walldorf, Berlin, Eschborn, Gerlingen, Hamburg, Garchingen (near Munich), Dresden, Ratingen, Hannover",,"German: B2, English: C1",Bachelor,,"SAP Data & Analytics Portfolio (SAP Datasphere, SAP Analytics Cloud, SAP BW), SAP Business Data Cloud, SAP RISE incl. Clean Core principles and SAP BTP",Hybrid,Full-time,1-3 years
2839079,SAP AI Engineering Architect (f/m/d),SAP SE,https://www.profession.hu/allas/sap-ai-engineering-architect-f-m-d-sap-se-2839079?sessionId=ed7061b1d89e7c95ce70868e0e3baa03,2026-03-04,2026-03-04,False,Hibrid,,"English: B2, German: B2",Bachelor,"Python, Java","SAP Analytics, Security, SAP BTP, TensorFlow, PyTorch, JavaScript, HTML",Hybrid,Full-time,1-3 years
2839078,Software Developer / Rust Developer – Embedded Audio (all genders),Fraunhofer-Institut für Integrierte Schaltungen IIS,https://www.profession.hu/allas/software-developer-rust-developer-embedded-audio-all-genders-fraunhofer-institut-fur-integrierte-schaltungen-iis-2839078?sessionId=ed7061b1d89e7c95ce70868e0e3baa03,2026-03-04,2026-03-25,True,Erlangen,,English: C2,Bachelor,"C/C++, Rust, Python","GNU/Linux environment, GitLab CI/CD, Docker, VS Code, clang",Hybrid,Full-time,1-3 years
2839074,Senior Backend Engineer - TypeScript,commercetools GmbH,https://www.profession.hu/allas/senior-backend-engineer-typescript-commercetools-gmbh-2839074?sessionId=ed7061b1d89e7c95ce70868e0e3baa03,2026-03-04,2026-03-17,False,Berlin,,English: C2,Bachelor,TypeScript,"MongoDB, Postman, REST API's, Agile methodologies",Hybrid,Full-time,1-3 years
2839073,Working student testing & networking (f/m/d),Volkswagen Infotainment GmbH,https://www.profession.hu/allas/working-student-testing-networking-f-m-d-volkswagen-infotainment-gmbh-2839073?sessionId=ed7061b1d89e7c95ce70868e0e3baa03,2026-03-04,2026-03-25,True,Németország,,"German: C1, English: B2",Középiskola,"Python, Robotframework","Linux, Windows, Testing Network",On-site,Full-time,1-3 years
2839069,SAP AI Engineering Architect (f/m/d),SAP SE,https://www.profession.hu/allas/sap-ai-engineering-architect-f-m-d-sap-se-2839069?sessionId=ed7061b1d89e7c95ce70868e0e3baa03,2026-03-04,2026-03-16,False,Hibrid,,"English: B2, German: B2",Bachelor,"Python, Java","SAP Analytics, Security, SAP BTP, Machine Learning, TensorFlow, PyTorch, JavaScript, HTML",Hybrid,Full-time,1-3 years
2839064,Industry Solution Consultant EMEA Central,Adobe Systems Europe Limited,https://www.profession.hu/allas/industry-solution-consultant-emea-central-adobe-systems-europe-limited-2839064?sessionId=ed7061b1d89e7c95ce70868e0e3baa03,2026-03-04,2026-03-25,True,Németország,,"English: B2, German: B2",Középiskola,,Adobe CLOUD,On-site,Full-time,1-3 years
2839061,SAP AI Engineering Architect (f/m/d),SAP SE,https://www.profession.hu/allas/sap-ai-engineering-architect-f-m-d-sap-se-2839061?sessionId=ed7061b1d89e7c95ce70868e0e3baa03,2026-03-04,2026-03-16,False,Hibrid,,"English: B2, German: B2",Bachelor,"Python, Java","SAP Analytics, Security, SAP BTP, Machine Learning, HTML, JavaScript",Hybrid,Full-time,1-3 years
2839059,Senior BTP AI Development Consultant (f/m/d),SAP SE,https://www.profession.hu/allas/senior-btp-ai-development-consultant-f-m-d-sap-se-2839059?sessionId=ed7061b1d89e7c95ce70868e0e3baa03,2026-03-04,2026-03-17,False,Garching or Walldorf,,"English: C2, German: B2",Bachelor,"ABAP, Java, JavaScript, HTML5, React","SAP ABAP, SAP Cloud Platform (CAP, RAP), SAP S/4HANA, VS-Code, ADT, BAS, Fiori Elements",Hybrid,Full-time,1-3 years
2839056,"Principal Engineer, Product Security",commercetools GmbH,https://www.profession.hu/allas/principal-engineer-product-security-commercetools-gmbh-2839056?sessionId=ed7061b1d89e7c95ce70868e0e3baa03,2026-03-04,2026-03-25,True,"Berlin, London or Valencia",,English: B2,Bachelor,"JavaScript, Go","SECURITY, CLOUD, API, LINUX, AWS, AZURE, ACCESS, PROJECT MANAGEMENT, AGILE",Hybrid,Full-time,5+ years
2839050,Senior Backend Engineer - Scala,commercetools GmbH,https://www.profession.hu/allas/senior-backend-engineer-scala-commercetools-gmbh-2839050?sessionId=ed7061b1d89e7c95ce70868e0e3baa03,2026-03-04,2026-03-25,True,Berlin,,English: C2,Bachelor,TypeScript,"MongoDB, Postman, REST API's, Agile methodologies",Hybrid,Full-time,1-3 years
2839048,(Senior) Developer (f/m/d) for Gardener Dashboard,SAP SE,https://www.profession.hu/allas/senior-developer-f-m-d-for-gardener-dashboard-sap-se-2839048?sessionId=ed7061b1d89e7c95ce70868e0e3baa03,2026-03-04,2026-03-17,False,Németország,,English: B1,Főiskola,"Go, JavaScript, Vue.js","Kubernetes, Cloud",On-site with home office,Full-time,1-3 years
2839046,AI Data Lead - SAP-RPT Model Family (f/m/d),SAP SE,https://www.profession.hu/allas/ai-data-lead-sap-rpt-model-family-f-m-d-sap-se-2839046?sessionId=ed7061b1d89e7c95ce70868e0e3baa03,2026-03-04,2026-03-17,False,Germany,,English: B2,PhD,"Python, SQL, ACCESS DATABASES","SAP, MACHINE LEARNING, EXCEL",Hybrid,Full-time,5+ years
2839044,Senior Consultant (f/m/d) Business Data Strategy & Advisory - Data Architect (f/m/d),SAP SE,https://www.profession.hu/allas/senior-consultant-f-m-d-business-data-strategy-advisory-data-architect-f-m-d-sap-se-2839044?sessionId=ed7061b1d89e7c95ce70868e0e3baa03,2026-03-04,2026-03-17,False,Germany,,"English: B2, German: B2",Bachelor,,"SAP Data & Analytics Portfolio (SAP Datasphere, SAP Analytics Cloud, SAP BW), S/4HANA, Business Transformation Knowledge",Hybrid,Full-time,1-3 years
2839042,Software Consultant (m/w/d) French Market,INGENTIS Group,https://www.profession.hu/allas/software-consultant-m-w-d-french-market-ingentis-group-2839042?sessionId=ed7061b1d89e7c95ce70868e0e3baa03,2026-03-04,2026-03-25,True,,,"French: C1, German: Business-fluent",Bachelor,,"SAP SuccessFactors, Workday, Oracle HCM",Remote friendly (50% office/ 50% remote),Full-time,1-3 years
2839041,Senior/Expert Gardener Networking Engineer (f/m/d),SAP SE,https://www.profession.hu/allas/senior-expert-gardener-networking-engineer-f-m-d-sap-se-2839041?sessionId=ed7061b1d89e7c95ce70868e0e3baa03,2026-03-04,2026-03-17,False,Németország,,English: B2,Bachelor,Go,"Calico, Cilium, Istio, eBPF","Full-time, unbefristet","Part-Time, oder Vollzeit, unbefristet",5+ years
2839040,Senior People Tech Specialist,N26 GmbH,https://www.profession.hu/allas/senior-people-tech-specialist-n-gmbh-2839040?sessionId=ed7061b1d89e7c95ce70868e0e3baa03,2026-03-04,2026-03-17,False,Germany,,English: B1,Bachelor,,Jira,Home-Office,Full-time,3-5 years
2839039,SAP AI Engineering Architect (f/m/d),SAP SE,https://www.profession.hu/allas/sap-ai-engineering-architect-f-m-d-sap-se-2839039?sessionId=ed7061b1d89e7c95ce70868e0e3baa03,2026-03-04,2026-03-16,False,Hibrid,,"English: B2, German: B2",Bachelor,"Python, Java","SAP Analytics, Security, SAP BTP, TensorFlow, PyTorch, JavaScript, HTML, Fiori Web components",Hybrid,Full-time,1-3 years
2839037,Principal Consultant (f/m/d) Business Data Strategy & Advisory - Data Architect (f/m/d),SAP SE,https://www.profession.hu/allas/principal-consultant-f-m-d-business-data-strategy-advisory-data-architect-f-m-d-sap-se-2839037?sessionId=ed7061b1d89e7c95ce70868e0e3baa03,2026-03-04,2026-03-25,True,"Walldorf, Berlin, Eschborn, Gerlingen, Hamburg, Garchingen (near Munich), Dresden, Ratingen, Hannover",,"German: B2, English: C1",Bachelor,,"SAP Data & Analytics portfolio (SAP Datasphere, SAP Analytics Cloud, SAP BW), SAP Business Data Cloud, SAP RISE incl. Clean Core principles and SAP BTP, SAP S/4HANA",Hybrid,Full-time,3-5 years
2839036,SAP AI Engineering Architect (f/m/d),SAP SE,https://www.profession.hu/allas/sap-ai-engineering-architect-f-m-d-sap-se-2839036?sessionId=ed7061b1d89e7c95ce70868e0e3baa03,2026-03-04,2026-03-16,False,Hibrid,,"English: B2, German: B2",Bachelor,"Python, Java","SAP Analytics Security, SAP Business Technology Platform (BTP), TensorFlow, PyTorch, JavaScript, HTML",Hybrid,Full-time,1-3 years
2839034,SAP AI Engineering Architect (f/m/d),SAP SE,https://www.profession.hu/allas/sap-ai-engineering-architect-f-m-d-sap-se-2839034?sessionId=ed7061b1d89e7c95ce70868e0e3baa03,2026-03-04,2026-03-04,False,Hibrid,,"English: B2, German: B2",Bachelor,"Python, Java","SAP Analytics, Security, SAP BTP, TensorFlow, PyTorch, JavaScript, HTML",Hybrid,Full-time,1-3 years
2839032,"Principal Engineer, Product Security",commercetools GmbH,https://www.profession.hu/allas/principal-engineer-product-security-commercetools-gmbh-2839032?sessionId=ed7061b1d89e7c95ce70868e0e3baa03,2026-03-04,2026-03-25,True,"Berlin, London or Valencia",,English: B2,Bachelor,"JavaScript, Go","SECURITY, CLOUD, API, LINUX, AWS, AZURE, ACCESS, PROJECT MANAGEMENT, AGILE",Hybrid,Full-time,5+ years
2839031,Associate Engineering Manager - Product Security,N26 GmbH,https://www.profession.hu/allas/associate-engineering-manager-product-security-n-gmbh-2839031?sessionId=ed7061b1d89e7c95ce70868e0e3baa03,2026-03-04,2026-03-16,False,,,English: B2,Bachelor,,"SECURITY, DEVOPS, ACCESS, REST",Hybrid,Full-time,1-3 years
2839030,Principal Consultant (f/m/d) Business Data Strategy & Advisory - Data Architect (f/m/d),SAP SE,https://www.profession.hu/allas/principal-consultant-f-m-d-business-data-strategy-advisory-data-architect-f-m-d-sap-se-2839030?sessionId=ed7061b1d89e7c95ce70868e0e3baa03,2026-03-04,2026-03-17,False,"Walldorf, Berlin, Eschborn, Gerlingen, Hamburg, Garchingen (near Munich), Dresden, Ratingen, Hannover",,"German: B2, English: C1",Bachelor,,"SAP Data & Analytics portfolio (SAP Datasphere, SAP Analytics Cloud, SAP BW), SAP Business Data Cloud, SAP RISE incl. Clean Core principles and SAP BTP, SAP S/4HANA",Hybrid,Full-time,3-5 years
2839029,Senior Technical Product Marketing Manager,commercetools GmbH,https://www.profession.hu/allas/senior-technical-product-marketing-manager-commercetools-gmbh-2839029?sessionId=ed7061b1d89e7c95ce70868e0e3baa03,2026-03-04,2026-03-25,True,Durham or Boston,,English: B2,Bachelor,,,Hybrid,Full-time,1-3 years
2839028,(Senior) Principal Enterprise Architect (f/m/d) - MU Germany,SAP SE,https://www.profession.hu/allas/senior-principal-enterprise-architect-f-m-d-mu-germany-sap-se-2839028?sessionId=ed7061b1d89e7c95ce70868e0e3baa03,2026-03-04,2026-03-17,False,"Berlin, München-Garching, Hamburg, Ratingen, Eschborn, Gerlingen, Walldorf",,"English: B2, German: B2",Bachelor,,"SAP Enterprise Architecture Framework, LeanIX EAM, SAP Certified Professional-Enterprise Architect [P_SAPEA_2023], TOGAF",Hybrid,"Full-time, unbefristet",1-3 years
2839024,SAP AI Engineering Architect (f/m/d),SAP SE,https://www.profession.hu/allas/sap-ai-engineering-architect-f-m-d-sap-se-2839024?sessionId=ed7061b1d89e7c95ce70868e0e3baa03,2026-03-04,2026-03-05,False,,,"English: B2, German: B2",Bachelor,"Python, Java","SAP AI Core, SAP AI Business Services, SAP Integration Suite, SAP Extension Suite, TensorFlow, PyTorch",Hybrid,Full-time,1-3 years
2839021,Principal Consultant (f/m/d) Business Data Strategy & Advisory - Data Architect (f/m/d),SAP SE,https://www.profession.hu/allas/principal-consultant-f-m-d-business-data-strategy-advisory-data-architect-f-m-d-sap-se-2839021?sessionId=ed7061b1d89e7c95ce70868e0e3baa03,2026-03-04,2026-03-25,True,"Walldorf, Berlin, Eschborn, Gerlingen, Hamburg, Garchingen (near Munich), Dresden, Ratingen, Hannover",,"German: B2, English: C1",Bachelor,,"SAP Data & Analytics Portfolio (SAP Datasphere, SAP Analytics Cloud, SAP BW), SAP Business Data Cloud, SAP RISE incl. Clean Core principles and SAP BTP, AI and emerging technologies",Hybrid,Full-time,1-3 years
2839016,Architecture Advisor Expert (f/m/d) Discrete Manufacturing,SAP SE,https://www.profession.hu/allas/architecture-advisor-expert-f-m-d-discrete-manufacturing-sap-se-2839016?sessionId=ed7061b1d89e7c95ce70868e0e3baa03,2026-03-04,2026-03-17,False,Németország,,"English: C2, German: C2","Bachelor's degree (or equivalent) required, MBA or equivalent degree preferred from accredited university",,"Togaf, SAPIEA-10 certifications",Full-time,"Full-time, unbefristet",5+ years
2839015,SAP AI Engineering Architect (f/m/d),SAP SE,https://www.profession.hu/allas/sap-ai-engineering-architect-f-m-d-sap-se-2839015?sessionId=ed7061b1d89e7c95ce70868e0e3baa03,2026-03-04,2026-03-16,False,Hibrid,,"English: B2, German: B2",Bachelor,"Python, Java","SAP Analytics, Security, SAP BTP, TensorFlow, PyTorch, JavaScript, HTML",Hybrid,Full-time,1-3 years
2839014,Principal Consultant (f/m/d) Business Data Strategy & Advisory - Data Architect (f/m/d),SAP SE,https://www.profession.hu/allas/principal-consultant-f-m-d-business-data-strategy-advisory-data-architect-f-m-d-sap-se-2839014?sessionId=ed7061b1d89e7c95ce70868e0e3baa03,2026-03-04,2026-03-17,False,"Walldorf, Berlin, Eschborn, Gerlingen, Hamburg, Garchingen (near Munich), Dresden, Ratingen, Hannover",,"German: Mittel, English: B2",Bachelor,,"SAP Data & Analytics Portfolio (SAP Datasphere, SAP Analytics Cloud, SAP BW), SAP Business Data Cloud, SAP RISE incl. Clean Core principles and SAP BTP, AI and emerging technologies",Hybrid,Full-time,1-3 years
2839012,iOS Engineer - Engagement,N26 GmbH,https://www.profession.hu/allas/ios-engineer-engagement-n-gmbh-2839012?sessionId=ed7061b1d89e7c95ce70868e0e3baa03,2026-03-04,2026-03-16,False,Berlin,,English: B2,Bachelor,Swift,"IOS, SWIFT, ACCESS, AGILE, JIRA",Hybrid,Full-time,1-3 years
2839011,Senior Consultant (f/m/d) Business Data Strategy & Advisory - Data Architect (f/m/d),SAP SE,https://www.profession.hu/allas/senior-consultant-f-m-d-business-data-strategy-advisory-data-architect-f-m-d-sap-se-2839011?sessionId=ed7061b1d89e7c95ce70868e0e3baa03,2026-03-04,2026-03-17,False,,,"English: B2, German: B2",Bachelor,,"SAP Data & Analytics portfolio (SAP Datasphere, SAP Analytics Cloud, SAP BW), SAP Business Data Cloud, SAP RISE incl. Clean Core principles and SAP BTP",Hybrid,Full-time,1-3 years
2838512,Student UX Researcher  | 20-30% | Hybrid working model | Zurich Switzerland,SMG Swiss Marketplace Group,https://www.profession.hu/allas/student-ux-researcher-hybrid-working-model-zurich-switzerland-smg-swiss-marketplace-group-2838512?sessionId=ed7061b1d89e7c95ce70868e0e3baa03,2026-03-04,2026-03-25,True,Zürich,,"English: B2, German: B2",Bachelor,,"Notion, Miro, Lookback, Caplena, Qualtrics, Zapier",Hybrid,Full-time,0-1 years
2838509,Quantitative Trader,JK Advisory Sàrl,https://www.profession.hu/allas/quantitative-trader-jk-advisory-s-rl-2838509?sessionId=ed7061b1d89e7c95ce70868e0e3baa03,2026-03-04,2026-03-22,False,Geneva,,"English: B2, French: Working knowledge",Bachelor,"Python, Rust","Perpetual futures mechanics, CLOB mechanics, AMM vs order book tradeoffs, Smart contracts interactions relevant to trading","On-site, Geneva",Full-time,3-5 years
2838508,AI Technical Leader & Head of Business Development,JK Advisory Sàrl,https://www.profession.hu/allas/ai-technical-leader-head-of-business-development-jk-advisory-s-rl-2838508?sessionId=ed7061b1d89e7c95ce70868e0e3baa03,2026-03-04,2026-03-25,True,Geneva,,English: B2,Master,,"AI, Machine Learning, Blockchain/DeFi Protocol Development, Smart Contract Development (Solidity/EVM), FPGA, GPU-based inference",On-site,"Full-time, permanent (100%)",5+ years
2838504,Senior Security Engineer / DevSecOps Engineer,Mettler Toledo,https://www.profession.hu/allas/senior-security-engineer-devsecops-engineer-mettler-toledo-2838504?sessionId=ed7061b1d89e7c95ce70868e0e3baa03,2026-03-04,2026-03-11,False,Nänikon-Greifensee,,English: B2,Master,"C#, JavaScript (Vue), SQL Server, Kubernetes, Docker, Azure DevOps","ACCESS, SECURITY, AZURE, TESTING, NETWORK C, SQL ANALYTICS, DOCKER, DEVOPS",Hybrid,Full-time,5-10 years
2838503,Senior Software UI / FrontEnd TechLead,Flexis AG,https://www.profession.hu/allas/senior-software-ui-frontend-techlead-flexis-ag-2838503?sessionId=ed7061b1d89e7c95ce70868e0e3baa03,2026-03-04,2026-03-25,True,Svájc,,English: B2,Főiskola,"React, Rust, C++","Agile, Electron, Tauri",,Full-time,1-3 years
2838216,Senior Software Engineer (Python),Diligent Governance Hungary Kft.,https://www.profession.hu/allas/senior-software-engineer-python-diligent-governance-hungary-kft-2838216?sessionId=ed7061b1d89e7c95ce70868e0e3baa03,2026-03-04,2026-03-25,True,Budapest,,,Középiskola,"Python, SQL","AWS, POSTGRESQL, DATABASE AGILE, BACKEND ANALYTICS, AWS DATABASES, REACT",Hybrid,Full-time,3-5 years
2838192,"Associate, Application Engineer",BlackRock Hungary Kft.,https://www.profession.hu/allas/associate-application-engineer-blackrock-hungary-kft-2838192?sessionId=ed7061b1d89e7c95ce70868e0e3baa03,2026-03-04,2026-03-04,False,Budapest,,,Bachelor,"SQL, Python","TESTING ANALYTICS, AZURE, API, ACCESS, NETWORK",Hybrid,Full-time,3-5 years
2838167,Software Developer (m/f/d) Aerospace & Defence,FERCHAU – Connecting People and Technologies,https://www.profession.hu/allas/software-developer-m-f-d-aerospace-defence-ferchau-connecting-people-and-technologies-2838167?sessionId=ed7061b1d89e7c95ce70868e0e3baa03,2026-03-04,2026-03-25,True,Garching bei München,,English: B1,Bachelor,"Python, Java, C++, Rust","Security, Hardware Test Automation",Hybrid,Full-time,1-3 years
2838153,Security Incident Process Owner (m/f/d),Knorr-Bremse Services GmbH,https://www.profession.hu/allas/security-incident-process-owner-m-f-d-knorr-bremse-services-gmbh-2838153?sessionId=ed7061b1d89e7c95ce70868e0e3baa03,2026-03-04,2026-03-16,False,Munich,,"English: B2, German: C1",Bachelor,,"SIEM, SOAR",Hybrid,Full-time,1-3 years
2838147,Working Student AI-Powered Test Automation (m/f/d),Rohde & Schwarz GmbH & Co. KG,https://www.profession.hu/allas/working-student-ai-powered-test-automation-m-f-d-rohde-schwarz-gmbh-co-kg-2838147?sessionId=ed7061b1d89e7c95ce70868e0e3baa03,2026-03-04,2026-03-16,False,,,"English: C2, German: C2",Bachelor,Python,Git,Remote,Full-time,1-3 years
2838137,IT Business Partner Finance & Controlling (m/f/d),Liebherr-IT Services GmbH,https://www.profession.hu/allas/it-business-partner-finance-controlling-m-f-d-liebherr-it-services-gmbh-2838137?sessionId=ed7061b1d89e7c95ce70868e0e3baa03,2026-03-04,2026-03-23,False,Oberopfingen,,"German: C1, English: B2",Bachelor,,,Hybrid,Full-time,3-5 years
2838135,Domain Architect - Quality Management (m/f/d),Liebherr-IT Services GmbH,https://www.profession.hu/allas/domain-architect-quality-management-m-f-d-liebherr-it-services-gmbh-2838135?sessionId=ed7061b1d89e7c95ce70868e0e3baa03,2026-03-04,2026-03-23,False,Oberopfingen,,"German: C1, English: B2","Bachelor, Master",,,Hybrid,Full-time,3-5 years
2838134,Internship - EEG & fNIRS Data Acquisition and (Pre-)Processing,ZEISS,https://www.profession.hu/allas/internship-eeg-fnirs-data-acquisition-and-pre-processing-zeiss-2838134?sessionId=ed7061b1d89e7c95ce70868e0e3baa03,2026-03-04,2026-03-17,False,Németország,,"English: B2, German: Basic","Bachelor, Master","Python, NumPy",Agile methodology,On-site,Full-time,1-3 years
2838104,Cybersecurity Engineer (m/f/d),KROHNE Messtechnik GmbH,https://www.profession.hu/allas/cybersecurity-engineer-m-f-d-krohne-messtechnik-gmbh-2838104?sessionId=ed7061b1d89e7c95ce70868e0e3baa03,2026-03-04,2026-03-25,True,Duisburg,,"English: B2, German: Native",Bachelor,,"IT security tools and technologies, Secure software development, Penetration testing or vulnerability management, CI/CD and DevOps",Hybrid,Full-time,1-3 years
2838094,CRM Application Manager (m/f/d),ELANTAS GmbH,https://www.profession.hu/allas/crm-application-manager-m-f-d-elantas-gmbh-2838094?sessionId=ed7061b1d89e7c95ce70868e0e3baa03,2026-03-04,2026-03-25,True,,,English: B2,Bachelor,,"Microsoft Dynamics, Microsoft Office applications",Home-Office,Full-time,5+ years
2838088,SAP MDG Global Implementation Lead (m/f/x),Liebherr-IT Services GmbH,https://www.profession.hu/allas/sap-mdg-global-implementation-lead-m-f-x-liebherr-it-services-gmbh-2838088?sessionId=ed7061b1d89e7c95ce70868e0e3baa03,2026-03-04,2026-03-05,False,Oberopfingen,,English: B2,Bachelor,,SAP ERP,Hybrid,Full-time,3-5 years
2838077,Embedded Systems Internship: Zephyr RTOS & Microcontroller Platforms (f/m/x),ZEISS,https://www.profession.hu/allas/embedded-systems-internship-zephyr-rtos-microcontroller-platforms-f-m-x-zeiss-2838077?sessionId=ed7061b1d89e7c95ce70868e0e3baa03,2026-03-04,2026-03-25,True,Németország,,Angol középfok,Középiskola,"C, C++, Python","LINUX, GIT, Zephyr RTOS, Arduino, FreeRTOS, NPUs, DSPs, accelerators, UI frameworks, ML on embedded hardware, graphics stacks",Általános munkarend,Teljes munkaidő,1-3 év tapasztalat
2838061,License Compliance Expert (m/f/d),Riverty,https://www.profession.hu/allas/license-compliance-expert-m-f-d-riverty-2838061?sessionId=ed7061b1d89e7c95ce70868e0e3baa03,2026-03-04,2026-03-23,False,Hamburg,,"English: B2, German: B2",Bachelor,,"SmartTrack, SCCM",Hybrid,Full-time,1-3 years
2838054,Group Lead (f/m/d) for our activities in the field of Quantum Technologies,Leibniz-Rechenzentrum (LRZ) der Bayerischen Akademie der Wissenschaften,https://www.profession.hu/allas/group-lead-f-m-d-for-our-activities-in-the-field-of-quantum-technologies-leibniz-rechenzentrum-lrz-der-bayerischen-akademie-der-wissenschaften-2838054?sessionId=ed7061b1d89e7c95ce70868e0e3baa03,2026-03-04,2026-03-25,True,,,"English: B2, German: B2",PhD,,"ACCESS, HARDWARE, AGILE, R, SECURITY, ISO, PROJECT MANAGEMENT","Flexible working model with electronic time recording, Mobile work up to 60% of work time",Full-time (40 hrs) / part-time possible,5+ years
2838036,Program Manager - Digital Transformation Projects (f/m/x),ZEISS,https://www.profession.hu/allas/program-manager-digital-transformation-projects-f-m-x-zeiss-2838036?sessionId=ed7061b1d89e7c95ce70868e0e3baa03,2026-03-04,2026-03-13,False,Németország,,"Angol felsőfok, Német felsőfok",Egyetem,,"ANALYTICS, CLOUD, AGILE, CHANGE MANAGEMENT",Általános munkarend,Teljes munkaidő,5+ years
2838030,Embedded Systems Engineer with focus on FPGA/SoC firmware development and motion control,Deutsches Elektronen-Synchrotron DESY,https://www.profession.hu/allas/embedded-systems-engineer-with-focus-on-fpga-soc-firmware-development-and-motion-control-deutsches-elektronen-synchrotron-desy-2838030?sessionId=ed7061b1d89e7c95ce70868e0e3baa03,2026-03-04,2026-03-18,False,,,English: B2,Bachelor,"C/C++, Python","VHDL, Linux, Yocto project, EtherCAT",Remote work possible,Full-time,1-3 years
2837976,Internship for Innovative Miniaturized Scanning Solutions (f/m/x),ZEISS,https://www.profession.hu/allas/internship-for-innovative-miniaturized-scanning-solutions-f-m-x-zeiss-2837976?sessionId=ed7061b1d89e7c95ce70868e0e3baa03,2026-03-04,2026-03-25,True,,,English: B2,Bachelor,Python,"Control systems, Embedded systems",Hybrid,Full-time,1-3 years
2837965,Internship / Thesis on Algorithms and Image Processing in Dynamic mOCT (f/m/x),ZEISS,https://www.profession.hu/allas/internship-thesis-on-algorithms-and-image-processing-in-dynamic-moct-f-m-x-zeiss-2837965?sessionId=ed7061b1d89e7c95ce70868e0e3baa03,2026-03-04,2026-03-18,False,,,English: B2,"Bachelor, Master",Python,,Hybrid,Full-time,1-3 years
2837724,Junior tanácsadó,Unitalent Kft.,https://www.profession.hu/allas/junior-tanacsado-unitalent-kft-gyor-2837724?sessionId=ed7061b1d89e7c95ce70868e0e3baa03,2026-03-04,2026-03-25,True,Győr,,English: C2,Bachelor 'B' cat. diploma,,,On-site,Full-time,1-3 years
2837089,Full Stack Developer & Database Specialist,Fédération Internationale de Gymnastique,https://www.profession.hu/allas/full-stack-developer-database-specialist-federation-internationale-de-gymnastique-2837089?sessionId=ed7061b1d89e7c95ce70868e0e3baa03,2026-03-04,2026-03-22,False,Lausanne,,"English: B2, French: B2",Bachelor,"Java, SQL (PostgreSQL, MySQL)","DATABASE TESTING, MVC, POSTGRESQL, MYSQL, TROUBLESHOOTING, GDPR",On-site,Full-time,5+ years
2837087,Senior Cloud DevOps Engineer,mylife Diabetes Care AG,https://www.profession.hu/allas/senior-cloud-devops-engineer-mylife-diabetes-care-ag-2837087?sessionId=ed7061b1d89e7c95ce70868e0e3baa03,2026-03-04,2026-03-25,True,Burgdorf,,"English: B2, German: B2",High School with Diploma,,"Azure DevOps, GitHub, GitLab, Terraform, CI/CD tooling, Azure CLI, ARM templates, Swiss Half Fare Card, parking",Hybrid,Full-time,5+ years
2837081,"Postdoctoral researcher: Combining AI, adaptive control, and digital twins to optimize advanced manufacturing 100 %",ZHAW,https://www.profession.hu/allas/postdoctoral-researcher-combining-ai-adaptive-control-and-digital-twins-to-optimize-advanced-manufacturing-zhaw-2837081?sessionId=ed7061b1d89e7c95ce70868e0e3baa03,2026-03-04,2026-03-04,False,Svájc,,"English: B2, German: Intermediate",PhD,Python,,On-site,Full-time,5+ years
2837077,Data Architect Space C5I,C5I,https://www.profession.hu/allas/data-architect-space-c-i-c-i-2837077?sessionId=ed7061b1d89e7c95ce70868e0e3baa03,2026-03-04,2026-03-22,False,Bern,,"English: B2, German: Advantageous",Bachelor,,Agile,Hybrid,Full-time,1-3 years
2837075,Lead Software Architect,Zühlke Engineering AG,https://www.profession.hu/allas/lead-software-architect-zuhlke-engineering-ag-2837075?sessionId=ed7061b1d89e7c95ce70868e0e3baa03,2026-03-04,2026-03-08,False,Schlieren,,"English: C1, German: C1",Bachelor,"Java, Spring Boot, SQL, NoSQL databases, Apache Kafka, Angular, React","UML, Arc42, Docker, Kubernetes, CI/CD, Monitoring, OAuth2, OIDC",On-site with home office,Full-time,5+ years
2837074,Java Fullstack Engineer,Zühlke Engineering AG,https://www.profession.hu/allas/java-fullstack-engineer-zuhlke-engineering-ag-2837074?sessionId=ed7061b1d89e7c95ce70868e0e3baa03,2026-03-04,2026-03-08,False,Schlieren,,"English: C1, German: C1",Bachelor,"Java, Spring, Hibernate, Angular, JavaScript, React, Frontend","Databases, Cloud AWS, Cloud Azure, Excel, Agile",Hybrid,Full-time,1-3 years
2837066,Senior SAP Consultant PP/SFC/ME,Rieter,https://www.profession.hu/allas/senior-sap-consultant-pp-sfc-me-rieter-2837066?sessionId=ed7061b1d89e7c95ce70868e0e3baa03,2026-03-04,2026-03-05,False,Winterthur,,English: B2,Bachelor,,"SAP ECC 6.0, S/4HANA for PP and APO PP/DS, SAP LSMW for data migration, SAP QM",On-site,Full-time,5+ years
2822966,Project manager,W5 Informatikai Kft.,https://www.profession.hu/allas/project-manager-w-informatikai-kft-pecs-2822966?sessionId=ed7061b1d89e7c95ce70868e0e3baa03,2026-03-04,2026-03-05,False,Pécs,,English: B1,Középiskola,,"MS Office, Project management software",Full-time,Full-time,0-1 years
2836880,Senior-Software-Entwickler/in (m/w/d),Buena,https://www.profession.hu/allas/senior-software-entwickler-in-m-w-d-buena-2836880?sessionId=ed7061b1d89e7c95ce70868e0e3baa03,2026-03-04,2026-03-23,False,,,English: B2,High School with Diploma,"TypeScript, React, Node.js","REACT, NODE.JS, DATABASE, FRONTEND",Hybrid,Full-time,1-3 years
2836872,Hardware Quality Assurance Engineer,Utimaco GmbH,https://www.profession.hu/allas/hardware-quality-assurance-engineer-utimaco-gmbh-2836872?sessionId=ed7061b1d89e7c95ce70868e0e3baa03,2026-03-04,2026-03-05,False,Germany,,English: B2,Bachelor,"C, C++, Python, Java","Linux drivers, services (daemons), Make, CMake, Git, Jira, Jenkins, CI/CD workflows, Yocto, PetaLinux, LinuxFromScratch (LFS) OS, Xilinx tools (Bootloader, Bitstream), JavaCard / Smartcard, RNG testing (AIS31, NIST SP-800A), eCheck",Flexible,Full-time,1-3 years
2836868,Senior C++ Development Engineer,Utimaco GmbH,https://www.profession.hu/allas/senior-c-development-engineer-utimaco-gmbh-2836868?sessionId=ed7061b1d89e7c95ce70868e0e3baa03,2026-03-04,2026-03-11,False,Németország,,English: B2,Egyetem,"C++, Python","LINUX, SECURITY, DEVOPS, GIT, DATABASE, POSTGRESQL",Flexible working model,Full-time,1-3 years
2835775,Regional Delivery Assurance Manager (f/m/d),NTT DATA Business Solutions AG,https://www.profession.hu/allas/regional-delivery-assurance-manager-f-m-d-ntt-data-business-solutions-ag-2835775?sessionId=ed7061b1d89e7c95ce70868e0e3baa03,2026-03-04,2026-03-23,False,Germany,,English: B2,Bachelor,,SAP NETWORK SAP®,Hybrid,Full-time,5+ years
2836846,"Internship / Working Student - Brand, Marketing, UI & GTM Strategy",Caplend Technologies GmbH,https://www.profession.hu/allas/internship-working-student-brand-marketing-ui-gtm-strategy-caplend-technologies-gmbh-2836846?sessionId=ed7061b1d89e7c95ce70868e0e3baa03,2026-03-04,2026-03-22,False,Berlin,,English: B2,Bachelor,,"Figma, Webflow/Framer, Canva",On-site,Full-time,1-3 years
2836826,(Senior) Data Privacy Engineer (m/f/d) / (Senior) Expert (m/f/d) – Technical Privacy,Fresenius Medical Care Deutschland GmbH,https://www.profession.hu/allas/senior-data-privacy-engineer-m-f-d-senior-expert-m-f-d-technical-privacy-fresenius-medical-care-deutschland-gmbh-2836826?sessionId=ed7061b1d89e7c95ce70868e0e3baa03,2026-03-04,2026-03-22,False,Németország,,Angol középfok,Egyetem,,"ACCESS, SECURITY, CLOUD, ISO, GDPR",Általános munkarend,Teljes munkaidő,1-3 év tapasztalat
2836637,Working Student (f/m/d) - Program / Project Management,Coriolis Pharma Research GmbH,https://www.profession.hu/allas/working-student-f-m-d-program-project-management-coriolis-pharma-research-gmbh-2836637?sessionId=ed7061b1d89e7c95ce70868e0e3baa03,2026-03-04,2026-03-22,False,Martinsried,,English: B2,Bachelor,,"DYNAMICS, MICROSOFT OFFICE, POWERPOINT, WORD, PROJECT MANAGEMENT, CONFLUENCE, EXCEL, SharePoint",On-site with home office,Full-time,1-3 years
2836635,Intern Software Development and Automation (m/f/d),Rohde & Schwarz GmbH & Co. KG,https://www.profession.hu/allas/intern-software-development-and-automation-m-f-d-rohde-schwarz-gmbh-co-kg-2836635?sessionId=ed7061b1d89e7c95ce70868e0e3baa03,2026-03-04,2026-03-18,False,Munich,,English: B1,Bachelor,Python,"Git, Debugging tools",On-site with home office,Full-time,1-3 years
2836632,Intern DevOps Automation (m/f/d),Rohde & Schwarz GmbH & Co. KG,https://www.profession.hu/allas/intern-devops-automation-m-f-d-rohde-schwarz-gmbh-co-kg-2836632?sessionId=ed7061b1d89e7c95ce70868e0e3baa03,2026-03-04,2026-03-18,False,München,,"English: B2, German: B1",Bachelor,Python,Jenkins,On-site,Full-time,1-3 years
2836628,Internship Opportunity in AI/ML with Master Thesis Potential (m/f/d),Rohde & Schwarz GmbH & Co. KG,https://www.profession.hu/allas/internship-opportunity-in-ai-ml-with-master-thesis-potential-m-f-d-rohde-schwarz-gmbh-co-kg-2836628?sessionId=ed7061b1d89e7c95ce70868e0e3baa03,2026-03-04,2026-03-18,False,München,,English: C2,Master,"Python, Java (Git, Jira)","PyTorch, TensorFlow",On-site,Full-time,1-3 years
2836622,"Senior Manager, Strategy & Tech Projects (f/m/d)",applike group GmbH,https://www.profession.hu/allas/senior-manager-strategy-tech-projects-f-m-d-applike-group-gmbh-2836622?sessionId=ed7061b1d89e7c95ce70868e0e3baa03,2026-03-04,2026-03-22,False,,,"English: C1, German: C1",Bachelor,,DATABASES ACCESS,Remote,Full-time,3-5 years
2836620,Content & Support Specialist (m/f/d),MED-EL Medical Electronics,https://www.profession.hu/allas/content-support-specialist-m-f-d-med-el-medical-electronics-2836620?sessionId=ed7061b1d89e7c95ce70868e0e3baa03,2026-03-04,2026-03-23,False,Innsbruck,,"English: B2, German: B2",Bachelor,,"Content and translation management systems, Writing for digital products (UX or technical writing)",On-site,Full-time,1-3 years
2835899,Infrastructure & Platform Automation Engineer,Silurus Software Korlátolt Felelősségű Társaság,https://www.profession.hu/allas/infrastructure-platform-automation-engineer-silurus-software-korlatolt-felelossegu-tarsasag-budapest-2835899?sessionId=ed7061b1d89e7c95ce70868e0e3baa03,2026-03-04,2026-03-23,False,Budapest,,English: B2,Középiskola,"PowerShell, Bash","Terraform, Ansible, Azure DevOps, Windows Server, Linux, VMware",Hibrid,Full-time,3-5 years
2835859,Java Engineer (all genders),ParshipMeet Group,https://www.profession.hu/allas/java-engineer-all-genders-parshipmeet-group-2835859?sessionId=ed7061b1d89e7c95ce70868e0e3baa03,2026-03-04,2026-03-22,False,Németország,,"English: B2, German: B2",Egyetem,"Java, Spring","DevOps, Git, Frontend Testing, Clean Code, Agile Kanban Scrum, Automated Tests",Általános munkarend,Teljes munkaidő,1-3 év tapasztalat
2835852,Senior Data Engineer (all genders) Video,ParshipMeet Group,https://www.profession.hu/allas/senior-data-engineer-all-genders-video-parshipmeet-group-2835852?sessionId=ed7061b1d89e7c95ce70868e0e3baa03,2026-03-04,2026-03-22,False,Németország,,English: B2,Egyetem,Python,"Airflow/Cloud Composer, BigQuery, Cloud Spanner, GitLab CI or Cloud Build, Terraform, Docker, dbt, Tableau, MongoDB, PostgreSQL, BigQueryData Catalog",Full-time,Full-time,1-3 years
2835845,.Net Engineer (all genders),ParshipMeet Group,https://www.profession.hu/allas/net-engineer-all-genders-parshipmeet-group-2835845?sessionId=ed7061b1d89e7c95ce70868e0e3baa03,2026-03-04,2026-03-22,False,Németország,,"English: B2, German: B2+",Egyetem,.NET,"Agile development (Kanban/Scrum), CI/CD, GitLab CI/CD, Kubernetes, Production monitoring/observability, Blazor",Általános munkarend,Teljes munkaidő,1-3 years
2835791,Intern AI Research – Defect identification and Root Cause Analysis,Mercedes-Benz AG,https://www.profession.hu/allas/intern-ai-research-defect-identification-and-root-cause-analysis-mercedes-benz-ag-2835791?sessionId=ed7061b1d89e7c95ce70868e0e3baa03,2026-03-04,2026-03-18,False,Hibrid,,English: B2,Főiskola,,"DATABASE TESTING, MACHINE LEARNING",Hybrid,Short-term,1-3 years
2835787,Product Manager - Application Management Services (f/m/d),NTT DATA Business Solutions AG,https://www.profession.hu/allas/product-manager-application-management-services-f-m-d-ntt-data-business-solutions-ag-2835787?sessionId=ed7061b1d89e7c95ce70868e0e3baa03,2026-03-04,2026-03-22,False,Germany,,"English: C1, German: B2",Bachelor,,"SAP CLOUD ERP, SAP NETWORK, SAP AMS",Hybrid,Full-time,3-5 years
2835777,Working Student Software Support (m/f/d),Rohde & Schwarz GmbH & Co. KG,https://www.profession.hu/allas/working-student-software-support-m-f-d-rohde-schwarz-gmbh-co-kg-2835777?sessionId=ed7061b1d89e7c95ce70868e0e3baa03,2026-03-04,2026-03-18,False,München,,"English: B1, German: B1",High School with Diploma,,"MS Office Word, Project Management, JIRA, Excel, Confluence",On-site,Full-time,1-3 years
2835774,User Researcher (all genders),Union Tank Eckstein Gmbh & Co KG,https://www.profession.hu/allas/user-researcher-all-genders-union-tank-eckstein-gmbh-co-kg-2835774?sessionId=ed7061b1d89e7c95ce70868e0e3baa03,2026-03-04,2026-03-22,False,Kleinostheim near Frankfurt,,"English: C2, German: C2, French: B2, Italian: B2",Bachelor,,,Hybrid,Full-time,1-3 years
2835773,(Senior) Cybersecurity Specialist – IT Resilience & Threat Intelligence (m/f/d),EOS Holding,https://www.profession.hu/allas/senior-cybersecurity-specialist-it-resilience-threat-intelligence-m-f-d-eos-holding-2835773?sessionId=ed7061b1d89e7c95ce70868e0e3baa03,2026-03-04,2026-03-22,False,,,"English: C2, German: B2",Bachelor,,"BACKUP SECURITY TESTING, ISO, NETWORK, CLOUD, DEVOPS, INCIDENT MANAGEMENT",Hybrid,Full-time,5+ years
2835769,Business Development Manager (all genders) Asia – Smart Metering mioty® LPWAN,Fraunhofer-Institut für Integrierte Schaltungen IIS,https://www.profession.hu/allas/business-development-manager-all-genders-asia-smart-metering-mioty-lpwan-fraunhofer-institut-fur-integrierte-schaltungen-iis-2835769?sessionId=ed7061b1d89e7c95ce70868e0e3baa03,2026-03-04,2026-03-05,False,,,"English: B2, German: C1",Bachelor,,,Hybrid,Full-time,3-5 years
2835755,Head of Global Integration Platform (m/w/d),Berner SE,https://www.profession.hu/allas/head-of-global-integration-platform-m-w-d-berner-se-2835755?sessionId=ed7061b1d89e7c95ce70868e0e3baa03,2026-03-04,2026-03-22,False,Cologne or Künzelsau,,English: B2,Középiskola,,"Workato, SAP BTP, API, webhooks, OData, interface architectures, DevOps, CI/CD, API management",Full-time,Full-time,5+ years
2835752,Product Manager - Managed Cloud Services (f/m/d),NTT DATA Business Solutions AG,https://www.profession.hu/allas/product-manager-managed-cloud-services-f-m-d-ntt-data-business-solutions-ag-2835752?sessionId=ed7061b1d89e7c95ce70868e0e3baa03,2026-03-04,2026-03-22,False,Germany,,"English: C2, German: B2",Bachelor,,"SAP, Azure, AWS, GCP, S/4HANA, SAP Netweaver, SAP ECC",Hybrid,Full-time,3-5 years
2835563,Senior IT business analyst,Peerson,https://www.profession.hu/allas/senior-it-business-analyst-peerson-budapest-2835563?sessionId=ed7061b1d89e7c95ce70868e0e3baa03,2026-03-04,2026-03-22,False,Budapest,,English: C2,Bachelor,,"JIRA, Azure DevOps",,Full-time,5-10 years
2835473,Manuális tesztelő (medior),Peerson,https://www.profession.hu/allas/manualis-tesztelo-medior-peerson-budapest-2835473?sessionId=ed7061b1d89e7c95ce70868e0e3baa03,2026-03-04,2026-03-22,False,Budapest,,English: B2,Bachelor,,"ISTQB, Postman",Hybrid,Full-time,3-5 years
2835231,Sitebuilder,REVISOL TECHNOLOGIES Kft.,https://www.profession.hu/allas/sitebuilder-revisol-technologies-kft-nyiregyhaza-2835231?sessionId=ed7061b1d89e7c95ce70868e0e3baa03,2026-03-04,2026-03-22,False,Nyíregyháza,,English: B2,Bachelor,"PHP, HTML, CSS","WordPress, WooCommerce, Google pixel integrációs, Facebook pixel integrációs, Page builder rendszerek (pl. Elementor, WPBakery)",On-site,Full-time,1-3 years
2835210,SAP EWM Consultant  – Solution Design & Project Management Remote,Aequor Consulting GmbH,https://www.profession.hu/allas/sap-ewm-consultant-solution-design-project-management-remote-aequor-consulting-gmbh-2835210?sessionId=ed7061b1d89e7c95ce70868e0e3baa03,2026-03-04,2026-03-10,False,,,English: B2,Bachelor,,"SAP EWM, Project Management Tools",Remote,Full-time,1-3 years
2835208,Intern System Engineer - ACAS X,RUAG AG,https://www.profession.hu/allas/intern-system-engineer-acas-x-ruag-ag-2835208?sessionId=ed7061b1d89e7c95ce70868e0e3baa03,2026-03-04,2026-03-09,False,Svájc,,English: B2,Középiskola,"Python, C/C++, Julia",Git or similar version control systems,On-site with home office,Short-term,
2835194,Finance IT Expert,Abbott AG,https://www.profession.hu/allas/finance-it-expert-abbott-ag-2835194?sessionId=ed7061b1d89e7c95ce70868e0e3baa03,2026-03-04,2026-03-22,False,Allschwil,,English: B2,Bachelor,JavaScript,SAP ANALYTICS CLOUD ERP AWS SAP’ TESTING BI TABLEAU POWER BI AGILE,On-site,Full-time,5+ years
2834950,Projektmenedzser BA/QA fókusszal,Alias Innovations Kft.,https://www.profession.hu/allas/projektmenedzser-ba-qa-fokusszal-alias-innovations-kft-2834950?sessionId=ed7061b1d89e7c95ce70868e0e3baa03,2026-03-04,2026-03-22,False,,600k - 900k bruttó + 15% bónusz,"English: B2, German: B2",Secondary education with diploma,,"ClickUp, Jira, Monday",Full-time,Project management,3-5 years
2834949,"Folyamatelemző, ClickUp szakértő",Alias Innovations Kft.,https://www.profession.hu/allas/folyamatelemzo-clickup-szakerto-alias-innovations-kft-2834949?sessionId=ed7061b1d89e7c95ce70868e0e3baa03,2026-03-04,2026-03-22,False,,600k - 700k bruttó + 15% bónusz,English: B2,Középiskola,,"ClickUp, n8n, CRM API, Project management, HR processes, Financial/admin workflow",Általános munkarend,Teljes munkaidő,1-3 years
2834947,Szenior full-stack szoftverfejlesztő,Alias Innovations Kft.,https://www.profession.hu/allas/szenior-full-stack-szoftverfejleszto-alias-innovations-kft-2834947?sessionId=ed7061b1d89e7c95ce70868e0e3baa03,2026-03-04,2026-03-22,False,,1.2M - 1.5M brutttó + 15% bónusz,German: B2,High School with Diploma,"Python, PHP, React, Vue, Docker, GitLab CI/CD, AWS, Azure, Cypress","REACT, BACKEND, VUE, LINUX, AWS, FRONTEND, REST, CLOUD, DOCKER, PYTHON, AZURE, API, PHP, DEVOPS, CYPRESS",Remote / Hybrid,Full-time,5+ years
2821999,Frontend Developer,Wysio Informatikai és Szoftverfejlesztő Kft.,https://www.profession.hu/allas/frontend-developer-wysio-informatikai-es-szoftverfejleszto-kft-szeged-2821999?sessionId=ed7061b1d89e7c95ce70868e0e3baa03,2026-03-04,2026-03-05,False,Szeged,,English: B1,Középiskola,"TypeScript, JavaScript, HTML, CSS, Angular","Agile methodology, Unit test framework, CSS preprocessor, RXJS",Hybrid,Full-time,1-3 years
2821942,Java Backend Developer,Wysio Informatikai és Szoftverfejlesztő Kft.,https://www.profession.hu/allas/java-backend-developer-wysio-informatikai-es-szoftverfejleszto-kft-szeged-2821942?sessionId=ed7061b1d89e7c95ce70868e0e3baa03,2026-03-04,2026-03-05,False,Szeged,,English: B1,Secondary School,"Java, Spring, Backend, Hibernate","Clean Code, Agile Methodology, Java Spring Boot framework",Hybrid,Full-time,1-3 years
2834837,Academic Researcher: Research Software Engineer (f/m/d),Universität Heidelberg,https://www.profession.hu/allas/academic-researcher-research-software-engineer-f-m-d-universit-t-heidelberg-2834837?sessionId=ed7061b1d89e7c95ce70868e0e3baa03,2026-03-04,2026-03-17,False,Németország,,English: B2,Egyetem,"C++, C, Python, R","High Performance Computing, GPU computing, Array Computing with JAX",Általános munkarend,Teljes munkaidő,1-3 év tapasztalat
2834830,CX Design Researcher (m/f/d),MANN+HUMMEL GmbH,https://www.profession.hu/allas/cx-design-researcher-m-f-d-mann-hummel-gmbh-2834830?sessionId=ed7061b1d89e7c95ce70868e0e3baa03,2026-03-04,2026-03-04,False,,,"English: C1, German: B2",Bachelor,,AGILE,Hybrid,Full-time,5+ years
2834813,Head of AI Competence Center & Analytics Enabling Functions (m/f/d),MB Energy Holding GmbH & Co. KG,https://www.profession.hu/allas/head-of-ai-competence-center-analytics-enabling-functions-m-f-d-mb-energy-holding-gmbh-co-kg-2834813?sessionId=ed7061b1d89e7c95ce70868e0e3baa03,2026-03-04,2026-03-20,False,,,"English: C2, German: C2",Bachelor,,"Microsoft Power Platform, Copilot, Power BI, M365 ecosystem",Home-Office,Full-time,1-3 years
2834798,PhD Position – Representation and Active Learning for Multi-Scale Scientific Imaging,Forschungszentrum Jülich GmbH,https://www.profession.hu/allas/phd-position-representation-and-active-learning-for-multi-scale-scientific-imaging-forschungszentrum-julich-gmbh-2834798?sessionId=ed7061b1d89e7c95ce70868e0e3baa03,2026-03-04,2026-03-16,False,Aachen,,English: B2,Master,"Python, Machine Learning frameworks (PyTorch, TensorFlow)",,On-site,Full-time,1-3 years
2834766,"Deutsche Bank Internship (f/m/x) in Technology, Data & Innovation 2026 Berlin",Deutsche Bank AG,https://www.profession.hu/allas/deutsche-bank-internship-f-m-x-in-technology-data-innovation-berlin-deutsche-bank-ag-2834766?sessionId=ed7061b1d89e7c95ce70868e0e3baa03,2026-03-04,2026-03-20,False,,,English: C2,Bachelor,,"Agile, Hardware, Backend, Frontend, DevOps",Remote,Full-time,1-3 years
2834757,Senior IT Product Manager – ERP-Systems / Marketing & Sales (m/f/d),MB Energy Holding GmbH & Co. KG,https://www.profession.hu/allas/senior-it-product-manager-erp-systems-marketing-sales-m-f-d-mb-energy-holding-gmbh-co-kg-2834757?sessionId=ed7061b1d89e7c95ce70868e0e3baa03,2026-03-04,2026-03-20,False,,,"German: C1, English: B2",Bachelor,,"ERP SAP, SECURITY ACCESS, EXCEL",Hybrid,Full-time,1-3 years
2834297,Solution Architect,Rieter,https://www.profession.hu/allas/solution-architect-rieter-2834297?sessionId=ed7061b1d89e7c95ce70868e0e3baa03,2026-03-04,2026-03-20,False,Winterthur,,"English: C1, German: C1",Master,"Java, Kotlin, Rust, JavaScript, TypeScript","API, CLOUD, REACT, JAVA, AZURE, REST, DEVOPS, ANALYTICS, NOSQL, LINUX, CYPRESS",Full-time,Full-time,5-10 years
2834287,OT Development Lead,Rieter,https://www.profession.hu/allas/ot-development-lead-rieter-2834287?sessionId=ed7061b1d89e7c95ce70868e0e3baa03,2026-03-04,2026-03-20,False,Winterthur,,"English: B2, German: B2",Bachelor,"C, C++","PLC, SECURITY, LINUX, DEVOPS, AZURE, JIRA, CONFLUENCE, TROUBLESHOOTING",On-site,Full-time,5-10 years
2834276,ICT Global technical coordinator,United Machining,https://www.profession.hu/allas/ict-global-technical-coordinator-united-machining-2834276?sessionId=ed7061b1d89e7c95ce70868e0e3baa03,2026-03-04,2026-03-17,False,"Meyrin, Switzerland",,,High School with Diploma,,,On-site,Full-time,1-3 years
2834273,Information Security Specialist IT,Ronal AG,https://www.profession.hu/allas/information-security-specialist-it-ronal-ag-2834273?sessionId=ed7061b1d89e7c95ce70868e0e3baa03,2026-03-04,2026-03-20,False,,,English: B2,Bachelor,,"Microsoft 365, SIEM, EDR, IDS/IPS, Firewalls",Hybrid,Full-time,3-5 years
2828434,Open Application - Technology Specialist,Islet Group Kft.,https://www.profession.hu/allas/open-application-technology-specialist-islet-group-kft-2828434?sessionId=ed7061b1d89e7c95ce70868e0e3baa03,2026-03-04,2026-03-09,False,Budapest,,,Középiskola,,"NETWORK, SAP",Hybrid,Full-time,0-1 years
2833909,IT Business Analyst,ShareLine Informatikai Szolgáltató Zrt.,https://www.profession.hu/allas/it-business-analyst-shareline-informatikai-szolgaltato-zrt-2833909?sessionId=ed7061b1d89e7c95ce70868e0e3baa03,2026-03-04,2026-03-20,False,Budapest,,,Középiskola,,,On-site,Full-time,1-3 years
2831440,Intern as Application Developer - part time for student,Oracle Global Services Hungary Kft.,https://www.profession.hu/allas/intern-as-application-developer-part-time-for-student-oracle-global-services-hungary-kft-2831440?sessionId=ed7061b1d89e7c95ce70868e0e3baa03,2026-03-04,2026-03-08,False,,,,,"SQL, PL/SQL",ORACLE ERP,Hybrid,Half-time,0-1 years
2833905,Change Coordinator,Silurus Software Korlátolt Felelősségű Társaság,https://www.profession.hu/allas/change-coordinator-silurus-software-korlatolt-felelossegu-tarsasag-budapest-2833905?sessionId=ed7061b1d89e7c95ce70868e0e3baa03,2026-03-04,2026-03-05,False,Budapest,,English: B2,Középiskola,,"ServiceNow, JSM, ITIL 4 (Change Enablement, Incident, Problem, Release), CMDB/CI-k, releasenaptárak, maintenance window-k",Hibrid,Full-time,1-3 years
2833904,MES Developer,Accenture Korlátolt Felelősségű Társaság,https://www.profession.hu/allas/mes-developer-accenture-korlatolt-felelossegu-tarsasag-2833904?sessionId=ed7061b1d89e7c95ce70868e0e3baa03,2026-03-04,2026-03-14,False,Budapest,,English: B2,Cafeteria,"VB.NET, C#","Oracle, SQL, Windows Server/IIS, ASP.NET, Java",Hybrid,Full-time,1-3 years
2828401,Lead Cloud Architect,Islet Group Kft.,https://www.profession.hu/allas/lead-cloud-architect-islet-group-kft-2828401?sessionId=ed7061b1d89e7c95ce70868e0e3baa03,2026-03-04,2026-03-11,False,Budapest,,English: B2,High School with Diploma,,"CLOUD ANALYTICS, TABLEAU, BI, SQL, SAP, NETWORK PROJECT MANAGEMENT, POWER BI",Hybrid,Full-time,5+ years
2828350,Cloud Data Engineer,Islet Group Kft.,https://www.profession.hu/allas/cloud-data-engineer-islet-group-kft-2828350?sessionId=ed7061b1d89e7c95ce70868e0e3baa03,2026-03-04,2026-03-11,False,Budapest,,English: B2,High School with Diploma,,"BI, CRM, AZURE, SQL, ANALYTICS, CLOUD, TABLEAU, POWER BI, NETWORK, ERP, SAP",Hybrid,Full-time,3-5 years
2833895,Junior Data Engineer (Azure / Databricks),Accenture Korlátolt Felelősségű Társaság,https://www.profession.hu/allas/junior-data-engineer-azure-databricks-accenture-korlatolt-felelossegu-tarsasag-2833895?sessionId=ed7061b1d89e7c95ce70868e0e3baa03,2026-03-04,2026-03-17,False,Budapest,,English: B2,Középiskola,"Python, SQL","Azure Databricks, JIRA, Access, Cloud, Agile",Hybrid,Full-time,1-3 years
2833875,Expert Sovereign Cloud Architect & Advisor (f/m/d),SAP SE,https://www.profession.hu/allas/expert-sovereign-cloud-architect-advisor-f-m-d-sap-se-2833875?sessionId=ed7061b1d89e7c95ce70868e0e3baa03,2026-03-04,2026-03-17,False,Germany,,English: B2,High School with Diploma,,"CLOUD AWS, AZURE, SECURITY, SAP @SAP, NETWORK VIRTUALIZATION",Hybrid,Full-time,1-3 years
2833872,Senior Sovereign Cloud Architect & Advisor (f/m/d),SAP SE,https://www.profession.hu/allas/senior-sovereign-cloud-architect-advisor-f-m-d-sap-se-2833872?sessionId=ed7061b1d89e7c95ce70868e0e3baa03,2026-03-04,2026-03-11,False,Germany,,English: B2,Bachelor,,"SAP HANA, S/4 HANA, SAP NetWeaver, OS/DB migration, SAP HANA, TOGAF certifications",Hybrid,Full-time,1-3 years
2833867,ServiceNow Developer (m/f/d),Moch.IT GmbH,https://www.profession.hu/allas/servicenow-developer-m-f-d-moch-it-gmbh-2833867?sessionId=ed7061b1d89e7c95ce70868e0e3baa03,2026-03-04,2026-03-20,False,Hannover,50000 EUR - 60000 EUR/year,German: B2,Bachelor,"JavaScript, Glide, Flow Designer, IntegrationHub","ServiceNow (CSA, CIS, CAD certifications), ServiceNow ITSM and ITOM modules, ServiceNow HRSD or CSM, ServiceNow App Engine",On-site,Full-time,1-3 years
2833865,Lead Product Analyst (all genders),ParshipMeet Group,https://www.profession.hu/allas/lead-product-analyst-all-genders-parshipmeet-group-2833865?sessionId=ed7061b1d89e7c95ce70868e0e3baa03,2026-03-04,2026-03-20,False,Németország,,English: B2,Középiskola,"Python, R","SQL, Analytics stacks (e.g., Snowflake, dbt, Looker/Sigma, Amplitude), BI tools such as Sigma, Tableau, or Power BI",Full-time,Full-time,5+ years
2833861,Senior Backend Engineer (f/m/x),ING Deutschland,https://www.profession.hu/allas/senior-backend-engineer-f-m-x-ing-deutschland-2833861?sessionId=ed7061b1d89e7c95ce70868e0e3baa03,2026-03-04,2026-03-17,False,,,English: B2,Bachelor,"Java, Spring Boot, Kotlin","Oracle databases, SQL, API management, JUnit, Mockito, Git, Grafana, Kibana, Azure DevOps, OpenShift, Kafka, CI/CD pipelines",Hybrid,Full-time,1-3 years
2833860,(Senior) Speech Developer Spanish (m/f/x)*,Solventum GmbH,https://www.profession.hu/allas/senior-speech-developer-spanish-m-f-x-solventum-gmbh-2833860?sessionId=ed7061b1d89e7c95ce70868e0e3baa03,2026-03-04,2026-03-17,False,Munich,,"English: B2, Spanish: B2, German: B2",Master,"Bash, Perl, Python, Java, Jython","Linux, TensorFlow, PyTorch, fairseq, Kaldi, K2/Icefall, ESPNET, ONNX, kenlm",On-site,Full-time,1-3 years
2833855,Security Business Partner - Hotels (m/f/x),Liebherr-IT Services GmbH,https://www.profession.hu/allas/security-business-partner-hotels-m-f-x-liebherr-it-services-gmbh-2833855?sessionId=ed7061b1d89e7c95ce70868e0e3baa03,2026-03-04,2026-03-17,False,Oberopfingen,,"English: B2, German: B2, French: B2","Bachelor's/Master's in Cybersecurity, Computer Science, Information Technology or related field such as Engineering",,"ISO/IEC 27001, NIST, Cybersecurity certifications: CISSP, CISM",Hybrid,Full-time,3-5 years
2833820,SAP Solution Architect (m/f/d) [Full-time / part-time] - Tieto Tech Consulting,Tieto Germany GmbH,https://www.profession.hu/allas/sap-solution-architect-m-f-d-full-time-part-time-tieto-tech-consulting-tieto-germany-gmbh-2833820?sessionId=ed7061b1d89e7c95ce70868e0e3baa03,2026-03-04,2026-03-20,False,,,"German: C1, English: B2",Bachelor,,"SAP S/4HANA, SAP BTP, SAP Cloud",Hybrid,Full-time,1-3 years
2833817,(Senior) Web Developer (m/f/d) - Tieto Tech Consulting,Tieto Germany GmbH,https://www.profession.hu/allas/senior-web-developer-m-f-d-tieto-tech-consulting-tieto-germany-gmbh-2833817?sessionId=ed7061b1d89e7c95ce70868e0e3baa03,2026-03-04,2026-03-20,False,"Vienna, Linz, Graz, Berlin",,"English: B2, German: B2",High School with Diploma,"React, Angular, C#, ASP.NET","GitHub Copilot, CI/CD pipelines, Cloud-based deployment workflows",Hybrid,Full-time,3-5 years
2833795,Senior Sales Manager for Financial Services (m/f/d) - Tieto Tech Consulting,Tieto Germany GmbH,https://www.profession.hu/allas/senior-sales-manager-for-financial-services-m-f-d-tieto-tech-consulting-tieto-germany-gmbh-2833795?sessionId=ed7061b1d89e7c95ce70868e0e3baa03,2026-03-04,2026-03-20,False,Berlin,,"German: C1, English: B2",Bachelor,,,On-site,Full-time,5+ years
2833774,Senior Contact Center Solution Architect / Pre-Sales Lead (m/f/d) - Tieto Tech Consulting,Tieto Germany GmbH,https://www.profession.hu/allas/senior-contact-center-solution-architect-pre-sales-lead-m-f-d-tieto-tech-consulting-tieto-germany-gmbh-2833774?sessionId=ed7061b1d89e7c95ce70868e0e3baa03,2026-03-04,2026-03-20,False,"Vienna, Linz, Graz, Berlin, Regensburg",,"English: C1, German: B2",Bachelor,,"DYNAMICS CRM CLOUD, Genesys (Cloud or Engage), Novomind, Microsoft Dynamics 365 Contact Center",Hybrid,Full-time,1-3 years
2833769,(Senior) Data Engineer (m/f/d) - Tieto Tech Consulting,Tieto Germany GmbH,https://www.profession.hu/allas/senior-data-engineer-m-f-d-tieto-tech-consulting-tieto-germany-gmbh-2833769?sessionId=ed7061b1d89e7c95ce70868e0e3baa03,2026-03-04,2026-03-17,False,Berlin,,"English: B1, German: C1",Bachelor,,"AZURE CLOUD, GIT, AGILE",Hybrid,Full-time,3-5 years
2833759,Technical SAP Consultant - SAP BTP / SAP Build (m/f/d) - Tieto Tech Consulting,Tieto Germany GmbH,https://www.profession.hu/allas/technical-sap-consultant-sap-btp-sap-build-m-f-d-tieto-tech-consulting-tieto-germany-gmbh-2833759?sessionId=ed7061b1d89e7c95ce70868e0e3baa03,2026-03-04,2026-03-17,False,,,"German: B2, English: B2",Bachelor,"ABAP, Fiori, web technologies","SAP ABAP, SAP Analytics Cloud, SAP Business Technology Platform (BTP), SAP Build",Hybrid,Full-time,1-3 years
2833752,SAP S/4HANA Public Cloud Finance Consultant (m/f/d) [Full-time / part-time] - Tieto Tech Consulting,Tieto Germany GmbH,https://www.profession.hu/allas/sap-s-hana-public-cloud-finance-consultant-m-f-d-full-time-part-time-tieto-tech-consulting-tieto-germany-gmbh-2833752?sessionId=ed7061b1d89e7c95ce70868e0e3baa03,2026-03-04,2026-03-20,False,Berlin,,"English: C1, German: C1",Bachelor,,"SAP S/4HANA Public Cloud, SAP Cloud ALM",Hybrid,Full-time,1-3 years
2833750,(Senior) Backend Developer Java & .NET (m/f/d) – Tieto Tech Consulting,Tieto Germany GmbH,https://www.profession.hu/allas/senior-backend-developer-java-net-m-f-d-tieto-tech-consulting-tieto-germany-gmbh-2833750?sessionId=ed7061b1d89e7c95ce70868e0e3baa03,2026-03-04,2026-03-17,False,Berlin,,"English: B2, German: B2",High School with Diploma,"Java, C#","SQL, NoSQL Databases, AGILE, BACKEND, FRONTEND, ANGULAR, REACT, SECURITY",Hybrid,Full-time,3-5 years
2833739,PhD Position (m/f/d) Else Kröner Fresenius Center for Digital Health,Universitätsklinikum Carl Gustav Carus Dresden,https://www.profession.hu/allas/phd-position-m-f-d-else-kroner-fresenius-center-for-digital-health-universit-tsklinikum-carl-gustav-carus-dresden-2833739?sessionId=ed7061b1d89e7c95ce70868e0e3baa03,2026-03-04,2026-03-17,False,Dresden,,English: B2,Bachelor,Python,,Hybrid,Full-time,1-3 years
2833733,Senior Consultant SAP SuccessFactors (m/f/d),KraussMaffei Group GmbH,https://www.profession.hu/allas/senior-consultant-sap-successfactors-m-f-d-kraussmaffei-group-gmbh-2833733?sessionId=ed7061b1d89e7c95ce70868e0e3baa03,2026-03-04,2026-03-18,False,,,"English: B2, German: C1",Bachelor,,"SAP SuccessFactors, Jira, Confluence",Hybrid,Full-time,5+ years
2833724,(Senior) Fullstack Developer (m/f/d) - Tieto Tech Consulting,Tieto Germany GmbH,https://www.profession.hu/allas/senior-fullstack-developer-m-f-d-tieto-tech-consulting-tieto-germany-gmbh-2833724?sessionId=ed7061b1d89e7c95ce70868e0e3baa03,2026-03-04,2026-03-20,False,"Vienna, Linz, Graz, Berlin",,"English: B2, German: B2",High School with Diploma,"Java, C#, React, Angular","GitHub Copilot, CI/CD pipelines, Cloud-based deployment workflows",Hybrid,Full-time,3-5 years
2833723,Embedded Software Developer / Embedded C Developer (m/f/d),HAPEKO Deutschland GmbH,https://www.profession.hu/allas/embedded-software-developer-embedded-c-developer-m-f-d-hapeko-deutschland-gmbh-2833723?sessionId=ed7061b1d89e7c95ce70868e0e3baa03,2026-03-04,2026-03-18,False,Hibrid,,"English: B2, German: B2",Főiskola,C,"FPGA, Vectorcast, Simulink, bare metal programming",Hybrid,Full-time,1-3 years
2833719,Bid Manager (m/f/d) - Tieto Tech Consulting,Tieto Germany GmbH,https://www.profession.hu/allas/bid-manager-m-f-d-tieto-tech-consulting-tieto-germany-gmbh-2833719?sessionId=ed7061b1d89e7c95ce70868e0e3baa03,2026-03-04,2026-03-20,False,Hibrid,,German: Mittel,Középiskola,,,Hybrid,Full-time,1-3 years
2833716,Intern Procurement (f/m/x),Capri Sun GmbH,https://www.profession.hu/allas/intern-procurement-f-m-x-capri-sun-gmbh-2833716?sessionId=ed7061b1d89e7c95ce70868e0e3baa03,2026-03-04,2026-03-11,False,Eppelheim,,"English: B2, German: Advantage",Bachelor,,"Excel, PowerPoint",On-site,Short-term,1-3 years
2833715,(Senior) SAP Reporting & Analytics Consultant (m/f/d) - Tieto Tech Consulting,Tieto Germany GmbH,https://www.profession.hu/allas/senior-sap-reporting-analytics-consultant-m-f-d-tieto-tech-consulting-tieto-germany-gmbh-2833715?sessionId=ed7061b1d89e7c95ce70868e0e3baa03,2026-03-04,2026-03-17,False,"Vienna, Linz, Graz, Berlin, Regensburg",,"German: C1, English: B2",Bachelor,,"SAP Analytics Cloud, Agile, Access, SAP Business Data Cloud, Databricks",Hybrid,Full-time,1-3 years
2833713,SAP Integration Architect (m/f/d),Heraeus Consulting & IT Solutions GmbH,https://www.profession.hu/allas/sap-integration-architect-m-f-d-heraeus-consulting-it-solutions-gmbh-2833713?sessionId=ed7061b1d89e7c95ce70868e0e3baa03,2026-03-04,2026-03-18,False,,,English: B2,Bachelor,,"SAP PI/PO, SAP Integration Suite",Hybrid,Full-time,1-3 years
2833709,(Senior) IT Project Manager (m/f/d) – Tieto Tech Consulting,Tieto Germany GmbH,https://www.profession.hu/allas/senior-it-project-manager-m-f-d-tieto-tech-consulting-tieto-germany-gmbh-2833709?sessionId=ed7061b1d89e7c95ce70868e0e3baa03,2026-03-04,2026-03-17,False,Berlin / Regensburg,,"German: B2, English: B2",Bachelor,,PROJECT MANAGEMENT TESTING SCRUM PMI,Hybrid,Full-time,3-5 years
2833702,FullStack Developer (m/f/d),TorAlarm GmbH,https://www.profession.hu/allas/fullstack-developer-m-f-d-toralarm-gmbh-2833702?sessionId=ed7061b1d89e7c95ce70868e0e3baa03,2026-03-04,2026-03-20,False,Németország,,English: B1,Középiskola,"Go, JavaScript/TypeScript","AWS, CMS, MySQL, GitHub Actions",On-site,Full-time,3-5 years
2833698,Product Manager – Smart Attachments m/f/d,Construction Tools GmbH,https://www.profession.hu/allas/product-manager-smart-attachments-m-f-d-construction-tools-gmbh-2833698?sessionId=ed7061b1d89e7c95ce70868e0e3baa03,2026-03-04,2026-03-18,False,Németország,,Angol középfok,Egyetem,,,Általános munkarend,Teljes munkaidő,1-3 év tapasztalat
2833220,ACCOUNTANT with Business Intelligence and software development background,CIM BANQUE SA,https://www.profession.hu/allas/accountant-with-business-intelligence-and-software-development-background-cim-banque-sa-2833220?sessionId=ed7061b1d89e7c95ce70868e0e3baa03,2026-03-04,2026-03-18,False,Geneva,,"English: C1, French: B2",Bachelor,"C#, SQL, HTML / CSS / JS, Python","Tableau, SQL databases, PowerBI, Microsoft tools, Excel",On-site,Full-time,1-3 years
2833217,Senior SAP BTP & Cloud Integration Developer  100%,Franke Group,https://www.profession.hu/allas/senior-sap-btp-cloud-integration-developer-franke-group-2833217?sessionId=ed7061b1d89e7c95ce70868e0e3baa03,2026-03-04,2026-03-17,False,"Aarburg, Svájc",,"English: B2, German: Intermediate",Bachelor,"ABAP, JavaScript/TypeScript, Python, SQL","SAP BTP, SAP CPI, SAP Fiori/SAPUI5, SAP RAP & CAP Model, Azure Databricks, Git, Docker, VS Code",On-site,Full-time,3-5 years
2833207,Senior DevOps Engineer 100%,BX Digital AG,https://www.profession.hu/allas/senior-devops-engineer-bx-digital-ag-2833207?sessionId=ed7061b1d89e7c95ce70868e0e3baa03,2026-03-04,2026-03-05,False,Zürich,,"English: B2, German: Advanced",Bachelor,,"Terraform, Ansible, Kubernetes, GitLab",Hybrid,Full-time,5+ years
2832856,Self-Sovereign Identity Software Engineer,High Tech Engineering Center Kft.,https://www.profession.hu/allas/self-sovereign-identity-software-engineer-high-tech-engineering-center-kft-2832856?sessionId=ed7061b1d89e7c95ce70868e0e3baa03,2026-03-04,2026-03-20,False,,,,Középiskola,Rust,"AGILE, SECURITY",Általános munkarend,Teljes munkaidő,5+ years
2832815,Staff Software Engineer,ARM Hungary Kft.,https://www.profession.hu/allas/staff-software-engineer-arm-hungary-kft-2832815?sessionId=ed7061b1d89e7c95ce70868e0e3baa03,2026-03-04,2026-03-18,False,Budapest,,,Középiskola,"C, C++","SECURITY DEBUGGING, LINUX ANDROID VIRTUALIZATION, ASSEMBLY",Hybrid,Full-time,5+ years
2832765,Senior Cyber Security Engineer (m/f/d),Clarios Germany GmbH & Co. KG,https://www.profession.hu/allas/senior-cyber-security-engineer-m-f-d-clarios-germany-gmbh-co-kg-2832765?sessionId=ed7061b1d89e7c95ce70868e0e3baa03,2026-03-04,2026-03-18,False,Hibrid,,"English: C1, Német: B2",Bachelor,,"TARA development, Requirements management, Fuzz testing",Hybrid,Full-time,3-5 years
2832764,Intern/Working Student (m/f/d) in Generative AI,Clarios Germany GmbH & Co. KG,https://www.profession.hu/allas/intern-working-student-m-f-d-in-generative-ai-clarios-germany-gmbh-co-kg-2832764?sessionId=ed7061b1d89e7c95ce70868e0e3baa03,2026-03-04,2026-03-10,False,Hanover,,English: B2,Bachelor,Python,"TensorFlow, PyTorch, FEM, CAD",Hybrid,Full-time,1-3 years
2832756,Senior Cloud Architect & Advisor (f/m/d) for RISE with SAP and BDC in MEE,SAP SE,https://www.profession.hu/allas/senior-cloud-architect-advisor-f-m-d-for-rise-with-sap-and-bdc-in-mee-sap-se-2832756?sessionId=ed7061b1d89e7c95ce70868e0e3baa03,2026-03-04,2026-03-17,False,Hamburg,,"English: B2, German: C1",Bachelor,,"SAP, AWS, Azure, Virtualization, Hardware",Hybrid,Full-time,3-5 years
2832733,Security and Compliance Engineer (m/f/d) – Developer Platform,Secunet Security Networks AG,https://www.profession.hu/allas/security-and-compliance-engineer-m-f-d-developer-platform-secunet-security-networks-ag-2832733?sessionId=ed7061b1d89e7c95ce70868e0e3baa03,2026-03-04,2026-03-16,False,,,English: B2,Bachelor,"Python, Go, Rust","OPA / Gatekeeper, Conftest, Nix / NixOS, Rust, Terraform, GitLab, OpenStack + Kubernetes + GitOps, OpenTelemetry + Grafana Stack (LGTM)","Remote work options, flexible hours",Full-time,1-3 years
2832732,Senior Microsoft Power Platform Engineer (m/f/d),EOS Technology Solutions GmbH,https://www.profession.hu/allas/senior-microsoft-power-platform-engineer-m-f-d-eos-technology-solutions-gmbh-2832732?sessionId=ed7061b1d89e7c95ce70868e0e3baa03,2026-03-04,2026-03-16,False,,,"English: B2, German: Advantage",Bachelor,,"AZURE, ACTIVE DIRECTORY, CLOUD BI, DYNAMICS POWER BI, POWER APPS, POWER AUTOMATE",Hybrid,Full-time,1-3 years
2832727,Dynamics 365 CRM Solution Engineer (m/f/d),MED-EL Medical Electronics,https://www.profession.hu/allas/dynamics-crm-solution-engineer-m-f-d-med-el-medical-electronics-2832727?sessionId=ed7061b1d89e7c95ce70868e0e3baa03,2026-03-04,2026-03-16,False,Innsbruck,,English: B2,Bachelor,,"DYNAMICS CRM, SQL, SECURITY, TROUBLESHOOTING",On-site,Full-time,1-3 years
2832718,Software Architect (all genders welcome) for cloud based solutions in the field of Water Line Integrity Solutions,Rosenxt Group,https://www.profession.hu/allas/software-architect-all-genders-welcome-for-cloud-based-solutions-in-the-field-of-water-line-integrity-solutions-rosenxt-group-2832718?sessionId=ed7061b1d89e7c95ce70868e0e3baa03,2026-03-04,2026-03-18,False,Wietmarschen-Lohne or Osnabrück,,English: B2,Bachelor,"Python, Bash, PowerShell","Azure Cloud services (compute, storage, networking, security), Azure DevOps, Terraform, Ansible, MLOps practices, Scripting and automation using Python, PowerShell, or Bash",Hybrid,Full-time,1-3 years
2832710,(Senior) Technical Business Analyst (m/f/d) - Supply Tech - Hamburg (hybrid),About You SE & Co. KG,https://www.profession.hu/allas/senior-technical-business-analyst-m-f-d-supply-tech-hamburg-hybrid-about-you-se-co-kg-2832710?sessionId=ed7061b1d89e7c95ce70868e0e3baa03,2026-03-04,2026-03-11,False,,,English: B2,Bachelor,,ACCESS,Hybrid,Full-time,3-5 years
2832709,Senior Technical Project/Process Manager (m/f/d) - Supply Tech Enabling (Merchant Integrations) - Hamburg (hybrid),About You SE & Co. KG,https://www.profession.hu/allas/senior-technical-project-process-manager-m-f-d-supply-tech-enabling-merchant-integrations-hamburg-hybrid-about-you-se-co-kg-2832709?sessionId=ed7061b1d89e7c95ce70868e0e3baa03,2026-03-04,2026-03-16,False,Germany,,English: B2,Bachelor,,"TESTING DATABASES, SQL, ACCESS, PROJECT MANAGEMENT",Hybrid,Full-time,3-5 years
2832703,Delta V Engineer (m/w/d) Muttenz,Syngenta,https://www.profession.hu/allas/delta-v-engineer-m-w-d-muttenz-syngenta-2832703?sessionId=ed7061b1d89e7c95ce70868e0e3baa03,2026-03-04,2026-03-17,False,Németország,,"English: B2, German: B2, French: A1",Bachelor,,"DeltaV, SAP-PM, COMOS",On-site,Full-time,5+ years
2832694,ASIC Verification Engineer (f/m/div.),Bosch Gruppe,https://www.profession.hu/allas/asic-verification-engineer-f-m-div-bosch-gruppe-2832694?sessionId=ed7061b1d89e7c95ce70868e0e3baa03,2026-03-04,2026-03-17,False,Dresden,,"English: B2, German: Beneficial","Bachelor, Master",SystemVerilog,UVM,Hybrid,Full-time,5+ years
2832619,Group Lead (f/m/d) for our activities in the field of Quantum Technologies,Leibniz-Rechenzentrum (LRZ) der Bayerischen Akademie der Wissenschaften,https://www.profession.hu/allas/group-lead-f-m-d-for-our-activities-in-the-field-of-quantum-technologies-leibniz-rechenzentrum-lrz-der-bayerischen-akademie-der-wissenschaften-2832619?sessionId=ed7061b1d89e7c95ce70868e0e3baa03,2026-03-04,2026-03-18,False,,,"English: B2, German: B2",PhD,,,Hybrid,Full-time,3-5 years
2832589,Director (m/w/d) E-Compliance/ IT Governance,Daiichi Sankyo Europe GmbH,https://www.profession.hu/allas/director-m-w-d-e-compliance-it-governance-daiichi-sankyo-europe-gmbh-2832589?sessionId=ed7061b1d89e7c95ce70868e0e3baa03,2026-03-04,2026-03-17,False,Németország,,English: C1,Bachelor,,SAP S/4 HANA,On-site,Full-time,5+ years
2832574,Working Student Software Development (m/f/d),"Mitsubishi Heavy Industries EMEA, Ltd., Erlangen Branch",https://www.profession.hu/allas/working-student-software-development-m-f-d-mitsubishi-heavy-industries-emea-ltd-erlangen-branch-2832574?sessionId=ed7061b1d89e7c95ce70868e0e3baa03,2026-03-04,2026-03-09,False,Erlangen City Center and remote,,English: B2,Bachelor,,"SECURITY, SCRUM, AGILE",Remote,Short-term,1-3 years
2832490,PostDoc position (f/m/d) Distributed AI algorithms development for 3D synchrotron imaging,Karlsruher Institut für Technologie (KIT) Campus Nord,https://www.profession.hu/allas/postdoc-position-f-m-d-distributed-ai-algorithms-development-for-d-synchrotron-imaging-karlsruher-institut-fur-technologie-kit-campus-nord-2832490?sessionId=ed7061b1d89e7c95ce70868e0e3baa03,2026-03-04,2026-03-17,False,Karlsruhe,,English: B2,PhD,"Python, .PHP","Agile, HeAT software framework",Hybrid,Full-time,3-5 years
2832484,Program Manager Transformation m/w/d,Miele & Cie. KG,https://www.profession.hu/allas/program-manager-transformation-m-w-d-miele-cie-kg-2832484?sessionId=ed7061b1d89e7c95ce70868e0e3baa03,2026-03-04,2026-03-18,False,,,English: C1,Bachelor,,"SAP S/4HANA, Teamcenter X",Hybrid,Full-time,3-5 years
2832472,Group IT Security Consultant (m/f/d),Vaillant GmbH,https://www.profession.hu/allas/group-it-security-consultant-m-f-d-vaillant-gmbh-2832472?sessionId=ed7061b1d89e7c95ce70868e0e3baa03,2026-03-04,2026-03-09,False,Remscheid near Düsseldorf,,English: B2,Bachelor,,"ACCESS, SECURITY, ISO TESTING, API, JSON, EXCEL",Hybrid,Full-time,1-3 years
2832462,Partner Acquisition Manager (m/f/d),Nexi Germany GmbH,https://www.profession.hu/allas/partner-acquisition-manager-m-f-d-nexi-germany-gmbh-2832462?sessionId=ed7061b1d89e7c95ce70868e0e3baa03,2026-03-04,2026-03-09,False,,,English: B2,Bachelor,,ERP,,Full-time,5-8 years
2831604,"Junior webfejlesztő és tesztelő (heti 10 óra, full remote)",MolnarCodes,https://www.profession.hu/allas/junior-webfejleszto-es-tesztelo-heti-ora-full-remote-molnarcodes-2831604?sessionId=ed7061b1d89e7c95ce70868e0e3baa03,2026-03-04,2026-03-18,False,,Br. 2 000 - 3 500 Ft/óra bruttó,"English: A1, Hungarian: Native",Secondary School with Diploma,"HTML, CSS","Google Workspace (Drive, Docs, Sheets, Meet)",Remote,Part-time,0-1 years
2831595,Software developer for embedded systems 80-100%,SWAN Analytische Instrumente AG,https://www.profession.hu/allas/software-developer-for-embedded-systems-swan-analytische-instrumente-ag-2831595?sessionId=ed7061b1d89e7c95ce70868e0e3baa03,2026-03-04,2026-03-14,False,Hinwil,,"English: B2, German: Advantageous",Bachelor,"C, Java","RTOS, Signal Processing, Assembly, Modbus, Profibus, HART",On-site,Full-time,1-3 years
2831587,Senior AI Engineer – Practice Systems & Clinical Intelligence,Ärztekasse Genossenschaft,https://www.profession.hu/allas/senior-ai-engineer-practice-systems-clinical-intelligence-rztekasse-genossenschaft-2831587?sessionId=ed7061b1d89e7c95ce70868e0e3baa03,2026-03-04,2026-03-13,False,Zurich area (Urdorf or Geneva),,English: B2,Bachelor,,,On-site,Full-time,3-5 years
2831583,Senior SAP Solution Architect Variant Configuration,BELIMO Automation AG,https://www.profession.hu/allas/senior-sap-solution-architect-variant-configuration-belimo-automation-ag-2831583?sessionId=ed7061b1d89e7c95ce70868e0e3baa03,2026-03-04,2026-03-14,False,Switzerland,,English: C1,Bachelor,"ABAP, Java","SAP ABAP, SAP CRM Cloud, JAVA, ERP, SAP S/4HANA, PIM, SAP Commerce Cloud, Encoway CPQ",,Full-time,1-3 years
2831579,Data Engineer – Data Warehouse & Re-porting,Ärztekasse Genossenschaft,https://www.profession.hu/allas/data-engineer-data-warehouse-re-porting-rztekasse-genossenschaft-2831579?sessionId=ed7061b1d89e7c95ce70868e0e3baa03,2026-03-04,2026-03-13,False,Zurich area (Urdorf or Geneva),,"English: B2, German: A1, French: A1",Bachelor,"SQL, Python","Apache NiFi, dbt, JMIX reporting",Hybrid,Full-time,1-3 years
2831578,"Head of Software Development, Microsoft 365 Apps",BPA Solutions SA,https://www.profession.hu/allas/head-of-software-development-microsoft-apps-bpa-solutions-sa-2831578?sessionId=ed7061b1d89e7c95ce70868e0e3baa03,2026-03-04,2026-03-18,False,,,"English: C1, French: B2",,"C#, .NET Core, React, SharePoint REST, CSOM, PnP","Azure DevOps, Power Automate, Power Apps, Power BI",Hybrid,Full-time,1-3 years
2831575,Lead Back-End Engineer - TypeScript/Rust,Finders SA,https://www.profession.hu/allas/lead-back-end-engineer-typescript-rust-finders-sa-2831575?sessionId=ed7061b1d89e7c95ce70868e0e3baa03,2026-03-04,2026-03-09,False,"Lausanne, Switzerland",,"English: B2, French: B2",,"TypeScript, Rust, Solidity, JavaScript (React)","GraphQL, Apollo, NoSQL, Redis, AWS, Docker/Kubernetes, Terraform, GitHub Actions, Prometheus, Grafana",Hybrid,Full-time,1-3 years
2831573,Platform Engineer  *,Ringier AG,https://www.profession.hu/allas/platform-engineer-ringier-ag-2831573?sessionId=ed7061b1d89e7c95ce70868e0e3baa03,2026-03-04,2026-03-14,False,Svájc,,,"Bachelor's degree in Computer Science, Engineering, or a related field, or equivalent experience",Python,"DevOps, Palantir Foundry, AWS, REST APIs, CI/CD principles and tools",,Full-time,3-5 years
2831414,Group Associate Engineer MS 365,Octapharma AG,https://www.profession.hu/allas/group-associate-engineer-ms-octapharma-ag-2831414?sessionId=ed7061b1d89e7c95ce70868e0e3baa03,2026-03-04,2026-03-05,False,Lachen,,English: B2,Bachelor,,"CISCO, AGILE PROJECT MANAGEMENT, MS 365 (SharePoint Online/OneDrive/Teams), PowerApps/Automate, Cisco Webex",On-site,Full-time,3-5 years
2831412,IT Manager  100 %,Ophtapharm AG,https://www.profession.hu/allas/it-manager-ophtapharm-ag-2831412?sessionId=ed7061b1d89e7c95ce70868e0e3baa03,2026-03-04,2026-03-10,False,Hettlingen,,"German: C1, English: C1",Bachelor,,"ERP, Network Backup",On-site,Full-time,5+ years
2831408,IT Manager  100 %,Ophtapharm AG,https://www.profession.hu/allas/it-manager-ophtapharm-ag-2831408?sessionId=ed7061b1d89e7c95ce70868e0e3baa03,2026-03-04,2026-03-10,False,Hettlingen,,"German: C1, English: C1",Bachelor,,"ERP, ACCESS, NETWORK SECURITY, BACKUP",On-site,Full-time,5+ years
2831405,Senior Embedded Software Engineer,Zurich Instruments AG,https://www.profession.hu/allas/senior-embedded-software-engineer-zurich-instruments-ag-2831405?sessionId=ed7061b1d89e7c95ce70868e0e3baa03,2026-03-04,2026-03-16,False,Zürich,,English: B2,Master,C++,"Linux, VHDL or Verilog/SystemVerilog",On-site,Full-time,3-5 years
2831368,IT Manager  100 %,Ophtapharm AG,https://www.profession.hu/allas/it-manager-ophtapharm-ag-2831368?sessionId=ed7061b1d89e7c95ce70868e0e3baa03,2026-03-04,2026-03-10,False,Hettlingen,,"German: C1, English: B2",Bachelor,,"ERP, ACCESS, NETWORK SECURITY, BACKUP",On-site,Full-time,5+ years
2831349,Senior Embedded Software Engineer,Zurich Instruments AG,https://www.profession.hu/allas/senior-embedded-software-engineer-zurich-instruments-ag-2831349?sessionId=ed7061b1d89e7c95ce70868e0e3baa03,2026-03-04,2026-03-16,False,Zürich,,English: B2,Master,C++,"Linux, R, HARDWARE",On-site,Full-time,1-3 years
2831327,Software Developer (m/f/d) Simulation Defence,FERCHAU – Connecting People and Technologies,https://www.profession.hu/allas/software-developer-m-f-d-simulation-defence-ferchau-connecting-people-and-technologies-2831327?sessionId=ed7061b1d89e7c95ce70868e0e3baa03,2026-03-04,2026-03-16,False,Germany,,"English: B2, German: Intermediate",Bachelor,"C, C++, UNIX, LINUX, WINDOWS","SECURITY, C LINUX WINDOWS C++ UNIX SECURITY",Hybrid,Full-time,1-3 years
2831325,Master Data Project Manager (f/m/x),ZEISS,https://www.profession.hu/allas/master-data-project-manager-f-m-x-zeiss-2831325?sessionId=ed7061b1d89e7c95ce70868e0e3baa03,2026-03-04,2026-03-16,False,Németország,,"English: B1, German: B1",Középiskola,,"AGILE PROJECT MANAGEMENT, SAP R ERP, CRM",Általános munkarend,Teljes munkaidő,1-3 years
2831323,Requirements Engineer Aviation (m/f/d),FERCHAU – Connecting People and Technologies,https://www.profession.hu/allas/requirements-engineer-aviation-m-f-d-ferchau-connecting-people-and-technologies-2831323?sessionId=ed7061b1d89e7c95ce70868e0e3baa03,2026-03-04,2026-03-16,False,Garching bei München,,English: B1,Bachelor,,DOORS,Hybrid,Full-time,1-3 years
2831322,System Engineer (m/f/d) Aerospace,FERCHAU – Connecting People and Technologies,https://www.profession.hu/allas/system-engineer-m-f-d-aerospace-ferchau-connecting-people-and-technologies-2831322?sessionId=ed7061b1d89e7c95ce70868e0e3baa03,2026-03-04,2026-03-16,False,Immenstaad am Bodensee,,English: B1,Bachelor,,"MATLAB, UML, DOORS, CAMEO",Hybrid,Full-time,1-3 years
2831320,Software Developer (m/f/d) Space,FERCHAU – Connecting People and Technologies,https://www.profession.hu/allas/software-developer-m-f-d-space-ferchau-connecting-people-and-technologies-2831320?sessionId=ed7061b1d89e7c95ce70868e0e3baa03,2026-03-04,2026-03-16,False,Immenstaad am Bodensee,,English: B1,Bachelor,"C, Java, Python","Security, Hardware, Linux, Windows",Hybrid,Full-time,1-3 years
2831318,System Engineer (m/f/d) Helicopter / UAV,FERCHAU – Connecting People and Technologies,https://www.profession.hu/allas/system-engineer-m-f-d-helicopter-uav-ferchau-connecting-people-and-technologies-2831318?sessionId=ed7061b1d89e7c95ce70868e0e3baa03,2026-03-04,2026-03-16,False,Donauwörth,,English: B1,Bachelor,,,Hybrid,Full-time,1-3 years
2831317,Verification Engineer (m/f/d) Helicopter / UAV,FERCHAU – Connecting People and Technologies,https://www.profession.hu/allas/verification-engineer-m-f-d-helicopter-uav-ferchau-connecting-people-and-technologies-2831317?sessionId=ed7061b1d89e7c95ce70868e0e3baa03,2026-03-04,2026-03-16,False,Donauwörth,,English: B2,Bachelor,"C, C++",,Hybrid,Full-time,1-3 years
2831309,Principal AI Architect (f/m/d) & Adivsor (f/m/d) (Region CEE),SAP SE,https://www.profession.hu/allas/principal-ai-architect-f-m-d-adivsor-f-m-d-region-cee-sap-se-2831309?sessionId=ed7061b1d89e7c95ce70868e0e3baa03,2026-03-04,2026-03-16,False,Germany,,"German: C1, English: B2","Bachelor's or master's degree in Artificial Intelligence, Computer Science, Information Systems, or a related field",,"SAP Business AI, SAP Business Technology Platform, GenAI Hub",On-site with home office,"Full-time, unbefristet",1-3 years
2831306,"Senior Business Process Consultant (f/m/d) for Business Data Cloud, Data & Analytics",SAP SE,https://www.profession.hu/allas/senior-business-process-consultant-f-m-d-for-business-data-cloud-data-analytics-sap-se-2831306?sessionId=ed7061b1d89e7c95ce70868e0e3baa03,2026-03-04,2026-03-16,False,Németország,,"English: B2, German: B2",Bachelor,"SAP BW/4HANA, SAP Data Warehouse (BW), SAP Datasphere, SAP Business Intelligence, SAP Data Service, SAP Data Intelligence","SAP CLOUD @SAP. SECURITY ANALYTICS DATA MANAGEMENT, SAP Business Warehouse (BW), SAP Analytics Cloud (SAC), SAP Datasphere (DSP), SAP Business Data Cloud (BDC), SAP Business Technology Platform (BTP)",On-site,Full-time,1-3 years
2831285,SAP SuccessFactors Senior Consultant (f/m/d) - German speaker,SAP SE,https://www.profession.hu/allas/sap-successfactors-senior-consultant-f-m-d-german-speaker-sap-se-2831285?sessionId=ed7061b1d89e7c95ce70868e0e3baa03,2026-03-04,2026-03-10,False,,,"English: B2, German: B2",Bachelor,,SAP SuccessFactors,Remote,Full-time,5+ years
2831283,Lead Embedded Linux Engineer (m/f/d),Secunet Security Networks AG,https://www.profession.hu/allas/lead-embedded-linux-engineer-m-f-d-secunet-security-networks-ag-2831283?sessionId=ed7061b1d89e7c95ce70868e0e3baa03,2026-03-04,2026-03-16,False,,,English: B2,Bachelor,"Rust, Nix","Linux, Frontend Security Change Management, DPDK-based high-performance networking stacks, U-Boot, GitLab",Remote,Full-time,1-3 years
2831281,Lead Frontend Engineer – Embedded Application (m/f/d),Secunet Security Networks AG,https://www.profession.hu/allas/lead-frontend-engineer-embedded-application-m-f-d-secunet-security-networks-ag-2831281?sessionId=ed7061b1d89e7c95ce70868e0e3baa03,2026-03-04,2026-03-16,False,,,English: B2,Bachelor,,"Nix, NixOS, Rust, React, Figma, GitLab",Remote,Full-time,1-3 years
2831277,IoT Developer (m/f/x),Magna,https://www.profession.hu/allas/iot-developer-m-f-x-magna-2831277?sessionId=ed7061b1d89e7c95ce70868e0e3baa03,2026-03-04,2026-03-16,False,Németország,,English: B2,Főiskola,"Python, JavaScript, VBA, C#","Ignition SCADA software, MS Office Tools",Általános munkarend,Teljes munkaidő,1-3 év tapasztalat
2831272,SAP Security Expert (f/d/m),Susonity Production GmbH,https://www.profession.hu/allas/sap-security-expert-f-d-m-susonity-production-gmbh-2831272?sessionId=ed7061b1d89e7c95ce70868e0e3baa03,2026-03-04,2026-03-16,False,Németország,,"English: B2, German: Advantageous",Bachelor,,"CLOUD ACCESS SECURITY, SAP TROUBLESHOOTING",Full-time,Full-time,5+ years
2831271,SAP Integration Expert (f/d/m),Susonity Production GmbH,https://www.profession.hu/allas/sap-integration-expert-f-d-m-susonity-production-gmbh-2831271?sessionId=ed7061b1d89e7c95ce70868e0e3baa03,2026-03-04,2026-03-16,False,Németország,,"English: B2, German: Advantageous",Bachelor,,"SAP CPI, API Management, SAP Cloud Integration Suite, REST, SOAP, OData, IDoc, SAP BTP, S/4HANA",Full-time,Full-time,3-5 years
2831270,SAP FI/CO Expert (w/d/m),Susonity Production GmbH,https://www.profession.hu/allas/sap-fi-co-expert-w-d-m-susonity-production-gmbh-2831270?sessionId=ed7061b1d89e7c95ce70868e0e3baa03,2026-03-04,2026-03-16,False,Németország,,English: B2,Középiskola,,"SAP S/4HANA, FI and CO",On-site,Full-time,5+ years
2831247,Senior Product Designer (m/f/d) – UX/UI Travel & Booking,PiNCAMP GmbH,https://www.profession.hu/allas/senior-product-designer-m-f-d-ux-ui-travel-booking-pincamp-gmbh-2831247?sessionId=ed7061b1d89e7c95ce70868e0e3baa03,2026-03-04,2026-03-16,False,Berlin,,"English: B2, German: Professional level, Dutch: Professional level",Bachelor,,"Figma, Agile methodologies, AI-assisted prototyping tools",Hybrid,Full-time,3-5 years
2831243,Senior UX/UI Designer for Leica FOTOS/LUX App (all genders),Leica Camera AG,https://www.profession.hu/allas/senior-ux-ui-designer-for-leica-fotos-lux-app-all-genders-leica-camera-ag-2831243?sessionId=ed7061b1d89e7c95ce70868e0e3baa03,2026-03-04,2026-03-16,False,,,English: B2,Master,,"Figma, ProtoPie, Jira, Slack",Remote,Full-time,5+ years
2831238,Senior Enterprise Architect,Matrix42 GmbH,https://www.profession.hu/allas/senior-enterprise-architect-matrix-gmbh-2831238?sessionId=ed7061b1d89e7c95ce70868e0e3baa03,2026-03-04,2026-03-16,False,,,"English: B2, German: B2",Bachelor,"JavaScript, SQL","ENTERPRISE ARCHITECT C, SECURITY ITIL, API ACCESS, REST",Home-Office,Full-time,1-3 years
2831237,(Senior) Product Designer UX/UI (m/f/d) in Berlin,PiNCAMP GmbH,https://www.profession.hu/allas/senior-product-designer-ux-ui-m-f-d-in-berlin-pincamp-gmbh-2831237?sessionId=ed7061b1d89e7c95ce70868e0e3baa03,2026-03-04,2026-03-16,False,Berlin,,English: B2,High School with Diploma,,"Figma, AI-assisted prototyping tools",Hybrid,Full-time,5+ years
2831217,Working student DevOps in Product Configuration & Documentation Quality,Mercedes-Benz AG,https://www.profession.hu/allas/working-student-devops-in-product-configuration-documentation-quality-mercedes-benz-ag-2831217?sessionId=ed7061b1d89e7c95ce70868e0e3baa03,2026-03-04,2026-03-13,False,Böblingen,,"German: C1, English: B2",Bachelor,at least one programming language,"GitHub Actions, Kubernetes cluster technology, cloud technologies (Azure)",Hybrid,Full-time,1-3 years
2831206,Business Process & Digital Transformation Manager,Safran Helicopter Engines Germany GmbH,https://www.profession.hu/allas/business-process-digital-transformation-manager-safran-helicopter-engines-germany-gmbh-2831206?sessionId=ed7061b1d89e7c95ce70868e0e3baa03,2026-03-04,2026-03-16,False,Németország,,"English: C2, German: C2, French: C2","Master's degree in Business Administration, Engineering (e.g., Industrial / Systems Engineering) or a related field",,"Visio, MS Project",Full-time,Full-time,1-3 years
2831198,Data Architect (m/f/d) – Focus on Operations,Freudenberg Technology Innovation SE & Co. KG,https://www.profession.hu/allas/data-architect-m-f-d-focus-on-operations-freudenberg-technology-innovation-se-co-kg-2831198?sessionId=ed7061b1d89e7c95ce70868e0e3baa03,2026-03-04,2026-03-16,False,Germany,,English: B1,Bachelor,,"CLOUD AZURE, SECURITY, DEVOPS, DATABASE, NOSQL, SQL",On-site,Full-time,1-3 years
2828368,SAP Business Consultant,DXC Technology Magyarország Kft.,https://www.profession.hu/allas/sap-business-consultant-dxc-technology-magyarorszag-kft-2828368?sessionId=ed7061b1d89e7c95ce70868e0e3baa03,2026-03-04,2026-03-13,False,Budapest,,,"Bachelor’s degree, Master’s degree",,SAP TESTING NETWORK,Hybrid,Full-time,5-10 years
2828387,ServiceNow Senior Technical Consultant,DXC Technology Magyarország Kft.,https://www.profession.hu/allas/servicenow-senior-technical-consultant-dxc-technology-magyarorszag-kft-2828387?sessionId=ed7061b1d89e7c95ce70868e0e3baa03,2026-03-04,2026-03-13,False,Budapest,,"English: B1, Hungarian: B1",Bachelor,JavaScript,"SERVICENOW, DATABASES, JAVASCRIPT, REST, AGILE",Full-time,Full-time,3-5 years
2830298,Staff Software Performance Engineer - Team Lead,ARM Hungary Kft.,https://www.profession.hu/allas/staff-software-performance-engineer-team-lead-arm-hungary-kft-2830298?sessionId=ed7061b1d89e7c95ce70868e0e3baa03,2026-03-04,2026-03-11,False,Budapest,,,Középiskola,"C, C++","HARDWARE, DATABASES, REST, ASSEMBLY",Hybrid,Full-time,1-3 years
2828443,Software Tester,DXC Technology Magyarország Kft.,https://www.profession.hu/allas/software-tester-dxc-technology-magyarorszag-kft-2828443?sessionId=ed7061b1d89e7c95ce70868e0e3baa03,2026-03-04,2026-03-14,False,Budapest,,English: B2,Középiskola,"C++, PLSQL, J2EE, Unix operation, Shell scripting, .net",Perl,On-site,Full-time,0-1 years
2828403,BI Developer,DXC Technology Magyarország Kft.,https://www.profession.hu/allas/bi-developer-dxc-technology-magyarorszag-kft-2828403?sessionId=ed7061b1d89e7c95ce70868e0e3baa03,2026-03-04,2026-03-14,False,Budapest,,English: B2,High School with Diploma,Jó programozási és hibakeresési készségek,BI AGILIS,Hybrid,Full-time,5+ years
2827322,"Python Financial Model Engineer, Associate",BlackRock Hungary Kft.,https://www.profession.hu/allas/python-financial-model-engineer-associate-blackrock-hungary-kft-2827322?sessionId=ed7061b1d89e7c95ce70868e0e3baa03,2026-03-04,2026-03-11,False,Budapest,,English: B2,Bachelor’s (BSc),"Python, Pandas, Apache Arrow, Snowflake","Azure DevOps, Git, Prefect, LLM",Hybrid,Full-time,3-5 years
2828439,Scrum Master,DXC Technology Magyarország Kft.,https://www.profession.hu/allas/scrum-master-dxc-technology-magyarorszag-kft-2828439?sessionId=ed7061b1d89e7c95ce70868e0e3baa03,2026-03-04,2026-03-14,False,Budapest,,English: B2,Középiskola,"C++, PLSQL, Unix operation, Shell scripting, .net",AGILIS SCRUM,On-site,Full-time,
2828373,ServiceNow Hungary Senior Developer,DXC Technology Magyarország Kft.,https://www.profession.hu/allas/servicenow-hungary-senior-developer-dxc-technology-magyarorszag-kft-2828373?sessionId=ed7061b1d89e7c95ce70868e0e3baa03,2026-03-04,2026-03-13,False,Budapest,,"English: B2, Hungarian: B2",Bachelor,JavaScript,"AGILE, DATABASES, REST, SERVICENOW, JAVASCRIPT",On-site with home office,Full-time,3-5 years
2830278,Senior Technical Product Manager – Risk & Audit CORE,Diligent Governance Hungary Kft.,https://www.profession.hu/allas/senior-technical-product-manager-risk-audit-core-diligent-governance-hungary-kft-2830278?sessionId=ed7061b1d89e7c95ce70868e0e3baa03,2026-03-04,2026-03-14,False,Budapest,,,Középiskola,,"SECURITY, DEVOPS, ANALYTICS, CLOUD, ACCESS, REST",Hybrid,Full-time,5+ years
2830200,Working Student for Test Automation in Playwright - Berlin/Remote in Germany,azeti GmbH,https://www.profession.hu/allas/working-student-for-test-automation-in-playwright-berlin-remote-in-germany-azeti-gmbh-2830200?sessionId=ed7061b1d89e7c95ce70868e0e3baa03,2026-03-04,2026-03-14,False,Berlin,,"English: B2, German: B2",Bachelor,"TypeScript, JavaScript","Playwright, CI/CD pipelines, Git, Jira",Hybrid,Part-time,1-3 years
2830139,Strategic Transformation Lead - OPEn Core (w/m/d),TÜV SÜD,https://www.profession.hu/allas/strategic-transformation-lead-open-core-w-m-d-tuv-sud-2830139?sessionId=ed7061b1d89e7c95ce70868e0e3baa03,2026-03-04,2026-03-14,False,Munich,,English: B2,Bachelor,,SAP,On-site,Full-time,5+ years
2830082,Intern – Front-End Developer (all gender) (Fleet Energy Performance),TUI Cruises GmbH,https://www.profession.hu/allas/intern-front-end-developer-all-gender-fleet-energy-performance-tui-cruises-gmbh-2830082?sessionId=ed7061b1d89e7c95ce70868e0e3baa03,2026-03-04,2026-03-14,False,Hamburg,,English: B2,Bachelor,"JavaScript, React, Python, SQL","Git, VS Code, API, HTML/CSS, Power BI",On-site,Full-time,1-3 years
2830069,Dynamics 365 Inhouse Consultant (m/w/d),Richter Färberei- und Ausrüstungs GmbH,https://www.profession.hu/allas/dynamics-inhouse-consultant-m-w-d-richter-f-rberei-und-ausrustungs-gmbh-2830069?sessionId=ed7061b1d89e7c95ce70868e0e3baa03,2026-03-04,2026-03-14,False,Németország,,English: B2,Bachelor,,DYNAMICS TROUBLESHOOTING,On-site,Full-time,3-5 years
2830060,Professional Java Developer (m/f/d),AirPlus International GmbH,https://www.profession.hu/allas/professional-java-developer-m-f-d-airplus-international-gmbh-2830060?sessionId=ed7061b1d89e7c95ce70868e0e3baa03,2026-03-04,2026-03-14,False,Neu-Isenburg bei Frankfurt am Main,,"English: C1, German: B2",Bachelor,"Java, Spring Boot, MongoDB","SPRING, MONGODB, JAVA, TESTING, SCRUM, AGILE",Hybrid,Full-time,1-3 years
2830001,Lead Business Analyst,Datlan Trade Kft.,https://www.profession.hu/allas/lead-business-analyst-datlan-trade-kft-budapest-2830001?sessionId=ed7061b1d89e7c95ce70868e0e3baa03,2026-03-04,2026-03-14,False,Budapest,,English: C1,Bachelor,,,On-site,Full-time,5+ years
2829449,Agentic AI Engineer,Accenture Korlátolt Felelősségű Társaság,https://www.profession.hu/allas/agentic-ai-engineer-accenture-korlatolt-felelossegu-tarsasag-2829449?sessionId=ed7061b1d89e7c95ce70868e0e3baa03,2026-03-04,2026-03-14,False,Budapest,,English: B2,Középiskola,Python,"LangChain, Langfuse",On-site,Full-time,1-3 years
2829413,Personalized Internet Assessor - German,Telus Digital,https://www.profession.hu/allas/personalized-internet-assessor-german-telus-digital-2829413?sessionId=ed7061b1d89e7c95ce70868e0e3baa03,2026-03-04,2026-03-13,False,Svájc,,German: B2,Középiskola,,"Gmail, Google+, Web browsers, Broadband internet connection, Smartphone (Android 5.0, iOS 14 or higher), Personal computer",Home-Office,Short-term,
2829363,Head of Data Center (f/m/d),Max-Planck-Institut für Geoanthropologie,https://www.profession.hu/allas/head-of-data-center-f-m-d-max-planck-institut-fur-geoanthropologie-2829363?sessionId=ed7061b1d89e7c95ce70868e0e3baa03,2026-03-04,2026-03-13,False,,,English: B2,PhD,"Python, R, Java, C++","Docker, Kubernetes, MariaDB, PostgreSQL, Apache Cassandra, Neo4J, RDF, XML, JSON-LD, Linked Open Data (LOD), RESTful API, GraphQL, Apache Camel, Apache Hadoop, Apache Spark, Apache NiFi",Hybrid,Full-time,3-5 years
2829320,Domain Architect Purchasing & Procurement (m/w/d),Liebherr-IT Services GmbH,https://www.profession.hu/allas/domain-architect-purchasing-procurement-m-w-d-liebherr-it-services-gmbh-2829320?sessionId=ed7061b1d89e7c95ce70868e0e3baa03,2026-03-04,2026-03-13,False,Oberopfingen,,"German: C1, English: B2","Bachelor, Master",,,Hybrid,Full-time,3-5 years
2829307,Senior Software Engineer (m/f/d),auxmoney GmbH,https://www.profession.hu/allas/senior-software-engineer-m-f-d-auxmoney-gmbh-2829307?sessionId=ed7061b1d89e7c95ce70868e0e3baa03,2026-03-04,2026-03-14,False,Düsseldorf,,English: C2,Bachelor,"PHP, Symfony","DevOps, API, DOCKER, AGILE, BACKEND TESTING, SECURITY, ACCESS CLOUD, AWS, PHP, SYMFONY",Hybrid,Full-time,3-5 years
2829305,Senior Product Manager - Partner Platform (all genders),Aroundhome,https://www.profession.hu/allas/senior-product-manager-partner-platform-all-genders-aroundhome-2829305?sessionId=ed7061b1d89e7c95ce70868e0e3baa03,2026-03-04,2026-03-14,False,,,"English: B2, German: B2",Bachelor,,ACCESS ANALYTICS API C LEAN,Hybrid,Full-time,1-3 years
2829296,Android/iOS Mobile Engineer (m/f/x),Travelcircus GmbH,https://www.profession.hu/allas/android-ios-mobile-engineer-m-f-x-travelcircus-gmbh-2829296?sessionId=ed7061b1d89e7c95ce70868e0e3baa03,2026-03-04,2026-03-14,False,Berlin,,"German: C1, English: B2",Bachelor,"Kotlin, Swift","Kotlin Multiplatform (KMP), Modern mobile development frameworks",Hybrid,Full-time,1-3 years
2829291,Expert R&D Automation and Data Management (m/f/d),Octapharma Biopharmaceuticals GmbH,https://www.profession.hu/allas/expert-r-d-automation-and-data-management-m-f-d-octapharma-biopharmaceuticals-gmbh-2829291?sessionId=ed7061b1d89e7c95ce70868e0e3baa03,2026-03-04,2026-03-14,False,Németország,,"English: C1, German: B2",PhD in Life Sciences or a related field,Python,"R, C, Cloud, Linux, Data Management",Full-time,Permanent,1-3 years
2829282,Software Engineering Lead (MS Dynamics & CRM) (m/f/d),Riverty,https://www.profession.hu/allas/software-engineering-lead-ms-dynamics-crm-m-f-d-riverty-2829282?sessionId=ed7061b1d89e7c95ce70868e0e3baa03,2026-03-04,2026-03-14,False,"Verl, Baden-Baden or Berlin",,"English: B2, German: CEFRL Niveau Mittel",Bachelor,,"Testing Dynamics CRM, Azure, BI, DevOps, API, Power BI, Agile",Hybrid,Full-time,5+ years
2829277,Business Analyst,HDI Global,https://www.profession.hu/allas/business-analyst-hdi-global-2829277?sessionId=ed7061b1d89e7c95ce70868e0e3baa03,2026-03-04,2026-03-14,False,,,English: C1,Bachelor,,,Remote,Full-time,1-3 years
2829272,Payment Operations Specialist (m/w/d),meinestadt.de,https://www.profession.hu/allas/payment-operations-specialist-m-w-d-meinestadt-de-2829272?sessionId=ed7061b1d89e7c95ce70868e0e3baa03,2026-03-04,2026-03-09,False,Speyer,,English: C2,Bachelor,,"JIRA, Confluence, SQL",On-site,Full-time,1-3 years
2829244,UX Designer (m/f/d),TOPdesk Deutschland GmbH,https://www.profession.hu/allas/ux-designer-m-f-d-topdesk-deutschland-gmbh-2829244?sessionId=ed7061b1d89e7c95ce70868e0e3baa03,2026-03-04,2026-03-14,False,,,English: B2,Bachelor,,Figma,Remote,Full-time,5+ years
2829239,Software Architect (m/f/d),sentronics metrology GmbH,https://www.profession.hu/allas/software-architect-m-f-d-sentronics-metrology-gmbh-2829239?sessionId=ed7061b1d89e7c95ce70868e0e3baa03,2026-03-04,2026-03-14,False,Mannheim,,"German: B2, English: B2",Bachelor,"C#, .NET (ideally .NET 8), Entity Framework Core, SQL, C++",Microsoft SQL Server,Hybrid,Full-time,1-3 years
2823884,Beágyazott Szoftverfejlesztő,"Európai Tudásközpont Fejlesztő, Szolgáltató és Kereskedelmi Kft.",https://www.profession.hu/allas/beagyazott-szoftverfejleszto-europai-tudaskozpont-fejleszto-szolgaltato-es-kereskedelmi-kft-2823884?sessionId=ed7061b1d89e7c95ce70868e0e3baa03,2026-03-04,2026-03-07,False,,,,Középiskola,C,,Home-Office,Full-time,0-1 years
2828441,Presales Solution Architect (AI/ML Focus),SnapSoft Informatikai és Szolgáltató Kft.,https://www.profession.hu/allas/presales-solution-architect-ai-ml-focus-snapsoft-informatikai-es-szolgaltato-kft-2828441?sessionId=ed7061b1d89e7c95ce70868e0e3baa03,2026-03-04,2026-03-14,False,Budapest,,English: B2,"Bachelor's degree in Computer Science, Information Technology, or a related field",,"AWS CLOUD, DOCKER, AZURE, MacOS",Hybrid,Full-time,1-3 years
2828428,SAP Functional Consultant,NTT Magyarország Kft.,https://www.profession.hu/allas/sap-functional-consultant-ntt-magyarorszag-kft-2828428?sessionId=ed7061b1d89e7c95ce70868e0e3baa03,2026-03-04,2026-03-05,False,Budapest,,"English: B2, Hungarian: C1",Bachelor,ABAP,"SAP S/4 HANA, Project Management, Testing, ACCESS, DEBUGGING",Hybrid,Full-time,3-5 years
2828417,Software Engineer (Python and AWS),Diligent Governance Hungary Kft.,https://www.profession.hu/allas/software-engineer-python-and-aws-diligent-governance-hungary-kft-2828417?sessionId=ed7061b1d89e7c95ce70868e0e3baa03,2026-03-04,2026-03-14,False,Budapest,,,Középiskola,Python,"AWS, DevOps, Docker, SQL, PostgreSQL, NoSQL Databases, API, Agile, REST",Hybrid,Full-time,5-7 years
2828411,Business Analyst – projektvezetési felelősséggel,Mint Consulting Kft.,https://www.profession.hu/allas/business-analyst-projektvezetesi-felelosseggel-mint-consulting-kft-budapest-2828411?sessionId=ed7061b1d89e7c95ce70868e0e3baa03,2026-03-04,2026-03-04,False,Budapest,,English: B2,High School with Diploma,,Salesforce,Hybrid,Full-time,5+ years
2828303,RISE Enterprise Architect Driving Adoption and Business Outcomes - EMEA (f/m/d),SAP SE,https://www.profession.hu/allas/rise-enterprise-architect-driving-adoption-and-business-outcomes-emea-f-m-d-sap-se-2828303?sessionId=ed7061b1d89e7c95ce70868e0e3baa03,2026-03-04,2026-03-05,False,,,English: B2,Bachelor,,,Hybrid,Full-time,3-5 years
2828299,Senior AI Platform Security Engineer (f/m/x),BMW Group,https://www.profession.hu/allas/senior-ai-platform-security-engineer-f-m-x-bmw-group-2828299?sessionId=ed7061b1d89e7c95ce70868e0e3baa03,2026-03-04,2026-03-13,False,Munich,,English: B2,Bachelor,"Python, C#, TypeScript","Azure, AWS, C, Agile, REST",Full-time,Full-time,5+ years
2828297,Junior Managers Program - Information Technology - Trainee Program (f/m/div.),Bosch Gruppe,https://www.profession.hu/allas/junior-managers-program-information-technology-trainee-program-f-m-div-bosch-gruppe-2828297?sessionId=ed7061b1d89e7c95ce70868e0e3baa03,2026-03-04,2026-03-13,False,Gerlingen-Schillerhöhe,,"English: B2, German: B2",Master,"Java, C, Python, Matlab","CLOUD NETWORK ANALYTICS, JAVA, C, PYTHON, MATLAB, AGILE",Hybrid,Full-time,1-3 years
2828296,Junior Managers Program - Research & Development Software and Application - Trainee Program (m/f/div.),Bosch Gruppe,https://www.profession.hu/allas/junior-managers-program-research-development-software-and-application-trainee-program-m-f-div-bosch-gruppe-2828296?sessionId=ed7061b1d89e7c95ce70868e0e3baa03,2026-03-04,2026-03-13,False,Gerlingen-Schillerhöhe,,"English: B2, German: B2",Master,"C++, C, Python, Matlab","Virtualization, Cloud, Machine Learning",Hybrid,Full-time,1-3 years
2828294,Junior Managers Program - Research & Development Corporate Research - Trainee program (m/f/div.),Bosch Gruppe,https://www.profession.hu/allas/junior-managers-program-research-development-corporate-research-trainee-program-m-f-div-bosch-gruppe-2828294?sessionId=ed7061b1d89e7c95ce70868e0e3baa03,2026-03-04,2026-03-13,False,Gerlingen,,"English: B2, German: B1",PhD,"Java, C++, C, Python, Matlab","ML-Ops, algorithm development, Big Data, cloud-based systems",Hybrid,Full-time,1-3 years
2828213,Working Student (m/w/d) Power BI & Reporting,Atotech Deutschland GmbH & Co. KG,https://www.profession.hu/allas/working-student-m-w-d-power-bi-reporting-atotech-deutschland-gmbh-co-kg-2828213?sessionId=ed7061b1d89e7c95ce70868e0e3baa03,2026-03-04,2026-03-13,False,Németország,,"English: B2, German: Intermediate","Bachelor, Master","SQL, Azure, Power BI, DAX, Power Query","Power BI, SQL, Azure, ETL concepts",On-site with home office,Full-time,1-3 years
2828212,Android/iOS Mobile Engineer (m/f/x),Travelcircus GmbH,https://www.profession.hu/allas/android-ios-mobile-engineer-m-f-x-travelcircus-gmbh-2828212?sessionId=ed7061b1d89e7c95ce70868e0e3baa03,2026-03-04,2026-03-13,False,Germany,,"German: C1, English: B2",Bachelor,"Kotlin, Swift","Kotlin Multiplatform (KMP), Modern mobile development frameworks",Hybrid,Full-time,1-3 years
2828194,Fullstack-Ingenieur (Java/Kotlin + TypeScript/JavaScript) – Berlin/Remote in Deutschland,azeti GmbH,https://www.profession.hu/allas/fullstack-ingenieur-java-kotlin-typescript-javascript-berlin-remote-in-deutschland-azeti-gmbh-2828194?sessionId=ed7061b1d89e7c95ce70868e0e3baa03,2026-03-04,2026-03-13,False,Berlin,,"English: C1, German: B2",Bachelor,"Kotlin, Spring Boot, TypeScript, React, JavaScript","Git, PostgreSQL, MongoDB",Hybrid,Full-time,5+ years
2828172,SAP Business Analyst Finance & Controlling (m/f/x),Capri Sun GmbH,https://www.profession.hu/allas/sap-business-analyst-finance-controlling-m-f-x-capri-sun-gmbh-2828172?sessionId=ed7061b1d89e7c95ce70868e0e3baa03,2026-03-04,2026-03-13,False,Eppelheim,,"English: B2, German: B2",Bachelor,ABAP,"SAP S/4HANA, SAP BW, SAP FI, SAP CO, SD, MM, PS, PM, PP",,Full-time,3-5 years
2828167,Pflichtpraktikum manual QA,montamo GmbH,https://www.profession.hu/allas/pflichtpraktikum-manual-qa-montamo-gmbh-2828167?sessionId=ed7061b1d89e7c95ce70868e0e3baa03,2026-03-04,2026-03-13,False,Németország,,"English: B1, German: B1",Középiskola,,"Cypress, Maestro",Általános munkarend,Teljes munkaidő,1-3 years
2828159,Technical Documentation Engineer,Utimaco GmbH,https://www.profession.hu/allas/technical-documentation-engineer-utimaco-gmbh-2828159?sessionId=ed7061b1d89e7c95ce70868e0e3baa03,2026-03-04,2026-03-13,False,Németország,,"English: B2, German: Native",Egyetem,,,Általános munkarend,Teljes munkaidő,1-3 év tapasztalat
2828151,Junior Software Developer,Utimaco GmbH,https://www.profession.hu/allas/junior-software-developer-utimaco-gmbh-2828151?sessionId=ed7061b1d89e7c95ce70868e0e3baa03,2026-03-04,2026-03-13,False,Németország,,English: B1,Bachelor,"Angular, RESTful APIs, Microservices","DEVOPS, SECURITY, DATABASE ACCESS, TESTING, DATA MANAGEMENT",Flexible,Full-time,1-3 years
2828104,Senior AI Software Engineer (f/m/x),BMW Group,https://www.profession.hu/allas/senior-ai-software-engineer-f-m-x-bmw-group-2828104?sessionId=ed7061b1d89e7c95ce70868e0e3baa03,2026-03-04,2026-03-04,False,Munich,,English: B2,Bachelor,"Python, Java, TypeScript, Go","AGILE, MACHINE LEARNING, JAVA, PYTHON, SECURITY, Claude Code, GitHub Copilot, Cursor, Windsurf",Full-time,Full-time,5+ years
2827953,Database Engineer,Mettler Toledo,https://www.profession.hu/allas/database-engineer-mettler-toledo-2827953?sessionId=ed7061b1d89e7c95ce70868e0e3baa03,2026-03-04,2026-03-13,False,Urdorf,,"English: B2, German: B2",Bachelor,,"SQL, Azure DevOps, Git, ERP/MES systems, SAP, MSSQL, ODBC, MS Access",Hybrid,Full-time,1-3 years
2827376,AWS Cloud DevOps Engineer,Total Felhő Informatikai Szolgáltató és Tanácsadó Kft.,https://www.profession.hu/allas/aws-cloud-devops-engineer-total-felho-informatikai-szolgaltato-es-tanacsado-kft-2827376?sessionId=ed7061b1d89e7c95ce70868e0e3baa03,2026-03-04,2026-03-13,False,,,"English: B2, Magyar: Középfok",Középiskola,"Python, Node.js","AWS CLOUD, DOCKER, PYTHON, DEVOPS, NODE.JS, CI/CD-pipeline, IaC kód, K8s, EKS, Lambda",Hybrid,Full-time,0-1 years
2827375,Cloud architect,Total Felhő Informatikai Szolgáltató és Tanácsadó Kft.,https://www.profession.hu/allas/cloud-architect-total-felho-informatikai-szolgaltato-es-tanacsado-kft-2827375?sessionId=ed7061b1d89e7c95ce70868e0e3baa03,2026-03-04,2026-03-13,False,,,,Középiskola,,"AWS, Network",Általános munkarend,Teljes munkaidő,Nem kell tapasztalat
2827370,Cloud Engineer,Total Felhő Informatikai Szolgáltató és Tanácsadó Kft.,https://www.profession.hu/allas/cloud-engineer-total-felho-informatikai-szolgaltato-es-tanacsado-kft-2827370?sessionId=ed7061b1d89e7c95ce70868e0e3baa03,2026-03-04,2026-03-13,False,,,"Magyar: középfok, English: professional",Középiskola,"Python, Node.js","AWS CLOUD, DOCKER, PYTHON, NODE.JS, CI/CD-pipeline, IaC kód (CFN/Terraform), K8s, EKS, Lambda",Általános munkarend,Teljes munkaidő,3-5 év tapasztalat
2822953,Senior frontend developer,W5 Informatikai Kft.,https://www.profession.hu/allas/senior-frontend-developer-w-informatikai-kft-pecs-2822953?sessionId=ed7061b1d89e7c95ce70868e0e3baa03,2026-03-04,2026-03-05,False,Pécs,,English: B1,Bachelor,"TypeScript, CSS, HTML5, JavaScript (Angular, React, Vue)","Webpack, Agile/Scrum",Full-time,Full-time,3-5 years
2827341,Senior Product Designer (UX/UI),Diligent Governance Hungary Kft.,https://www.profession.hu/allas/senior-product-designer-ux-ui-diligent-governance-hungary-kft-2827341?sessionId=ed7061b1d89e7c95ce70868e0e3baa03,2026-03-04,2026-03-13,False,Budapest,,English: B2,Középiskola,,Figma,Hybrid,Full-time,5+ years
2827335,Senior SAP Developer,Accenture Korlátolt Felelősségű Társaság,https://www.profession.hu/allas/senior-sap-developer-accenture-korlatolt-felelossegu-tarsasag-2827335?sessionId=ed7061b1d89e7c95ce70868e0e3baa03,2026-03-04,2026-03-13,False,Budapest,,"English: B2, German: A1",Középiskola,ABAP,"SAP, ACCESS, DEBUGGING",Hybrid,Full-time,5-10 years
2827309,Staff Software Engineer,Diligent Governance Hungary Kft.,https://www.profession.hu/allas/staff-software-engineer-diligent-governance-hungary-kft-2827309?sessionId=ed7061b1d89e7c95ce70868e0e3baa03,2026-03-04,2026-03-07,False,Budapest,,,Bachelor,"TypeScript, Angular","DevOps, CI/CD, Infrastructure-as-code",Hybrid,Full-time,5-10 years
2827307,Flutter Developer,FF Next Technologies Kft.,https://www.profession.hu/allas/flutter-developer-ff-next-technologies-kft-2827307?sessionId=ed7061b1d89e7c95ce70868e0e3baa03,2026-03-04,2026-03-11,False,Budapest,,English: B2,Bachelor,,"ACCESS, JIRA",Hybrid,Full-time,1-3 years
2827297,Business Consultant,Quickborn Consulting Hungary Kft.,https://www.profession.hu/allas/business-consultant-quickborn-consulting-hungary-kft-2827297?sessionId=ed7061b1d89e7c95ce70868e0e3baa03,2026-03-04,2026-03-11,False,,,English: B2,Bachelor,,"Laptop, Mobiltelefon",On-site,Full-time,0-1 years
2827282,Senior UX/UI Designer,FF Next Technologies Kft.,https://www.profession.hu/allas/senior-ux-ui-designer-ff-next-technologies-kft-2827282?sessionId=ed7061b1d89e7c95ce70868e0e3baa03,2026-03-04,2026-03-11,False,Budapest,,English: B2,Középiskola,,"BOOTSTRAP, Figma",Home-Office,Full-time,5+ years
2827253,BIM/ CAD Developer,Innovative Software Solutions Kft.,https://www.profession.hu/allas/bim-cad-developer-innovative-software-solutions-kft-dunakeszi-2827253?sessionId=ed7061b1d89e7c95ce70868e0e3baa03,2026-03-04,2026-03-11,False,,,English: B2,Bachelor,"C#, C++","Autodesk AUTOCAD, API, DevOps, AGILIS CI",Remote,Full-time,1-3 years
2827250,PHP programozó,EVERENGINE Kft.,https://www.profession.hu/allas/php-programozo-everengine-kft-2827250?sessionId=ed7061b1d89e7c95ce70868e0e3baa03,2026-03-04,2026-03-11,False,Budapest,,,Középiskola,PHP,,On-site,Full-time,0-1 years
2822955,Senior backend developer,W5 Informatikai Kft.,https://www.profession.hu/allas/senior-backend-developer-w-informatikai-kft-pecs-2822955?sessionId=ed7061b1d89e7c95ce70868e0e3baa03,2026-03-04,2026-03-05,False,,,English: B2,High School with Diploma,"PHP, MySQL/MariaDB","Laravel, Symfony, Agilis, Clean Code, Scrum, Elasticsearch, Redis, Monitoring/Alerting tools",Remote,Full-time,3-5 years
2827236,Technical Consultant,Quickborn Consulting Hungary Kft.,https://www.profession.hu/allas/technical-consultant-quickborn-consulting-hungary-kft-2827236?sessionId=ed7061b1d89e7c95ce70868e0e3baa03,2026-03-04,2026-03-11,False,Budapest,,English: B2,Főiskola,"Java, SQL, PL/SQL, Pro*C","Windows, Linux, Unix",On-site,Full-time,5+ years
2827232,Project Manager in Energy Infrastructure,Accenture Korlátolt Felelősségű Társaság,https://www.profession.hu/allas/project-manager-in-energy-infrastructure-accenture-korlatolt-felelossegu-tarsasag-2827232?sessionId=ed7061b1d89e7c95ce70868e0e3baa03,2026-03-04,2026-03-11,False,Budapest,,"English: B2, German: B2",Bachelor,,"Primavera, MS Project",Hybrid,Full-time,0-1 years
2827199,Senior Site Reliability Engineer - Infrastructure,N26 GmbH,https://www.profession.hu/allas/senior-site-reliability-engineer-infrastructure-n-gmbh-2827199?sessionId=ed7061b1d89e7c95ce70868e0e3baa03,2026-03-04,2026-03-11,False,Berlin,,English: B2,Bachelor,Go,"Kubernetes, AWS Cloud infrastructure and Services, Linux, Terraform, CD solutions (Argo or similars), Networking experience with Mesh solutions (Istio or similars)",On-site,Full-time,1-3 years
2827182,Senior Consultant Business (f/m/d) Data Strategy & Advisory - Data Architect (f/m/d),SAP SE,https://www.profession.hu/allas/senior-consultant-business-f-m-d-data-strategy-advisory-data-architect-f-m-d-sap-se-2827182?sessionId=ed7061b1d89e7c95ce70868e0e3baa03,2026-03-04,2026-03-11,False,Hamburg,,"German: B2, English: B2",Bachelor,,"SAP Data & Analytics Portfolio (SAP Datasphere, SAP Analytics Cloud, SAP BW), S/4HANA, Business Transformation Knowledge",Hybrid,"Full-time, unbefristet",1-3 years
2827180,Senior Consultant Business (f/m/d) Data Strategy & Advisory - Data Architect (f/m/d),SAP SE,https://www.profession.hu/allas/senior-consultant-business-f-m-d-data-strategy-advisory-data-architect-f-m-d-sap-se-2827180?sessionId=ed7061b1d89e7c95ce70868e0e3baa03,2026-03-04,2026-03-11,False,Hamburg,,"German: B2, English: B2",Bachelor,,"SAP Data & Analytics Portfolio (SAP Datasphere, SAP Analytics Cloud, SAP BW), S/4HANA, Business Transformation Knowledge",Hybrid,"Full-time, unbefristet",1-3 years
2827171,IAM Integration Consultant / Senior Specialist IT Security (m/f/d),ista SE,https://www.profession.hu/allas/iam-integration-consultant-senior-specialist-it-security-m-f-d-ista-se-2827171?sessionId=ed7061b1d89e7c95ce70868e0e3baa03,2026-03-04,2026-03-09,False,Essen,,"English: C2, German: B2",High School with Diploma,,"SailPoint Identity Security Cloud, Keycloak, Microsoft Entra ID, Privileged Access Management (PAM) solutions, SCIM",Hybrid,Full-time,1-3 years
2827167,Senior Data Scientist* in Braunschweig,NEW YORKER,https://www.profession.hu/allas/senior-data-scientist-in-braunschweig-new-yorker-2827167?sessionId=ed7061b1d89e7c95ce70868e0e3baa03,2026-03-04,2026-03-09,False,Németország,,"English: C2, German: C2","Bachelor, Master","Python, SQL, Pandas, Spark, Machine Learning","CI/CD, Testing, Version control, Scikit-learn, Pytorch, Airflow",On-site,Full-time,3-5 years
2827164,Project Lead Embedded Software (m/w/x),ZEISS,https://www.profession.hu/allas/project-lead-embedded-software-m-w-x-zeiss-2827164?sessionId=ed7061b1d89e7c95ce70868e0e3baa03,2026-03-04,2026-03-11,False,Németország,,"English: C1, German: C1",Főiskola,"C/C++, Python","Linux-based real-time operating systems (preferably Zephyr), Micro-controllers and bus systems (CAN, CAN-FD, TLS), CI/CD tool chains (e.g. GitHub, Azure DevOps, Jira)",Általános munkarend,Teljes munkaidő,1-3 év tapasztalat
2827162,Senior SRE - Database Operations,N26 GmbH,https://www.profession.hu/allas/senior-sre-database-operations-n-gmbh-2827162?sessionId=ed7061b1d89e7c95ce70868e0e3baa03,2026-03-04,2026-03-09,False,,,English: B2,Bachelor,Python,"CLOUD, DATABASE SECURITY AWS, POSTGRESQL, DOCKER, BACKUP, ACCESS INCIDENT MANAGEMENT, TROUBLESHOOTING, JENKINS, REST",Hybrid,Full-time,1-3 years
2827160,Product Lead – Core Platform (m/f/d),Secunet Security Networks AG,https://www.profession.hu/allas/product-lead-core-platform-m-f-d-secunet-security-networks-ag-2827160?sessionId=ed7061b1d89e7c95ce70868e0e3baa03,2026-03-04,2026-03-10,False,,,"English: B2, German: B2",Bachelor,,,Remote,Full-time,1-3 years
2827157,Working Student Software Development for Electronic Intelligence (ELINT) Software Systems (m/f/d),Rohde & Schwarz GmbH & Co. KG,https://www.profession.hu/allas/working-student-software-development-for-electronic-intelligence-elint-software-systems-m-f-d-rohde-schwarz-gmbh-co-kg-2827157?sessionId=ed7061b1d89e7c95ce70868e0e3baa03,2026-03-04,2026-03-09,False,Munich,,"English: B2, German: A1",High School with Diploma,"Python, C++","Agile, XML, Qt, RabbitMQ, Protocol Buffers, Wireshark, SCPI, ZeroMQ",On-site,Full-time,1-3 years
2827156,Master Thesis on Reliable Post‑Quantum VPN Tunnels,Rohde & Schwarz GmbH & Co. KG,https://www.profession.hu/allas/master-thesis-on-reliable-post-quantum-vpn-tunnels-rohde-schwarz-gmbh-co-kg-2827156?sessionId=ed7061b1d89e7c95ce70868e0e3baa03,2026-03-04,2026-03-09,False,Stuttgart,,"English: B2, German: Native",Bachelor,,"OpenSSL, Botan",On-site,Full-time,1-3 years
2827153,Senior Digital Solution Advisor (f/m/d) - SAP BTP Business Technology Platform,SAP SE,https://www.profession.hu/allas/senior-digital-solution-advisor-f-m-d-sap-btp-business-technology-platform-sap-se-2827153?sessionId=ed7061b1d89e7c95ce70868e0e3baa03,2026-03-04,2026-03-11,False,Németország,,"English: C2, German: C2","Bachelor's degree in business administration, engineering, computer science, or a related field",,,Full-time,Full-time,1-3 years
2827131,SAP Enterprise Architect (m/f/d),Bruker Physik GmbH,https://www.profession.hu/allas/sap-enterprise-architect-m-f-d-bruker-physik-gmbh-2827131?sessionId=ed7061b1d89e7c95ce70868e0e3baa03,2026-03-04,2026-03-11,False,Ettlingen,,"German: B2, English: B1",Bachelor,,SAP,Hybrid,Full-time,5+ years
2827127,IT Business Consultant Customer Service (m/f/d),Liebherr-IT Services GmbH,https://www.profession.hu/allas/it-business-consultant-customer-service-m-f-d-liebherr-it-services-gmbh-2827127?sessionId=ed7061b1d89e7c95ce70868e0e3baa03,2026-03-04,2026-03-11,False,Oberopfingen,,"English: B2, German: Fluent",Bachelor,,BPMN,Hybrid,Full-time,1-3 years
2827123,"Student for Perception & Scene Understanding, ADAS",Mercedes-Benz AG,https://www.profession.hu/allas/student-for-perception-scene-understanding-adas-mercedes-benz-ag-2827123?sessionId=ed7061b1d89e7c95ce70868e0e3baa03,2026-03-04,2026-03-10,False,Hibrid,,English: C2,Master,Python,,Hybrid,Full-time,1-3 years
2827117,SAP ABAP + Fiori Developer Inhouse (m/f/d),Bruker Physik GmbH,https://www.profession.hu/allas/sap-abap-fiori-developer-inhouse-m-f-d-bruker-physik-gmbh-2827117?sessionId=ed7061b1d89e7c95ce70868e0e3baa03,2026-03-04,2026-03-11,False,Ettlingen,,"English: B2, German: B2",Bachelor,"ABAP, SAP UI5, SAP Fiori","SAP ABAP, SAP Fiori, SAP S/4HANA, SAP Gateway, SAP Cloud Platform",Hybrid,Full-time,3-5 years
2827116,IT Business Consultant Production (m/f/x),Liebherr-IT Services GmbH,https://www.profession.hu/allas/it-business-consultant-production-m-f-x-liebherr-it-services-gmbh-2827116?sessionId=ed7061b1d89e7c95ce70868e0e3baa03,2026-03-04,2026-03-11,False,Oberopfingen,,"English: B2, German: Fluent",Bachelor,,BPMN,Hybrid,Full-time,1-3 years
2827109,"Working student in the field AI Applications, Software Development & Social Intranet of starting from March 2026",Daimler Truck AG,https://www.profession.hu/allas/working-student-in-the-field-ai-applications-software-development-social-intranet-of-starting-from-march-daimler-truck-ag-2827109?sessionId=ed7061b1d89e7c95ce70868e0e3baa03,2026-03-04,2026-03-05,False,Németország,,"English: B2, German: B2",Középiskola,"Python, JavaScript/TypeScript, C#","Microsoft Copilot, NotebookLM, ChatGPT, Microsoft 365, SharePoint",Flexible munkaidő (20 órás hét),Full-time,1-3 years
2827093,Product Manager / Sales Engineer (m/f/x),A3 Soft s.r.o.,https://www.profession.hu/allas/product-manager-sales-engineer-m-f-x-a-soft-s-r-o-2827093?sessionId=ed7061b1d89e7c95ce70868e0e3baa03,2026-03-04,2026-03-11,False,Németország,,English: B2,Bachelor,,TESTING,On-site,Full-time,3-5 years
2826603,Backend Lead,Profidata AG,https://www.profession.hu/allas/backend-lead-profidata-ag-2826603?sessionId=ed7061b1d89e7c95ce70868e0e3baa03,2026-03-04,2026-03-11,False,Zürich,,"English: B2, German: B2",High School with Diploma,"Java, Spring Boot","Docker, Kubernetes, Elasticsearch, Messaging systems",On-site,Full-time,1-3 years
2826276,Manager –Ai Data Architect  Zürich/basel/geneva,Aequor Consulting GmbH,https://www.profession.hu/allas/manager-ai-data-architect-zurich-basel-geneva-aequor-consulting-gmbh-2826276?sessionId=ed7061b1d89e7c95ce70868e0e3baa03,2026-03-04,2026-03-11,False,Zurich/Basel/Geneva,,"English: C2, German: B1, French: B1",Bachelor,"Python, AWS, Azure, DevOps, SQL, NoSQL","Terraform, SonarQube, DBT, Informatica",On-site,Full-time,3-5 years
2825980,Csv Manager,Teoxane SA,https://www.profession.hu/allas/csv-manager-teoxane-sa-2825980?sessionId=ed7061b1d89e7c95ce70868e0e3baa03,2026-03-04,2026-03-08,False,Switzerland,,"English: B2, French: B2",Bachelor,,,On-site,Full-time,5+ years
2825848,Software Engineer Summer Intern,ARM Hungary Kft.,https://www.profession.hu/allas/software-engineer-summer-intern-arm-hungary-kft-2825848?sessionId=ed7061b1d89e7c95ce70868e0e3baa03,2026-03-04,2026-03-10,False,Budapest,,English: B1,Bachelor,"C, Python, Bash, Rust","Virtualization, LLVM, JIT compilers and Runtime",Hybrid,Full-time,
2825804,"Python fejlesztő (Python, Django)",Innovative Software Solutions Kft.,https://www.profession.hu/allas/python-fejleszto-python-django-innovative-software-solutions-kft-dunakeszi-2825804?sessionId=ed7061b1d89e7c95ce70868e0e3baa03,2026-03-04,2026-03-09,False,,,English: B2,High School with Diploma,"Python, C","PostgreSQL, MSSQL, Entity Framework, Laravel, DevOps, Frontend (React), Agile CI",Remote,Full-time,1-3 years
2825800,Senior GCP Data Engineer,Accenture Korlátolt Felelősségű Társaság,https://www.profession.hu/allas/senior-gcp-data-engineer-accenture-korlatolt-felelossegu-tarsasag-2825800?sessionId=ed7061b1d89e7c95ce70868e0e3baa03,2026-03-04,2026-03-09,False,Budapest,,English: B2+,"Bachelor’s or Master’s degree in Computer Science, Engineering, or a related technical field","Python, SQL","Git, Terraform, BigQuery, Dataflow, Pub/Sub, Dataproc, Composer, Cloud Storage, AWS Glue, Redshift, EMR, Azure ADF, Synapse, Databricks, Tableau, Power BI, Docker, Kubernetes",Hybrid,Full-time,5+ years
2825742,Solution Architect,Mammut Sports Group AG,https://www.profession.hu/allas/solution-architect-mammut-sports-group-ag-2825742?sessionId=ed7061b1d89e7c95ce70868e0e3baa03,2026-03-04,2026-03-09,False,Svájc,,"English: C1, Német: B2",Bachelor,,"Testing Middleware, API, Dynamics, Access, Scrum, Project Management, Confluence, Jira, Agile, BI, Enterprise Architecture, Power BI, Regression Testing, PMP",Hybrid,Full-time,5-10 years
2825727,Senior Product Manager - Onboarding & KYC,N26 GmbH,https://www.profession.hu/allas/senior-product-manager-onboarding-kyc-n-gmbh-2825727?sessionId=ed7061b1d89e7c95ce70868e0e3baa03,2026-03-04,2026-03-09,False,,,English: B2,Bachelor,,"ACCESS, AGILE, SQL, DATABASES, REST",Hybrid,Full-time,5+ years
2825718,NIS2 Integration Expert (f/m/d),SAP SE,https://www.profession.hu/allas/nis-integration-expert-f-m-d-sap-se-2825718?sessionId=ed7061b1d89e7c95ce70868e0e3baa03,2026-03-04,2026-03-09,False,Németország,,"English: C2, German: C1",Bachelor,,"AZURE SECURITY, ISO, SAP CLOUD, AWS ACCESS",On-site,Full-time,3-5 years
2825711,Field Applications Engineer (FAE) - Central Europe,GigaDevice Semiconductor Germany GmbH,https://www.profession.hu/allas/field-applications-engineer-fae-central-europe-gigadevice-semiconductor-germany-gmbh-2825711?sessionId=ed7061b1d89e7c95ce70868e0e3baa03,2026-03-04,2026-03-05,False,Munich,,"English: B2, German: Intermediate","Bachelor's or Master's degree in Electrical Engineering, Computer Engineering, or a related technical field",C/C++,"RTOS, Embedded system debugging tools",On-site,Full-time,1-3 years
2825699,Senior Product Manager Adaptation & Resilience (m/f/d)*,Munich Re Service GmbH,https://www.profession.hu/allas/senior-product-manager-adaptation-resilience-m-f-d-munich-re-service-gmbh-2825699?sessionId=ed7061b1d89e7c95ce70868e0e3baa03,2026-03-04,2026-03-09,False,"Munich, Germany",,English: B2,Bachelor,Python,"SaaS platform, Geospatial data and climate risk modelling",Hybrid,Full-time,5+ years
2825683,"Systems Development Engineer, Managed Operations",Amazon Workforce Staffing,https://www.profession.hu/allas/systems-development-engineer-managed-operations-amazon-workforce-staffing-2825683?sessionId=ed7061b1d89e7c95ce70868e0e3baa03,2026-03-04,2026-03-09,False,Németország,,English: B2,Egyetem,"Java, Python, Ruby","AWS, JAVA, PYTHON, RUBY, HARDWARE, LINUX, SECURITY, ANSIBLE, CLOUD",On-site,Full-time,1-3 years
2825651,Senior AI & Data Architect (f/m/x),BMW Group,https://www.profession.hu/allas/senior-ai-data-architect-f-m-x-bmw-group-2825651?sessionId=ed7061b1d89e7c95ce70868e0e3baa03,2026-03-04,2026-03-09,False,Németország,,"English: B2, German: B2",Egyetem,,,Full-time,Unlimited,5+ years
2825642,BI & Analytics Engineer (all genders),Schleich GmbH,https://www.profession.hu/allas/bi-analytics-engineer-all-genders-schleich-gmbh-2825642?sessionId=ed7061b1d89e7c95ce70868e0e3baa03,2026-03-04,2026-03-09,False,Munich,,"English: C2, German: B2",Bachelor,,"Power BI, Azure Data Factory / Microsoft Fabric, SSAS (Tabular/Multidimensional cubes)",Hybrid,Full-time,1-3 years
2825547,Cyber Threat Intelligence Analyst (f/m/div.) (Salary: ~118.000 EUR p.a.*),Bosch Gruppe,https://www.profession.hu/allas/cyber-threat-intelligence-analyst-f-m-div-salary-eur-p-a-bosch-gruppe-2825547?sessionId=ed7061b1d89e7c95ce70868e0e3baa03,2026-03-04,2026-03-09,False,Stuttgart,,"English: B2, German: Native",Bachelor,Python,"GIT, DOCKER, REST APIs",Hybrid,Full-time,1-3 years
2825520,Senior AI & Data Platform Engineer (f/m/x),BMW Group,https://www.profession.hu/allas/senior-ai-data-platform-engineer-f-m-x-bmw-group-2825520?sessionId=ed7061b1d89e7c95ce70868e0e3baa03,2026-03-04,2026-03-09,False,Munich,,"English: B2, German: Advantageous","Bachelor, Master","Python, Java","AWS, Azure, Machine Learning, API Security, Cloud, Docker, Kubernetes, Terraform, CI/CD, Automation, Infrastructure as code",Full-time,Full-time,3-5 years
2825466,Research Software Engineer / HIFIS Consultant,Deutsches Krebsforschungszentrum DKFZ,https://www.profession.hu/allas/research-software-engineer-hifis-consultant-deutsches-krebsforschungszentrum-dkfz-2825466?sessionId=ed7061b1d89e7c95ce70868e0e3baa03,2026-03-04,2026-03-04,False,Hibrid,,"English: B2, German: Advantage or willingness to acquire",Master,"Python, C++","TESTING, GIT, PYTHON, C++, PROJECT MANAGEMENT",Hybrid,Full-time,1-3 years
2825248,Lead Data Scientist  | 100% | Hybrid Working Model | Zurich Switzerland,SMG Swiss Marketplace Group,https://www.profession.hu/allas/lead-data-scientist-hybrid-working-model-zurich-switzerland-smg-swiss-marketplace-group-2825248?sessionId=ed7061b1d89e7c95ce70868e0e3baa03,2026-03-04,2026-03-09,False,,,English: B2,Bachelor,"Python, SQL","ACCESS, WINDOWS, AGILE",Hybrid,Full-time,5+ years
2824694,Software Engineer,Anansi Solutions SA,https://www.profession.hu/allas/software-engineer-anansi-solutions-sa-2824694?sessionId=ed7061b1d89e7c95ce70868e0e3baa03,2026-03-04,2026-03-08,False,,,"English: B2, French: Intermediate, German: Intermediate",Master,"C#, Python, TypeScript / React / Angular, HTML, CSS","Git, Bash, Powershell, Terraform, Kubernetes",Hybrid (2-3 days remote per week),Full-time,1-3 years
2824673,Salesforce Developer,Accenture Korlátolt Felelősségű Társaság,https://www.profession.hu/allas/salesforce-developer-accenture-korlatolt-felelossegu-tarsasag-2824673?sessionId=ed7061b1d89e7c95ce70868e0e3baa03,2026-03-04,2026-03-09,False,Budapest,,English: B2,Középiskola,"Java, C#, HTML, JavaScript, CSS, SQL","Salesforce, .NET, Git, REST, SOAP, Platform Events, Middleware",Hybrid,Full-time,3-5 years
2824645,Senior Scrum Master – Cloud Solutions területre,Mint Consulting Kft.,https://www.profession.hu/allas/senior-scrum-master-cloud-solutions-teruletre-mint-consulting-kft-2824645?sessionId=ed7061b1d89e7c95ce70868e0e3baa03,2026-03-04,2026-03-04,False,Budapest,,"English: B1, Hungarian: B1",Secondary education with diploma,,"AGILE, AGILIS, AZURE, DEVOPS, SCRUM, CLOUD, AWS, PMI, KANBAN",Hybrid,Full-time,3-5 years
2824477,Business Analyst Industrial Insurance,HDI Global,https://www.profession.hu/allas/business-analyst-industrial-insurance-hdi-global-2824477?sessionId=ed7061b1d89e7c95ce70868e0e3baa03,2026-03-04,2026-03-08,False,,,English: C1,Bachelor,,,Remote,Full-time,1-3 years
2824473,Postdoc Bioinformatics / Research Software Engineer (f/m/x),Deutsches Zentrum für Neurodegenerative Erkrankungen e.V. (DZNE),https://www.profession.hu/allas/postdoc-bioinformatics-research-software-engineer-f-m-x-deutsches-zentrum-fur-neurodegenerative-erkrankungen-e-v-dzne-2824473?sessionId=ed7061b1d89e7c95ce70868e0e3baa03,2026-03-04,2026-03-08,False,Munich,,"English: B2, German: High proficiency",Master,"Python, R","Bioinformatics workflows, Single-cell RNA sequencing, Single-cell ATAC sequencing data analysis, Bulk epigenomic data analysis (WGBS, RRBS, ChIP-seq, CUT&Tag), IT infrastructure maintenance and planning",Full-time,Full-time,1-3 years
2824449,SAP Project Manager (m/f/d),Agile Robots SE,https://www.profession.hu/allas/sap-project-manager-m-f-d-agile-robots-se-2824449?sessionId=ed7061b1d89e7c95ce70868e0e3baa03,2026-03-04,2026-03-08,False,Munich,,"German: C1, English: B2","Bachelor's or master's degree in information technology, business, or a related field",,"SAP Project Management certification (e.g., SAP Activate)",On-site,Full-time,5+ years
2824445,Software Engineer / Developer (m/f/d) Python,Nanoscribe GmbH & Co. KG,https://www.profession.hu/allas/software-engineer-developer-m-f-d-python-nanoscribe-gmbh-co-kg-2824445?sessionId=ed7061b1d89e7c95ce70868e0e3baa03,2026-03-04,2026-03-08,False,,,English: B2,Bachelor,Python,"Hardware, LINUX, NETWORK, CI, CLEAN CODE",On-site with home office,Full-time,1-3 years
2824338,Lead Data Science  | 100% | Hybrid Working Model | Zurich Switzerland,SMG Swiss Marketplace Group,https://www.profession.hu/allas/lead-data-science-hybrid-working-model-zurich-switzerland-smg-swiss-marketplace-group-2824338?sessionId=ed7061b1d89e7c95ce70868e0e3baa03,2026-03-04,2026-03-08,False,,,English: B2,Bachelor,"Python, SQL","ACCESS, AGILE, NETWORK, WINDOWS, MACHINE LEARNING",Hybrid,Full-time,5+ years
2824336,Senior Frontend Engineer,MF Group AG,https://www.profession.hu/allas/senior-frontend-engineer-mf-group-ag-2824336?sessionId=ed7061b1d89e7c95ce70868e0e3baa03,2026-03-04,2026-03-08,False,Chiasso,,"English: B2, Italian: B2",High School with Diploma,"React, TypeScript, JavaScript, CSS","Vitest, React Testing Library, Playwright",Hybrid,Full-time,5+ years
2824229,Data & Application Specialist  80%,SLSP Swiss Library Service Platform AG,https://www.profession.hu/allas/data-application-specialist-slsp-swiss-library-service-platform-ag-2824229?sessionId=ed7061b1d89e7c95ce70868e0e3baa03,2026-03-04,2026-03-05,False,Zürich,,English: B2,Bachelor,,"JIRA, Alma, XSLT, KBART, SUSHI, COUNTER",Hybrid,Full-time,1-3 years
2824119,Business Process System Engineer 80 - 100 %,Hamilton Bonaduz AG,https://www.profession.hu/allas/business-process-system-engineer-hamilton-bonaduz-ag-2824119?sessionId=ed7061b1d89e7c95ce70868e0e3baa03,2026-03-04,2026-03-08,False,Svájc,,"English: B2, Német: B2",Bachelor,,SAP S/4HANA,On-site,Full-time,1-3 years
2823948,Senior Software Engineer 80 - 100 %,Hamilton Bonaduz AG,https://www.profession.hu/allas/senior-software-engineer-hamilton-bonaduz-ag-2823948?sessionId=ed7061b1d89e7c95ce70868e0e3baa03,2026-03-04,2026-03-08,False,Bonaduz,,"English: B2, German: B2",Bachelor,"Python, JavaScript, Angular, C#/.NET","Scrum, AI-assisted tools and methods",Full-time,Full-time,1-3 years
2823904,Embedded Test Engineer - Tech Lead,ARM Hungary Kft.,https://www.profession.hu/allas/embedded-test-engineer-tech-lead-arm-hungary-kft-2823904?sessionId=ed7061b1d89e7c95ce70868e0e3baa03,2026-03-04,2026-03-08,False,Budapest,,,Középiskola,"C, Python",GitLab,Hybrid,Full-time,5+ years
2823899,Principal Engineer (.Net and AWS),Diligent Governance Hungary Kft.,https://www.profession.hu/allas/principal-engineer-net-and-aws-diligent-governance-hungary-kft-2823899?sessionId=ed7061b1d89e7c95ce70868e0e3baa03,2026-03-04,2026-03-07,False,Budapest,,,Bachelor,"NodeJS, TypeScript","AWS, API, ANGULAR, REACT, DOCKER, SQL DATABASES, AGILE",Hybrid,Full-time,5+ years
2823879,Senior Python Engineer,Accenture Korlátolt Felelősségű Társaság,https://www.profession.hu/allas/senior-python-engineer-accenture-korlatolt-felelossegu-tarsasag-2823879?sessionId=ed7061b1d89e7c95ce70868e0e3baa03,2026-03-04,2026-03-07,False,Budapest,,,Középiskola,Python,"Flask, Django, RESTful APIs, Microservices, SQL, NoSQL, APIs, Frontend Development, DevOps, Security, Docker",Hybrid,Full-time,5+ years
2823871,Senior QA Automation Engineer,High Tech Engineering Center Kft.,https://www.profession.hu/allas/senior-qa-automation-engineer-high-tech-engineering-center-kft-budapest-2823871?sessionId=ed7061b1d89e7c95ce70868e0e3baa03,2026-03-04,2026-03-07,False,Budapest,,English: B2,Középiskola,"C, JAVA, Selenium, POSTMAN, GIT, CUCUMBER, JIRA, DOCKER, PYTHON, JAVASCRIPT, JUNIT, INTELLIJ, HTML, CSS, VIRTUALIZATION, CYRESS, MAVEN, JMETER, JENKINS, SVN","Maven, JUnit, TestNG, Postman, JMeter, IntelliJ IDE, Git, SVN, JIRA",Full-time,Full-time,5+ years
2822777,Product Marketing Manager (gn) - ESN,The Quality Group GmbH,https://www.profession.hu/allas/product-marketing-manager-gn-esn-the-quality-group-gmbh-2822777?sessionId=ed7061b1d89e7c95ce70868e0e3baa03,2026-03-04,2026-03-05,False,,,"English: B2, German: Fluent",Bachelor,,AGILE,Remote with monthly on-site days,Full-time,3-5 years
2822768,Account Executive (m|f|d) - Voith Digital Solutions - DACH,Voith GmbH & Co. KGaA,https://www.profession.hu/allas/account-executive-m-f-d-voith-digital-solutions-dach-voith-gmbh-co-kgaa-2822768?sessionId=ed7061b1d89e7c95ce70868e0e3baa03,2026-03-04,2026-03-07,False,Germany or Austria,,"Fluent German and English, both written and spoken","Bachelor's or Master's degree in Industrial Engineering, Business Administration with a focus on Sales or Marketing, Business Informatics, Digital Business, or a related field with strong links to technology and industrial environments",,CRM,,Full-time,1-3 years
2823754,"Specialist, Innovation & Emerging Tech (m/f/d)",Belden Deutschland GmbH,https://www.profession.hu/allas/specialist-innovation-emerging-tech-m-f-d-belden-deutschland-gmbh-2823754?sessionId=ed7061b1d89e7c95ce70868e0e3baa03,2026-03-04,2026-03-07,False,Neckartenzlingen,,"English: B2, German: Beneficial","Master's in Computer Science, Electrical/Electronic Engineering, or a related discipline",,,On-site,Full-time,1-3 years
2823622,Webfejlesztő/ programozó,Csaba Kalocsányi,https://www.profession.hu/allas/webfejleszto-programozo-csaba-kalocsanyi-nyiregyhaza-2823622?sessionId=ed7061b1d89e7c95ce70868e0e3baa03,2026-03-04,2026-03-07,False,Nyíregyháza,,English: B1,Bachelor,"HTML, CSS, JavaScript, JQuery, Bootstrap, Grid / Flex, PHP, Twig, .NET5+, Angular 2+","Wordpress, Shoprenter, Unas",On-site,Full-time,1-3 years
2823548,Ux Researcher  | 80-100% | Hybrid Working Model | Zurich Switzerland,SMG Swiss Marketplace Group,https://www.profession.hu/allas/ux-researcher-hybrid-working-model-zurich-switzerland-smg-swiss-marketplace-group-2823548?sessionId=ed7061b1d89e7c95ce70868e0e3baa03,2026-03-04,2026-03-07,False,,,"English: B2, German: Native Speaker, French: Native Speaker",Bachelor,,"R, SPSS",Hybrid,Full-time,1-3 years
2823041,C#.net fejlesztő - Távoli munkavégzés,OZEKI Informatikai Kft.,https://www.profession.hu/allas/c-net-fejleszto-tavoli-munkavegzes-ozeki-informatikai-kft-2823041?sessionId=ed7061b1d89e7c95ce70868e0e3baa03,2026-03-04,2026-03-07,False,,,English: B1,Bachelor,"Java, .net",,Home-Office,Full-time,Pályakezdő/friss diplomás
2823039,C#.net fejlesztő - Távoli munkavégzés,OZEKI Informatikai Kft.,https://www.profession.hu/allas/c-net-fejleszto-tavoli-munkavegzes-ozeki-informatikai-kft-2823039?sessionId=ed7061b1d89e7c95ce70868e0e3baa03,2026-03-04,2026-03-07,False,,,English: B1,Bachelor,"C#, Java",,Home-Office,Full-time,Pályakezdő/friss diplomás
2823030,Medior Mobile Software Engineer,Digital Natives Szolgáltató Zrt.,https://www.profession.hu/allas/medior-mobile-software-engineer-digital-natives-szolgaltato-zrt-2823030?sessionId=ed7061b1d89e7c95ce70868e0e3baa03,2026-03-04,2026-03-07,False,,,"English: B1, Hungarian: Native",Secondary School,"React, iOS, Android, Access, Agile Testing, HTML5, CSS, Clean Code, Scrum",,Remote,Full-time,1-3 years
2823006,Robotics Engineer – Digital Twin & Simulation,High Tech Engineering Center Kft.,https://www.profession.hu/allas/robotics-engineer-digital-twin-simulation-high-tech-engineering-center-kft-budapest-2823006?sessionId=ed7061b1d89e7c95ce70868e0e3baa03,2026-03-04,2026-03-05,False,Budapest,,,"Bachelor's or Master's degree in Robotics, Computer Science, Mechanical Engineering, or a related field","Python, C++","NVIDIA Omniverse, Isaac Sim, Isaac Lab, OpenUSD, ROS2, Pytorch, TensorFlow, Keras",,Full-time,3-5 years
2822989,"Rendszerparaméterező, riport-és szövegszerkesztő",Multilogic Tanácsadó és Informatikai Kft.,https://www.profession.hu/allas/rendszerparameterezo-riport-es-szovegszerkeszto-multilogic-tanacsado-es-informatikai-kft-2822989?sessionId=ed7061b1d89e7c95ce70868e0e3baa03,2026-03-04,2026-03-05,False,Budapest,,,Főiskola,,Microsoft Office magas szintű ismerete,On-site,Full-time,0-1 years
2822972,Medior Software Engineer,Digital Natives Szolgáltató Zrt.,https://www.profession.hu/allas/medior-software-engineer-digital-natives-szolgaltato-zrt-2822972?sessionId=ed7061b1d89e7c95ce70868e0e3baa03,2026-03-04,2026-03-05,False,,,English: B1,Középiskola,"React, TypeScript","Agile, Clean Code, OO programming, SOLID principles, Unit Testing, Integration Testing, TDD, HTML5, CSS, Git",Remote,Full-time,1-3 years
2822957,GIS Consultant,Accenture Korlátolt Felelősségű Társaság,https://www.profession.hu/allas/gis-consultant-accenture-korlatolt-felelossegu-tarsasag-2822957?sessionId=ed7061b1d89e7c95ce70868e0e3baa03,2026-03-04,2026-03-05,False,Budapest,,"English: B2, German: B2",Középiskola,,"ARCGIS, AGILE, SCRUM, JIRA, CONFLUENCE",Hybrid,Full-time,0-1 years
2822954,Identity management developer,CDSYS Nyrt.,https://www.profession.hu/allas/identity-management-developer-cdsys-nyrt-2822954?sessionId=ed7061b1d89e7c95ce70868e0e3baa03,2026-03-04,2026-03-05,False,Budapest,,English: B2,Középiskola,"Java, SQL, REST, ANGULAR, ORACLE C","Visual Basic, IDM rendszerek (OneIdentity, Oracle)",Hybrid,Full-time,3-5 years
2822893,Senior Product Manager,The Stepstone Group GmbH,https://www.profession.hu/allas/senior-product-manager-the-stepstone-group-gmbh-2822893?sessionId=ed7061b1d89e7c95ce70868e0e3baa03,2026-03-04,2026-03-05,False,Hibrid,,German: Business fluent,Középiskola,,AGILE,Hybrid,Full-time,1-3 years
2822891,Lead Product Manager,The Stepstone Group GmbH,https://www.profession.hu/allas/lead-product-manager-the-stepstone-group-gmbh-2822891?sessionId=ed7061b1d89e7c95ce70868e0e3baa03,2026-03-04,2026-03-05,False,Hibrid,,German: Business fluent,Középiskola,,AGILE,Hybrid,Full-time,1-3 years
2822886,System Engineer (m/f/d) Defence,FERCHAU – Connecting People and Technologies,https://www.profession.hu/allas/system-engineer-m-f-d-defence-ferchau-connecting-people-and-technologies-2822886?sessionId=ed7061b1d89e7c95ce70868e0e3baa03,2026-03-04,2026-03-05,False,Manching,,English: B2,Bachelor,,"DOORS, MATLAB/Simulink, SCADE, SysML/UML, Jira, Confluence",Hybrid,Full-time,1-3 years
2822883,Embedded / Middleware Software Developer (m/f/d),FERCHAU – Connecting People and Technologies,https://www.profession.hu/allas/embedded-middleware-software-developer-m-f-d-ferchau-connecting-people-and-technologies-2822883?sessionId=ed7061b1d89e7c95ce70868e0e3baa03,2026-03-04,2026-03-05,False,Garching bei München,,English: B1,Bachelor,"C, C++, ADA","VxWorks, Tiger Lab",On-site with home office,Full-time,1-3 years
2822882,Software Developer (m/f/d) Simulation Helicopter / UAV,FERCHAU – Connecting People and Technologies,https://www.profession.hu/allas/software-developer-m-f-d-simulation-helicopter-uav-ferchau-connecting-people-and-technologies-2822882?sessionId=ed7061b1d89e7c95ce70868e0e3baa03,2026-03-04,2026-03-05,False,Donauwörth,,English: B1,Bachelor,"C, C++, Qt",Real Time Operating Systems (RTOS),Hybrid,Full-time,1-3 years
2822773,Quality Management System (QMS) Manager (m/f/x),ZEISS,https://www.profession.hu/allas/quality-management-system-qms-manager-m-f-x-zeiss-2822773?sessionId=ed7061b1d89e7c95ce70868e0e3baa03,2026-03-04,2026-03-05,False,Németország,,"English: B2, German: Advantage",Master,,"SAP, BPMN 2.0",On-site,Full-time,3-5 years
2822314,IT business analyst,NRGmap Kft.,https://www.profession.hu/allas/it-business-analyst-nrgmap-kft-budapest-2822314?sessionId=ed7061b1d89e7c95ce70868e0e3baa03,2026-03-04,2026-03-05,False,Budapest,,English: B2,Bachelor,,"Jira, Confluence, Sharepoint, Visio, Draw.io, Figma",Hybrid,Full-time,3-5 years
2822017,Szoftverfejlesztő gyakornok,AgileXpert Szoftverfejlesztő és Tanácsadó Kft.,https://www.profession.hu/allas/szoftverfejleszto-gyakornok-agilexpert-szoftverfejleszto-es-tanacsado-kft-2822017?sessionId=ed7061b1d89e7c95ce70868e0e3baa03,2026-03-04,2026-03-05,False,Budapest,,English: B1,Bachelor,,"BACKEND, FRONTEND, AGILIS",Hybrid,Half-time,0-1 years
2822016,Backend Engineer (NodeJS),Supercharge Kft.,https://www.profession.hu/allas/backend-engineer-nodejs-supercharge-kft-2822016?sessionId=ed7061b1d89e7c95ce70868e0e3baa03,2026-03-04,2026-03-04,False,Budapest,,English: B2,Középiskola,"NodeJS, JavaScript, Python, PowerShell","Docker, SQL databases (PostgreSQL preferred), AWS, Google Cloud, OpenAI, Tailscale, CI/CD pipelines",Full-time,Full-time,3-5 years
2822015,Senior Backend Developer,Drótposta Consulting Informatikai Tanácsadó Kft.,https://www.profession.hu/allas/senior-backend-developer-drotposta-consulting-informatikai-tanacsado-kft-2822015?sessionId=ed7061b1d89e7c95ce70868e0e3baa03,2026-03-04,2026-03-05,False,,,,Középiskola,"Java, Spring Framework, Spring Boot, Spring Data, REST APIs, JSON","Git, IntelliJ IDEA, Windsurf or other AI assistants, Jenkins, Cucumber + Gherkin",Hybrid,Full-time,0-1 years
2822007,AI Inference Engineer,High Tech Engineering Center Kft.,https://www.profession.hu/allas/ai-inference-engineer-high-tech-engineering-center-kft-budapest-2822007?sessionId=ed7061b1d89e7c95ce70868e0e3baa03,2026-03-04,2026-03-05,False,Budapest,,,"Bachelor’s degree in Computer Science, Engineering, Mathematics, or related discipline","C, C++, Python","Linux, OpenCL, CUDA, Triton Inference Server, DeepSpeed Inference, vLLM, PyTorch, TensorFlow, ONNX Runtime, TVM, IREE, XLA, Gloo, MPI",Full-time,Full-time,3-5 years
2821995,Medior szoftverfejlesztő,AgileXpert Szoftverfejlesztő és Tanácsadó Kft.,https://www.profession.hu/allas/medior-szoftverfejleszto-agilexpert-szoftverfejleszto-es-tanacsado-kft-2821995?sessionId=ed7061b1d89e7c95ce70868e0e3baa03,2026-03-04,2026-03-05,False,Budapest,,"English: B1, German: Upper-Intermediate",Secondary education with diploma,"Java, OOP languages, SQL","Agilis, Continuous Integration tools",Hybrid,Full-time,3-5 years
2821990,Junior szoftverfejlesztő,AgileXpert Szoftverfejlesztő és Tanácsadó Kft.,https://www.profession.hu/allas/junior-szoftverfejleszto-agilexpert-szoftverfejleszto-es-tanacsado-kft-2821990?sessionId=ed7061b1d89e7c95ce70868e0e3baa03,2026-03-04,2026-03-05,False,Budapest,,English: B1,Secondary School with Diploma,"Java, SQL, Agile",Continuous Integration tools,Hybrid,Full-time,1-3 years
2821987,JAVA developer,OZEKI Informatikai Kft.,https://www.profession.hu/allas/java-developer-ozeki-informatikai-kft-debrecen-2821987?sessionId=ed7061b1d89e7c95ce70868e0e3baa03,2026-03-04,2026-03-05,False,Debrecen,,,Főiskola,"JAVA, C++",LINUX,Hybrid,Full-time,
2821982,(Senior) Data Scientist,DATAPAO Kft.,https://www.profession.hu/allas/senior-data-scientist-datapao-kft-2821982?sessionId=ed7061b1d89e7c95ce70868e0e3baa03,2026-03-04,2026-03-05,False,Budapest,,English: B2,Középiskola,"Python, Java (Spark)","Git, Clean Code Principles, OO Programming, Databricks, Azure, AWS, Machine Learning Frameworks/Libraries, Data Visualization Tools/Libraries",Hybrid,Full-time,3-5 years
2821981,Senior QA Automation Engineer,Drótposta Consulting Informatikai Tanácsadó Kft.,https://www.profession.hu/allas/senior-qa-automation-engineer-drotposta-consulting-informatikai-tanacsado-kft-2821981?sessionId=ed7061b1d89e7c95ce70868e0e3baa03,2026-03-04,2026-03-05,False,,,,Középiskola,Java,"Spring Framework, Cucumber, Gherkin, Git, REST API testing, Postman, SQL, IntelliJ IDEA, Docker, AWS",Hybrid,Full-time,
2821975,Senior Pega Developer,Accenture Korlátolt Felelősségű Társaság,https://www.profession.hu/allas/senior-pega-developer-accenture-korlatolt-felelossegu-tarsasag-2821975?sessionId=ed7061b1d89e7c95ce70868e0e3baa03,2026-03-04,2026-03-05,False,Budapest,,"English: B2+, German: A1",Középiskola,,"CLOUD, API, SQL, XML, UML, DEVOPS, ACCESS, AGILE, REST",Hybrid,Full-time,1-3 years
2821972,Product consultant,OZEKI Informatikai Kft.,https://www.profession.hu/allas/product-consultant-ozeki-informatikai-kft-debrecen-2821972?sessionId=ed7061b1d89e7c95ce70868e0e3baa03,2026-03-04,2026-03-05,False,Debrecen,,English: B2,Bachelor,,,On-site,Full-time,
2821966,Product consultant,OZEKI Informatikai Kft.,https://www.profession.hu/allas/product-consultant-ozeki-informatikai-kft-debrecen-2821966?sessionId=ed7061b1d89e7c95ce70868e0e3baa03,2026-03-04,2026-03-05,False,Debrecen,,English: B2,Bachelor,,,On-site,Full-time,
2821949,Junior online technikai marketinges,OZEKI Informatikai Kft.,https://www.profession.hu/allas/junior-online-technikai-marketinges-ozeki-informatikai-kft-debrecen-2821949?sessionId=ed7061b1d89e7c95ce70868e0e3baa03,2026-03-04,2026-03-05,False,Debrecen,,English: B2,"Bachelor, Master",,,On-site,Full-time,0-1 years
2821948,Solution Designer,OZEKI Informatikai Kft.,https://www.profession.hu/allas/solution-designer-ozeki-informatikai-kft-debrecen-2821948?sessionId=ed7061b1d89e7c95ce70868e0e3baa03,2026-03-04,2026-03-05,False,Debrecen,,English: B2,Bachelor,,,On-site,Full-time,0-1 years
2821946,Lead Backend Engineer,Supercharge Kft.,https://www.profession.hu/allas/lead-backend-engineer-supercharge-kft-2821946?sessionId=ed7061b1d89e7c95ce70868e0e3baa03,2026-03-04,2026-03-04,False,Budapest,,,Középiskola,"Java, Kotlin, Spring Boot, .NET, Python","CI/CD pipelines, cloud-native development, AI-assisted development tools",Hybrid,Full-time,3-5 years
2821932,Szenior szoftverfejlesztő,AgileXpert Szoftverfejlesztő és Tanácsadó Kft.,https://www.profession.hu/allas/szenior-szoftverfejleszto-agilexpert-szoftverfejleszto-es-tanacsado-kft-2821932?sessionId=ed7061b1d89e7c95ce70868e0e3baa03,2026-03-04,2026-03-05,False,Budapest,,English: B2,Bachelor,"Java, SQL, Agile",Continuous Integration tools,Hybrid,Full-time,5-10 years
2821929,AWS Cloud Engineering Manager,SnapSoft Informatikai és Szolgáltató Kft.,https://www.profession.hu/allas/aws-cloud-engineering-manager-snapsoft-informatikai-es-szolgaltato-kft-2821929?sessionId=ed7061b1d89e7c95ce70868e0e3baa03,2026-03-04,2026-03-04,False,Budapest,,English: B2,Bachelor,"Node.js, AWS CloudFormation, Terraform, Ansible, Docker, Kubernetes/EKS","AWS CLOUD, AZURE API, ANSIBLE, DOCKER, DNS, VPN, SECURITY, ACCESS, BITBUCKET, MacOS",Home-Office,Full-time,5+ years
2821907,Sovereign Cloud Expert DevOps Engineer (f/m/d) - SAP SuccessFactors (HCM),SAP SE,https://www.profession.hu/allas/sovereign-cloud-expert-devops-engineer-f-m-d-sap-successfactors-hcm-sap-se-2821907?sessionId=ed7061b1d89e7c95ce70868e0e3baa03,2026-03-04,2026-03-05,False,Németország,,English: B2,Bachelor,"Python, PowerShell","AWS CLOUD, DOCKER, PYTHON, DEVOPS, POWERSHELL, SAP SECURITY, ANSIBLE, API, DATABASE @SAP, SERVICE MANAGEMENT, JENKINS",,Full-time,1-3 years
2821893,Product Manager and Product Owner - Hardware (m/f/d),Utimaco GmbH,https://www.profession.hu/allas/product-manager-and-product-owner-hardware-m-f-d-utimaco-gmbh-2821893?sessionId=ed7061b1d89e7c95ce70868e0e3baa03,2026-03-04,2026-03-05,False,Németország,,English: B2,Középiskola,,HARDWARE R SECURITY,Általános munkarend,Teljes munkaidő,1-3 év tapasztalat
2821886,Senior Consultant (f/m/d) Sales & Service Cloud,SAP SE,https://www.profession.hu/allas/senior-consultant-f-m-d-sales-service-cloud-sap-se-2821886?sessionId=ed7061b1d89e7c95ce70868e0e3baa03,2026-03-04,2026-03-05,False,,,"English: B2, German: Advantageous",Bachelor,"Python, ABAP, JavaScript","SAP CPQ, SAP Field Service Management, Solution Order Management in SAP S/4HANA, SAP Sales and Service Cloud solutions",Remote,Full-time,5+ years
2821884,Senior Cloud Security Engineer (Data Security),N26 GmbH,https://www.profession.hu/allas/senior-cloud-security-engineer-data-security-n-gmbh-2821884?sessionId=ed7061b1d89e7c95ce70868e0e3baa03,2026-03-04,2026-03-05,False,Berlin,,English: B2,Master,"Python, Bash","AWS, LINUX, TESTING, AGILE, DATABASES, BASH, CHANGE MANAGEMENT, PROJECT MANAGEMENT",Hybrid,Full-time,1-3 years
2821869,Lead Workday Specialist,N26 GmbH,https://www.profession.hu/allas/lead-workday-specialist-n-gmbh-2821869?sessionId=ed7061b1d89e7c95ce70868e0e3baa03,2026-03-04,2026-03-05,False,Berlin,,English: B2,Bachelor,,"Workday, Greenhouse, Jira",Home-Office,Full-time,5+ years
2821842,Senior Expert IT Service Excellence Energy Networks (f/m/d),E.ON,https://www.profession.hu/allas/senior-expert-it-service-excellence-energy-networks-f-m-d-e-on-2821842?sessionId=ed7061b1d89e7c95ce70868e0e3baa03,2026-03-04,2026-03-05,False,,,"English: C2, German: C2",Bachelor,,"ACCESS, SECURITY, CLOUD, PROJECT MANAGEMENT, AGILE, ITIL",Remote,Full-time,3-5 years
2821818,Application Security Engineer (m/f/x),Liebherr-IT Services GmbH,https://www.profession.hu/allas/application-security-engineer-m-f-x-liebherr-it-services-gmbh-2821818?sessionId=ed7061b1d89e7c95ce70868e0e3baa03,2026-03-04,2026-03-05,False,Oberopfingen,,"English: B2, German: B2, French: B2","Bachelor's/Master's in Cybersecurity, Computer Science, or related field",,"CLOUD SECURITY, AWS, AZURE, ISO TESTING",Hybrid,Full-time,3-5 years
2821309,Ux Researcher  | 80-100% | Hybrid Working Model | Zurich Switzerland,SMG Swiss Marketplace Group,https://www.profession.hu/allas/ux-researcher-hybrid-working-model-zurich-switzerland-smg-swiss-marketplace-group-2821309?sessionId=ed7061b1d89e7c95ce70868e0e3baa03,2026-03-04,2026-03-05,False,,,"English: B2, German: Native speaker level, French: Native speaker level, Italian: Native speaker level",Bachelor,,"R, SPSS",Hybrid,Full-time,1-3 years
2847371,Mesterséges intelligencia szakértő,MVM Next Energiakereskedelmi Zrt.,https://www.profession.hu/allas/mesterseges-intelligencia-szakerto-mvm-next-energiakereskedelmi-zrt-budapest-2847371?sessionId=ed7061b1d89e7c95ce70868e0e3baa03,2026-03-05,2026-03-25,True,Budapest,,,Bachelor,"Python, SQL",,On-site,Full-time,3-5 years
2847315,Low code fejlesztő,Raiffeisen Software GmbH Magyarországi Fióktelepe,https://www.profession.hu/allas/low-code-fejleszto-raiffeisen-software-gmbh-magyarorszagi-fioktelepe-budapest-2847315?sessionId=ed7061b1d89e7c95ce70868e0e3baa03,2026-03-05,2026-03-25,True,Budapest,,"Magyar: Magyarlanc, English: B2",Középiskola,"JavaScript, SQL",Appian,Hybrid,Full-time,3-5 years
2845317,IT integrációs szakértő,Innomine Group Kft.,https://www.profession.hu/allas/it-integracios-szakerto-innomine-group-kft-budapest-2845317?sessionId=ed7061b1d89e7c95ce70868e0e3baa03,2026-03-05,2026-03-25,True,Budapest,,"Magyar, Angol szakmai nyelvhasználat",Egyetem,,"API, DEVOPS, ISO, REST, AGILE, SCRUM, Laptop",,Full-time,3-5 years
2847118,Junior Information Security Consultant,RSM Hungary Könyvvizsgáló Zrt.,https://www.profession.hu/allas/junior-information-security-consultant-rsm-hungary-konyvvizsgalo-zrt-budapest-2847118?sessionId=ed7061b1d89e7c95ce70868e0e3baa03,2026-03-05,2026-03-25,True,Budapest,,English: B1,Bachelor,,"Excel, ISO 27001, NIS2",On-site,Full-time,Pályakezdő/friss diplomás
2847002,SENIOR CRM ELEMZŐ - RETAIL ÜZLETÁG,Raiffeisen Bank Zrt.,https://www.profession.hu/allas/senior-crm-elemzo-retail-uzletag-raiffeisen-bank-zrt-budapest-2847002?sessionId=ed7061b1d89e7c95ce70868e0e3baa03,2026-03-05,2026-03-25,True,Budapest,,English: B2,Bachelor,PL SQL,"Oracle, SQL, Salesforce, Databricks",On-site,Full-time,1-3 years
2846994,"IT tesztmérnök - Lexholding ZRt,",Lexholding ZRt.,https://www.profession.hu/allas/it-tesztmernok-lexholding-zrt-lexholding-zrt-budapest-2846994?sessionId=ed7061b1d89e7c95ce70868e0e3baa03,2026-03-05,2026-03-25,True,Budapest,,"English: B2, German: C1",Bachelor,"Java, C/C++, Ruby, Python, Perl, XML, SQL","GIT, Jmeter, SoapUI, Ranorex, Robotframework, Rapise, UIPath, Selenium",Home-Office,Full-time,1-3 years
2846966,Product manager,LoxTrade Kft.,https://www.profession.hu/allas/product-manager-loxtrade-kft-budapest-2846966?sessionId=ed7061b1d89e7c95ce70868e0e3baa03,2026-03-05,2026-03-23,False,Budapest,,English: B2,Középiskola,"HTML, JavaScript, PHP","Laptop, Headset",Full-time,Full-time,1-3 years
2846955,Bi fejlesztő,PROFESSION SERVICES,https://www.profession.hu/allas/bi-fejleszto-profession-services-budapest-2846955/pro?sessionId=ed7061b1d89e7c95ce70868e0e3baa03,2026-03-05,2026-03-25,True,Budapest,450000 Ft/year + fixed 13th month salary,English: B2,Bachelor,"SQL, Python, Power BI, Azure, AWS","BI platform, Agile development framework (Scrum)",Hybrid,Full-time,5-10 years
2846948,Integration Lead - SAP BTP Integration Suite,Xylem Water Solutions Ltd,https://www.profession.hu/allas/integration-lead-sap-btp-integration-suite-xylem-water-solutions-ltd-2846948?sessionId=ed7061b1d89e7c95ce70868e0e3baa03,2026-03-05,2026-03-25,True,Budapest,,English: B2,Bachelor,"SQL, ABAP, XML, XSLT, JSON","SAP BTP Integration Suite, SAP Cloud Platform Integration (CPI), IBM App Connect, MuleSoft, Neuron ESB",,Full-time,5+ years
2846926,Senior Manuális Tesztelő,PROFESSION SERVICES,https://www.profession.hu/allas/senior-manualis-tesztelo-profession-services-budapest-2846926/pro?sessionId=ed7061b1d89e7c95ce70868e0e3baa03,2026-03-05,2026-03-25,True,Budapest,,German: B2,Bachelor,,Laptop,Hybrid,Full-time,5-10 years
2846919,Senior java fejlesztő,PROFESSION SERVICES,https://www.profession.hu/allas/senior-java-fejleszto-profession-services-budapest-2846919/pro?sessionId=ed7061b1d89e7c95ce70868e0e3baa03,2026-03-05,2026-03-25,True,Budapest,,"English: B2, German: B2",Bachelor,"Java, Spring Boot, Quarkus, SQL","Hibernate, Junit, Scrum, Agilis, Backend, Clean Code",Hybrid,Full-time,5-10 years
2845889,Executive Project Manager,Porsche L.S. Kft.,https://www.profession.hu/allas/executive-project-manager-porsche-l-s-kft-budapest-2845889?sessionId=ed7061b1d89e7c95ce70868e0e3baa03,2026-03-05,2026-03-25,True,Budapest,,"English: C2, Hungarian: B2","Bachelor, Master",,Power BI,Home-Office,Full-time,3-5 years
2847380,Medior Fullstack Fejlesztő,LVCD Entertainment,https://www.profession.hu/allas/medior-fullstack-fejleszto-lvcd-entertainment-budapest-2847380?sessionId=ed7061b1d89e7c95ce70868e0e3baa03,2026-03-05,2026-03-25,True,Budapest,,English: B2,Bachelor,"JavaScript, HTML5, CSS3, React, Vue.js, Node.js","API, BACKEND, CMS, FRONTEND, JSON, GIT, CLEAN CODE, AGILIS SCRUM, REST",Hybrid,Full-time,3-5 years
2847071,Informatikai projektkoordinátor (informatikai és hírközlési referens),BECK AND PARTNERS Kft.,https://www.profession.hu/allas/informatikai-projektkoordinator-informatikai-es-hirkozlesi-referens-beck-and-partners-kft-budapest-2847071?sessionId=ed7061b1d89e7c95ce70868e0e3baa03,2026-03-05,2026-03-25,True,Budapest,,English: A2,Bachelor,,,Full-time,Full-time,1-3 years
2846975,Java szoftverfejlesztő gyakornok,Fürge Diák Iskolaszövetkezet,https://www.profession.hu/allas/java-szoftverfejleszto-gyakornok-furge-diak-iskolaszovetkezet-budapest-2846975?sessionId=ed7061b1d89e7c95ce70868e0e3baa03,2026-03-05,2026-03-25,True,Budapest,,English: B1,Bachelor,"Java, JavaScript",Laptop,Hybrid,Half-time,
2846922,projektportfólió menedzsment szakértő,MVM Informatika Zrt.,https://www.profession.hu/allas/projektportfolio-menedzsment-szakerto-mvm-informatika-zrt-2846922?sessionId=ed7061b1d89e7c95ce70868e0e3baa03,2026-03-05,2026-03-22,False,Budapest,,English: B2,Bachelor,,,On-site,Full-time,5+ years
2846841,SAP rendszertámogató gyakornok,Fürge Diák Iskolaszövetkezet,https://www.profession.hu/allas/sap-rendszertamogato-gyakornok-furge-diak-iskolaszovetkezet-budapest-2846841?sessionId=ed7061b1d89e7c95ce70868e0e3baa03,2026-03-05,2026-03-25,True,Budapest,,English: B1,Bachelor,,"SAP, SQL, Laptop",Hybrid,Half-time,
2842186,életbiztosítási termékmenedzser,K&H Biztosító Zártkörűen Működő Részvénytársaság,https://www.profession.hu/allas/eletbiztositasi-termekmenedzser-k-h-biztosito-zartkoruen-mukodo-reszvenytarsasag-budapest-2842186?sessionId=ed7061b1d89e7c95ce70868e0e3baa03,2026-03-05,2026-03-25,True,Budapest,,"English: C2, Hungarian: C2",Bachelor,,"Word, Excel",On-site,Full-time,1-3 years
2847682,Senior Site Reliability Engineering - Database Operations,N26 GmbH,https://www.profession.hu/allas/senior-site-reliability-engineering-database-operations-n-gmbh-2847682?sessionId=ed7061b1d89e7c95ce70868e0e3baa03,2026-03-05,2026-03-09,False,,,English: B1,,Python,"Jenkins, AWS, Docker, PostgreSQL, REST, CloudFormation, Terraform, GitHub Actions, ArgoCD, DataDog, Prometheus, Grafana, OpenTelemetry",Hybrid,Full-time,3-5 years
2847633,Senior AI Model Developer (f/m/x),BMW Group,https://www.profession.hu/allas/senior-ai-model-developer-f-m-x-bmw-group-2847633?sessionId=ed7061b1d89e7c95ce70868e0e3baa03,2026-03-05,2026-03-25,True,Munich,,"English: B2, German: Intermediate",Bachelor,Python,"Agile methodologies, Machine learning methods (e.g., deep learning, time series, NLP, multimodal models)",Full-time,Full-time,5+ years
2847618,"Senior/Expert Platform Engineer (f/m/d) for Cloud Orchestrator (Go, Kubernetes, Operator Pattern)",SAP SE,https://www.profession.hu/allas/senior-expert-platform-engineer-f-m-d-for-cloud-orchestrator-go-kubernetes-operator-pattern-sap-se-2847618?sessionId=ed7061b1d89e7c95ce70868e0e3baa03,2026-03-05,2026-03-05,False,Germany,,English: B2,Bachelor,,"Kubernetes, Go, Crossplane",On-site with home office,Full-time,1-3 years
2847606, (Senior) Solution Advisor (f/m/d) - Focus on Asset and Service Management (Operate & Service),SAP SE,https://www.profession.hu/allas/senior-solution-advisor-f-m-d-focus-on-asset-and-service-management-operate-service-sap-se-2847606?sessionId=ed7061b1d89e7c95ce70868e0e3baa03,2026-03-05,2026-03-17,False,Hibrid,,"German: C1, English: B2",Középiskola,,"SAP EAM, SAP APM, SAP Service and Asset Manager, SAP Dynamic Forms",Hybrid,"Full-time, unbefristet",3-5 years
2847599,Associate Engineering Manager,N26 GmbH,https://www.profession.hu/allas/associate-engineering-manager-n-gmbh-2847599?sessionId=ed7061b1d89e7c95ce70868e0e3baa03,2026-03-05,2026-03-25,True,Berlin,,English: B2,Bachelor,,"ACCESS, AGILE",Hybrid,Full-time,3-5 years
2847594,Senior UX Researcher,N26 GmbH,https://www.profession.hu/allas/senior-ux-researcher-n-gmbh-2847594?sessionId=ed7061b1d89e7c95ce70868e0e3baa03,2026-03-05,2026-03-25,True,Berlin,,"English: B2, German: C1 or Native",Bachelor,,,Hybrid,Full-time,5+ years
2847584,Intern (m/f/d) International Data & Processes,Dr. August Oetker Nahrungsmittel KG,https://www.profession.hu/allas/intern-m-f-d-international-data-processes-dr-august-oetker-nahrungsmittel-kg-2847584?sessionId=ed7061b1d89e7c95ce70868e0e3baa03,2026-03-05,2026-03-11,False,Germany,,"English: B2, German: B2",Bachelor,,"Microsoft Office PowerPoint, BPMN, Excel",On-site,Short-term,1-3 years
2847571,Solution Advisor Expert (f/m/d) - Focus on Asset and Service Management (Operate & Service),SAP SE,https://www.profession.hu/allas/solution-advisor-expert-f-m-d-focus-on-asset-and-service-management-operate-service-sap-se-2847571?sessionId=ed7061b1d89e7c95ce70868e0e3baa03,2026-03-05,2026-03-17,False,Németország,,"German: Full working proficiency, English: Business English",Középiskola,,"SAP C, SAP CLOUD NETWORK, SAP CLOUD, SAP CLOUD PLATFORM, SAP EAM, SAP APM, SAP Service and Asset Manager, SAP Dynamic Forms",Full-time,"Full-time, unbefristet",5+ years
2847566,Salesforce Developer (m/f/d),CLARK Holding SE,https://www.profession.hu/allas/salesforce-developer-m-f-d-clark-holding-se-2847566?sessionId=ed7061b1d89e7c95ce70868e0e3baa03,2026-03-05,2026-03-25,True,,,English: B2,Bachelor,"JavaScript, Apex, LWC, Aura, Visualforce pages","Salesforce customizations, Configurations, Flows, Apex Data Loader, Workbench, Visual Studio Code, Experience with integration of the Salesforce system with 3rd Party applications, Strong understanding of REST/SOAP APIs, Hands-on experience working in a CI/CD-driven development and deployment environment",On-site with home office,Full-time,5+ years
2847559,Director - Product Operations (m/f/d),EGYM SE,https://www.profession.hu/allas/director-product-operations-m-f-d-egym-se-2847559?sessionId=ed7061b1d89e7c95ce70868e0e3baa03,2026-03-05,2026-03-25,True,Munich,,"English: B2, German: A1",Bachelor,,"Lean software engineering principles, Change management, Project management, Portfolio management",Hybrid,Full-time,5+ years
2847555,Senior Backend Engineer,Circonomit GmbH,https://www.profession.hu/allas/senior-backend-engineer-circonomit-gmbh-2847555?sessionId=ed7061b1d89e7c95ce70868e0e3baa03,2026-03-05,2026-03-25,True,Cologne,,"English: C1, German: C1",Bachelor,"TypeScript, SQL","Solid.js, Tantstack Start",On-site,Full-time,5+ years
2847528,IT Systems and Solution Architect* – R&D,AiCuris Anti-infective Cures AG,https://www.profession.hu/allas/it-systems-and-solution-architect-r-d-aicuris-anti-infective-cures-ag-2847528?sessionId=ed7061b1d89e7c95ce70868e0e3baa03,2026-03-05,2026-03-25,True,Németország,,"English: B2, German: Fluent","University degree in Computer Science, Bioinformatics or a similar field; an MBA or relevant certifications (e.g., TOGAF, Azure Solutions Architect) are preferred",,R SECURITY AZURE DATABASE SQL NOSQL API CLOUD PROJECT MANAGEMENT,On-site,Full-time,1-3 years
2847521,Senior Product Owner - Digital Transformation,Sasol Germany GmbH,https://www.profession.hu/allas/senior-product-owner-digital-transformation-sasol-germany-gmbh-2847521?sessionId=ed7061b1d89e7c95ce70868e0e3baa03,2026-03-05,2026-03-25,True,Hamburg,,English: B2,"Bachelor's or Master's degree in Business Management, Industrial Engineering, Mechanical Engineering, Chemistry, or a related discipline within the chemicals value chain",,"ACCESS, AGILE, SCRUM",Hybrid,Full-time,5+ years
2847513,IT Systems and Solution Architect* – Comm. and Finance,AiCuris Anti-infective Cures AG,https://www.profession.hu/allas/it-systems-and-solution-architect-comm-and-finance-aicuris-anti-infective-cures-ag-2847513?sessionId=ed7061b1d89e7c95ce70868e0e3baa03,2026-03-05,2026-03-25,True,Németország,,"English: C2, German: B2","University degree in Business Informatics, Computer Science, or a related field",,"CRM ERP DYNAMICS, SECURITY AZURE CLOUD API BI SQL DATABASE PROJECT MANAGEMENT GDPR POWER BI",Általános munkarend,Teljes munkaidő,1-3 years
2847490,CORE Banking Specialist / Business Analyst on OLYMPIC (f/m/d),UniCredit International Bank (Luxembourg) SA,https://www.profession.hu/allas/core-banking-specialist-business-analyst-on-olympic-f-m-d-unicredit-international-bank-luxembourg-sa-2847490?sessionId=ed7061b1d89e7c95ce70868e0e3baa03,2026-03-05,2026-03-25,True,Luxembourg city,,"English: C2, German: B2, French: B2, Italian: B2",Bachelor,"SQL, RPG, COBOL","Olympic core banking system, iSeries (CMDs, CLs)",Hybrid,Full-time,3-5 years
2847445,Cybersecurity Manager,Leidos,https://www.profession.hu/allas/cybersecurity-manager-leidos-2847445?sessionId=ed7061b1d89e7c95ce70868e0e3baa03,2026-03-05,2026-03-09,False,,,,Bachelor,,eMASS,Remote,Full-time,5-10 years
2847115,Working Student - AI Platform Engineering,Corealis Consulting AG,https://www.profession.hu/allas/working-student-ai-platform-engineering-corealis-consulting-ag-2847115?sessionId=ed7061b1d89e7c95ce70868e0e3baa03,2026-03-05,2026-03-25,True,Zürich,,"German: Fluent, English: Fluent",Bachelor,Python,"APIs and authentication flows, Modern AI/LLM tooling, DevOps, Containers",,Full-time,0-1 years
2847112,Software Developer,Academic Work Switzerland SA,https://www.profession.hu/allas/software-developer-academic-work-switzerland-sa-2847112?sessionId=ed7061b1d89e7c95ce70868e0e3baa03,2026-03-05,2026-03-13,False,Zurich,,English: B2,High School with Diploma,"PHP, Laravel","AGILE, MySQL",On-site,Full-time,1-3 years
2847111,Doctoral Candidate in computer vision and machine learning for developing novel deep learning methods for plant and animal species identification from,Universität Zürich,https://www.profession.hu/allas/doctoral-candidate-in-computer-vision-and-machine-learning-for-developing-novel-deep-learning-methods-for-plant-and-animal-species-identification-from-universit-t-zurich-2847111?sessionId=ed7061b1d89e7c95ce70868e0e3baa03,2026-03-05,2026-03-25,True,,,English: B2,Master,Python,"CVPR, ICCV, ECCV, ICLR, NeurIPS, Remote Sensing of Environment, ISPRS Journal, Nature Sustainability",,Full-time,1-3 years
2847100,Senior Frontend Developer – Angular,Ärztekasse Genossenschaft,https://www.profession.hu/allas/senior-frontend-developer-angular-rztekasse-genossenschaft-2847100?sessionId=ed7061b1d89e7c95ce70868e0e3baa03,2026-03-05,2026-03-25,True,Urdorf,,English: B2,Bachelor,"TypeScript, JavaScript (ES6+)","Angular CLI, Nx, Git, Cypress, Playwright",Hybrid,Full-time,5+ years
2847098,ERP Specialist,Teoxane SA,https://www.profession.hu/allas/erp-specialist-teoxane-sa-2847098?sessionId=ed7061b1d89e7c95ce70868e0e3baa03,2026-03-05,2026-03-25,True,Svájc,,"French: C1, English: B2",Főiskola,,"ERP TESTING, DATABASES, SAP, SQL",Általános munkarend,Teljes munkaidő,3-5 év tapasztalat
2847097,Backend .Net Software Engineer  100%,CAISSE DES MEDECINS,https://www.profession.hu/allas/backend-net-software-engineer-caisse-des-medecins-2847097?sessionId=ed7061b1d89e7c95ce70868e0e3baa03,2026-03-05,2026-03-25,True,Hibrid • 1226 Thônex,,"English: B2, French: C1",Bachelor,"C#, VB","Entity Framework, SQL (Postgre, SQL Server, Sybase), Kubernetes",Hybrid,Full-time,5+ years
2847094,Business Analytics Partner,Bavarian Nordic Berna GmbH,https://www.profession.hu/allas/business-analytics-partner-bavarian-nordic-berna-gmbh-2847094?sessionId=ed7061b1d89e7c95ce70868e0e3baa03,2026-03-05,2026-03-09,False,Thörishaus,,English: B2,Bachelor,Power BI,"Power BI, Analytics, BI, NETWORK",Hybrid,Full-time,1-3 years
2847029,C# .net fejlesztő,EXA-SOFT Kft.,https://www.profession.hu/allas/c-net-fejleszto-exa-soft-kft-kaposvar-2847029?sessionId=ed7061b1d89e7c95ce70868e0e3baa03,2026-03-05,2026-03-25,True,Kaposvár,,,Középiskola,"C#, .NET",MSSQL,On-site,Full-time,3-5 years
2823917,Associate,"McKinsey & Company, Inc.Hungary Magyarországi Fióktelepe",https://www.profession.hu/allas/associate-mckinsey-company-inc-hungary-magyarorszagi-fioktelepe-2823917?sessionId=ed7061b1d89e7c95ce70868e0e3baa03,2026-03-05,2026-03-08,False,,,"English: B2, Local office language(s): B1",Master,,,On-site with home office,Full-time,0-1 years
2841076,Principal Software Developer,Oracle Global Services Hungary Kft.,https://www.profession.hu/allas/principal-software-developer-oracle-global-services-hungary-kft-2841076?sessionId=ed7061b1d89e7c95ce70868e0e3baa03,2026-03-05,2026-03-05,False,,,English: B2,Bachelor,"Python, Ruby, Java","JIRA CLOUD, ORACLE, ANSIBLE, Terraform, OpenSearch, Grafana, Jenkins, Chef, GitOps, Oracle Cloud Infrastructure, Tower/AWX, Service Desk, JIRA",,Full-time,5+ years
2832857,Site Reliability Developer,Oracle Global Services Hungary Kft.,https://www.profession.hu/allas/site-reliability-developer-oracle-global-services-hungary-kft-2832857?sessionId=ed7061b1d89e7c95ce70868e0e3baa03,2026-03-05,2026-03-05,False,,,,Középiskola,,,Általános munkarend,Teljes munkaidő,Nem kell tapasztalat
2839199,Software Engineer - Forward Deployed Engineer,"McKinsey & Company, Inc.Hungary Magyarországi Fióktelepe",https://www.profession.hu/allas/software-engineer-forward-deployed-engineer-mckinsey-company-inc-hungary-magyarorszagi-fioktelepe-2839199?sessionId=ed7061b1d89e7c95ce70868e0e3baa03,2026-03-05,2026-03-25,True,Budapest,,,Középiskola,"Python, React, NextJS","DATABASES, CLOUD, SQL, REACT, PYTHON, DEBUGGING, POSTGRESQL, AWS",Általános munkarend,Teljes munkaidő,5+ years
2821937,Senior Frontend Engineer,NVIDIA Hungary Kft.,https://www.profession.hu/allas/senior-frontend-engineer-nvidia-hungary-kft-2821937?sessionId=ed7061b1d89e7c95ce70868e0e3baa03,2026-03-05,2026-03-05,False,Budapest,,English: B2,Bachelor,"Python, JavaScript (React, Angular, Vue), API (REST, gRPC, OpenAPI, GraphAPI)","AWS, MongoDB, Docker, Apache Kafka, Figma",On-site,Full-time,5+ years
2846800,Elemző,Hévízi Szent András Reumakórház és Gyógyfürdő,https://www.profession.hu/allas/elemzo-hevizi-szent-andras-reumakorhaz-es-gyogyfurdo-heviz-2846800?sessionId=ed7061b1d89e7c95ce70868e0e3baa03,2026-03-05,2026-03-25,True,Hévíz,,Min. egy idegen nyelv társalgási szintű ismerete,"Felső középfokú szakképesítés, emelt szintű szakképesítés, szakképesítés-ráépülés, felsőfokú szakirányú szakképzettség",,"Hostware, Salesline, Medworks",Full-time,Full-time,1-3 years
2824656,"Software Engineer - QuantumBlack, AI by McKinsey","McKinsey & Company, Inc.Hungary Magyarországi Fióktelepe",https://www.profession.hu/allas/software-engineer-quantumblack-ai-by-mckinsey-mckinsey-company-inc-hungary-magyarorszagi-fioktelepe-2824656?sessionId=ed7061b1d89e7c95ce70868e0e3baa03,2026-03-05,2026-03-08,False,Budapest,,English: B2,Bachelor,"Python, React, Angular, Vue, Node.js, Java/Spring, C#, .NET, SQL, NoSQL, Docker","AWS, Azure, Agile, CI/CD, LLM frameworks, Prompt orchestration, Agent frameworks, MCPs, Evaluation frameworks",Full-time,Full-time,1-3 years
2823891,Business Analyst,"McKinsey & Company, Inc.Hungary Magyarországi Fióktelepe",https://www.profession.hu/allas/business-analyst-mckinsey-company-inc-hungary-magyarorszagi-fioktelepe-2823891?sessionId=ed7061b1d89e7c95ce70868e0e3baa03,2026-03-05,2026-03-07,False,Budapest,,English: B2,Bachelor,,,On-site,Full-time,1-3 years
2846792,"Senior Software Developer, AI Networking",NVIDIA Hungary Kft.,https://www.profession.hu/allas/senior-software-developer-ai-networking-nvidia-hungary-kft-2846792?sessionId=ed7061b1d89e7c95ce70868e0e3baa03,2026-03-05,2026-03-23,False,,"292,500 PLN - 650,000 PLN",,Bachelor,"C++, C, Rust","Linux, Network",,Full-time,5+ years
2823909,Business Analyst Intern,"McKinsey & Company, Inc.Hungary Magyarországi Fióktelepe",https://www.profession.hu/allas/business-analyst-intern-mckinsey-company-inc-hungary-magyarorszagi-fioktelepe-2823909?sessionId=ed7061b1d89e7c95ce70868e0e3baa03,2026-03-05,2026-03-08,False,Budapest,,"English: B2, Local office language(s): B1",Bachelor,,,On-site,Short-term,
2841048,Software Engineer – Hardware Dataflow,NVIDIA Hungary Kft.,https://www.profession.hu/allas/software-engineer-hardware-dataflow-nvidia-hungary-kft-2841048?sessionId=ed7061b1d89e7c95ce70868e0e3baa03,2026-03-05,2026-03-20,False,,,,MSc or higher degree in CS/EE/CE/Mathematics or equivalent experience,C++,"Haskell, MLIR, PyTorch",,Full-time,1-3 years
2827278,Software Engineering Manager - HPC CUDA Processing Libraries,NVIDIA Hungary Kft.,https://www.profession.hu/allas/software-engineering-manager-hpc-cuda-processing-libraries-nvidia-hungary-kft-2827278?sessionId=ed7061b1d89e7c95ce70868e0e3baa03,2026-03-05,2026-03-11,False,,"345,000 PLN - 598,000 PLN",,"Bachelor, Master","C++, Python",TESTING PYTHON C++,Full-time,Full-time,3-5 years
2823898,Senior Consultant,"McKinsey & Company, Inc.Hungary Magyarországi Fióktelepe",https://www.profession.hu/allas/senior-consultant-mckinsey-company-inc-hungary-magyarorszagi-fioktelepe-2823898?sessionId=ed7061b1d89e7c95ce70868e0e3baa03,2026-03-05,2026-03-07,False,Budapest,,"English: B2, Hungarian: Native or equivalent","Bachelor's or master's degree in business, economics or engineering with strong academic record",,,Hybrid working with flexibility to travel,Full-time,3-5 years
2846786,Technical Project Manager,DATAPAO Kft.,https://www.profession.hu/allas/technical-project-manager-datapao-kft-2846786?sessionId=ed7061b1d89e7c95ce70868e0e3baa03,2026-03-05,2026-03-25,True,Budapest,,English: B2,Középiskola,,"Agile, Scrum, PMP, CRM (e.g., SFDC, Productive, Asana, Google Sheets, and Slides)",Hybrid,Full-time,3-5 years
2823896,Software Engineer II - Orchestro,"McKinsey & Company, Inc.Hungary Magyarországi Fióktelepe",https://www.profession.hu/allas/software-engineer-ii-orchestro-mckinsey-company-inc-hungary-magyarorszagi-fioktelepe-2823896?sessionId=ed7061b1d89e7c95ce70868e0e3baa03,2026-03-05,2026-03-07,False,Budapest,,English: B2,Középiskola,"Node.js, React","CLOUD, TESTING, DOCKER, SECURITY",On-site,Full-time,1-3 years
2827289,Senior Libraries Engineer – AI and HPC,NVIDIA Hungary Kft.,https://www.profession.hu/allas/senior-libraries-engineer-ai-and-hpc-nvidia-hungary-kft-2827289?sessionId=ed7061b1d89e7c95ce70868e0e3baa03,2026-03-05,2026-03-11,False,,"221,250 PLN - 383,500 PLN for Level 3, and 292,500 PLN - 507,000 PLN for Level 4",,"PhD, MSc’s degree","C, C++, Python",JIRA,On-site,Full-time,5+ years
2823875,Senior Software Engineer - Orchestro,"McKinsey & Company, Inc.Hungary Magyarországi Fióktelepe",https://www.profession.hu/allas/senior-software-engineer-orchestro-mckinsey-company-inc-hungary-magyarorszagi-fioktelepe-2823875?sessionId=ed7061b1d89e7c95ce70868e0e3baa03,2026-03-05,2026-03-07,False,Budapest,,English: B2,Középiskola,"TypeScript, JavaScript, Node.js, React","SECURITY, NODE.JS, API TESTING, JAVASCRIPT, REACT",Általános munkarend,Teljes munkaidő,5+ years
2823897,Consultant,"McKinsey & Company, Inc.Hungary Magyarországi Fióktelepe",https://www.profession.hu/allas/consultant-mckinsey-company-inc-hungary-magyarorszagi-fioktelepe-2823897?sessionId=ed7061b1d89e7c95ce70868e0e3baa03,2026-03-05,2026-03-07,False,Budapest,,English: B2,Bachelor,,,On-site,Full-time,1-3 years
2823906,Data Engineer,"McKinsey & Company, Inc.Hungary Magyarországi Fióktelepe",https://www.profession.hu/allas/data-engineer-mckinsey-company-inc-hungary-magyarorszagi-fioktelepe-2823906?sessionId=ed7061b1d89e7c95ce70868e0e3baa03,2026-03-05,2026-03-08,False,Budapest,,English: B2,Bachelor,,"MACHINE LEARNING, SECURITY, CLOUD, ANALYTICS, DEVOPS, AGILE, POWERPOINT, EXCEL",Full-time,Full-time,1-3 years
2839197,Data Scientist - Forward Deployed Engineer,"McKinsey & Company, Inc.Hungary Magyarországi Fióktelepe",https://www.profession.hu/allas/data-scientist-forward-deployed-engineer-mckinsey-company-inc-hungary-magyarorszagi-fioktelepe-2839197?sessionId=ed7061b1d89e7c95ce70868e0e3baa03,2026-03-05,2026-03-14,False,Budapest,,,Középiskola,Python,"Git, AWS, Azure, Cloud environments (AWS, Azure, GCP)",Általános munkarend,Teljes munkaidő,3-5 év tapasztalat
2846778,Senior Software Engineer in Test,Diligent Governance Hungary Kft.,https://www.profession.hu/allas/senior-software-engineer-in-test-diligent-governance-hungary-kft-2846778?sessionId=ed7061b1d89e7c95ce70868e0e3baa03,2026-03-05,2026-03-23,False,Budapest,,,Középiskola,,"TESTING API TEST AUTOMATION, .C., ACCESS, DOCKER, AGILE, REGRESSION TESTING, CI",Hybrid,Full-time,5+ years
2846777,"Associate, Data Engineer",BlackRock Hungary Kft.,https://www.profession.hu/allas/associate-data-engineer-blackrock-hungary-kft-2846777?sessionId=ed7061b1d89e7c95ce70868e0e3baa03,2026-03-05,2026-03-14,False,Budapest,,,Bachelor,"SQL, Python","TESTING ANALYTICS, SQL, PYTHON, AZURE, API, ACCESS, NETWORK",Hybrid,Full-time,3-5 years
2842062,Intern as AI Engineer - part time for student,Oracle Global Services Hungary Kft.,https://www.profession.hu/allas/intern-as-ai-engineer-part-time-for-student-oracle-global-services-hungary-kft-2842062?sessionId=ed7061b1d89e7c95ce70868e0e3baa03,2026-03-05,2026-03-08,False,,,,Bachelor,"HTML, CSS, JS, Java, SQL",,Hybrid,Half-time,0-1 years
2829435,"Senior Software Engineer - QuantumBlack, AI by McKinsey","McKinsey & Company, Inc.Hungary Magyarországi Fióktelepe",https://www.profession.hu/allas/senior-software-engineer-quantumblack-ai-by-mckinsey-mckinsey-company-inc-hungary-magyarorszagi-fioktelepe-2829435?sessionId=ed7061b1d89e7c95ce70868e0e3baa03,2026-03-05,2026-03-14,False,Budapest,,English: B2,"Bachelor's, Master’s or PhD degree in computer science, machine learning, applied statistics, mathematics, engineering or artificial intelligence","Python, Node.js, Java/Spring, C#, .NET, TypeScript, React, Angular, Vue, Tailwind","Docker, AWS, SQL, NoSQL, vector databases, ETL, LLM frameworks, prompt orchestration, agent frameworks, MCPs, evaluation frameworks, Azure, CI/CD, Agile methodologies",Full-time,Full-time,5+ years
2846776,Java Engineer – Football Squad,Hawk-Eye Innovations Ltd.,https://www.profession.hu/allas/java-engineer-football-squad-hawk-eye-innovations-ltd-2846776?sessionId=ed7061b1d89e7c95ce70868e0e3baa03,2026-03-05,2026-03-22,False,Budapest,,,Középiskola,Java,"Spring Boot, AWS (ECS, Lambda, S3, DynamoDB), Agile methodologies, Observability tools (Datadog, Prometheus, OpenTelemetry), CI/CD pipelines and automation (GitHub Actions, Terraform), Containerization and orchestration (Docker, Kubernetes)",Hybrid,Full-time,0-1 years
2827247,Formal Verification Engineer - New College Graduate,NVIDIA Hungary Kft.,https://www.profession.hu/allas/formal-verification-engineer-new-college-graduate-nvidia-hungary-kft-2827247?sessionId=ed7061b1d89e7c95ce70868e0e3baa03,2026-03-05,2026-03-11,False,Budapest,,,"Bachelor, Master, PhD","C, Perl, Python",Jasper,On-site,Full-time,Pályakezdő/friss diplomás
2839214,Data Engineer - Forward Deployed Engineer,"McKinsey & Company, Inc.Hungary Magyarországi Fióktelepe",https://www.profession.hu/allas/data-engineer-forward-deployed-engineer-mckinsey-company-inc-hungary-magyarorszagi-fioktelepe-2839214?sessionId=ed7061b1d89e7c95ce70868e0e3baa03,2026-03-05,2026-03-14,False,Budapest,,,Középiskola,Python,"AWS, Docker, GitHub Action CICD pipelines, Neo4j, Kedro framework",Általános munkarend,Teljes munkaidő,3-5 év tapasztalat
2846458,Working Student LI - SOR FTP,Grohe AG,https://www.profession.hu/allas/working-student-li-sor-ftp-grohe-ag-2846458?sessionId=ed7061b1d89e7c95ce70868e0e3baa03,2026-03-05,2026-03-25,True,Németország,,English: B2,Középiskola,,ERP SAP,On-site,Full-time,1-3 years
2845719,Principal Soc Architect,ARM Hungary Kft.,https://www.profession.hu/allas/principal-soc-architect-arm-hungary-kft-2845719?sessionId=ed7061b1d89e7c95ce70868e0e3baa03,2026-03-05,2026-03-07,False,Budapest,,,Bachelor's or Master’s degrees in Electrical or Computer Engineering,,,,Full-time,5+ years
2844513,iREMS Customer Support Representative,iREMS Hungary Kft.,https://www.profession.hu/allas/irems-customer-support-representative-irems-hungary-kft-2844513?sessionId=ed7061b1d89e7c95ce70868e0e3baa03,2026-03-05,2026-03-17,False,Budapest,,"English: B2, Additional Central European language is a plus",Főiskola,,,Remote work,Full-time,1-3 years
2841064,Senior Product Designer (Design Systems),Diligent Governance Hungary Kft.,https://www.profession.hu/allas/senior-product-designer-design-systems-diligent-governance-hungary-kft-2841064?sessionId=ed7061b1d89e7c95ce70868e0e3baa03,2026-03-05,2026-03-22,False,Budapest,,English: B2,Középiskola,,Figma,Hybrid,Full-time,5+ years
2834815,Intern Venture Ecosystem & Fundraising (Europe) in München (m/w/d),Start2 Group GmbH,https://www.profession.hu/allas/intern-venture-ecosystem-fundraising-europe-in-munchen-m-w-d-start-group-gmbh-2834815?sessionId=ed7061b1d89e7c95ce70868e0e3baa03,2026-03-05,2026-03-20,False,Hibrid,,"English: C2, German: B2",Középiskola,,"Zapier, Airtable, n8n, CRM tools, Modern AI tooling",Hybrid,Full-time,1-3 years
2831319,System Engineer (m/f/d) Aerospace & Defence,FERCHAU – Connecting People and Technologies,https://www.profession.hu/allas/system-engineer-m-f-d-aerospace-defence-ferchau-connecting-people-and-technologies-2831319?sessionId=ed7061b1d89e7c95ce70868e0e3baa03,2026-03-05,2026-03-16,False,Garching bei München,,English: B2,Bachelor,,"DOORS, MATLAB/Simulink, SCADE, CAMEO",Hybrid,Full-time,1-3 years
2821808,Senior Anaplan Model Builder (all genders),BestSecret Group,https://www.profession.hu/allas/senior-anaplan-model-builder-all-genders-bestsecret-group-2821808?sessionId=ed7061b1d89e7c95ce70868e0e3baa03,2026-03-05,2026-03-05,False,"Berlin, Aschheim bei München",,English: B2,Bachelor,,Anaplan,Hybrid,Full-time,3-5 years
2848710,Observability mérnök,MBH Bank Nyrt.,https://www.profession.hu/allas/observability-mernok-mbh-bank-nyrt-2848710?sessionId=ed7061b1d89e7c95ce70868e0e3baa03,2026-03-07,2026-03-25,True,Budapest,,English: B2,Bachelor,,"AWS, Azure, Agilis",Home-Office,Full-time,1-3 years
2848709,Cloud szakértő (AWS),MBH Bank Nyrt.,https://www.profession.hu/allas/cloud-szakerto-aws-mbh-bank-nyrt-2848709?sessionId=ed7061b1d89e7c95ce70868e0e3baa03,2026-03-07,2026-03-25,True,Budapest,,English: B2,Bachelor,,"AWS, DevOps, Agile, Terraform, Helm, GitlabCI, EKS, S3, ALB, NLB, TGW, Private CA, RDS, DocumentDB, Elasticache, Opensearch",Hybrid,Full-time,1-3 years
2848704,Rendszerszervező - ITSM rendszerek,MBH Bank Nyrt.,https://www.profession.hu/allas/rendszerszervezo-itsm-rendszerek-mbh-bank-nyrt-2848704?sessionId=ed7061b1d89e7c95ce70868e0e3baa03,2026-03-07,2026-03-25,True,Budapest,,English: B1,Bachelor,,,Home-Office,Full-time,1-3 years
2848271,System development specialist,Dreher Sörgyárak Zrt.,https://www.profession.hu/allas/system-development-specialist-dreher-sorgyarak-zrt-budapest-2848271/pro?sessionId=ed7061b1d89e7c95ce70868e0e3baa03,2026-03-07,2026-03-25,True,Budapest,,"English: B1, Hungarian: Native",High School with Diploma,,"PowerBI, SQL, SAP, O365 (Sharepoint, MS Planner, Power Automate, PowerApps), Project Management Tools",Home-Office,Full-time,1-3 years
2848179,Principal UX/UI Engineer,Unisys Magyarország Kft,https://www.profession.hu/allas/principal-ux-ui-engineer-unisys-magyarorszag-kft-budapest-2848179?sessionId=ed7061b1d89e7c95ce70868e0e3baa03,2026-03-07,2026-03-25,True,Budapest,,English: C1,"Bachelor's or Master’s degree in Human-Computer Interaction, Design, Computer Science, or similar (or equivalent experience).","HTML, CSS, JavaScript","Modern frameworks, Wireframing tools, Prototyping tools",Hybrid,Full-time,5+ years
2848178,Application specialist,Cloud Network Technology Kft.,https://www.profession.hu/allas/application-specialist-cloud-network-technology-kft-komarom-2848178?sessionId=ed7061b1d89e7c95ce70868e0e3baa03,2026-03-07,2026-03-25,True,Komárom,,,Középiskola,SQL,,On-site,Full-time,1-3 years
2848164,Principal Product Manager,Unisys Magyarország Kft,https://www.profession.hu/allas/principal-product-manager-unisys-magyarorszag-kft-budapest-2848164?sessionId=ed7061b1d89e7c95ce70868e0e3baa03,2026-03-07,2026-03-25,True,Budapest,,English: C1,Bachelor,,"Laptop, Workstation, Monitor (1 db), Windows, Headset",Hybrid,Full-time,5+ years
2848117,ERP koordinátor (gyártási terület),Goodwill Pharma Nyrt.,https://www.profession.hu/allas/erp-koordinator-gyartasi-terulet-goodwill-pharma-nyrt-szeged-2848117?sessionId=ed7061b1d89e7c95ce70868e0e3baa03,2026-03-07,2026-03-25,True,Szeged,,English: A2,Secondary School with Diploma,,ERP SAP,Full-time,Permanent,1-3 years
2848088,Műszaki projektkoordinátor (osztrák projektek),AKRIL BÚTOR Kft.,https://www.profession.hu/allas/muszaki-projektkoordinator-osztrak-projektek-akril-butor-kft-toltestava-2848088?sessionId=ed7061b1d89e7c95ce70868e0e3baa03,2026-03-07,2026-03-25,True,,,German: B1,Secondary School 'B' category certificate,,,Full-time,Full-time,1-3 years
2848018,Élelmiszerlánc-felügyeleti ellenőr (informatikus),Nemzeti Élelmiszerlánc-Biztonsági Hivatal,https://www.profession.hu/allas/elelmiszerlanc-felugyeleti-ellenor-informatikus-nemzeti-elelmiszerlanc-biztonsagi-hivatal-budapest-2848018?sessionId=ed7061b1d89e7c95ce70868e0e3baa03,2026-03-07,2026-03-25,True,Budapest,,English: B1,High School with Diploma,"Python, PowerShell","Windows, Tableau, SQL, JIRA",On-site,Full-time,1-3 years
2847912,Szoftverfejlesztő (PHP / JAVA),77 Elektronika Kft.,https://www.profession.hu/allas/szoftverfejleszto-php-java-elektronika-kft-budapest-2847912?sessionId=ed7061b1d89e7c95ce70868e0e3baa03,2026-03-07,2026-03-25,True,Budapest,,English: B1,Bachelor,"PHP, JAVA, Laravel, Spring, Hibernate, PostgreSQL, SQL, HTML, CSS, JavaScript","NetBeans, Eclipse, Git, Linux",Home-Office,Full-time,3-5 years
2847871,Alkalmazás támogató munkatárs,Gold Standard Diagnostics Budapest Kft,https://www.profession.hu/allas/alkalmazas-tamogato-munkatars-gold-standard-diagnostics-budapest-kft-budapest-2847871?sessionId=ed7061b1d89e7c95ce70868e0e3baa03,2026-03-07,2026-03-25,True,Budapest,,"English: B2, Spanish: Intermediate",Bachelor,,,Home-Office,Full-time,3-5 years
2847843,Medior/Senior Full Stack Engineer,EN-CO Software Zrt.,https://www.profession.hu/allas/medior-senior-full-stack-engineer-en-co-software-zrt-budapest-2847843?sessionId=ed7061b1d89e7c95ce70868e0e3baa03,2026-03-07,2026-03-25,True,Budapest,,English: B2,Bachelor,"Node.js, Sveltekit, Wordpress, Drupal, .NET Core, Angular","Docker, Kubernetes",Hybrid,Full-time,1-3 years
2847833,IT Audit Manager,KPMG Tanácsadó Kft.,https://www.profession.hu/allas/it-audit-manager-kpmg-tanacsado-kft-2847833?sessionId=ed7061b1d89e7c95ce70868e0e3baa03,2026-03-07,2026-03-25,True,Budapest,,"English: C2, Hungarian: B2",Bachelor,,Laptop,Hybrid,Full-time,5+ years
2848281,Senior JAVA Fejlesztő,BECK AND PARTNERS Kft.,https://www.profession.hu/allas/senior-java-fejleszto-beck-and-partners-kft-2848281?sessionId=ed7061b1d89e7c95ce70868e0e3baa03,2026-03-07,2026-03-25,True,"Budapest, XIII. kerület",,English: B2,Bachelor,"Java, JavaScript, Python, AWS","Spring (Spring Boot), Hibernate/JPA, SQL, JUnit, Git, Maven/Gradle, IntelliJ/Eclipse/VS Code",Hybrid,Full-time,5-10 years
2848115,Diákmunka -  Automation and reporting developer gyakornok,MŰISZ Iskolaszövetkezet,https://www.profession.hu/allas/diakmunka-automation-and-reporting-developer-gyakornok-muisz-iskolaszovetkezet-budapest-2848115?sessionId=ed7061b1d89e7c95ce70868e0e3baa03,2026-03-07,2026-03-25,True,Budapest III. kerület,,"English: B1, Hungarian: Native",Bachelor,"Python, SQL, Power BI, Playwright, Selenium","BI SQL, PYTHON, SELENIUM, POWER BI",Hybrid,Full-time,
2847930,IT-fejlesztő,GÉPBÉR-Színpad Kft.,https://www.profession.hu/allas/it-fejleszto-gepber-szinpad-kft-budapest-2847930?sessionId=ed7061b1d89e7c95ce70868e0e3baa03,2026-03-07,2026-03-25,True,Budapest,,English: B2,Bachelor,,"CMS, Digital Signage",Hybrid,Full-time,3-5 years
2847894,Frissdiplomás rendszerszervező,MVM Informatika Zrt.,https://www.profession.hu/allas/frissdiplomas-rendszerszervezo-mvm-informatika-zrt-budapest-2847894?sessionId=ed7061b1d89e7c95ce70868e0e3baa03,2026-03-07,2026-03-25,True,Budapest,,English: B2,Bachelor,,,,Full-time,0-1 years
2848623,Product Manager and Product Owner - Hardware (m/f/d),Utimaco GmbH,https://www.profession.hu/allas/product-manager-and-product-owner-hardware-m-f-d-utimaco-gmbh-2848623?sessionId=ed7061b1d89e7c95ce70868e0e3baa03,2026-03-07,2026-03-25,True,Németország,,English: B2,Középiskola,,,Általános munkarend,Teljes munkaidő,1-3 év tapasztalat
2848620,Senior Consultant (f/m/d) Sales & Service Cloud,SAP SE,https://www.profession.hu/allas/senior-consultant-f-m-d-sales-service-cloud-sap-se-2848620?sessionId=ed7061b1d89e7c95ce70868e0e3baa03,2026-03-07,2026-03-17,False,Németország,,"English: B2, German: Advantage",Középiskola,"Python, ABAP, JavaScript","SAP CPQ, SAP Field Service Management, Solution Order Management in SAP S/4HANA, SAP Sales and Service Cloud solutions",On-site,"Full-time, unbefristet",5+ years
2848612,Application Security Engineer (m/f/x),Liebherr-IT Services GmbH,https://www.profession.hu/allas/application-security-engineer-m-f-x-liebherr-it-services-gmbh-2848612?sessionId=ed7061b1d89e7c95ce70868e0e3baa03,2026-03-07,2026-03-25,True,Oberopfingen,,"English: B2, German: B2, French: B2","Bachelor's/Master's in Cybersecurity, Computer Science, or related field",,"SECURITY TESTING CLOUD AWS AZURE ISO, CISSP, OSCP, Cloud certifications (AWS, Azure, or GCP), Vulnerability scanners, Code analysis tools",Hybrid,Full-time,3-5 years
2848593,Sovereign Cloud Expert DevOps Engineer (f/m/d) - SAP SuccessFactors (HCM),SAP SE,https://www.profession.hu/allas/sovereign-cloud-expert-devops-engineer-f-m-d-sap-successfactors-hcm-sap-se-2848593?sessionId=ed7061b1d89e7c95ce70868e0e3baa03,2026-03-07,2026-03-11,False,Németország,,English: B2,Bachelor,"Python, PowerShell","AWS, Docker, Ansible, API, POWERSHELL, PYTHON, DATABASE @SAP, SERVICE MANAGEMENT JENKINS",,Full-time,1-3 years
2848592,Senior Project Manager (d/m/f),ams Sensors Germany GmbH,https://www.profession.hu/allas/senior-project-manager-d-m-f-ams-sensors-germany-gmbh-2848592?sessionId=ed7061b1d89e7c95ce70868e0e3baa03,2026-03-07,2026-03-18,False,Germany,,English: B2,Master's degree in Electronic Engineering or a related discipline,,"MS Office, Advanced MS Project",On-site,Full-time,5+ years
2848578,Business Solution Architect Core - Energy Retail (f/m/d),E.ON Digital Technology GmbH,https://www.profession.hu/allas/business-solution-architect-core-energy-retail-f-m-d-e-on-digital-technology-gmbh-2848578?sessionId=ed7061b1d89e7c95ce70868e0e3baa03,2026-03-07,2026-03-11,False,Hibrid,,English: B2,Középiskola,,"CRM SECURITY, SAP CLOUD MIDDLEWARE, SAP S/4Hana & RISE implementation methodology, SAP BTP integrations, Salesforce, Kraken",Hybrid,Full-time,1-3 years
2848573,SAP MDG Global Implementation Lead (m/f/x),Liebherr-IT Services GmbH,https://www.profession.hu/allas/sap-mdg-global-implementation-lead-m-f-x-liebherr-it-services-gmbh-2848573?sessionId=ed7061b1d89e7c95ce70868e0e3baa03,2026-03-07,2026-03-25,True,Oberopfingen,,English: B2,Bachelor,,,Hybrid,Full-time,3-5 years
2848537,SAP Program / Project Manager (f/m/d),NTT DATA Business Solutions AG,https://www.profession.hu/allas/sap-program-project-manager-f-m-d-ntt-data-business-solutions-ag-2848537?sessionId=ed7061b1d89e7c95ce70868e0e3baa03,2026-03-07,2026-03-11,False,,,"English: B2, German: B2",Középiskola,,"SAP NETWORK, SAP® PROJECT MANAGEMENT",Hybrid,Full-time,1-3 years
2848505,Head of Secure Data & AI Transformation (f/m/d),ZEISS,https://www.profession.hu/allas/head-of-secure-data-ai-transformation-f-m-d-zeiss-2848505?sessionId=ed7061b1d89e7c95ce70868e0e3baa03,2026-03-07,2026-03-18,False,Germany,,English: B2,Master,,"SECURITY, SECURITY-ACCESS, MACHINE LEARNING",On-site,Full-time,1-3 years
2848495,"Head of Cyber Governance, Risk & Compliance (f/m/d)",ZEISS,https://www.profession.hu/allas/head-of-cyber-governance-risk-compliance-f-m-d-zeiss-2848495?sessionId=ed7061b1d89e7c95ce70868e0e3baa03,2026-03-07,2026-03-16,False,Germany,,English: B2,Master,,,On-site,Full-time,3-5 years
2848467,Head of Cyber Culture (f/m/d),ZEISS,https://www.profession.hu/allas/head-of-cyber-culture-f-m-d-zeiss-2848467?sessionId=ed7061b1d89e7c95ce70868e0e3baa03,2026-03-07,2026-03-16,False,Németország,,English: B1,Master,,,On-site,Full-time,3-5 years
2848458,Software Product Manager – Digital Solutions (m/f/d),seca GmbH & Co. KG,https://www.profession.hu/allas/software-product-manager-digital-solutions-m-f-d-seca-gmbh-co-kg-2848458?sessionId=ed7061b1d89e7c95ce70868e0e3baa03,2026-03-07,2026-03-25,True,Hamburg,,"English: B2, German: Advantage","Bachelor's or Master's degree in computer science, engineering, business, medical technology, or a related field.",,,On-site,Full-time,5+ years
2848453,Managing Consultant Org Change Management (m/w/d),Kyndryl,https://www.profession.hu/allas/managing-consultant-org-change-management-m-w-d-kyndryl-2848453?sessionId=ed7061b1d89e7c95ce70868e0e3baa03,2026-03-07,2026-03-25,True,Hibrid,,German: C1,"University degree in Business, Psychology, Communications, or a related field",,"SAP, ACCESS, CHANGE MANAGEMENT",Hybrid,Full-time,5-7 years
2848412,Program Manager (d/f/m),TK Elevator Europe Africa GmbH,https://www.profession.hu/allas/program-manager-d-f-m-tk-elevator-europe-africa-gmbh-2848412?sessionId=ed7061b1d89e7c95ce70868e0e3baa03,2026-03-07,2026-03-25,True,,,"English: B2, German: B2, French: B2",Bachelor,,,Home-Office,Full-time,5+ years
2848405,Software / Hardware Engineer Dynamic Simulation – HPC / Modelica Compiler / Code Generation (f/m/d),DIgSILENT GmbH,https://www.profession.hu/allas/software-hardware-engineer-dynamic-simulation-hpc-modelica-compiler-code-generation-f-m-d-digsilent-gmbh-2848405?sessionId=ed7061b1d89e7c95ce70868e0e3baa03,2026-03-07,2026-03-25,True,Gomaringen bei Tübingen,,English: B2,Master,"C, C++","FPGA, GPU",Hybrid,Full-time,1-3 years
2848241,Software QA engineer,Novelkis Kft,https://www.profession.hu/allas/software-qa-engineer-novelkis-kft-budapest-2848241?sessionId=ed7061b1d89e7c95ce70868e0e3baa03,2026-03-07,2026-03-25,True,Budapest,,English: B2,Bachelor,"Python, JavaScript, C#","Cypress, Selenium, JMeter, Postman, Cucumber, BurpSuite, Docker, Kubernetes, WSL2, GitHub Actions, CircleCI, Jenkins, AWS",Hybrid,Full-time,1-3 years
2848054,Data Strategy Analyst,Robert Walters Switzerland,https://www.profession.hu/allas/data-strategy-analyst-robert-walters-switzerland-2848054?sessionId=ed7061b1d89e7c95ce70868e0e3baa03,2026-03-07,2026-03-22,False,Zurich,,,Bachelor,,,On-site with home office,Short-term,5+ years
2848051,"Head of AI Hub - Drive AI Innovation at JobCloud AG, Zurich",JobCloud AG,https://www.profession.hu/allas/head-of-ai-hub-drive-ai-innovation-at-jobcloud-ag-zurich-jobcloud-ag-2848051?sessionId=ed7061b1d89e7c95ce70868e0e3baa03,2026-03-07,2026-03-17,False,,145'000 - 160'000 CHF gross/year,English: B2,Bachelor,,,Hybrid,Full-time,5+ years
2848047,Senior Software Engineer C++,MaxWell Biosystems AG,https://www.profession.hu/allas/senior-software-engineer-c-maxwell-biosystems-ag-2848047?sessionId=ed7061b1d89e7c95ce70868e0e3baa03,2026-03-07,2026-03-25,True,Zürich,,English: B2,Középiskola,"C++, Python","Qt, Linux, Bash, CMake, OpenGL, boost, hdf5",On-site,Full-time,5+ years
2848045,Software Project Manager Customer Service,Swisslog AG,https://www.profession.hu/allas/software-project-manager-customer-service-swisslog-ag-2848045?sessionId=ed7061b1d89e7c95ce70868e0e3baa03,2026-03-07,2026-03-25,True,Buchs AG,,"English: B1, German: B1",Bachelor,,"Project management certification, Software management tools (ideally within the Siemens and Atlassian toolchain)",On-site,Full-time,1-3 years
2848040,Senior Software Engineer,MF Group AG,https://www.profession.hu/allas/senior-software-engineer-mf-group-ag-2848040?sessionId=ed7061b1d89e7c95ce70868e0e3baa03,2026-03-07,2026-03-25,True,Chiasso,,"Italian: B2, English: B2",Bachelor,Java,"Spring, SCRUM, AGILE",Hybrid,Full-time,5+ years
2848039,Computational Neuroscientist / Electrophysiology Data Analysis Engineer,MaxWell Biosystems AG,https://www.profession.hu/allas/computational-neuroscientist-electrophysiology-data-analysis-engineer-maxwell-biosystems-ag-2848039?sessionId=ed7061b1d89e7c95ce70868e0e3baa03,2026-03-07,2026-03-25,True,Zürich,,,Főiskola,"Python, C++","Qt, Linux, Bash",On-site,Full-time,1-3 years
2848033,Technical Lead IoT Mobile Apps,BELIMO Automation AG,https://www.profession.hu/allas/technical-lead-iot-mobile-apps-belimo-automation-ag-2848033?sessionId=ed7061b1d89e7c95ce70868e0e3baa03,2026-03-07,2026-03-13,False,Hinwil,,"English: B2, German: Advantageous","Bachelor's or Master's degree in Computer Science, Software Engineering, or a related field",,"Flutter (plus), Cloud services and REST APIs, Communication protocols such as Bluetooth and NFC, Automated testing including hardware-in-the-loop (HITL) and IoT-related testing",Full-time,Full-time,1-3 years
2847945,Junior Full-Stack engineer,INTEQ Zrt.,https://www.profession.hu/allas/junior-full-stack-engineer-inteq-zrt-budapest-2847945?sessionId=ed7061b1d89e7c95ce70868e0e3baa03,2026-03-07,2026-03-25,True,Budapest,,English: B2,Bachelor,"Python, React, FastAPI","Git, Linux, API Dev, SQL/NoSQL, n8n, low-code automation, Kubernetes, CI/CD, Rendszer-monitorozás",Hybrid,Full-time,1-3 years
2847781,UX Researcher  | 80-100% | Hybrid working model | Zurich Switzerland,SMG Swiss Marketplace Group,https://www.profession.hu/allas/ux-researcher-hybrid-working-model-zurich-switzerland-smg-swiss-marketplace-group-2847781?sessionId=ed7061b1d89e7c95ce70868e0e3baa03,2026-03-07,2026-03-25,True,,,"English: C2, German: B2 or higher, French: B2 or higher, Italian: B2 or higher",Bachelor,,"R, SPSS, Windows",Hybrid,Full-time,1-3 years
2847770,Etikus hacker,"Silent Signal Információbiztonsági, Informatikai Tanácsadó és Szolgáltató Kft.",https://www.profession.hu/allas/etikus-hacker-silent-signal-informaciobiztonsagi-informatikai-tanacsado-es-szolgaltato-kft-2847770?sessionId=ed7061b1d89e7c95ce70868e0e3baa03,2026-03-07,2026-03-08,False,,,,Középiskola,,,,Teljes munkaidő,
2847769,Műszaki adatrögzítő,Antal és Antal Kft.,https://www.profession.hu/allas/muszaki-adatrogzito-antal-es-antal-kft-2847769?sessionId=ed7061b1d89e7c95ce70868e0e3baa03,2026-03-07,2026-03-25,True,,,,Középiskola,,MS OFFICE,Általános munkarend,Teljes munkaidő,Nem kell tapasztalat
2847762,Senior Data Engineer,NVIDIA Hungary Kft.,https://www.profession.hu/allas/senior-data-engineer-nvidia-hungary-kft-2847762?sessionId=ed7061b1d89e7c95ce70868e0e3baa03,2026-03-07,2026-03-22,False,Budapest,,English: B2,Bachelor,"Java, Springboot","Databases NOSQL, DATABASES, JAVA, BACKEND, AWS",,Full-time,5+ years
2847758,"Python Financial Engineering Platform Lead, Vice President",BlackRock Hungary Kft.,https://www.profession.hu/allas/python-financial-engineering-platform-lead-vice-president-blackrock-hungary-kft-2847758?sessionId=ed7061b1d89e7c95ce70868e0e3baa03,2026-03-07,2026-03-14,False,Budapest,,English: B2,Bachelor's (BSc) or higher degree in Computer Science or equivalent field,"Python, Pandas, Apache Arrow, Snowflake, Prefect","Azure DevOps, git, CI/CD",Hybrid,Full-time,5+ years
2838194,Lead Support Manager,Supercharge Kft.,https://www.profession.hu/allas/lead-support-manager-supercharge-kft-2838194?sessionId=ed7061b1d89e7c95ce70868e0e3baa03,2026-03-07,2026-03-17,False,Budapest,,English: B2,,,"Jira, Zendesk, Grafana, AWS CloudWatch, Okta, Git",On-site,Full-time,5+ years
2827284,Medior Etikus hacker,"Silent Signal Információbiztonsági, Informatikai Tanácsadó és Szolgáltató Kft.",https://www.profession.hu/allas/medior-etikus-hacker-silent-signal-informaciobiztonsagi-informatikai-tanacsado-es-szolgaltato-kft-2827284?sessionId=ed7061b1d89e7c95ce70868e0e3baa03,2026-03-07,2026-03-11,False,Budapest,,,Középiskola,,Burp Suite Pro,Full-time,Full-time,1-3 years
2825802,Junior etikus hacker,"Silent Signal Információbiztonsági, Informatikai Tanácsadó és Szolgáltató Kft.",https://www.profession.hu/allas/junior-etikus-hacker-silent-signal-informaciobiztonsagi-informatikai-tanacsado-es-szolgaltato-kft-2825802?sessionId=ed7061b1d89e7c95ce70868e0e3baa03,2026-03-07,2026-03-08,False,Budapest,,,Középiskola,Linux,"PortSwigger Web Security Academy, Burp Suite Pro",Általános munkarend,Teljes munkaidő,
2847747,JAVA developer,OZEKI Informatikai Kft.,https://www.profession.hu/allas/java-developer-ozeki-informatikai-kft-debrecen-2847747?sessionId=ed7061b1d89e7c95ce70868e0e3baa03,2026-03-07,2026-03-25,True,Debrecen,,,Bachelor,"JAVA, C++",LINUX,Hybrid,Full-time,0-1 years
2847741,Product consultant,OZEKI Informatikai Kft.,https://www.profession.hu/allas/product-consultant-ozeki-informatikai-kft-debrecen-2847741?sessionId=ed7061b1d89e7c95ce70868e0e3baa03,2026-03-07,2026-03-25,True,Debrecen,,English: B2,Bachelor,,,On-site,Full-time,
2847739,Product consultant,OZEKI Informatikai Kft.,https://www.profession.hu/allas/product-consultant-ozeki-informatikai-kft-debrecen-2847739?sessionId=ed7061b1d89e7c95ce70868e0e3baa03,2026-03-07,2026-03-25,True,Debrecen,,English: B2,Bachelor,,,On-site,Full-time,
2847738,Senior Pega Developer,Accenture Korlátolt Felelősségű Társaság,https://www.profession.hu/allas/senior-pega-developer-accenture-korlatolt-felelossegu-tarsasag-2847738?sessionId=ed7061b1d89e7c95ce70868e0e3baa03,2026-03-07,2026-03-25,True,Budapest,,"English: B2, German: A1",Középiskola,,"CLOUD API, SQL, XML, UML, DEVOPS, ACCESS, AGILE, REST",Hybrid,Full-time,1-3 years
2847735,Junior szoftverfejlesztő,AgileXpert Szoftverfejlesztő és Tanácsadó Kft.,https://www.profession.hu/allas/junior-szoftverfejleszto-agilexpert-szoftverfejleszto-es-tanacsado-kft-2847735?sessionId=ed7061b1d89e7c95ce70868e0e3baa03,2026-03-07,2026-03-25,True,Budapest,,English: B1,Secondary School,"Java, SQL, Agile",Continuous Integration tools,Hybrid,Full-time,1-3 years
2847732,Szenior szoftverfejlesztő,AgileXpert Szoftverfejlesztő és Tanácsadó Kft.,https://www.profession.hu/allas/szenior-szoftverfejleszto-agilexpert-szoftverfejleszto-es-tanacsado-kft-2847732?sessionId=ed7061b1d89e7c95ce70868e0e3baa03,2026-03-07,2026-03-25,True,Budapest,,English: B2,Bachelor,"Java, SQL, OOP languages at high level","Agilis, Continuous Integration tools",Hybrid,Full-time,5-10 years
2847731,Lead Backend Engineer,Supercharge Kft.,https://www.profession.hu/allas/lead-backend-engineer-supercharge-kft-2847731?sessionId=ed7061b1d89e7c95ce70868e0e3baa03,2026-03-07,2026-03-25,True,Budapest,,,Középiskola,"Java, Kotlin, Spring Boot, Python","CI/CD pipelines, Cloud-native development, AI-assisted development tools",Hybrid,Full-time,3-5 years
2847729,Wissenschaftliche*n Mitarbeiter*in (w/m/d) im Lehrgebiet Unternehmensweite Softwaresysteme,Budapesti Németnyelvű Távtanulási Központ Alapítvány,https://www.profession.hu/allas/wissenschaftliche-n-mitarbeiter-in-w-m-d-im-lehrgebiet-unternehmensweite-softwaresysteme-budapesti-nemetnyelvu-tavtanulasi-kozpont-alapitvany-2847729?sessionId=ed7061b1d89e7c95ce70868e0e3baa03,2026-03-07,2026-03-25,True,Budapest,,"English: B2, German: B2",Master,,,On-site with home office,Full-time,
2847728,Junior online technikai marketinges,OZEKI Informatikai Kft.,https://www.profession.hu/allas/junior-online-technikai-marketinges-ozeki-informatikai-kft-debrecen-2847728?sessionId=ed7061b1d89e7c95ce70868e0e3baa03,2026-03-07,2026-03-25,True,Debrecen,,English: B2,"Bachelor, Master",,,On-site,Full-time,0-1 years
2847727,(Senior) Data Scientist,DATAPAO Kft.,https://www.profession.hu/allas/senior-data-scientist-datapao-kft-2847727?sessionId=ed7061b1d89e7c95ce70868e0e3baa03,2026-03-07,2026-03-25,True,Budapest,,English: B2,Középiskola,"Python, Git","Azure, AWS, Spark, ACCESS, MACHINE LEARNING, CLEAN CODE, MacOS",Hybrid,Full-time,3-5 years
2847720,"UX/UI Design Lead, Vice President",BlackRock Hungary Kft.,https://www.profession.hu/allas/ux-ui-design-lead-vice-president-blackrock-hungary-kft-2847720?sessionId=ed7061b1d89e7c95ce70868e0e3baa03,2026-03-07,2026-03-14,False,Budapest,,,Bachelor,,Figma,Hybrid,Full-time,5+ years
2847717,Senior QA Automation Engineer,Drótposta Consulting Informatikai Tanácsadó Kft.,https://www.profession.hu/allas/senior-qa-automation-engineer-drotposta-consulting-informatikai-tanacsado-kft-2847717?sessionId=ed7061b1d89e7c95ce70868e0e3baa03,2026-03-07,2026-03-09,False,Budapest,,,Középiskola,"Java, Spring Framework","Cucumber, Gherkin, Git, REST API testing, Postman, SQL, Docker, Kubernetes, AWS, IntelliJ IDEA",Hybrid,Full-time,0-1 years
2847716,SOC Design Engineer,ARM Hungary Kft.,https://www.profession.hu/allas/soc-design-engineer-arm-hungary-kft-2847716?sessionId=ed7061b1d89e7c95ce70868e0e3baa03,2026-03-07,2026-03-25,True,Budapest,,,Főiskola,"Verilog, SystemVerilog, Tcl, Perl, Python","shell scripting, Arm System Architectures, C/C++, assembly, embedded OS, device drivers, microprocessor architectures, embedded system hardware",Hybrid,Full-time,3-5 years
2847715,Java Backend Developer,Wysio Informatikai és Szoftverfejlesztő Kft.,https://www.profession.hu/allas/java-backend-developer-wysio-informatikai-es-szoftverfejleszto-kft-szeged-2847715?sessionId=ed7061b1d89e7c95ce70868e0e3baa03,2026-03-07,2026-03-25,True,Szeged,,English: B2,Középiskola,"Java, Spring, Hibernate","Clean Code, Agile",Hybrid,Full-time,1-3 years
2847714,Solution Designer,OZEKI Informatikai Kft.,https://www.profession.hu/allas/solution-designer-ozeki-informatikai-kft-debrecen-2847714?sessionId=ed7061b1d89e7c95ce70868e0e3baa03,2026-03-07,2026-03-25,True,Debrecen,,English: B2,Bachelor,,,On-site,Full-time,0-1 years
2847473,PLC-Programmer (m/w/d),Hoppe Marine GmbH,https://www.profession.hu/allas/plc-programmer-m-w-d-hoppe-marine-gmbh-2847473?sessionId=ed7061b1d89e7c95ce70868e0e3baa03,2026-03-07,2026-03-22,False,Távmunka / Remote,,English: B2,Bachelor,IEC 61131-3,"CODESYS, TwinCAT, Automation Studio, Simatic S7",On-site with home office,Full-time,1-3 years
2844941,SAP Senior Logistics Consultant,AEBI SCHMIDT Holding AG,https://www.profession.hu/allas/sap-senior-logistics-consultant-aebi-schmidt-holding-ag-2844941?sessionId=ed7061b1d89e7c95ce70868e0e3baa03,2026-03-07,2026-03-22,False,Burgdorf or Zürich,,"English: B2, German: A1",Bachelor,,SAP,On-site,Full-time,3-5 years
2839526,IT Service Owner - Market Data Services in the region of Basel,Albedis AG,https://www.profession.hu/allas/it-service-owner-market-data-services-in-the-region-of-basel-albedis-ag-2839526?sessionId=ed7061b1d89e7c95ce70868e0e3baa03,2026-03-07,2026-03-14,False,Basel,,"English: B2, German: B2",Bachelor,,"Microsoft Office, ITIL knowledge is an asset",On-site,Full-time,5+ years
2835923,Senior Expert / Manager Asset Management Systems 80-100% – Zürich / Basel,AFRY Schweiz AG,https://www.profession.hu/allas/senior-expert-manager-asset-management-systems-zurich-basel-afry-schweiz-ag-2835923?sessionId=ed7061b1d89e7c95ce70868e0e3baa03,2026-03-07,2026-03-08,False,Zürich,,"English: B2, German: B2",Bachelor,Python,ERP,Hybrid,Full-time,3-5 years
2835857,Product Manager (all genders),ParshipMeet Group,https://www.profession.hu/allas/product-manager-all-genders-parshipmeet-group-2835857?sessionId=ed7061b1d89e7c95ce70868e0e3baa03,2026-03-07,2026-03-22,False,Németország,,"English: B2, German: B2",Középiskola,,"AGILE TESTING, CRM",Általános munkarend,Teljes munkaidő,1-3 years
2835198,Legal Counsel,SKAL AG,https://www.profession.hu/allas/legal-counsel-skal-ag-2835198?sessionId=ed7061b1d89e7c95ce70868e0e3baa03,2026-03-07,2026-03-10,False,Zug,,"English: C1, Ukrainian: C1, Russian: C1",Master,,"NETWORK ACCESS, GDPR",Hybrid,Full-time,5+ years
2834291,HR IT Business Partner,United Machining,https://www.profession.hu/allas/hr-it-business-partner-united-machining-2834291?sessionId=ed7061b1d89e7c95ce70868e0e3baa03,2026-03-07,2026-03-17,False,Meyrin,,,Bachelor’s degree in a relevant field,,SAP HCM,,Full-time,5+ years
2829410,Technical Project Manager,Salt Mobile SA,https://www.profession.hu/allas/technical-project-manager-salt-mobile-sa-2829410?sessionId=ed7061b1d89e7c95ce70868e0e3baa03,2026-03-07,2026-03-08,False,Crissier,,English: B1,Master’s degree in Telecommunications or Electrical Engineering,,"NETWORK HARDWARE, CLOUD, EXCEL",Full-time,Full-time,5+ years
2823782,Technical Marketing Manager,GigaDevice Semiconductor Germany GmbH,https://www.profession.hu/allas/technical-marketing-manager-gigadevice-semiconductor-germany-gmbh-2823782?sessionId=ed7061b1d89e7c95ce70868e0e3baa03,2026-03-07,2026-03-07,False,Hoehenkirchen-Siegertsbrunn,,English: B2,Bachelor/Master,,,Hybrid,Full-time,5+ years
2848856,UI/UX Designer & Marketing Manager,Energy Cost Optimum Kft,https://www.profession.hu/allas/ui-ux-designer-marketing-manager-energy-cost-optimum-kft-budapest-2848856?sessionId=ed7061b1d89e7c95ce70868e0e3baa03,2026-03-08,2026-03-25,True,Budapest,,,Felsőoktatási szakképzés,,,On-site,Full-time,1-3 years
2848939,C#.net fejlesztő - Távoli munkavégzés,OZEKI Informatikai Kft.,https://www.profession.hu/allas/c-net-fejleszto-tavoli-munkavegzes-ozeki-informatikai-kft-2848939?sessionId=ed7061b1d89e7c95ce70868e0e3baa03,2026-03-08,2026-03-25,True,,,English: B1,Bachelor,"C#, Java",,Home-Office,Full-time,Pályakezdő/friss diplomás
2848931,C#.net fejlesztő - Távoli munkavégzés,OZEKI Informatikai Kft.,https://www.profession.hu/allas/c-net-fejleszto-tavoli-munkavegzes-ozeki-informatikai-kft-2848931?sessionId=ed7061b1d89e7c95ce70868e0e3baa03,2026-03-08,2026-03-25,True,,,English: B1,Bachelor,"C#, Java",,Home-Office,Full-time,Pályakezdő/friss diplomás
2848915,Senior Software Engineer - Orchestro,"McKinsey & Company, Inc.Hungary Magyarországi Fióktelepe",https://www.profession.hu/allas/senior-software-engineer-orchestro-mckinsey-company-inc-hungary-magyarorszagi-fioktelepe-2848915?sessionId=ed7061b1d89e7c95ce70868e0e3baa03,2026-03-08,2026-03-25,True,Budapest,,English: B2,Középiskola,"JavaScript, Node.js, React","TESTING, SECURITY, API",Általános munkarend,Teljes munkaidő,5+ years
2848913,Senior QA Automation Engineer,High Tech Engineering Center Kft.,https://www.profession.hu/allas/senior-qa-automation-engineer-high-tech-engineering-center-kft-budapest-2848913?sessionId=ed7061b1d89e7c95ce70868e0e3baa03,2026-03-08,2026-03-25,True,Budapest,,English: B2,Középiskola,"JAVA, GIT, API TESTING, POSTMAN, DOCKER, CUCUMBER, JAVASCRIPT, PYTHON, C, SELENIUM, JUNIT, INTELLIJ, HTML, CSS, VIRTUALIZATION, CYPRESS, MAVEN, JMETER, JENKINS, JIRA, SVN",TROUBLESHOOTING,On-site,Full-time,5+ years
2848912,Intern Network Performance Engineer,ARM Hungary Kft.,https://www.profession.hu/allas/intern-network-performance-engineer-arm-hungary-kft-2848912?sessionId=ed7061b1d89e7c95ce70868e0e3baa03,2026-03-08,2026-03-08,False,,,,Master,C/C++,"Linux performance tools, Arm CoreSight or SPE, eBPF, LLVM tools (BOLT, Propeller), PGO/AutoFDO/LTO, Automation frameworks like Ansible, Terraform, or Python",,Full-time,0-1 years
2848909,Junior PHP fejlesztő,FIT Solutions Kft.,https://www.profession.hu/allas/junior-php-fejleszto-fit-solutions-kft-szeged-2848909?sessionId=ed7061b1d89e7c95ce70868e0e3baa03,2026-03-08,2026-03-25,True,Szeged,,"English: B1, Hungarian: B1",Secondary education with diploma,"PHP, Laravel, Vue.js, Node.js","SQL, LINUX, DOCKER, GIT, POSTGRESQL, MONGODB, REST API, Composer, Design patterns",Hybrid,Full-time,
2848908,Principal Engineer (.Net and AWS),Diligent Governance Hungary Kft.,https://www.profession.hu/allas/principal-engineer-net-and-aws-diligent-governance-hungary-kft-2848908?sessionId=ed7061b1d89e7c95ce70868e0e3baa03,2026-03-08,2026-03-25,True,Budapest,,,Bachelor,"NodeJS, TypeScript","AWS, API, ANGULAR, REACT, DOCKER, SQL DATABASES, AGILE",Hybrid,Full-time,5+ years
2848907,Senior Python Engineer,Accenture Korlátolt Felelősségű Társaság,https://www.profession.hu/allas/senior-python-engineer-accenture-korlatolt-felelossegu-tarsasag-2848907?sessionId=ed7061b1d89e7c95ce70868e0e3baa03,2026-03-08,2026-03-25,True,Budapest,,,Középiskola,Python,"Flask, Django, RESTful APIs, Microservices, Database design (SQL or NoSQL), ORM frameworks or direct SQL, CI/CD pipelines, Containerization (Docker), Cloud services or infrastructure-as-code, DevOps tools",Hybrid,Full-time,5+ years
2848897,Senior Consultant,"McKinsey & Company, Inc.Hungary Magyarországi Fióktelepe",https://www.profession.hu/allas/senior-consultant-mckinsey-company-inc-hungary-magyarorszagi-fioktelepe-2848897?sessionId=ed7061b1d89e7c95ce70868e0e3baa03,2026-03-08,2026-03-25,True,Budapest,,English: B2,"Bachelor's or master’s degree in business, economics or engineering with strong academic record",,,Hybrid working with flexibility to travel,Full-time,3-5 years
2848892,Consultant,"McKinsey & Company, Inc.Hungary Magyarországi Fióktelepe",https://www.profession.hu/allas/consultant-mckinsey-company-inc-hungary-magyarorszagi-fioktelepe-2848892?sessionId=ed7061b1d89e7c95ce70868e0e3baa03,2026-03-08,2026-03-25,True,Budapest,,"English: B2, Hungarian: Native or equivalent",Bachelor,,,On-site,Full-time,1-3 years
2848883,Medior Mobile Software Engineer,Digital Natives Szolgáltató Zrt.,https://www.profession.hu/allas/medior-mobile-software-engineer-digital-natives-szolgaltato-zrt-2848883?sessionId=ed7061b1d89e7c95ce70868e0e3baa03,2026-03-08,2026-03-25,True,,,"English: B1, Hungarian: Native",Secondary School,"Flutter, iOS, Android, React, HTML5, CSS, JavaScript","Agile, Clean Code, Scrum",Remote,Full-time,1-3 years
2848882,Software Engineer II - Orchestro,"McKinsey & Company, Inc.Hungary Magyarországi Fióktelepe",https://www.profession.hu/allas/software-engineer-ii-orchestro-mckinsey-company-inc-hungary-magyarorszagi-fioktelepe-2848882?sessionId=ed7061b1d89e7c95ce70868e0e3baa03,2026-03-08,2026-03-25,True,Budapest,,English: B2,Középiskola,"Node.js, React","TESTING, SECURITY, DOCKER, CLOUD, GitHub Actions",On-site,Full-time,1-3 years
2848876,Beágyazott Szoftverfejlesztő,"Európai Tudásközpont Fejlesztő, Szolgáltató és Kereskedelmi Kft.",https://www.profession.hu/allas/beagyazott-szoftverfejleszto-europai-tudaskozpont-fejleszto-szolgaltato-es-kereskedelmi-kft-2848876?sessionId=ed7061b1d89e7c95ce70868e0e3baa03,2026-03-08,2026-03-25,True,,,,Középiskola,C,,Home-Office,Full-time,0-1 years
2848872,Business Analyst,"McKinsey & Company, Inc.Hungary Magyarországi Fióktelepe",https://www.profession.hu/allas/business-analyst-mckinsey-company-inc-hungary-magyarorszagi-fioktelepe-2848872?sessionId=ed7061b1d89e7c95ce70868e0e3baa03,2026-03-08,2026-03-25,True,Budapest,,English: B2,Bachelor,,,On-site,Full-time,1-3 years
2848818,Medior Software Engineer,Digital Natives Szolgáltató Zrt.,https://www.profession.hu/allas/medior-software-engineer-digital-natives-szolgaltato-zrt-2848818?sessionId=ed7061b1d89e7c95ce70868e0e3baa03,2026-03-08,2026-03-25,True,,,English: B1,High School with Diploma,"React, TypeScript","AGILE, REACT, TESTING, CLEAN CODE, SCRUM, HTML5, CSS, GIT, SASS",Remote,Full-time,1-3 years
2848812,"Rendszerparaméterező, riport-és szövegszerkesztő",Multilogic Tanácsadó és Informatikai Kft.,https://www.profession.hu/allas/rendszerparameterezo-riport-es-szovegszerkeszto-multilogic-tanacsado-es-informatikai-kft-2848812?sessionId=ed7061b1d89e7c95ce70868e0e3baa03,2026-03-08,2026-03-25,True,Budapest,,,Felsőfokú végzettség,,Microsoft Office magas szintű ismerete,On-site,Full-time,0-1 years
2848811,Robotics Engineer – Digital Twin & Simulation,High Tech Engineering Center Kft.,https://www.profession.hu/allas/robotics-engineer-digital-twin-simulation-high-tech-engineering-center-kft-budapest-2848811?sessionId=ed7061b1d89e7c95ce70868e0e3baa03,2026-03-08,2026-03-25,True,Budapest,,,"Bachelor’s or Master’s degree in Robotics, Computer Science, Mechanical Engineering, or a related field","Python, C++","NVIDIA Omniverse, Isaac Sim, Isaac Lab, OpenUSD, ROS2, Pytorch, TensorFlow, Keras",,Full-time,3-5 years
2848808,Infrastructure Projects - GIS Consultant with German,Accenture Korlátolt Felelősségű Társaság,https://www.profession.hu/allas/infrastructure-projects-gis-consultant-with-german-accenture-korlatolt-felelossegu-tarsasag-2848808?sessionId=ed7061b1d89e7c95ce70868e0e3baa03,2026-03-08,2026-03-25,True,Budapest,,"English: B2, German: B2",High School with Diploma,,"ARCGIS, AGILE, SCRUM, JIRA, CONFLUENCE",Hybrid,Full-time,0-1 years
2848806,Senior Backend Developer,Drótposta Consulting Informatikai Tanácsadó Kft.,https://www.profession.hu/allas/senior-backend-developer-drotposta-consulting-informatikai-tanacsado-kft-2848806?sessionId=ed7061b1d89e7c95ce70868e0e3baa03,2026-03-08,2026-03-25,True,Budapest,,,Középiskola,"Java, Spring Framework, Spring Boot, Spring Data, REST APIs, JSON","Git, Camunda, Kafka, Spring Security, OAuth, Docker, Kubernetes, AWS, IntelliJ IDEA, Jenkins, Cucumber, Gherkin",Hybrid,Full-time,0-1 years
2848802,Identity management developer,CDSYS Nyrt.,https://www.profession.hu/allas/identity-management-developer-cdsys-nyrt-2848802?sessionId=ed7061b1d89e7c95ce70868e0e3baa03,2026-03-08,2026-03-25,True,Budapest,,English: B2,Középiskola,"Java, SQL, REST, ANGULAR, ORACLE C","Visual Basic, IDM rendszerek (OneIdentity, Oracle)",Hybrid,Full-time,3-5 years
2848797,Szoftverfejlesztő gyakornok,AgileXpert Szoftverfejlesztő és Tanácsadó Kft.,https://www.profession.hu/allas/szoftverfejleszto-gyakornok-agilexpert-szoftverfejleszto-es-tanacsado-kft-2848797?sessionId=ed7061b1d89e7c95ce70868e0e3baa03,2026-03-08,2026-03-25,True,Budapest,,English: B1,Bachelor,,,Half-time,Short-term,
2848789,Backend Engineer (NodeJS) - Afternoon shift,Supercharge Kft.,https://www.profession.hu/allas/backend-engineer-nodejs-afternoon-shift-supercharge-kft-2848789?sessionId=ed7061b1d89e7c95ce70868e0e3baa03,2026-03-08,2026-03-25,True,Budapest,,English: B2,Középiskola,"NodeJS, JavaScript, Python, PowerShell","Docker, SQL databases (PostgreSQL preferred), AWS, Google Cloud, OpenAI, Tailscale, CI/CD pipelines",Full-time,Full-time,3-5 years
2848779,AI Inference Engineer,High Tech Engineering Center Kft.,https://www.profession.hu/allas/ai-inference-engineer-high-tech-engineering-center-kft-budapest-2848779?sessionId=ed7061b1d89e7c95ce70868e0e3baa03,2026-03-08,2026-03-25,True,Budapest,,,"Bachelor’s degree in Computer Science, Engineering, Mathematics, or related discipline","C/C++, Python","Linux, OpenCL, CUDA, Triton Inference Server, DeepSpeed Inference, vLLM, PyTorch, TensorFlow, ONNX Runtime, TVM, IREE, XLA, Gloo, MPI",On-site,Full-time,3-5 years
2848777,Junior JavaScript fejlesztő,FIT Solutions Kft.,https://www.profession.hu/allas/junior-javascript-fejleszto-fit-solutions-kft-szeged-2848777?sessionId=ed7061b1d89e7c95ce70868e0e3baa03,2026-03-08,2026-03-25,True,Szeged,,"English: B2, Hungarian: B2",Secondary education with diploma,"JavaScript, PHP, Vue.js, Angular, Node.js, Docker, Laravel","Git, MVC, PostgreSQL, MongoDB, REST API",Hybrid,Full-time,0-1 years
2848775,"Staff Software Engineer, Physical & Edge AI Platforms",ARM Hungary Kft.,https://www.profession.hu/allas/staff-software-engineer-physical-edge-ai-platforms-arm-hungary-kft-2848775?sessionId=ed7061b1d89e7c95ce70868e0e3baa03,2026-03-08,2026-03-08,False,,"$202,300-$273,700 per year",,Középiskola,"C, C++, Rust, Go, Python","Linux, API, SDKs, Developer tooling",Hybrid,Full-time,5+ years
2848772,IT Projektmenedzser,Mint Consulting Kft.,https://www.profession.hu/allas/it-projektmenedzser-mint-consulting-kft-2848772?sessionId=ed7061b1d89e7c95ce70868e0e3baa03,2026-03-08,2026-03-25,True,Budapest,,English: B2,High School with Diploma,,PMP,Hybrid,Full-time,3-5 years
2848761,Frontend Developer,Wysio Informatikai és Szoftverfejlesztő Kft.,https://www.profession.hu/allas/frontend-developer-wysio-informatikai-es-szoftverfejleszto-kft-szeged-2848761?sessionId=ed7061b1d89e7c95ce70868e0e3baa03,2026-03-08,2026-03-25,True,Szeged,,English: B1,Secondary School with Diploma,"TypeScript, JavaScript, HTML, CSS, Angular","Agile methodology, Unit test framework, CSS preprocessor, RXJS",Hybrid,Full-time,1-3 years
2848753,Senior frontend developer,W5 Informatikai Kft.,https://www.profession.hu/allas/senior-frontend-developer-w-informatikai-kft-pecs-2848753?sessionId=ed7061b1d89e7c95ce70868e0e3baa03,2026-03-08,2026-03-25,True,Pécs,,English: B1,Bachelor,"TypeScript, CSS, HTML5, JavaScript (Angular, React, Vue)","Webpack, Agile/Scrum",Full-time,Full-time,3-5 years
2848748,Senior backend developer,W5 Informatikai Kft.,https://www.profession.hu/allas/senior-backend-developer-w-informatikai-kft-pecs-2848748?sessionId=ed7061b1d89e7c95ce70868e0e3baa03,2026-03-08,2026-03-25,True,,,English: B2,High School with Diploma,"PHP, MySQL/MariaDB","Laravel, Symfony, Agilis, Clean Code, Scrum, CI/CD, Elasticsearch, Redis, Monitoring/Alerting tools",Remote,Full-time,3-5 years
2848743,Medior szoftverfejlesztő,AgileXpert Szoftverfejlesztő és Tanácsadó Kft.,https://www.profession.hu/allas/medior-szoftverfejleszto-agilexpert-szoftverfejleszto-es-tanacsado-kft-2848743?sessionId=ed7061b1d89e7c95ce70868e0e3baa03,2026-03-08,2026-03-25,True,Budapest,,"English: B1, German: Upper-intermediate",Secondary education with diploma,"Java, OOP languages, SQL","Agile methodologies, Continuous Integration tools",Hybrid,Full-time,3-5 years
2848733,Project manager,W5 Informatikai Kft.,https://www.profession.hu/allas/project-manager-w-informatikai-kft-pecs-2848733?sessionId=ed7061b1d89e7c95ce70868e0e3baa03,2026-03-08,2026-03-25,True,Pécs,,English: B1,High School with Diploma,,"MS Office, Project management software",On-site,Full-time,0-1 years
2848725,(Senior) Verification Engineer,ARM Hungary Kft.,https://www.profession.hu/allas/senior-verification-engineer-arm-hungary-kft-2848725?sessionId=ed7061b1d89e7c95ce70868e0e3baa03,2026-03-08,2026-03-18,False,Budapest,,,Főiskola,"C, C++, Assembly, SystemVerilog, Tcl, Perl, Python",UVM,Hybrid,Full-time,3-5 years
2830299,Incident Response Analyst,IPACKCHEM Kft.,https://www.profession.hu/allas/incident-response-analyst-ipackchem-kft-2830299?sessionId=ed7061b1d89e7c95ce70868e0e3baa03,2026-03-08,2026-03-08,False,Budapest,,,"Bachelor’s Degree in the field of computer science, information systems, or information security and previous security response experience, or; Associate degree in the field of computer science, information systems, or information security and 3 years' equivalent work experience, or; Combined 5 years of equivalent education and experience.",,"SECURITY BACKUP, VPN, NETWORK, CLOUD, TROUBLESHOOTING",Full-time,Full-time,1-3 years
2849369,Associate Project Manager,Melon HR Technology Kft.,https://www.profession.hu/allas/associate-project-manager-melon-hr-technology-kft-szekesfehervar-2849369?sessionId=ed7061b1d89e7c95ce70868e0e3baa03,2026-03-09,2026-03-20,False,Székesfehérvár,,"English: B2, German: Intermediate, French: Intermediate, Italian: Intermediate",Bachelor,,"SAP, MS Office, Jira",Home-Office,Full-time,1-3 years
2849303,IT üzleti elemző,PHOENIX Pharma Zrt.,https://www.profession.hu/allas/it-uzleti-elemzo-phoenix-pharma-zrt-fot-2849303?sessionId=ed7061b1d89e7c95ce70868e0e3baa03,2026-03-09,2026-03-25,True,Fót,,English: B2,Bachelor,,"AGILIS, BPMN, UAT, VÍZESÉS",Home-Office,Full-time,3-5 years
2849285,Power BI szakértő,Trans-Sped Kft.,https://www.profession.hu/allas/power-bi-szakerto-trans-sped-kft-budapest-2849285?sessionId=ed7061b1d89e7c95ce70868e0e3baa03,2026-03-09,2026-03-25,True,Budapest,,English: A2,Bachelor,DAX,"BI COGNOS, POWER BI",Home-Office,Full-time,3-5 years
2849274,Tesztmérnökségi csoportvezető,Knorr-Bremse,https://www.profession.hu/allas/tesztmernoksegi-csoportvezeto-knorr-bremse-budapest-2849274?sessionId=ed7061b1d89e7c95ce70868e0e3baa03,2026-03-09,2026-03-25,True,Budapest,,English: B1,Bachelor,,,On-site,Full-time,1-3 years
2849249,"Java Backend Fejlesztő (Spring Boot, Elastic Stack)",GriffSoft Zrt.,https://www.profession.hu/allas/java-backend-fejleszto-spring-boot-elastic-stack-griffsoft-zrt-budapest-2849249?sessionId=ed7061b1d89e7c95ce70868e0e3baa03,2026-03-09,2026-03-25,True,Budapest,,English: B2,Bachelor,"Java, Python, Go","Spring Boot, Docker, Linux (Debian), Git, Elastic Stack, Gradle",Hybrid,Full-time,3-5 years
2849228,Java Developer,ShiwaForce.com Zrt,https://www.profession.hu/allas/java-developer-shiwaforce-com-zrt-budapest-2849228?sessionId=ed7061b1d89e7c95ce70868e0e3baa03,2026-03-09,2026-03-25,True,Budapest,,English: B2,Bachelor,"Java, Spring Boot, SQL, Maven, REST, JSON","Docker, Kafka, PostgreSQL, Git, DevOps, MySQL, NoSQL, Ansible",Hybrid,Full-time,3-5 years
2848323,Tesztelő technikus,TECHNOORG-LINDA Kft.,https://www.profession.hu/allas/tesztelo-technikus-technoorg-linda-kft-budapest-2848323?sessionId=ed7061b1d89e7c95ce70868e0e3baa03,2026-03-09,2026-03-25,True,Budapest,,,Felsőoktatási szakképzés,,,Teljes munkaidő,Alkalmazotti jogviszony,5-10 év tapasztalat
2849157,Senior Data Quality Analyst,Molekuláris- Ujjlenyomat Kutató Központ Nonprofit Kft.,https://www.profession.hu/allas/senior-data-quality-analyst-molekularis-ujjlenyomat-kutato-kozpont-nonprofit-kft-budapest-2849157/pro?sessionId=ed7061b1d89e7c95ce70868e0e3baa03,2026-03-09,2026-03-25,True,Budapest,,English: C2,PhD,"R, Python","Git, SOPs, Changelogs","Home-Office, 1 day per week",Full-time,5+ years
2848988,senior folyamatmenedzsment szakértő,MVM Informatika Zrt.,https://www.profession.hu/allas/senior-folyamatmenedzsment-szakerto-mvm-informatika-zrt-budapest-2848988?sessionId=ed7061b1d89e7c95ce70868e0e3baa03,2026-03-09,2026-03-25,True,Budapest,,,Főiskola,,"ITIL, VISIO, ARIS, BI, AGILIS, POWER BI",Teljes munkaidő,Általános munkarend,5-10 év tapasztalat
2848987,Medior folyamatmenedzsment szakértő,MVM Informatika Zrt.,https://www.profession.hu/allas/medior-folyamatmenedzsment-szakerto-mvm-informatika-zrt-budapest-2848987?sessionId=ed7061b1d89e7c95ce70868e0e3baa03,2026-03-09,2026-03-25,True,Budapest,,,Főiskola,,"VISIO, MS OFFICE WORD, POWERPOINT, EXCEL",,Teljes munkaidő,3-5 év tapasztalat
2848986,Folyamatmenedzsment portfólió szakértő,MVM Informatika Zrt.,https://www.profession.hu/allas/folyamatmenedzsment-portfolio-szakerto-mvm-informatika-zrt-budapest-2848986?sessionId=ed7061b1d89e7c95ce70868e0e3baa03,2026-03-09,2026-03-25,True,Budapest,,,Főiskola,,"Excel, PowerPoint",On-site,Full-time,5-10 év tapasztalat
2849094,Business Process System Engineer 80 - 100 %,Hamilton Bonaduz AG,https://www.profession.hu/allas/business-process-system-engineer-hamilton-bonaduz-ag-2849094?sessionId=ed7061b1d89e7c95ce70868e0e3baa03,2026-03-09,2026-03-11,False,Bonaduz,,"English: B2, German: B2",Bachelor,,SAP S/4HANA,On-site,Full-time,1-3 years
2849078,Business Process System Engineer 80 - 100 %,Hamilton Bonaduz AG,https://www.profession.hu/allas/business-process-system-engineer-hamilton-bonaduz-ag-2849078?sessionId=ed7061b1d89e7c95ce70868e0e3baa03,2026-03-09,2026-03-11,False,Bonaduz,,"English: B2, German: B2",Bachelor,,SAP S/4HANA,On-site,Full-time,1-3 years
2849061,Senior Software Engineer C++,ITech Consult AG,https://www.profession.hu/allas/senior-software-engineer-c-itech-consult-ag-2849061?sessionId=ed7061b1d89e7c95ce70868e0e3baa03,2026-03-09,2026-03-11,False,Rotkreuz,,English: B2,Bachelor,"C++, Linux Docker","CAN bus, Agile Environment, RabbitMQ",On-site,Full-time,3-5 years
2849058,Innovation Engineer - Robotics Lead,Belimed AG,https://www.profession.hu/allas/innovation-engineer-robotics-lead-belimed-ag-2849058?sessionId=ed7061b1d89e7c95ce70868e0e3baa03,2026-03-09,2026-03-23,False,Zug,,"English: B2, German: A1",Bachelor,"C/C++, Python, Go","ROS/ROS2, SLAM, motion planning and perception systems, Git, NVIDIA Isaac Sim",On-site,Full-time,1-3 years
2849057,Senior Software Engineer C++,Swisslinx,https://www.profession.hu/allas/senior-software-engineer-c-swisslinx-2849057?sessionId=ed7061b1d89e7c95ce70868e0e3baa03,2026-03-09,2026-03-13,False,Rotkreuz,,English: B2,Bachelor,C++,"Linux, Agile, Scrum, Docker, CAN bus communication",Hybrid (50% remote),Full-time,5+ years
2849054,"Director of Technology, Development & Innovation",Bruker Switzerland AG,https://www.profession.hu/allas/director-of-technology-development-innovation-bruker-switzerland-ag-2849054?sessionId=ed7061b1d89e7c95ce70868e0e3baa03,2026-03-09,2026-03-09,False,Füllinsdorf,,"English: C1, German: B2","Master’s degree in Engineering, Computer Science, Robotics, Automation, or a related technical field.",,"Jira, Confluence, PLM systems",On-site,Full-time,3-5 years
2849053,Technical Product Manager - CPE and Connect Home,Salt Mobile SA,https://www.profession.hu/allas/technical-product-manager-cpe-and-connect-home-salt-mobile-sa-2849053?sessionId=ed7061b1d89e7c95ce70868e0e3baa03,2026-03-09,2026-03-13,False,Prilly,,English: C1,Master’s degree in Telecommunications or Electrical Engineering,,,,Full-time,5-10 years
2849049,UX Researcher  | 80-100% | Hybrid working model | Zurich Switzerland,SMG Swiss Marketplace Group,https://www.profession.hu/allas/ux-researcher-hybrid-working-model-zurich-switzerland-smg-swiss-marketplace-group-2849049?sessionId=ed7061b1d89e7c95ce70868e0e3baa03,2026-03-09,2026-03-25,True,Zürich,,"English: C1, German: B2, French: B2",Bachelor,,"R, SPSS",Hybrid,Full-time,1-3 years
2849045,Senior Front Arena Risk Developer,Swisslinx,https://www.profession.hu/allas/senior-front-arena-risk-developer-swisslinx-2849045?sessionId=ed7061b1d89e7c95ce70868e0e3baa03,2026-03-09,2026-03-13,False,Zürich,,,Bachelor,"AEL, ACM, ADF","Git, Bitbucket",Hybrid,Full-time,5+ years
2849039,PRODUCT CATALOGUE MANAGER DIGITAL CHANNELS 100%,Swatch AG,https://www.profession.hu/allas/product-catalogue-manager-digital-channels-swatch-ag-2849039?sessionId=ed7061b1d89e7c95ce70868e0e3baa03,2026-03-09,2026-03-11,False,Biel/Bienne,,English: B2,Bachelor,,Salesforce Commerce Cloud,On-site,Full-time,1-3 years
2849037,Senior IT Service Owner & Application Responsible - FIS Applications,Swisslinx,https://www.profession.hu/allas/senior-it-service-owner-application-responsible-fis-applications-swisslinx-2849037?sessionId=ed7061b1d89e7c95ce70868e0e3baa03,2026-03-09,2026-03-10,False,Svájc,,"English: B2, German: A1",Főiskola,"Unix, Windows Server, PostgreSQL, SQL","AGILE TESTING, HARDWARE, UNIX, WINDOWS, DATABASE, POSTGRESQL, SQL",,Teljes munkaidő,3-5 év tapasztalat
2849036,Website Product Owner 80-100%,Curaden AG,https://www.profession.hu/allas/website-product-owner-curaden-ag-2849036?sessionId=ed7061b1d89e7c95ce70868e0e3baa03,2026-03-09,2026-03-17,False,Kriens,,"English: B2, German: Intermediate",Bachelor,,Shopify,On-site,Full-time,1-3 years
2849035,Fullstack Engineer Digital Solutions 80 - 100 %,Hamilton Medical AG,https://www.profession.hu/allas/fullstack-engineer-digital-solutions-hamilton-medical-ag-2849035?sessionId=ed7061b1d89e7c95ce70868e0e3baa03,2026-03-09,2026-03-25,True,Svájc,,English: B2,Főiskola,"C#, .NET, React","Azure, Docker, Kubernetes, Azure DevOps",Full-time,Fullstack Engineer Digital Solutions,3-5 years
2849033,Director in Cybersecurity Technology & Transformation,Aequor Consulting GmbH,https://www.profession.hu/allas/director-in-cybersecurity-technology-transformation-aequor-consulting-gmbh-2849033?sessionId=ed7061b1d89e7c95ce70868e0e3baa03,2026-03-09,2026-03-25,True,Basel,,"English: B2, German: A1, French: A1","Bachelor's or Master's degree in Computer Engineering, Electrical Engineering, Computer Science or a related technical field",,,Home office possibility,Full-time,5+ years
2849024,Engineer VoIP communication Systems,skyguide,https://www.profession.hu/allas/engineer-voip-communication-systems-skyguide-2849024?sessionId=ed7061b1d89e7c95ce70868e0e3baa03,2026-03-09,2026-03-25,True,Wangen b. Dübendorf,,"English: B2, German: B2, French: A1","Bachelor, Master","Python, Robot Framework","DEVOPS, PYTHON, ROBOT LINUX, NETWORK ACCESS, TEST AUTOMATION, ROBOT FRAMEWORK",,Full-time,1-3 years
2849022,Lead Data Science  | 100% | Hybrid working model | Zurich Switzerland,SMG Swiss Marketplace Group,https://www.profession.hu/allas/lead-data-science-hybrid-working-model-zurich-switzerland-smg-swiss-marketplace-group-2849022?sessionId=ed7061b1d89e7c95ce70868e0e3baa03,2026-03-09,2026-03-25,True,Zürich,,English: B2,Bachelor,"Python, SQL","ACCESS, WINDOWS, NETWORK, AGILE",Hybrid,Full-time,5+ years
2849019,Senior Software Engineer 80 - 100 %,Hamilton Bonaduz AG,https://www.profession.hu/allas/senior-software-engineer-hamilton-bonaduz-ag-2849019?sessionId=ed7061b1d89e7c95ce70868e0e3baa03,2026-03-09,2026-03-11,False,Svájc,,"English: B2, Német: B2",Bachelor,"C#, .NET, Python, JavaScript, TypeScript, Angular","Scrum, Testing, Automated Tests, Clean Code, AI-assisted tools and methods",Full-time,Full-time,1-3 years
2848979,Associate,"McKinsey & Company, Inc.Hungary Magyarországi Fióktelepe",https://www.profession.hu/allas/associate-mckinsey-company-inc-hungary-magyarorszagi-fioktelepe-2848979?sessionId=ed7061b1d89e7c95ce70868e0e3baa03,2026-03-09,2026-03-25,True,,,English: B2,Master,,,On-site with home office,Full-time,0-1 years
2848977,Business Analyst Intern,"McKinsey & Company, Inc.Hungary Magyarországi Fióktelepe",https://www.profession.hu/allas/business-analyst-intern-mckinsey-company-inc-hungary-magyarorszagi-fioktelepe-2848977?sessionId=ed7061b1d89e7c95ce70868e0e3baa03,2026-03-09,2026-03-23,False,Budapest,,English: B2,Undergraduate degree in progress,,"POWERPOINT, EXCEL",On-site,Short-term,
2848809,"Quantitative Modeler, Vice President",BlackRock Hungary Kft.,https://www.profession.hu/allas/quantitative-modeler-vice-president-blackrock-hungary-kft-2848809?sessionId=ed7061b1d89e7c95ce70868e0e3baa03,2026-03-09,2026-03-14,False,Budapest,,,Master,"Python, C++","Git, LINUX",Hybrid,Full-time,5+ years
2848975,Embedded Test Engineer - Tech Lead,ARM Hungary Kft.,https://www.profession.hu/allas/embedded-test-engineer-tech-lead-arm-hungary-kft-2848975?sessionId=ed7061b1d89e7c95ce70868e0e3baa03,2026-03-09,2026-03-09,False,Budapest,,,Középiskola,"C, Python",GitLab,Hybrid,Full-time,5+ years
2848972,"Software Engineer - QuantumBlack, AI by McKinsey","McKinsey & Company, Inc.Hungary Magyarországi Fióktelepe",https://www.profession.hu/allas/software-engineer-quantumblack-ai-by-mckinsey-mckinsey-company-inc-hungary-magyarorszagi-fioktelepe-2848972?sessionId=ed7061b1d89e7c95ce70868e0e3baa03,2026-03-09,2026-03-25,True,Budapest,,English: B2,Bachelor,"Python, Node.js, Java/Spring, C#, .NET, TypeScript, React, Angular, Vue, Next.js, Tailwind","SQL, NoSQL, vector databases, ETL, LLM frameworks, prompt orchestration, agent frameworks, MCPs, evaluation frameworks, Docker, CI/CD",On-site,Full-time,1-3 years
2848970,"Investment Data Automation Specialist, Associate",BlackRock Hungary Kft.,https://www.profession.hu/allas/investment-data-automation-specialist-associate-blackrock-hungary-kft-2848970?sessionId=ed7061b1d89e7c95ce70868e0e3baa03,2026-03-09,2026-03-14,False,Budapest,,English: B2,"Bachelor’s degree in Finance, Economics, IT or an equivalent combination of education","VBA, Python, SQL, Excel","Power Automate, Alteryx",Full-time,Full-time,1-3 years
2848966,Data Engineer,"McKinsey & Company, Inc.Hungary Magyarországi Fióktelepe",https://www.profession.hu/allas/data-engineer-mckinsey-company-inc-hungary-magyarorszagi-fioktelepe-2848966?sessionId=ed7061b1d89e7c95ce70868e0e3baa03,2026-03-09,2026-03-25,True,Budapest,,English: B2,Bachelor,,"ANALYTICS, SECURITY, CLOUD, MACHINE LEARNING, DEVOPS, POWERPOINT, AGILE, EXCEL",Full-time,Full-time,1-3 years
2847090,PRODUCT CATALOGUE MANAGER DIGITAL CHANNELS 100%,Swatch AG,https://www.profession.hu/allas/product-catalogue-manager-digital-channels-swatch-ag-2847090?sessionId=ed7061b1d89e7c95ce70868e0e3baa03,2026-03-09,2026-03-10,False,Biel/Bienne,,English: B2,Bachelor,,Salesforce Commerce Cloud,On-site,Full-time,1-3 years
2844942,IT Manager 100%,Staar Surgical AG,https://www.profession.hu/allas/it-manager-staar-surgical-ag-2844942?sessionId=ed7061b1d89e7c95ce70868e0e3baa03,2026-03-09,2026-03-25,True,Nidau,,"English: B2, French: A1, German: A1",Bachelor,,"Oracle, SAP, SECURITY ERP, HARDWARE",On-site,Full-time,5-10 years
2844939,Senior Lecturer in Machine Health Intelligence 80 - 100 %,ZHAW,https://www.profession.hu/allas/senior-lecturer-in-machine-health-intelligence-zhaw-2844939?sessionId=ed7061b1d89e7c95ce70868e0e3baa03,2026-03-09,2026-03-13,False,Svájc,,"English: B2, Német: B2",PhD,,,On-site,Full-time,3-5 years
2842221,Senior Manager IT Service Delivery & Operations,AO Foundation,https://www.profession.hu/allas/senior-manager-it-service-delivery-operations-ao-foundation-2842221?sessionId=ed7061b1d89e7c95ce70868e0e3baa03,2026-03-09,2026-03-10,False,,,"English: B2, German: Fluent",Bachelor,,"ServiceNow, Jira, SCCM",Hybrid,Full-time,5-10 years
2839535,Senior IT Service Owner in the region of Basel,Albedis AG,https://www.profession.hu/allas/senior-it-service-owner-in-the-region-of-basel-albedis-ag-2839535?sessionId=ed7061b1d89e7c95ce70868e0e3baa03,2026-03-09,2026-03-10,False,Basel,,"English: B2, German: A1, French: A1",Bachelor,,,On-site,Full-time,1-3 years
2850758,IT projektmenedzser,ZALEHY Kft,https://www.profession.hu/allas/it-projektmenedzser-zalehy-kft-szeged-2850758?sessionId=ed7061b1d89e7c95ce70868e0e3baa03,2026-03-10,2026-03-25,True,Szeged,,English: B2,Középiskola,,"AGILIS, SCRUM, JIRA, TRELLO, API, KANBAN, CHANGE MANAGEMENT",Hybrid,Full-time,3-5 years
2850741,IT szakértő,ZIEHL-ABEGG Kft.,https://www.profession.hu/allas/it-szakerto-ziehl-abegg-kft-marcali-2850741?sessionId=ed7061b1d89e7c95ce70868e0e3baa03,2026-03-10,2026-03-25,True,Marcali,,"German: B2, English: B1",Bachelor,,"MS Windows Server, Virtualized environment, Adaptive data center management, Active Directory administration, Software maintenance, Client and server-side applications, Network knowledge",Hybrid,Full-time,1-3 years
2850679,Software developer - Bioinformatician,PHARMAHUNGARY 2000 Kft.,https://www.profession.hu/allas/software-developer-bioinformatician-pharmahungary-kft-budapest-2850679/pro?sessionId=ed7061b1d89e7c95ce70868e0e3baa03,2026-03-10,2026-03-25,True,Budapest,,English: C2,Bachelor,"PHP, JavaScript, NodeJS, C/C++, Python, R","UNIX (GNU/Linux) command line, Version control system (e.g. git), Database systems (e.g. MySQL)",On-site,Full-time,Pályakezdő/friss diplomás
2850646,Firmware & Software Fejlesztő,MUSE Electronics Hungary Kft.,https://www.profession.hu/allas/firmware-software-fejleszto-muse-electronics-hungary-kft-budapest-2850646?sessionId=ed7061b1d89e7c95ce70868e0e3baa03,2026-03-10,2026-03-25,True,Budapest,,"English: B2, Hungarian: Native",Bachelor,,"LINUX, WINDOWS, GIT, ANDROID",Home-Office,Full-time,3-5 years
2850485,ERP belső tanácsadó,Magyar Vagon Business Solutions Kft.,https://www.profession.hu/allas/erp-belso-tanacsado-magyar-vagon-business-solutions-kft-budapest-2850485?sessionId=ed7061b1d89e7c95ce70868e0e3baa03,2026-03-10,2026-03-10,False,Budapest,,,Bachelor,,"ERP, UAT, SQL, BI, EXCEL, POWER BI",Hybrid,Full-time,3-5 years
2849744,Információbiztonsági tanácsadó,FORTIX Consulting Kft.,https://www.profession.hu/allas/informaciobiztonsagi-tanacsado-fortix-consulting-kft-budapest-2849744/pro?sessionId=ed7061b1d89e7c95ce70868e0e3baa03,2026-03-10,2026-03-25,True,Budapest,,English: C1,Bachelor,,"ISO, MS OFFICE WORD, AWS, CISSP, CISA, CISM, CRISC",Hybrid,Full-time,5-10 years
2849713,Consultant (Process & Service Excellence Specialist),E.ON Digital Technology Hungary Kft.,https://www.profession.hu/allas/consultant-process-service-excellence-specialist-e-on-digital-technology-hungary-kft-budapest-2849713?sessionId=ed7061b1d89e7c95ce70868e0e3baa03,2026-03-10,2026-03-22,False,Budapest,,English: B2,Bachelor,,"ITIL INCIDENT MANAGEMENT, BIC Process Design",On-site,Full-time,1-3 years
2849560,IT Infra Engineer,Huawei Technologies Hungary Kft.,https://www.profession.hu/allas/it-infra-engineer-huawei-technologies-hungary-kft-budapest-2849560?sessionId=ed7061b1d89e7c95ce70868e0e3baa03,2026-03-10,2026-03-25,True,Budapest,,English: C2,Bachelor,,"Linux, Oracle, MySQL, Docker, AWS, Azure",On-site,Full-time,1-3 years
2849555,Software Testing Engineer – Software Integration,Huawei Technologies Hungary Kft.,https://www.profession.hu/allas/software-testing-engineer-software-integration-huawei-technologies-hungary-kft-budapest-2849555?sessionId=ed7061b1d89e7c95ce70868e0e3baa03,2026-03-10,2026-03-25,True,Budapest,,English: B2,Bachelor,,"Laptop, Workstation",On-site,Full-time,1-3 years
2849525,IT fejlesztő,PHOENIX Pharma Zrt.,https://www.profession.hu/allas/it-fejleszto-phoenix-pharma-zrt-fot-2849525?sessionId=ed7061b1d89e7c95ce70868e0e3baa03,2026-03-10,2026-03-25,True,Fót,,English: B2,Főiskola,"JavaScript, PHP, Python, Bash, SQL, LINUX, DEBIAN, ORACLE, HTML, CSS","Git, POSTGRESQL, REST, BASH, PYTHON, SQL, LINUX, DEBIAN, ORACLE, HTML, CSS, GIT/GITHUB",Home office,Full-time,1-3 years
2849508,Rendszerszervező,Magyar Posta Zrt.,https://www.profession.hu/allas/rendszerszervezo-magyar-posta-zrt-budapest-2849508?sessionId=ed7061b1d89e7c95ce70868e0e3baa03,2026-03-10,2026-03-25,True,Budapest,,English: B2,Bachelor,,,On-site,Full-time,3-5 years
2849505,"Medior JAVA Fejlesztő (Spring Boot, Microservices)",Nova HR,https://www.profession.hu/allas/medior-java-fejleszto-spring-boot-microservices-nova-hr-budapest-2849505?sessionId=ed7061b1d89e7c95ce70868e0e3baa03,2026-03-10,2026-03-25,True,Budapest,,English: B2,Középiskola,"Java, Spring Boot","SQL, Maven, REST, JSON, GIT, Docker / Podman, Oracle, SonarQube, Redis, Kubernetes, CD/CI, Swagger/OpenAPI, MQ, Kafka",Hibrid,Full-time,3-5 years
2849504,Sr. Tesztautomatizáló mérnök,Nova HR,https://www.profession.hu/allas/sr-tesztautomatizalo-mernok-nova-hr-2849504?sessionId=ed7061b1d89e7c95ce70868e0e3baa03,2026-03-10,2026-03-25,True,Budapest,,English: B2,Bachelor,"Java, Selenium, Agilis, JMeter",,On-site,Full-time,3-5 years
2849393,Tech lead webdesign és -fejlesztő,Melon HR Technology Kft.,https://www.profession.hu/allas/tech-lead-webdesign-es-fejleszto-melon-hr-technology-kft-budapest-2849393?sessionId=ed7061b1d89e7c95ce70868e0e3baa03,2026-03-10,2026-03-20,False,Budapest,700000 Ft - 900000 Ft havi netto,English: B2,,"PHP, HTML, CSS, JS, REST API","WordPress, Shopify, Shoprenter, Unas",Hybrid,Full-time,3-5 years
2849384,IT Projektmenedzser,Melon HR Technology Kft.,https://www.profession.hu/allas/it-projektmenedzser-melon-hr-technology-kft-budapest-2849384?sessionId=ed7061b1d89e7c95ce70868e0e3baa03,2026-03-10,2026-03-25,True,"Budapest, XIII. kerület",,"English: B2, German: C1",Bachelor,,"Microsoft 365 (Word, Excel, PowerPoint, Outlook, Teams, SharePoint, DevOps)",Hybrid,Full-time,1-3 years
2849415,Core Rendszerek Tervező Csoportvezető,Magyar Posta Zrt.,https://www.profession.hu/allas/core-rendszerek-tervezo-csoportvezeto-magyar-posta-zrt-budapest-2849415?sessionId=ed7061b1d89e7c95ce70868e0e3baa03,2026-03-10,2026-03-25,True,Budapest,,English: B1,Bachelor,,"Enterprise Architect, EA, SAMU",On-site,Full-time,3-5 years
2850631,Irodai kisegítő diákmunka (IT területen) Tatabányán - AGC,MADS - Márton Áron Iskolaszövetkezet,https://www.profession.hu/allas/irodai-kisegito-diakmunka-it-teruleten-tatabanyan-agc-mads-marton-aron-iskolaszovetkezet-kornye-2850631?sessionId=ed7061b1d89e7c95ce70868e0e3baa03,2026-03-10,2026-03-25,True,,,,Középiskola,,"MS OFFICE, R, C, CI",On-site,Short-term,
2849539,Diákmunka - Beágyazott rendszereket tesztelő gyakornok,MŰISZ Iskolaszövetkezet,https://www.profession.hu/allas/diakmunka-beagyazott-rendszereket-tesztelo-gyakornok-muisz-iskolaszovetkezet-budapest-2849539?sessionId=ed7061b1d89e7c95ce70868e0e3baa03,2026-03-10,2026-03-17,False,Budapest XI. kerület,,"English: B1, Hungarian: Native",Secondary education with diploma,Python,"Linux, Selenium, SVN, Jenkins, Behave",Hybrid,Full-time,
2833453,DevOps Engineer,OmniLogic Kft.,https://www.profession.hu/allas/devops-engineer-omnilogic-kft-gyor-2833453?sessionId=ed7061b1d89e7c95ce70868e0e3baa03,2026-03-10,2026-03-20,False,Győr,,English: B2,Bachelor,"Python, Ansible, Docker, Git","Jenkins, Bamboo, Nexus, Grafana, Kibana",Remote,Full-time,Pályakezdő/friss diplomás
2850499,Solution Architect,Mammut Sports Group AG,https://www.profession.hu/allas/solution-architect-mammut-sports-group-ag-2850499?sessionId=ed7061b1d89e7c95ce70868e0e3baa03,2026-03-10,2026-03-10,False,Seon,,"English: C1, German: B2",Bachelor,,"DYNAMICS BI ENTERPRISE ARCHITECT, TESTING MIDDLEWARE API ACCESS, POWER BI, REGRESSION TESTING, PROJECT MANAGEMENT PMP, SCRUM, CONFLUENCE, JIRA, AGILE",Hybrid,Full-time,5-10 years
2850498,Lead Data Scientist  | 100% | Hybrid working model | Zurich Switzerland,SMG Swiss Marketplace Group,https://www.profession.hu/allas/lead-data-scientist-hybrid-working-model-zurich-switzerland-smg-swiss-marketplace-group-2850498?sessionId=ed7061b1d89e7c95ce70868e0e3baa03,2026-03-10,2026-03-25,True,"Zürich, Switzerland",,English: B2,Bachelor,"Python, SQL","Laptop, Windows, NETWORK ACCESS, PYTHON, SQL, WINDOWS, MACHINE LEARNING, AGILE",Hybrid,Full-time,5+ years
2850468,Junior project manager,Innomatrix Services Kft.,https://www.profession.hu/allas/junior-project-manager-innomatrix-services-kft-2850468?sessionId=ed7061b1d89e7c95ce70868e0e3baa03,2026-03-10,2026-03-25,True,,,English: B2,Bachelor,,"Microsoft Office, ITIL, Network Security, Project Management, PMP",Full-time,Full-time,1-3 years
2850464,Java Developer,Innomatrix Services Kft.,https://www.profession.hu/allas/java-developer-innomatrix-services-kft-2850464?sessionId=ed7061b1d89e7c95ce70868e0e3baa03,2026-03-10,2026-03-25,True,,,English: B2,Bachelor,"Java, SQL, LINUX, ORACLE, GIT, DOCKER","ORACLE, GIT, DOCKER, DATABASE, JAVA, SQL, LINUX, TESTING, JUNIT, MAVEN, SCRUM, CLEAN CODE",Hybrid,Full-time,1-3 years
2850443,Talent & Learning Technology Team Lead,KOSTAL Global Business Services Center Kft.,https://www.profession.hu/allas/talent-learning-technology-team-lead-kostal-global-business-services-center-kft-2850443?sessionId=ed7061b1d89e7c95ce70868e0e3baa03,2026-03-10,2026-03-23,False,Budapest,,English: B1,Bachelor,,"Cornerstone On Demand, SmartRecruiters, SAP HCM, Microsoft 365",Hybrid,Full-time,5+ years
2850441,Senior GCP Data Engineer,Accenture Korlátolt Felelősségű Társaság,https://www.profession.hu/allas/senior-gcp-data-engineer-accenture-korlatolt-felelossegu-tarsasag-2850441?sessionId=ed7061b1d89e7c95ce70868e0e3baa03,2026-03-10,2026-03-25,True,Budapest,,English: B2+,"Bachelor’s or Master’s degree in Computer Science, Engineering, or a related technical field","Python, SQL","Git, Terraform, BigQuery, Dataflow, Pub/Sub, Dataproc, Composer, Azure ADF, Synapse, Databricks, AWS Glue, Redshift, EMR, Power BI, Tableau, Docker, Kubernetes",Hybrid,Full-time,5+ years
2850438,Brand Experience – QA Engineer,Betsson Group,https://www.profession.hu/allas/brand-experience-qa-engineer-betsson-group-2850438?sessionId=ed7061b1d89e7c95ce70868e0e3baa03,2026-03-10,2026-03-25,True,Budapest,,,Középiskola,"JavaScript, TypeScript","Playwright, Cypress, Selenium, WebdriverIO, Allure, Grafana, Kibana, OpenSearch, GitHub Actions, TeamCity",Hybrid,Full-time,3-5 years
2850437,Player Management – Fullstack Software Engineer,Betsson Group,https://www.profession.hu/allas/player-management-fullstack-software-engineer-betsson-group-2850437?sessionId=ed7061b1d89e7c95ce70868e0e3baa03,2026-03-10,2026-03-25,True,Budapest,,English: B2,Középiskola,"C#, .NET, Angular, TypeScript","Docker, AWS, PostgreSQL, MSSQL, Couchbase, OpenSearch, Elasticsearch, Playwright, Cypress, Kafka, RabbitMQ, Agile tools",Hybrid,Full-time,5+ years
2850425,Brand Experience – Senior Frontend Software Engineer,Betsson Group,https://www.profession.hu/allas/brand-experience-senior-frontend-software-engineer-betsson-group-2850425?sessionId=ed7061b1d89e7c95ce70868e0e3baa03,2026-03-10,2026-03-25,True,Budapest,,,Középiskola,"TypeScript, JavaScript, Angular, React+Redux, Vue.js","HTML, CSS, AWS, Agile (Scrum)",Hybrid,Full-time,
2850422,IT Project Manager,Mortoff Informatikai Tanácsadó és Szolgáltató Kft.,https://www.profession.hu/allas/it-project-manager-mortoff-informatikai-tanacsado-es-szolgaltato-kft-2850422?sessionId=ed7061b1d89e7c95ce70868e0e3baa03,2026-03-10,2026-03-25,True,Budapest,,,Bachelor,,"Jira, PMP, Scrum, MS Project, AWS, Azure, Kanban, Trello",Hybrid,Full-time,3-5 years
2850420,Sportsbook – Data Engineer,Betsson Group,https://www.profession.hu/allas/sportsbook-data-engineer-betsson-group-2850420?sessionId=ed7061b1d89e7c95ce70868e0e3baa03,2026-03-10,2026-03-25,True,Budapest,,English: B2,Középiskola,"SQL, Python, .NET, R, Scala","MSSQL, Cloud AWS Azure, PowerBI, Git, PostgreSQL, Agile Scrum, Incident Management",Hybrid,Full-time,3-5 years
2850415,Java fejlesztő,Mortoff Informatikai Tanácsadó és Szolgáltató Kft.,https://www.profession.hu/allas/java-fejleszto-mortoff-informatikai-tanacsado-es-szolgaltato-kft-2850415?sessionId=ed7061b1d89e7c95ce70868e0e3baa03,2026-03-10,2026-03-25,True,Budapest,,English: B1,Secondary education with diploma,"Java, Kotlin","Spring Framework, Hibernate, REST API, Microservices architecture, SQL databases (MySQL, PostgreSQL), NoSQL databases (MongoDB), Docker, Kubernetes, CI/CD pipelines, AWS, Azure",Hybrid,Full-time,3-5 years
2850413,Staff Release Automation Engineer (Embedded),ARM Hungary Kft.,https://www.profession.hu/allas/staff-release-automation-engineer-embedded-arm-hungary-kft-2850413?sessionId=ed7061b1d89e7c95ce70868e0e3baa03,2026-03-10,2026-03-25,True,Budapest,,,Középiskola,"Python, Bash","GIT, DOCKER, PYTHON, BASH, LINUX, SECURITY, JIRA, CI",Hybrid,Full-time,
2850399,"Python fejlesztő (Python, Django)",Innovative Software Solutions Kft.,https://www.profession.hu/allas/python-fejleszto-python-django-innovative-software-solutions-kft-dunakeszi-2850399?sessionId=ed7061b1d89e7c95ce70868e0e3baa03,2026-03-10,2026-03-11,False,Dunakeszi,,English: B2,High School with Diploma,"Python, C","PostgreSQL, MSSQL, Entity Framework, Laravel, DevOps, Frontend (React), Agile CI",Remote,Full-time,1-3 years
2850398,.Net fejlesztő,Mortoff Informatikai Tanácsadó és Szolgáltató Kft.,https://www.profession.hu/allas/net-fejleszto-mortoff-informatikai-tanacsado-es-szolgaltato-kft-2850398?sessionId=ed7061b1d89e7c95ce70868e0e3baa03,2026-03-10,2026-03-25,True,,,English: B2,High School with Diploma,"C#, .NET, SQL, HTML, CSS, JavaScript, React/Angular","AGILIS SQL, ANGULAR, POSTGRESQL, ASP.NET, AWS, REACT, DOCKER, JAVASCRIPT, FRONTEND DEVOPS, WEB API, NOSQL API",Remote,Full-time,3-5 years
2850395,Manuális tesztelő,Mortoff Informatikai Tanácsadó és Szolgáltató Kft.,https://www.profession.hu/allas/manualis-tesztelo-mortoff-informatikai-tanacsado-es-szolgaltato-kft-2850395?sessionId=ed7061b1d89e7c95ce70868e0e3baa03,2026-03-10,2026-03-25,True,Budapest,,Magyar középfok,Középiskola,,"API, JIRA, AGILE, SCRUM, AUTOMATIZÁLÁS",Hybrid,Full-time,0-1 years
2850390,"Application Engineer, Vice President",BlackRock Hungary Kft.,https://www.profession.hu/allas/application-engineer-vice-president-blackrock-hungary-kft-2850390?sessionId=ed7061b1d89e7c95ce70868e0e3baa03,2026-03-10,2026-03-14,False,Budapest,,,"Bachelor’s or Master’s degree in computer science, Engineering, or a related technical field",Java 17+,"RESTful APIs, GraphQL, SQL and NoSQL (Cassandra, Ignite), Spring Framework and Spring Boot web services, React, Angular",Hybrid,Full-time,5-10 years’ experience
2850389,IT Rendszerszervező,Mortoff Informatikai Tanácsadó és Szolgáltató Kft.,https://www.profession.hu/allas/it-rendszerszervezo-mortoff-informatikai-tanacsado-es-szolgaltato-kft-2850389?sessionId=ed7061b1d89e7c95ce70868e0e3baa03,2026-03-10,2026-03-25,True,Budapest,,,Bachelor,,SQL,Hybrid,Full-time,0-1 years
2850382,Backend Tech Lead (Java/Kotlin),Supercharge Kft.,https://www.profession.hu/allas/backend-tech-lead-java-kotlin-supercharge-kft-szeged-2850382?sessionId=ed7061b1d89e7c95ce70868e0e3baa03,2026-03-10,2026-03-25,True,Szeged,,English: B2,Középiskola,"Java, Kotlin","Spring, Micronaut, SQL, NoSQL databases, AWS, Azure, Clean Code",Full-time,Full-time,
2850380,Sportsbook – Backend Software Engineer,Betsson Group,https://www.profession.hu/allas/sportsbook-backend-software-engineer-betsson-group-2850380?sessionId=ed7061b1d89e7c95ce70868e0e3baa03,2026-03-10,2026-03-25,True,Budapest,,English: B2,Középiskola,"C#, .NET Core, SQL","REST APIs, AWS, Azure, Docker, Agile development, Unit testing frameworks",Hybrid,Full-time,0-1 years
2850378,Sportsbook – Backend Engineering Tech Lead,Betsson Group,https://www.profession.hu/allas/sportsbook-backend-engineering-tech-lead-betsson-group-2850378?sessionId=ed7061b1d89e7c95ce70868e0e3baa03,2026-03-10,2026-03-25,True,Budapest,,,Középiskola,"C#, .NET","AWS, Azure, GCP, SQL, PostgreSQL, MongoDB, Redis, Docker, Kubernetes",Hybrid,Full-time,5+ years
2850376,IT Business Analyst,Mortoff Informatikai Tanácsadó és Szolgáltató Kft.,https://www.profession.hu/allas/it-business-analyst-mortoff-informatikai-tanacsado-es-szolgaltato-kft-2850376?sessionId=ed7061b1d89e7c95ce70868e0e3baa03,2026-03-10,2026-03-25,True,Budapest,,English: B2,Bachelor,"Java, Python","AGILE, UML, SAP, ORACLE, SQL, ERP, DYNAMICS, PMI, PMP, BPMN",Hybrid,Full-time,3-5 years
2850364,Player Management – Backend Engineering Team Lead,Betsson Group,https://www.profession.hu/allas/player-management-backend-engineering-team-lead-betsson-group-2850364?sessionId=ed7061b1d89e7c95ce70868e0e3baa03,2026-03-10,2026-03-25,True,Budapest,,English: B2,Középiskola,,"Docker, SQL, NoSQL Databases, PostgreSQL, AWS, Agile Scrum",Hybrid,Full-time,3-5 years
2850360,Salesforce Developer,Accenture Korlátolt Felelősségű Társaság,https://www.profession.hu/allas/salesforce-developer-accenture-korlatolt-felelossegu-tarsasag-2850360?sessionId=ed7061b1d89e7c95ce70868e0e3baa03,2026-03-10,2026-03-25,True,Budapest,,English: B2,Középiskola,"Java, .NET, C#, HTML, CSS, JavaScript, SQL","Salesforce, Einstein Platform, Lightning Web Components, Apex, Flows, Git, REST, SOAP, Platform Events, Middleware",Hybrid,Full-time,3-5 years
2850358,Sportsbook – Frontend QA Engineer (Manual),Betsson Group,https://www.profession.hu/allas/sportsbook-frontend-qa-engineer-manual-betsson-group-2850358?sessionId=ed7061b1d89e7c95ce70868e0e3baa03,2026-03-10,2026-03-25,True,Budapest,,,Középiskola,,"TestRail, JIRA, Confluence",Hybrid,Full-time,1-3 years
2850354,AI Engineer,Betsson Group,https://www.profession.hu/allas/ai-engineer-betsson-group-2850354?sessionId=ed7061b1d89e7c95ce70868e0e3baa03,2026-03-10,2026-03-25,True,Budapest,,,Középiskola,,,Hybrid,Full-time,0-1 years
2850352,Player Management – Backend QA Engineer,Betsson Group,https://www.profession.hu/allas/player-management-backend-qa-engineer-betsson-group-2850352?sessionId=ed7061b1d89e7c95ce70868e0e3baa03,2026-03-10,2026-03-23,False,Budapest,,,Bachelor’s Degree in Computer Science or equivalent.,C#,"Docker, AWS, K6, JMeter, Github Actions, TeamCity",Hybrid,Full-time,3-5 years
2850349,Senior Product Designer,Betsson Group,https://www.profession.hu/allas/senior-product-designer-betsson-group-2850349?sessionId=ed7061b1d89e7c95ce70868e0e3baa03,2026-03-10,2026-03-25,True,Budapest,,English: B2,Középiskola,,"Sketch, Figma, Adobe XD, InVision, Webflow, Axure RP",On-site,Full-time,3-5 years
2850343,Player Management – Backend Architect,Betsson Group,https://www.profession.hu/allas/player-management-backend-architect-betsson-group-2850343?sessionId=ed7061b1d89e7c95ce70868e0e3baa03,2026-03-10,2026-03-25,True,Budapest,,,Középiskola,,"BACKEND SECURITY, DOCKER, SQL, NOSQL, CLOUD, AWS",Hybrid,Full-time,0-1 years
2850340,Sportsbook – Frontend Software Engineer,Betsson Group,https://www.profession.hu/allas/sportsbook-frontend-software-engineer-betsson-group-2850340?sessionId=ed7061b1d89e7c95ce70868e0e3baa03,2026-03-10,2026-03-25,True,Budapest,,English: B2,Középiskola,"JavaScript, TypeScript, HTML5, CSS, C#","Angular, Redux (ngRx), RxJS, Angular Material, Sass, .NET MVC, Web API, WCF, SQL, REST",Hybrid,Full-time,0-1 years
2850337,Automatizált tesztelő,Mortoff Informatikai Tanácsadó és Szolgáltató Kft.,https://www.profession.hu/allas/automatizalt-tesztelo-mortoff-informatikai-tanacsado-es-szolgaltato-kft-2850337?sessionId=ed7061b1d89e7c95ce70868e0e3baa03,2026-03-10,2026-03-25,True,Budapest,,English: B1,Secondary education with diploma,"C#, Java, Groovy, Python","Selenium, Appium, Playwright, Cypress, TestNG, JUnit, NUnit, Maven, Gradle, MSBuild, TeamCity, Jenkins, GitLab CI, Azure DevOps, Postman, RestAssured, SoapUI, Jira, Redmine, Docker, Kubernetes",Hybrid,Full-time,0-1 years
2850330,Frontend fejlesztő,Mortoff Informatikai Tanácsadó és Szolgáltató Kft.,https://www.profession.hu/allas/frontend-fejleszto-mortoff-informatikai-tanacsado-es-szolgaltato-kft-2850330?sessionId=ed7061b1d89e7c95ce70868e0e3baa03,2026-03-10,2026-03-25,True,Budapest,,,Középiskola,"HTML, CSS, JavaScript, TypeScript","React, Angular, Vue.js, API, GIT, SASS, Adobe XD",Hybrid,Full-time,0-1 years
2850327,Brand Experience – Engineering Tech Lead,Betsson Group,https://www.profession.hu/allas/brand-experience-engineering-tech-lead-betsson-group-2850327?sessionId=ed7061b1d89e7c95ce70868e0e3baa03,2026-03-10,2026-03-11,False,Budapest,,,Középiskola,"JavaScript, TypeScript","CSS3, HTML5, TESTING, BACKEND API, GIT, AGILE",Hybrid,Full-time,5+ years
2850319,Player Management – Backend Software Engineer,Betsson Group,https://www.profession.hu/allas/player-management-backend-software-engineer-betsson-group-2850319?sessionId=ed7061b1d89e7c95ce70868e0e3baa03,2026-03-10,2026-03-25,True,Budapest,,English: B2,Középiskola,"C#, .NET, ASP.NET Web API","Docker, DevOps, NServiceBus, Kafka, RabbitMQ",Hybrid,Full-time,0-1 years
2850306,Beágyazott fejlesztő,Mortoff Informatikai Tanácsadó és Szolgáltató Kft.,https://www.profession.hu/allas/beagyazott-fejleszto-mortoff-informatikai-tanacsado-es-szolgaltato-kft-2850306?sessionId=ed7061b1d89e7c95ce70868e0e3baa03,2026-03-10,2026-03-25,True,Budapest,,,High School with Diploma,"C, C++, Assembly","LINUX, TESTING, GIT, WINDOWS, MATLAB, SVN",Hybrid,Full-time,3-5 years
2850268,Lead Product Manager,The Stepstone Group GmbH,https://www.profession.hu/allas/lead-product-manager-the-stepstone-group-gmbh-2850268?sessionId=ed7061b1d89e7c95ce70868e0e3baa03,2026-03-10,2026-03-25,True,Hibrid,,German: Német felsőfok,Középiskola,,AGILE,Hybrid,Full-time,1-3 years
2850267,(Senior) Data Engineer (m/f/d) - Azure,Riverty,https://www.profession.hu/allas/senior-data-engineer-m-f-d-azure-riverty-2850267?sessionId=ed7061b1d89e7c95ce70868e0e3baa03,2026-03-10,2026-03-10,False,Berlin,,English: B2,"Bachelor's or Master's degree in Computer Science, Engineering, or a related field","Python, SQL","Azure Data Factory, Databricks, Airflow, Git, Azure DevOps",Hybrid,Full-time,5+ years
2850262,Senior AI Engineer (m/f/d),Riverty,https://www.profession.hu/allas/senior-ai-engineer-m-f-d-riverty-2850262?sessionId=ed7061b1d89e7c95ce70868e0e3baa03,2026-03-10,2026-03-10,False,"Berlin, Baden-Baden, Verl or Tallinn",,"English: B2, German: A1",Bachelor,Python,"AZURE, LangChain, PyTorch, TensorFlow, OpenAI, Vertex, Claude",On-site with home office,Full-time,5-7 years
2850261,Senior Frontend Engineer (Angular) (m/f/d),Riverty,https://www.profession.hu/allas/senior-frontend-engineer-angular-m-f-d-riverty-2850261?sessionId=ed7061b1d89e7c95ce70868e0e3baa03,2026-03-10,2026-03-10,False,Berlin,,"English: B2, German: B2",Bachelor,"TypeScript, JavaScript, Java, C#, .NET, C, SQL","Angular, Spring Boot, Windows API, Oracle SQL, Azure, Terraform, Kubernetes, Figma",Hybrid,Full-time,5+ years
2850260,Data Engineering Lead (m/w/d),Riverty,https://www.profession.hu/allas/data-engineering-lead-m-w-d-riverty-2850260?sessionId=ed7061b1d89e7c95ce70868e0e3baa03,2026-03-10,2026-03-10,False,"Berlin, Verl, Baden-Baden or Oslo",,German: B2,"Bachelor's or Master's degree in Computer Science, Data Engineering, Information Systems, or a related field","Python, SQL, Azure, Spark","dbt, Airflow",Hybrid,Full-time,5+ years
2850259,Software Engineering Lead (MS Dynamics & CRM) (m/f/d),Riverty,https://www.profession.hu/allas/software-engineering-lead-ms-dynamics-crm-m-f-d-riverty-2850259?sessionId=ed7061b1d89e7c95ce70868e0e3baa03,2026-03-10,2026-03-10,False,"Verl, Baden-Baden or Berlin",,"English: B2, German: Intermediate",Bachelor,,"DYNAMICS CRM, AZURE, BI, TESTING, DEVOPS, API, POWER BI, AGILE",On-site with home office,Full-time,5+ years
2850257,"Software Engineer - RAG, Knowledge Graphs & Agentic Systems (m/f/d)",Riverty,https://www.profession.hu/allas/software-engineer-rag-knowledge-graphs-agentic-systems-m-f-d-riverty-2850257?sessionId=ed7061b1d89e7c95ce70868e0e3baa03,2026-03-10,2026-03-10,False,"Berlin, Baden-Baden, Verl or Tallinn",,English: C1,Bachelor,"Java, Python, TypeScript","RAG pipelines, knowledge graphs, context engineering, multi-step agentic workflows, Large Language Models, agentic architectures",On-site with home office,Full-time,1-3 years
2850256,License Compliance Expert (m/f/d),Riverty,https://www.profession.hu/allas/license-compliance-expert-m-f-d-riverty-2850256?sessionId=ed7061b1d89e7c95ce70868e0e3baa03,2026-03-10,2026-03-10,False,Németország,,"English: B2, German: B2",Bachelor,,"SmartTrack, SCCM",On-site,Full-time,3-5 years
2850254,Product Manager - Payments & Finance (m/f/d),Riverty,https://www.profession.hu/allas/product-manager-payments-finance-m-f-d-riverty-2850254?sessionId=ed7061b1d89e7c95ce70868e0e3baa03,2026-03-10,2026-03-10,False,Berlin,,"English: C2, German: B2, Dutch: B1, Swedish: B1, Norwegian: B1, Finnish: B1","Bachelor's degree in Business Administration, Finance, Economics or a related field",,"Jira, Azure DevOps",Hybrid,Full-time,3-5 years
2850253,Software Developer (m/f/d) Simulation Helicopter / UAV,FERCHAU – Connecting People and Technologies,https://www.profession.hu/allas/software-developer-m-f-d-simulation-helicopter-uav-ferchau-connecting-people-and-technologies-2850253?sessionId=ed7061b1d89e7c95ce70868e0e3baa03,2026-03-10,2026-03-25,True,Donauwörth,,English: B1,Bachelor,"C, C++","Qt, Real Time Operating Systems (RTOS)",Hybrid,Full-time,1-3 years
2850252,System Engineer (m/f/d) Defence,FERCHAU – Connecting People and Technologies,https://www.profession.hu/allas/system-engineer-m-f-d-defence-ferchau-connecting-people-and-technologies-2850252?sessionId=ed7061b1d89e7c95ce70868e0e3baa03,2026-03-10,2026-03-25,True,Manching,,English: B1,Bachelor,,"MATLAB, JIRA, CONFLUENCE",Hybrid,Full-time,1-3 years
2850251,Embedded / Middleware Software Developer (m/f/d),FERCHAU – Connecting People and Technologies,https://www.profession.hu/allas/embedded-middleware-software-developer-m-f-d-ferchau-connecting-people-and-technologies-2850251?sessionId=ed7061b1d89e7c95ce70868e0e3baa03,2026-03-10,2026-03-25,True,Garching bei München,,English: B1,Bachelor,"C, C++, ADA","VxWorks, Tiger Lab",Hybrid,Full-time,1-3 years
2850241,Technical Marketing Manager,GigaDevice Semiconductor Germany GmbH,https://www.profession.hu/allas/technical-marketing-manager-gigadevice-semiconductor-germany-gmbh-2850241?sessionId=ed7061b1d89e7c95ce70868e0e3baa03,2026-03-10,2026-03-25,True,Hoehenkirchen-Siegertsbrunn,,English: B2,Bachelor/Master,,,Hybrid,Full-time,5+ years
2850237,Software Engineer / Developer (m/f/d) Python,Nanoscribe GmbH & Co. KG,https://www.profession.hu/allas/software-engineer-developer-m-f-d-python-nanoscribe-gmbh-co-kg-2850237?sessionId=ed7061b1d89e7c95ce70868e0e3baa03,2026-03-10,2026-03-25,True,Karlsruhe,,English: B2,Bachelor,Python,"Hardware, LINUX, NETWORK, CI, CLEAN CODE",Hybrid,Full-time,1-3 years
2850194,Analytics & Data Intelligence (Junior) Specialist (f/m/d) - BTP Project Management Office,SAP SE,https://www.profession.hu/allas/analytics-data-intelligence-junior-specialist-f-m-d-btp-project-management-office-sap-se-2850194?sessionId=ed7061b1d89e7c95ce70868e0e3baa03,2026-03-10,2026-03-13,False,Berlin,,"English: B2, German: Intermediate",Bachelor,"SQL, Python","SAP CLOUD, SQL, Python, DATABASES, SAP Datasphere, SAP Analytics Cloud, SAP Business Application Studio, Github Actions",Hybrid,Full-time,1-3 years
2850159,Lead Backend Engineer - Assistance,N26 GmbH,https://www.profession.hu/allas/lead-backend-engineer-assistance-n-gmbh-2850159?sessionId=ed7061b1d89e7c95ce70868e0e3baa03,2026-03-10,2026-03-25,True,Berlin,,English: B2,Bachelor,"Java, Kotlin, Spring Boot/Spring, Python","PostgreSQL, AWS, Kubernetes",Hybrid,Full-time,1-3 years
2850132,Cloud Solution Architect (f/m/d) for Agentic AI - Focus Finance,SAP SE,https://www.profession.hu/allas/cloud-solution-architect-f-m-d-for-agentic-ai-focus-finance-sap-se-2850132?sessionId=ed7061b1d89e7c95ce70868e0e3baa03,2026-03-10,2026-03-17,False,Hybrid,,"English: C2, German: C2",Bachelor,"ABAP, JAVA","SAP ABAP, SAP BTP, SAP Joule",Hybrid,Full-time,1-3 years
2850125,(Senior) Developer (f/m/d) - SAP on Microsoft SQL Server,SAP SE,https://www.profession.hu/allas/senior-developer-f-m-d-sap-on-microsoft-sql-server-sap-se-2850125?sessionId=ed7061b1d89e7c95ce70868e0e3baa03,2026-03-10,2026-03-17,False,St. Leon-Rot,,"English: C2, German: C2",Bachelor,"ABAP, C, C++","SAP SQL Cloud, Windows Azure, Database, ABAP, C, C++",Hybrid,Full-time,1-3 years
2850066,Site Reliability Engineer - SCI (f/m/d),SAP SE,https://www.profession.hu/allas/site-reliability-engineer-sci-f-m-d-sap-se-2850066?sessionId=ed7061b1d89e7c95ce70868e0e3baa03,2026-03-10,2026-03-10,False,Germany,,English: B2,Bachelor,"Python, Go, Bash","Prometheus, Grafana, ELK Stack, OpenSearch, PostgreSQL, Redis, Jupyter Notebooks",#LI-Hybrid,"Full-time, unbefristet",5+ years
2850037,Bioinformatician,Deutsches Krebsforschungszentrum DKFZ,https://www.profession.hu/allas/bioinformatician-deutsches-krebsforschungszentrum-dkfz-2850037?sessionId=ed7061b1d89e7c95ce70868e0e3baa03,2026-03-10,2026-03-25,True,Berlin,,"English: B2, German: B2",Master,"R/Bioconductor, Python","Git, Snakemake, CWL, Nextflow, PyTorch",Hybrid,Full-time,1-3 years
2850032,Regional PMO Lead – Digital Business Transformation (w/m/d),WILO SE,https://www.profession.hu/allas/regional-pmo-lead-digital-business-transformation-w-m-d-wilo-se-2850032?sessionId=ed7061b1d89e7c95ce70868e0e3baa03,2026-03-10,2026-03-25,True,,,English: B2,Master,,"SAP ERP, PROJECT MANAGEMENT, PMI, AGILE, CHANGE MANAGEMENT",Hybrid,Full-time,3-5 years
2850012,Team Lead Position “Data Curation Unit” in Helmholtz Imaging,Deutsches Krebsforschungszentrum DKFZ,https://www.profession.hu/allas/team-lead-position-data-curation-unit-in-helmholtz-imaging-deutsches-krebsforschungszentrum-dkfz-2850012?sessionId=ed7061b1d89e7c95ce70868e0e3baa03,2026-03-10,2026-03-25,True,Hibrid,,English: B2,PhD,,"ACCESS, Machine Learning",Hybrid,Full-time,3-5 years
2850005,Working Student Digital Farming Solutions (all genders),KWS SAAT SE & Co. KGaA,https://www.profession.hu/allas/working-student-digital-farming-solutions-all-genders-kws-saat-se-co-kgaa-2850005?sessionId=ed7061b1d89e7c95ce70868e0e3baa03,2026-03-10,2026-03-23,False,Einbeck,,"English: B2, German: Intermediate",Bachelor,,Microsoft Office products,Hybrid,Full-time,1-3 years
2849999,Cloud Engineer (Tenant),Riverty,https://www.profession.hu/allas/cloud-engineer-tenant-riverty-2849999?sessionId=ed7061b1d89e7c95ce70868e0e3baa03,2026-03-10,2026-03-10,False,,,English: C2,Bachelor,"PowerShell, Bicep","DSC, GitHub Actions, Azure Automation, Azure DevOps, Confluence",Hybrid,Full-time,1-3 years
2849992,Scientific Solution Architect,Deutsches Krebsforschungszentrum DKFZ,https://www.profession.hu/allas/scientific-solution-architect-deutsches-krebsforschungszentrum-dkfz-2849992?sessionId=ed7061b1d89e7c95ce70868e0e3baa03,2026-03-10,2026-03-25,True,Hibrid,,English: B2,Master,,CLOUD,Hybrid,Full-time,1-3 years
2849977,"Internship in Technical Documentation - Content Management, Digitalization & Documentation (6 months | Sept/Oct 2026)",Stryker GmbH & Co.KG,https://www.profession.hu/allas/internship-in-technical-documentation-content-management-digitalization-documentation-months-sept-oct-stryker-gmbh-co-kg-2849977?sessionId=ed7061b1d89e7c95ce70868e0e3baa03,2026-03-10,2026-03-25,True,Freiburg (Breisgau),,"English: C2, German: C2",Bachelor,,"DATABASE, XML",On-site,Short-term,1-3 years
2849960,Project Manager (m/f/d),Lloyds Bank – Bank of Scotland,https://www.profession.hu/allas/project-manager-m-f-d-lloyds-bank-bank-of-scotland-2849960?sessionId=ed7061b1d89e7c95ce70868e0e3baa03,2026-03-10,2026-03-25,True,Berlin,,"English: B2, German: Intermediate",Bachelor or Master's degree,,"Jira, Confluence",Hybrid,Full-time,1-3 years
2849947,Business Analyst – Mortgage Focus (m/f/d),Lloyds Bank – Bank of Scotland,https://www.profession.hu/allas/business-analyst-mortgage-focus-m-f-d-lloyds-bank-bank-of-scotland-2849947?sessionId=ed7061b1d89e7c95ce70868e0e3baa03,2026-03-10,2026-03-25,True,Berlin,,"German: B2, English: B2",Bachelor,,"JIRA, Confluence, MS Office, MS Visio",Hybrid,Full-time,1-3 years
2827357,Learning Experience Platform Expert- Associate,BlackRock Hungary Kft.,https://www.profession.hu/allas/learning-experience-platform-expert-associate-blackrock-hungary-kft-2827357?sessionId=ed7061b1d89e7c95ce70868e0e3baa03,2026-03-10,2026-03-10,False,Budapest,,,"Bachelor's degree in Education, Business, Human Resources, or a related field. Graduate degree preferred.",,"Learning content authoring tools and LMS/LXP, Microsoft suite including proficiency knowledge in Excel and PowerPoint",Remote,Full-time,3-5 years
2836654,Program Director (all genders) – mioty® LPWAN,Fraunhofer-Institut für Integrierte Schaltungen IIS,https://www.profession.hu/allas/program-director-all-genders-mioty-lpwan-fraunhofer-institut-fur-integrierte-schaltungen-iis-2836654?sessionId=ed7061b1d89e7c95ce70868e0e3baa03,2026-03-10,2026-03-22,False,,,"English: C1, German: C1, Spanish: B2, French: B2",Bachelor,,,Hybrid,Full-time,5+ years
2852437,Data Solution Architect,AGCO Hungary Kft.,https://www.profession.hu/allas/data-solution-architect-agco-hungary-kft-budapest-2852437?sessionId=ed7061b1d89e7c95ce70868e0e3baa03,2026-03-11,2026-03-25,True,Budapest,,English: B2,Főiskola,,"AWS (EC2, S3, Lambda, RDS, Redshift, API Gateway), Salesforce architecture (Sales Cloud, Service Cloud, Marketing Cloud, Experience Cloud), Customer Data Platforms (CDP), Data Lakes/Warehouses, CI/CD pipelines",Hybrid,Full-time,5+ years
2852445,Mobil android fejlesztő (Natív),TRENDENCY ONLINE Zrt.,https://www.profession.hu/allas/mobil-android-fejleszto-nativ-trendency-online-zrt-budapest-2852445?sessionId=ed7061b1d89e7c95ce70868e0e3baa03,2026-03-11,2026-03-25,True,Budapest,,,Középiskola,Kotlin,"ANDROID API, GIT, BACKEND REST, JIRA, CONFLUENCE",Hibrid,Full-time,5-10 év tapasztalat
2852440,Full stack fejlesztő,BBOX SOLUTIONS Kft,https://www.profession.hu/allas/full-stack-fejleszto-bbox-solutions-kft-budapest-2852440/pro?sessionId=ed7061b1d89e7c95ce70868e0e3baa03,2026-03-11,2026-03-25,True,Budapest,,English: B2,Bachelor,"PHP, TypeScript, JavaScript","Laravel, Filament, Fastify, Pest, Prisma ORM, Livewire, Filament (admin UI), Tailwind CSS, Vite, Docker, PostgreSQL, Redis, Azure DevOps CI/CD",Hybrid,Full-time,3-5 years
2852409,Üzleti elemző Treasury rendszerek területén (d/m/w),PROFESSION SERVICES,https://www.profession.hu/allas/uzleti-elemzo-treasury-rendszerek-teruleten-d-m-w-profession-services-2852409/pro?sessionId=ed7061b1d89e7c95ce70868e0e3baa03,2026-03-11,2026-03-25,True,Budapest,,Német: B2,Felsőoktatási szakképzés,,,Hybrid,Full-time,3-5 years
2852407,Technikai Üzleti Elemző,PROFESSION SERVICES,https://www.profession.hu/allas/technikai-uzleti-elemzo-profession-services-2852407/pro?sessionId=ed7061b1d89e7c95ce70868e0e3baa03,2026-03-11,2026-03-25,True,Budapest,,German: B2,Bachelor,"Angular, Java","JIRA, Confluence, Enterprise Architect",Hybrid,Full-time,3-5 years
2852377,Üzleti elemző,PROFESSION SERVICES,https://www.profession.hu/allas/uzleti-elemzo-profession-services-2852377/pro?sessionId=ed7061b1d89e7c95ce70868e0e3baa03,2026-03-11,2026-03-25,True,Budapest,,German: B2,Bachelor,,"Jira, Confluence",Hybrid,Full-time,3-5 years
2851093,Szoftverfejlesztő (Villamosmérnök),Prolan Innolab Kft.,https://www.profession.hu/allas/szoftverfejleszto-villamosmernok-prolan-innolab-kft-budakalasz-2851093/pro?sessionId=ed7061b1d89e7c95ce70868e0e3baa03,2026-03-11,2026-03-25,True,Budakalász,,English: B1,Bachelor,JAVA,,On-site,Full-time,Pályakezdő/friss diplomás
2852358,IT validálási csoportvezető,Egis Gyógyszergyár Zrt.,https://www.profession.hu/allas/it-validalasi-csoportvezeto-egis-gyogyszergyar-zrt-budapest-2852358?sessionId=ed7061b1d89e7c95ce70868e0e3baa03,2026-03-11,2026-03-25,True,Budapest,,English: B2,Bachelor,,"ITIL, ISO",Hybrid,Full-time,5+ years
2852265,Sales Engineer,DEXON Systems KFT,https://www.profession.hu/allas/sales-engineer-dexon-systems-kft-budaors-2852265/pro?sessionId=ed7061b1d89e7c95ce70868e0e3baa03,2026-03-11,2026-03-23,False,Budaörs,,English: C1,Bachelor,,,On-site,Full-time,5+ years
2852130,Ügyfélkapcsolati adatelemző szakértő,OPTESZ OPUS Zrt.,https://www.profession.hu/allas/ugyfelkapcsolati-adatelemzo-szakerto-optesz-opus-zrt-debrecen-2852130?sessionId=ed7061b1d89e7c95ce70868e0e3baa03,2026-03-11,2026-03-25,True,Debrecen,,,Bachelor,"SQL, Power BI","Power Apps, SAP S4 HANA",Full-time,Full-time,3-5 years
2852062,Delphi fejlesztő,Kulcs-Soft Zrt.,https://www.profession.hu/allas/delphi-fejleszto-kulcs-soft-zrt-budapest-2852062?sessionId=ed7061b1d89e7c95ce70868e0e3baa03,2026-03-11,2026-03-25,True,Budapest,,,Felsőoktatási szakképzés,"Delphi, PHP",Workstation,Home-Office,Full-time,3-5 years
2852045,Technical Operations Team Leader (Software Development company),Reed Magyarország Kft.,https://www.profession.hu/allas/technical-operations-team-leader-software-development-company-reed-magyarorszag-kft-budapest-2852045?sessionId=ed7061b1d89e7c95ce70868e0e3baa03,2026-03-11,2026-03-25,True,Budapest,,English: B2,Bachelor,,,Hybrid,Full-time,1-3 years
2851939,Szolgáltatás- és projektmenedzser,Kermann IT Solutions Nyrt.,https://www.profession.hu/allas/szolgaltatas-es-projektmenedzser-kermann-it-solutions-nyrt-budapest-2851939/pro?sessionId=ed7061b1d89e7c95ce70868e0e3baa03,2026-03-11,2026-03-25,True,Budapest,,English: B2,,,MS Office,Hybrid,Full-time,1-3 years
2851931,DevOps mérnök,MagNet Bank Zrt.,https://www.profession.hu/allas/devops-mernok-magnet-bank-zrt-budapest-2851931?sessionId=ed7061b1d89e7c95ce70868e0e3baa03,2026-03-11,2026-03-25,True,Budapest,,,Középiskola,Java,"Maven, Gradle, Payara, Wildfly, Spring Boot, Jenkins, Nexus, Ansible, Bash, Grafana, Prometheus, ELK/Graylog",Hybrid,Full-time,3-5 years
2851835,Ügyfélkiszolgáló IT Megoldások Csoportvezető,Alfa Vienna Insurance Group Biztosító Zrt.,https://www.profession.hu/allas/ugyfelkiszolgalo-it-megoldasok-csoportvezeto-alfa-vienna-insurance-group-biztosito-zrt-budapest-2851835?sessionId=ed7061b1d89e7c95ce70868e0e3baa03,2026-03-11,2026-03-25,True,Budapest,,"English: C2, Hungarian: C2",Bachelor,,,Hybrid,Full-time,5+ years
2851194,JAVA Fejlesztő (Banki területre),Nova HR,https://www.profession.hu/allas/java-fejleszto-banki-teruletre-nova-hr-budapest-2851194?sessionId=ed7061b1d89e7c95ce70868e0e3baa03,2026-03-11,2026-03-25,True,Budapest,,English: B1,Bachelor,"JAVA, AGILIS, JAVASCRIPT","JIRA, CONFLUENCE, BITBUCKET, JENKINS",Hybrid,Full-time,3-5 years
2851183,PHP programozó,Green Clean Kft.,https://www.profession.hu/allas/php-programozo-green-clean-kft-csakvar-2851183?sessionId=ed7061b1d89e7c95ce70868e0e3baa03,2026-03-11,2026-03-25,True,Csákvár,,"English: B2, Hungarian: Native",,"PHP, Java, C#, .NET, .NET Core, Python","Visual Studio, SQL Developer, IntelliJ IDEA, MS SSMS, Power BI, GitHub, OpenCart, Shoprenter, UNAS, SAP Business One",On-site,Full-time,3-5 years
2851092,Szenior full-stack fejlesztő,4iG Nyrt.,https://www.profession.hu/allas/szenior-full-stack-fejleszto-ig-nyrt-budapest-2851092?sessionId=ed7061b1d89e7c95ce70868e0e3baa03,2026-03-11,2026-03-25,True,Budapest,,English: B2,Főiskola,"Java, Spring Boot, Hibernate/JPA, SQL (PostgreSQL, Oracle), REST, microservice architektúra, Docker, Vue.js, Nuxt.js, Angular, React","GitLab CI, Jenkins, SonarQube",Hybrid,Full-time,5-10 years
2851104,Medior Android fejlesztő,4iG Nyrt.,https://www.profession.hu/allas/medior-android-fejleszto-ig-nyrt-budapest-2851104?sessionId=ed7061b1d89e7c95ce70868e0e3baa03,2026-03-11,2026-03-25,True,Budapest,,English: B2,Bachelor,"Kotlin, Android SDK, Jetpack","Git, GitLab CI, Jenkins, Espresso",Hybrid,Full-time,3-5 years
2851099,Medior iOS fejlesztő,4iG Nyrt.,https://www.profession.hu/allas/medior-ios-fejleszto-ig-nyrt-budapest-2851099?sessionId=ed7061b1d89e7c95ce70868e0e3baa03,2026-03-11,2026-03-25,True,Budapest,,English: B2,Bachelor,"Swift, Objective-C, UIKit / SwiftUI","REST API integrations, Version control (Git), CI/CD tools (GitLab CI, Jenkins), Automated testing (XCTest)",Hybrid,Full-time,3-5 years
2851075,Szenior mobilalkalmazás fejlesztő,4iG Nyrt.,https://www.profession.hu/allas/szenior-mobilalkalmazas-fejleszto-ig-nyrt-budapest-2851075?sessionId=ed7061b1d89e7c95ce70868e0e3baa03,2026-03-11,2026-03-25,True,Budapest,,English: C2,Bachelor,"Kotlin, Swift, Objective-C, Jetpack, UIKit / SwiftUI","Android SDK, iOS: Swift, Objective-C, UIKit / SwiftUI, REST API, Git, CI/CD tools (e.g., GitLab CI, Jenkins), Automated testing frameworks (Espresso, XCTest)",Hybrid,Full-time,5-10 years
2851117,Vezető mobilalkalmazás fejlesztő,4iG Nyrt.,https://www.profession.hu/allas/vezeto-mobilalkalmazas-fejleszto-ig-nyrt-budapest-2851117?sessionId=ed7061b1d89e7c95ce70868e0e3baa03,2026-03-11,2026-03-25,True,Budapest,,English: B2,Bachelor,"Android, iOS, Agile/Scrum, Various programming languages and technology stacks","Modern development methodologies (Agile/Scrum) at a high level, Code quality, testing, and architectural standards, Mobilplatforms (Android and iOS), Development and testing tools",Hybrid,Full-time,5+ years
2851120,Vezető szoftverfejlesztő,4iG Nyrt.,https://www.profession.hu/allas/vezeto-szoftverfejleszto-ig-nyrt-budapest-2851120?sessionId=ed7061b1d89e7c95ce70868e0e3baa03,2026-03-11,2026-03-25,True,Budapest,,English: B2,Bachelor,"Java, Spring Boot, Vue.js, Nuxt.js, Angular, React","Agile/Scrum, DevOps, CI/CD, Automation tools",Hybrid,Full-time,5+ years
2851150,Projektmenedzser,Medicontur Zrt.,https://www.profession.hu/allas/projektmenedzser-medicontur-zrt-zsambek-2851150?sessionId=ed7061b1d89e7c95ce70868e0e3baa03,2026-03-11,2026-03-25,True,Zsámbék,,English: B2,Bachelor,,"MS Office (Excel, Word, PowerPoint), MS Project",Hybrid,Full-time,3-5 years
2851146,Senior Data Engineer,Hays Hungary Kft.,https://www.profession.hu/allas/senior-data-engineer-hays-hungary-kft-budapest-2851146?sessionId=ed7061b1d89e7c95ce70868e0e3baa03,2026-03-11,2026-03-25,True,Budapest,,English: B2,Bachelor,"Python, SQL, AWS Redshift","GitHub Actions, JFrog, CloudWatch, Redshift Console",Hybrid,Full-time,5+ years
2851113,MVM IT Talent Pool,MVM Informatika Zrt.,https://www.profession.hu/allas/mvm-it-talent-pool-mvm-informatika-zrt-2851113?sessionId=ed7061b1d89e7c95ce70868e0e3baa03,2026-03-11,2026-03-25,True,Budapest,,English: B1,Bachelor,,,On-site,Full-time,"Példánya nincs, de legalább középfokú angol nyelvtudás szükséges"
2850867,Power BI & VBA Specialist – MOL GBS Finance,MOL GBS MAGYARORSZÁG KFT.,https://www.profession.hu/allas/power-bi-vba-specialist-mol-gbs-finance-mol-gbs-magyarorszag-kft-budapest-2850867?sessionId=ed7061b1d89e7c95ce70868e0e3baa03,2026-03-11,2026-03-25,True,Budapest,,English: B2,Bachelor,"VBA, Power BI, Excel","UiPath, SAP, Power Automate, Power Apps",Hybrid,Full-time,1-3 years
2850837,Senior Szoftvertesztelő,Minds IT Solutions Zrt.,https://www.profession.hu/allas/senior-szoftvertesztelo-minds-it-solutions-zrt-budapest-2850837/pro?sessionId=ed7061b1d89e7c95ce70868e0e3baa03,2026-03-11,2026-03-25,True,Budapest,,,Középiskola,,,Hibrid,Teljes munkaidő,3-5 év tapasztalat
2850834,IT Business Analyst,Minds IT Solutions Zrt.,https://www.profession.hu/allas/it-business-analyst-minds-it-solutions-zrt-budapest-2850834/pro?sessionId=ed7061b1d89e7c95ce70868e0e3baa03,2026-03-11,2026-03-25,True,Budapest,,English: B2,Középiskola,,"API-k tervezésében és használatában szerzett gyakorlat, Rest interface ismerete, Release és deployment folyamatok ismerete, Modellező szoftverek használatában szerzett tapasztalat, Relációs és NoSQL adatbázisok kezelésében szerzett ismeret (SQL és NoSQL lekérdezések írása), Felhőalapú platformok (Openshift) ismerete, Üzenetsor-kezelő rendszerek (pl Kafka) ismerete, CI/CD eszközök (pl. Jenkins) ismerete",Hibrid,Full-time,5+ years
2850739,Kamerás fejlesztő / Machine Vision mérnök,GosTech Kft.,https://www.profession.hu/allas/kameras-fejleszto-machine-vision-mernok-gostech-kft-varpalota-2850739?sessionId=ed7061b1d89e7c95ce70868e0e3baa03,2026-03-11,2026-03-25,True,Várpalota,,English: B2,Bachelor,"C#, C++, Python","Keyence, Cognex, Omron, Halcon, Laptop, Mobiltelefon",Full-time,Full-time,1-3 years
2852034,Projektmenedzser német nyelvtudással,ADECCO Kft.,https://www.profession.hu/allas/projektmenedzser-nemet-nyelvtudassal-adecco-kft-budapest-2852034?sessionId=ed7061b1d89e7c95ce70868e0e3baa03,2026-03-11,2026-03-25,True,Budapest,,"English: B2, German: B2",Bachelor,,"Microsoft Office (Project, Excel, Word, PowerPoint, Visio)",On-site,Full-time,5-10 years
2851181,Diákmunka - Digital Solutions Intern,MŰISZ Iskolaszövetkezet,https://www.profession.hu/allas/diakmunka-digital-solutions-intern-muisz-iskolaszovetkezet-szigetszentmiklos-2851181?sessionId=ed7061b1d89e7c95ce70868e0e3baa03,2026-03-11,2026-03-25,True,Budapest XIII. kerület,,"English: B2, Magyar: Középfok",Középiskola,,"MS Office, Excel",Hybrid,Short-term,
2851174,Diákmunka - Digitalizációs Projektasszisztens,MŰISZ Iskolaszövetkezet,https://www.profession.hu/allas/diakmunka-digitalizacios-projektasszisztens-muisz-iskolaszovetkezet-budapest-2851174?sessionId=ed7061b1d89e7c95ce70868e0e3baa03,2026-03-11,2026-03-25,True,Budapest XI. kerület,,"English: B2, Hungarian: Native",Bachelor,,"API, MS Office, PowerPoint, PowerBI, Excel",On-site,Full-time,
2851171,Application Engineer Intern – Python - diákmunka,Mind-Diák Szövetkezet,https://www.profession.hu/allas/application-engineer-intern-python-diakmunka-mind-diak-szovetkezet-2851171?sessionId=ed7061b1d89e7c95ce70868e0e3baa03,2026-03-11,2026-03-25,True,Budapest,,English: C2,Bachelor,Python,"SPARK, Snowflake, Storm, Solr",Hybrid,Short-term,
2851170,Application Engineer Intern – JavaScript - diákmunka,Mind-Diák Szövetkezet,https://www.profession.hu/allas/application-engineer-intern-javascript-diakmunka-mind-diak-szovetkezet-2851170?sessionId=ed7061b1d89e7c95ce70868e0e3baa03,2026-03-11,2026-03-25,True,Budapest,,English: C2,Bachelor,JavaScript,"Snowflake, Spark, Storm, Solr",Hybrid,Short-term,
2851169,Application Engineer Intern – Java - diákmunka,Mind-Diák Szövetkezet,https://www.profession.hu/allas/application-engineer-intern-java-diakmunka-mind-diak-szovetkezet-2851169?sessionId=ed7061b1d89e7c95ce70868e0e3baa03,2026-03-11,2026-03-25,True,Budapest,,English: C2,Bachelor,Java,"Spark, Snowflake, Storm, Solr",Hybrid,Short-term,
2851094,Delphi rendszerfejlesztő,ANY Nyrt.,https://www.profession.hu/allas/delphi-rendszerfejleszto-any-nyrt-budapest-2851094?sessionId=ed7061b1d89e7c95ce70868e0e3baa03,2026-03-11,2026-03-25,True,Budapest,,,Középiskola,Delphi,"SQL, GIT, API, AGILIS, REST",Teljes munkaidő,Full-time,1-3 years
2851058,Adatközpont operátor gyakornok - diákmunka,Mind-Diák Szövetkezet,https://www.profession.hu/allas/adatkozpont-operator-gyakornok-diakmunka-mind-diak-szovetkezet-2851058?sessionId=ed7061b1d89e7c95ce70868e0e3baa03,2026-03-11,2026-03-25,True,Budapest,Br. 2544 Ft/óra bér,Angol középfok,,,Windows alapú rendszerek használata (Office programok),Éjszakai munkavégzés,Részmunkaidő,
2850907,Számviteli adatelemző,ALTEO Nyrt.,https://www.profession.hu/allas/szamviteli-adatelemzo-alteo-nyrt-budapest-2850907?sessionId=ed7061b1d89e7c95ce70868e0e3baa03,2026-03-11,2026-03-25,True,Budapest,,,Középiskola,"Python, Visual Basic, SQL","SAP, Pandas",Home Office,Full-time,5+ years
2850861,Medior full stack fejlesztő (home office),BECK AND PARTNERS Kft.,https://www.profession.hu/allas/medior-full-stack-fejleszto-home-office-beck-and-partners-kft-2850861?sessionId=ed7061b1d89e7c95ce70868e0e3baa03,2026-03-11,2026-03-25,True,Budapest,"900 000 – 1 200 000 Ft gross/month, depending on experience",,Secondary education with diploma,"JavaScript / TypeScript, React or Next.js","API development experience, SQL and database usage, Data modeling experience, Git usage",Remote work,Full-time,3-5 years
2852198,PhD Position in Dynamic Soft Tissue 3D Reconstruction and Simulation,Universität Zürich,https://www.profession.hu/allas/phd-position-in-dynamic-soft-tissue-d-reconstruction-and-simulation-universit-t-zurich-2852198?sessionId=ed7061b1d89e7c95ce70868e0e3baa03,2026-03-11,2026-03-25,True,Zürich,,English: B2,Master,"Python, C++, Java, OpenCV, PyTorch, TensorFlow","ACCESS HARDWARE, MACHINE LEARNING, Open3D, Slicer3D, MONAI",Hybrid,Full-time,
2852195,Quantitative Risk Developer,ITech Consult AG,https://www.profession.hu/allas/quantitative-risk-developer-itech-consult-ag-2852195?sessionId=ed7061b1d89e7c95ce70868e0e3baa03,2026-03-11,2026-03-13,False,Bern,,"English: C1 / C2 Level, German: Nice to have",Középiskola,"Python, PySpark, Snowflake","Monte Carlo simulations, Version control, Testing, CI/CD, Code reviews",Full-time,Short-term,3-5 years
2852193,IT Project Manager,AO Foundation,https://www.profession.hu/allas/it-project-manager-ao-foundation-2852193?sessionId=ed7061b1d89e7c95ce70868e0e3baa03,2026-03-11,2026-03-13,False,Davos,,"English: B2, German: Intermediate",Bachelor,,"Service Now, Microsoft Project, Azure DevOps, Jira, Planner",Hybrid,Full-time,3-5 years
2852190,Senior Software Architect,Oerlikon Balzers,https://www.profession.hu/allas/senior-software-architect-oerlikon-balzers-2852190?sessionId=ed7061b1d89e7c95ce70868e0e3baa03,2026-03-11,2026-03-25,True,Balzers,,English: B2,Master,,,On-site,Full-time,5+ years
2852181,Java Spring Boot Software Engineer,adesso Schweiz AG,https://www.profession.hu/allas/java-spring-boot-software-engineer-adesso-schweiz-ag-2852181?sessionId=ed7061b1d89e7c95ce70868e0e3baa03,2026-03-11,2026-03-25,True,Svájc,,"English: B2, Német: B2, Olász: B2",Főiskola,"Java, JavaScript (React)","JUnit, SQL, Git, JSON, XML, Docker, DevOps, UML, Maven, Jenkins, CI/CD, Scrum, Kanban, BPMN",On-site,Full-time,1-3 years
2852178,Professional Services Consultant - DAM,FotoWare Switzerland AG,https://www.profession.hu/allas/professional-services-consultant-dam-fotoware-switzerland-ag-2852178?sessionId=ed7061b1d89e7c95ce70868e0e3baa03,2026-03-11,2026-03-25,True,Baden,,"German: Upper-intermediate, English: Intermediate",High School with Diploma,,"CLOUD, API, AGILE, TROUBLESHOOTING, PROJECT MANAGEMENT",Hybrid,Full-time,1-3 years
2851810,JUNIOR,"Silent Signal Információbiztonsági, Informatikai Tanácsadó és Szolgáltató Kft.",https://www.profession.hu/allas/junior-silent-signal-informaciobiztonsagi-informatikai-tanacsado-es-szolgaltato-kft-2851810?sessionId=ed7061b1d89e7c95ce70868e0e3baa03,2026-03-11,2026-03-25,True,Budapest,,,Középiskola,,"PortSwigger Web Security Academy, Burp Suite Pro",On-site,Full-time,0-1 years
2851792,Software Engineer Summer Intern,ARM Hungary Kft.,https://www.profession.hu/allas/software-engineer-summer-intern-arm-hungary-kft-2851792?sessionId=ed7061b1d89e7c95ce70868e0e3baa03,2026-03-11,2026-03-25,True,Budapest,,English: B1,Bachelor,"C, Python, Bash","Virtualization, Security",Hybrid,Full-time,
2851791,Senior Projekt Manager,DruIT Szolgáltató Zrt.,https://www.profession.hu/allas/senior-projekt-manager-druit-szolgaltato-zrt-2851791?sessionId=ed7061b1d89e7c95ce70868e0e3baa03,2026-03-11,2026-03-25,True,Budapest,,English: B2,High School with Diploma,,"Jira, Confluence",Hybrid,Full-time,5+ years
2851491,Business Manager Mobile (m/w/d),TD SYNNEX,https://www.profession.hu/allas/business-manager-mobile-m-w-d-td-synnex-2851491?sessionId=ed7061b1d89e7c95ce70868e0e3baa03,2026-03-11,2026-03-11,False,Germany,,"English: C1, German: C1",Bachelor,,CRM tools,Hybrid,Full-time,1-3 years
2851490,Category Manager Apple (m/w/d),TD SYNNEX,https://www.profession.hu/allas/category-manager-apple-m-w-d-td-synnex-2851490?sessionId=ed7061b1d89e7c95ce70868e0e3baa03,2026-03-11,2026-03-11,False,Németország,,,Középiskola,,"CRM, ERP, SECURITY, CLOUD, SAP, NETWORK, OUTLOOK",On-site,Full-time,5+ years
2851487,Category Manager GCC ALPS (m/w/d),TD SYNNEX,https://www.profession.hu/allas/category-manager-gcc-alps-m-w-d-td-synnex-2851487?sessionId=ed7061b1d89e7c95ce70868e0e3baa03,2026-03-11,2026-03-11,False,Wien,,"English: B2, German: C1",Bachelor,,"SAP, PC SECURITY, CLOUD NETWORK, OUTLOOK",On-site,Full-time,1-3 years
2851421,Development Engineer - Software for Manufacturing (m/w/x),Thorlabs GmbH,https://www.profession.hu/allas/development-engineer-software-for-manufacturing-m-w-x-thorlabs-gmbh-2851421?sessionId=ed7061b1d89e7c95ce70868e0e3baa03,2026-03-11,2026-03-25,True,Németország,,"English: B2, German: Advantage","Bachelor, Master",,,Flexible working hours (arranged individually),Full-time,1-3 years
2851417,Senior Product Manager - Onboarding & KYC,N26 GmbH,https://www.profession.hu/allas/senior-product-manager-onboarding-kyc-n-gmbh-2851417?sessionId=ed7061b1d89e7c95ce70868e0e3baa03,2026-03-11,2026-03-11,False,Berlin,,English: B2,Bachelor,,,Hybrid,Full-time,5+ years
2851413,Group IT Security Consultant (m/f/d),Vaillant GmbH,https://www.profession.hu/allas/group-it-security-consultant-m-f-d-vaillant-gmbh-2851413?sessionId=ed7061b1d89e7c95ce70868e0e3baa03,2026-03-11,2026-03-25,True,Remscheid near Düsseldorf,,English: B2,Bachelor,,"SECURITY, ISO TESTING, ACCESS API JSON EXCEL",Hybrid,Full-time,1-3 years
2850249,Account Executive (m|f|d) - Voith Digital Solutions - DACH,Voith GmbH & Co. KGaA,https://www.profession.hu/allas/account-executive-m-f-d-voith-digital-solutions-dach-voith-gmbh-co-kgaa-2850249?sessionId=ed7061b1d89e7c95ce70868e0e3baa03,2026-03-11,2026-03-25,True,Germany or Austria,,"Fluent German and English, both written and spoken","Bachelor's or Master's degree in Industrial Engineering, Business Administration with a focus on Sales or Marketing, Business Informatics, Digital Business, or a related field with strong links to technology and industrial environments",,CRM,,Full-time,1-3 years
2851399,NIS2 Integration Expert (f/m/d),SAP SE,https://www.profession.hu/allas/nis-integration-expert-f-m-d-sap-se-2851399?sessionId=ed7061b1d89e7c95ce70868e0e3baa03,2026-03-11,2026-03-17,False,Németország,,"English: C2, German: C1",Bachelor,,"SAP, ISO, CLOUD, AWS, AZURE",On-site,Full-time,3-5 years
2851384,"Systems Development Engineer, Managed Operations",Amazon Workforce Staffing,https://www.profession.hu/allas/systems-development-engineer-managed-operations-amazon-workforce-staffing-2851384?sessionId=ed7061b1d89e7c95ce70868e0e3baa03,2026-03-11,2026-03-25,True,Németország,,English: B2,Egyetem,"Java, Python, Ruby","AWS, JAVA, PYTHON, RUBY, HARDWARE, LINUX, SECURITY, ANSIBLE, CLOUD",On-site,Full-time,1-3 years
2851382,Information Security Officer,Industrial and Commercial Bank of China Limited Frankfurt Branch,https://www.profession.hu/allas/information-security-officer-industrial-and-commercial-bank-of-china-limited-frankfurt-branch-2851382?sessionId=ed7061b1d89e7c95ce70868e0e3baa03,2026-03-11,2026-03-22,False,Frankfurt,,"English: C2, German: C2, Chinese: C2",High School with Diploma,,,On-site,Full-time,5+ years
2851381,Senior AI & Data Architect (f/m/x),BMW Group,https://www.profession.hu/allas/senior-ai-data-architect-f-m-x-bmw-group-2851381?sessionId=ed7061b1d89e7c95ce70868e0e3baa03,2026-03-11,2026-03-25,True,Munich,,"English: B2, German: B2",Bachelor,,"CLOUD SECURITY, AGILE",Full-time,Full-time,5+ years
2851380,Senior AI & Data Platform Engineer (f/m/x),BMW Group,https://www.profession.hu/allas/senior-ai-data-platform-engineer-f-m-x-bmw-group-2851380?sessionId=ed7061b1d89e7c95ce70868e0e3baa03,2026-03-11,2026-03-25,True,Munich,,"English: B2, German: Advantageous","Bachelor, Master","Python, Java","AWS, Azure, Docker, Terraform, Kubernetes, CI/CD, Infrastructure as code, API technologies, Machine learning tools (Jupyter, PyTorch, TensorFlow, SageMaker, LangChain, Haystack)",Full-time,Full-time,1-3 years
2851377,Cyber Threat Intelligence Analyst (f/m/div.) (Salary: ~118.000 EUR p.a.*),Bosch Gruppe,https://www.profession.hu/allas/cyber-threat-intelligence-analyst-f-m-div-salary-eur-p-a-bosch-gruppe-2851377?sessionId=ed7061b1d89e7c95ce70868e0e3baa03,2026-03-11,2026-03-18,False,Stuttgart,,"English: B2, German: Native",Bachelor,Python,"GIT, DOCKER, REST APIs",Hybrid,Full-time,1-3 years
2851373,Senior Consultant Data Lake & Analytics Solutions (m/f/d),Fresenius Digital Technology GmbH,https://www.profession.hu/allas/senior-consultant-data-lake-analytics-solutions-m-f-d-fresenius-digital-technology-gmbh-2851373?sessionId=ed7061b1d89e7c95ce70868e0e3baa03,2026-03-11,2026-03-25,True,Germany,,"English: B2, German: B2",Bachelor,"Python, SQL, PySpark, pandas, Git","Azure Data Lake Storage (ADLS Gen2), Azure SDKs for Python, REST APIs, OAuth2 authentication, service principals & managed identities, Databricks, DBT, Great Expectations, SAP BW and SAP Datasphere",On-site,Full-time,1-3 years
2851369,Quality Engineer,N26 GmbH,https://www.profession.hu/allas/quality-engineer-n-gmbh-2851369?sessionId=ed7061b1d89e7c95ce70868e0e3baa03,2026-03-11,2026-03-11,False,Barcelona or Berlin,,English: B2,Bachelor,"Java, Kotlin, JavaScript","Appium, Rest-Assured, Gatling, Cypress, Jira, TestRail",Hybrid,Full-time,3-5 years
2851366,Manager HR IT Team EMEA (f/m/d),Arthrex GmbH,https://www.profession.hu/allas/manager-hr-it-team-emea-f-m-d-arthrex-gmbh-2851366?sessionId=ed7061b1d89e7c95ce70868e0e3baa03,2026-03-11,2026-03-25,True,Németország,,English: B2,Bachelor,,"SAP HCM, SuccessFactors, Aconso",On-site,Full-time,3-5 years
2851364,(Senior) Software Engineer (m/f/d) Network Security,Secunet Security Networks AG,https://www.profession.hu/allas/senior-software-engineer-m-f-d-network-security-secunet-security-networks-ag-2851364?sessionId=ed7061b1d89e7c95ce70868e0e3baa03,2026-03-11,2026-03-25,True,,,"English: B2, German: B2",Bachelor,Rust,"NixOS, Linux, VPN, Firewalls, TCP/IP, Zero Trust, mTLS, dm-verity, Post Quantum Cryptography (PQC), systemd sandboxing, Secure Boot, Measured Boot via TPM2",Remote,Full-time,1-3 years
2851361,HPC Application Specialist for Performance Analysis and Energy Efficiency (f/m/d),Leibniz-Rechenzentrum (LRZ) der Bayerischen Akademie der Wissenschaften,https://www.profession.hu/allas/hpc-application-specialist-for-performance-analysis-and-energy-efficiency-f-m-d-leibniz-rechenzentrum-lrz-der-bayerischen-akademie-der-wissenschaften-2851361?sessionId=ed7061b1d89e7c95ce70868e0e3baa03,2026-03-11,2026-03-25,True,,,English: B2,Bachelor,"C, C++, FORTRAN","OpenMP, MPI, CUDA, OpenACC, SYCL, KOKKOS",Hybrid,Full-time,1-3 years
2851350,Senior React Native Software Engineer (m/f/d),auxmoney GmbH,https://www.profession.hu/allas/senior-react-native-software-engineer-m-f-d-auxmoney-gmbh-2851350?sessionId=ed7061b1d89e7c95ce70868e0e3baa03,2026-03-11,2026-03-25,True,Düsseldorf,,English: C2,Bachelor,"React Native, Java, Kotlin","REACT, ANDROID TESTING, JAVA, KOTLIN, API, CLOUD DEVOPS, AWS, CD, SECURITY, ACCESS, REST, CI, AGILE",Hybrid,Full-time,1-3 years
2851347,Working Student Forward Deployment Engineering (all genders),The Boston Consulting Group GmbH - BCG,https://www.profession.hu/allas/working-student-forward-deployment-engineering-all-genders-the-boston-consulting-group-gmbh-bcg-2851347?sessionId=ed7061b1d89e7c95ce70868e0e3baa03,2026-03-11,2026-03-13,False,Hibrid,,"English: C2, Hungarian: B1",Bachelor,"Python, JavaScript","API, PYTHON, JAVASCRIPT, TROUBLESHOOTING",Hybrid,Full-time,1-3 years
2851335,Senior Fullstack Developer - Data Analytics & AI (w/m/d),TÜV SÜD,https://www.profession.hu/allas/senior-fullstack-developer-data-analytics-ai-w-m-d-tuv-sud-2851335?sessionId=ed7061b1d89e7c95ce70868e0e3baa03,2026-03-11,2026-03-25,True,,,"German: B2, English: B2",Bachelor,"Python, React","Azure, CI/CD, Infrastructure as Code, Test Automation, Observability, Secure Development",,Full-time,3-5 years
2851324,Intern Team E-Commerce Platform and Privacy Management (Mandatory Internship),Mercedes-Benz AG,https://www.profession.hu/allas/intern-team-e-commerce-platform-and-privacy-management-mandatory-internship-mercedes-benz-ag-2851324?sessionId=ed7061b1d89e7c95ce70868e0e3baa03,2026-03-11,2026-03-25,True,Stuttgart-Vaihingen,,"English: B2, German: B2",Bachelor,,"Jira, Confluence",Hybrid,Full-time,1-3 years
2851309,Working Student Product Design (m/f/d),PiNCAMP GmbH,https://www.profession.hu/allas/working-student-product-design-m-f-d-pincamp-gmbh-2851309?sessionId=ed7061b1d89e7c95ce70868e0e3baa03,2026-03-11,2026-03-25,True,Berlin,,"English: C1, German: B2, Dutch: B2",Bachelor,,Figma,Hybrid,Full-time,1-3 years
2851283,(Senior) Platform Engineer (f/m/d)*,Engel & Völkers - Zentrale -,https://www.profession.hu/allas/senior-platform-engineer-f-m-d-engel-volkers-zentrale-2851283?sessionId=ed7061b1d89e7c95ce70868e0e3baa03,2026-03-11,2026-03-25,True,Hamburg,,English: B2,Bachelor,,"CLOUD, GIT",Hybrid,Full-time,1-3 years
2851007,Rust Software Engineer,ITech Consult AG,https://www.profession.hu/allas/rust-software-engineer-itech-consult-ag-2851007?sessionId=ed7061b1d89e7c95ce70868e0e3baa03,2026-03-11,2026-03-11,False,Rotkreuz,,"English: C1, German: B2",Bachelor,Rust,"async/await, ISAQB, tokio, actix-web, rocket, serde, sqlx",On-site,Full-time,3-5 years
2850999,Senior Software Engineer Rust,ITech Consult AG,https://www.profession.hu/allas/senior-software-engineer-rust-itech-consult-ag-2850999?sessionId=ed7061b1d89e7c95ce70868e0e3baa03,2026-03-11,2026-03-11,False,Rotkreuz,,"English: B2, German: B2",Bachelor,"Rust, Linux, Docker, CAN bus, RabbitMQ","async/await, tokio, actix-web, rocket, serde, sqlx",On-site,Full-time,3-5 years
2850966,Doctoral researcher: Human-Centric and Explainable Robot Learning for Mobile Manipulation 100 %,ZHAW,https://www.profession.hu/allas/doctoral-researcher-human-centric-and-explainable-robot-learning-for-mobile-manipulation-zhaw-2850966?sessionId=ed7061b1d89e7c95ce70868e0e3baa03,2026-03-11,2026-03-17,False,,,English: B2,Master,C/C++,"ROS/ROS 2, Agentic applications, Training of large ML models",,Full-time,3-5 years
2850945,Rust Software Engineer,ITech Consult AG,https://www.profession.hu/allas/rust-software-engineer-itech-consult-ag-2850945?sessionId=ed7061b1d89e7c95ce70868e0e3baa03,2026-03-11,2026-03-11,False,Rotkreuz,,"English: C1, German: B2",Bachelor,Rust,"async/await, ISAQB, tokio, actix-web, rocket, serde, sqlx",On-site,Full-time,3-5 years
2850944,Senior Frontend Engineer,MF Group AG,https://www.profession.hu/allas/senior-frontend-engineer-mf-group-ag-2850944?sessionId=ed7061b1d89e7c95ce70868e0e3baa03,2026-03-11,2026-03-16,False,Chiasso,,"English: B2, Italian: B2",Bachelor,"React, TypeScript, JavaScript, CSS","Vitest, React Testing Library, Playwright",Hybrid,Full-time,5+ years
2850933,Senior Software Engineer Rust,ITech Consult AG,https://www.profession.hu/allas/senior-software-engineer-rust-itech-consult-ag-2850933?sessionId=ed7061b1d89e7c95ce70868e0e3baa03,2026-03-11,2026-03-11,False,Rotkreuz,,"English: B2, German: B2",Bachelor,"Rust, Linux, Docker, CAN bus, Rabbit MQ","async/await, tokio, actix-web, rocket, serde, sqlx",On-site,Full-time,3-5 years
2849017,"Senior IT Security Engineer, 80-100%",AO Foundation,https://www.profession.hu/allas/senior-it-security-engineer-ao-foundation-2849017?sessionId=ed7061b1d89e7c95ce70868e0e3baa03,2026-03-11,2026-03-11,False,Svájc,,"English: B2, German: Fluency considered as an added value",Bachelor,Powershell,"Logic Apps, Power Automate, AI Foundry components, Microsoft Sentinel, Defender XDR, KQL, Microsoft Copilot for Security, Web Application Firewall (WAF) principles and rule tuning","Modern infrastructure, high degree of flexibility regarding working hours and location",Full-time,5-10 years
2828357,SAP PP Consultant,DXC Technology Magyarország Kft.,https://www.profession.hu/allas/sap-pp-consultant-dxc-technology-magyarorszag-kft-2828357?sessionId=ed7061b1d89e7c95ce70868e0e3baa03,2026-03-11,2026-03-13,False,Budapest,,,"Bachelor’s degree is required, Master’s degree in related fields is preferred",,"SAP TESTING NETWORK, S/4HANA System Conversion, Fiori apps",Hybrid,Full-time,5+ years
2838006,SAP HCM Inhouse Consultant (m/f/d),Körber Global Business Services GmbH,https://www.profession.hu/allas/sap-hcm-inhouse-consultant-m-f-d-korber-global-business-services-gmbh-2838006?sessionId=ed7061b1d89e7c95ce70868e0e3baa03,2026-03-11,2026-03-25,True,Hamburg,,"English: C1, German: C1",Bachelor,ABAP,"SAP HCM, SuccessFactors/Integration to SAP HCM",Hybrid,Full-time,5+ years
2850520,Business Intelligence Engineer,MOHU MOL Hulladékgazdálkodási Zrt.,https://www.profession.hu/allas/business-intelligence-engineer-mohu-mol-hulladekgazdalkodasi-zrt-budapest-2850520?sessionId=ed7061b1d89e7c95ce70868e0e3baa03,2026-03-13,2026-03-25,True,Budapest,,English: C1,Bachelor,"SQL, Python","Power BI, Tableau, Qlik, Looker, AWS Redshift, BigQuery, Snowflake",On-site,Full-time,3-5 years
2850518,Product Owner,MOHU MOL Hulladékgazdálkodási Zrt.,https://www.profession.hu/allas/product-owner-mohu-mol-hulladekgazdalkodasi-zrt-budapest-2850518?sessionId=ed7061b1d89e7c95ce70868e0e3baa03,2026-03-13,2026-03-25,True,Budapest,,English: C1,Bachelor,,"JIRA, Confluence",On-site,Full-time,3-5 years
2853630,Devops mérnök,Multi Alarm Zrt.,https://www.profession.hu/allas/devops-mernok-multi-alarm-zrt-2853630?sessionId=ed7061b1d89e7c95ce70868e0e3baa03,2026-03-13,2026-03-25,True,,,English: A1,Bachelor,"Python, C","Ansible, Self-hosted GitLab, Zabbix, PostgreSQL",Home-Office,Full-time,5+ years
2853356,Business Analyst,Prohuman Zrt.,https://www.profession.hu/allas/business-analyst-prohuman-zrt-siofok-2853356?sessionId=ed7061b1d89e7c95ce70868e0e3baa03,2026-03-13,2026-03-17,False,Siófok,,English: A1,Bachelor,,AGILIS,Hybrid,Full-time,3-5 years
2853339,Manuális tesztelő,GLS General Logistics Systems Hungary Kft.,https://www.profession.hu/allas/manualis-tesztelo-gls-general-logistics-systems-hungary-kft-alsonemedi-2853339/pro?sessionId=ed7061b1d89e7c95ce70868e0e3baa03,2026-03-13,2026-03-25,True,Alsónémedi,,English: B2,Bachelor,,"ISTQB, AGILIS, CMS",Hybrid,Full-time,1-3 years
2852349,Vezető alkalmazásüzemeltető,Magyar Államkincstár,https://www.profession.hu/allas/vezeto-alkalmazasuzemelteto-magyar-allamkincstar-budapest-2852349?sessionId=ed7061b1d89e7c95ce70868e0e3baa03,2026-03-13,2026-03-25,True,Budapest,,,Felsőfokú informatikai szakirányú végzettség,,,On-site,Full-time,3-5 years
2853156,Információ-biztonság irányítási rendszer szakértő,FGSZ Zrt.,https://www.profession.hu/allas/informacio-biztonsag-iranyitasi-rendszer-szakerto-fgsz-zrt-budapest-2853156?sessionId=ed7061b1d89e7c95ce70868e0e3baa03,2026-03-13,2026-03-25,True,Budapest,,,Bachelor,,,On-site,Full-time,1-3 years
2853137,Mobil iOS fejlesztő (Natív),TRENDENCY ONLINE Zrt.,https://www.profession.hu/allas/mobil-ios-fejleszto-nativ-trendency-online-zrt-budapest-2853137?sessionId=ed7061b1d89e7c95ce70868e0e3baa03,2026-03-13,2026-03-25,True,Budapest,,,Középiskola,"Swift, Objective-C","iOS API, Git, JIRA, Confluence, React Native, REST, Backend, LAN, WebSocket, WebRTC, Streaming technologies, Automata testing tools",Hibrid,Teljes munkaidő,5-10 év tapasztalat
2853009,B2C Ügyfélszolgálati Projektmenedzser,MOHU MOL Hulladékgazdálkodási Zrt.,https://www.profession.hu/allas/b-c-ugyfelszolgalati-projektmenedzser-mohu-mol-hulladekgazdalkodasi-zrt-budapest-2853009?sessionId=ed7061b1d89e7c95ce70868e0e3baa03,2026-03-13,2026-03-25,True,Budapest,,English: B2,Felsőfokú végzettség vagy folyamatban lévő tanulmányok 1–3 év releváns projektmenedzsment tapasztalat,,"Azure DevOps, MS Project, M365, Excel, Power BI",On-site,Full-time,1-3 years
2853045,Java fejlesztő,CompuTREND Zrt.,https://www.profession.hu/allas/java-fejleszto-computrend-zrt-budapest-2853045/pro?sessionId=ed7061b1d89e7c95ce70868e0e3baa03,2026-03-13,2026-03-25,True,Budapest,,,Bachelor,"Java, Spring Boot, Angular","MSSQL, HTML, CSS, JavaScript, SQL, Oracle, Jenkins, JMeter, Vaadin",Hybrid,Full-time,3-5 years
2852995,IT üzleti elemző,KÉSZ Consulting Kft.,https://www.profession.hu/allas/it-uzleti-elemzo-kesz-consulting-kft-2852995/pro?sessionId=ed7061b1d89e7c95ce70868e0e3baa03,2026-03-13,2026-03-25,True,Budapest,,English: B2,Bachelor,,"MS Office, PowerPoint, JIRA, Confluence, C, Excel, BPMN, Visio, ERP, CRM",On-site,Full-time,3-5 years
2852989,Senior Data Management Expert,YouGov CP Hungary Kft.,https://www.profession.hu/allas/senior-data-management-expert-yougov-cp-hungary-kft-budapest-2852989/pro?sessionId=ed7061b1d89e7c95ce70868e0e3baa03,2026-03-13,2026-03-25,True,Budapest,,"English: C2, Hungarian: B1",Secondary education with diploma,,"Excel, SPSS, MS Access, Laptop, Windows, UNIX",Hybrid,Full-time,5+ years
2852992,IT Business Analyst,Indotek Group,https://www.profession.hu/allas/it-business-analyst-indotek-group-2852992?sessionId=ed7061b1d89e7c95ce70868e0e3baa03,2026-03-13,2026-03-25,True,,,English: B2,Bachelor,,"BI, UAT, API, SQL, AGILIS, EXCEL, JIRA, POWER BI, SCRUM, ERP, BPMN, KANBAN, REST",Hybrid,Short-term,1-3 years
2852856,Lead Developer,ENLOYD Kft.,https://www.profession.hu/allas/lead-developer-enloyd-kft-budapest-2852856?sessionId=ed7061b1d89e7c95ce70868e0e3baa03,2026-03-13,2026-03-25,True,Budapest,,English: C1,Bachelor,"PHP, Laravel, React, Next.js, TypeScript, PostgreSQL","REST API, Git, AWS, GCP",Hybrid – (2x iroda 3x home office),Full-time,5+ years
2852921,SAP Business Analyst,Cloud Network Technology Kft.,https://www.profession.hu/allas/sap-business-analyst-cloud-network-technology-kft-komarom-2852921?sessionId=ed7061b1d89e7c95ce70868e0e3baa03,2026-03-13,2026-03-25,True,Komárom,,"English: B2, Hungarian: Native",Bachelor,ABAP,"SAP ASSEMBLY, ABAP, S/4 Hana",On-site,Full-time,3-5 years
2852414,Cloud Network Engineer (delivery and maintenance),Huawei Technologies Hungary Kft.,https://www.profession.hu/allas/cloud-network-engineer-delivery-and-maintenance-huawei-technologies-hungary-kft-budapest-2852414?sessionId=ed7061b1d89e7c95ce70868e0e3baa03,2026-03-13,2026-03-25,True,Budapest,,English: B1,Középiskola,Python,"Microsoft Office (Word, Excel, PowerPoint, Visio)",On-site,Full-time,1-3 years
2852786,Medior tesztelő,MVM Ügyfélkapcsolati Kft.,https://www.profession.hu/allas/medior-tesztelo-mvm-ugyfelkapcsolati-kft-budapest-2852786?sessionId=ed7061b1d89e7c95ce70868e0e3baa03,2026-03-13,2026-03-25,True,Budapest,,English: B2,Bachelor,,"ISTQB, ANDROID, IOS, AZURE DEVOPS",On-site,Full-time,3-5 years
2852785,Senior tesztelő,MVM Ügyfélkapcsolati Kft.,https://www.profession.hu/allas/senior-tesztelo-mvm-ugyfelkapcsolati-kft-budapest-2852785?sessionId=ed7061b1d89e7c95ce70868e0e3baa03,2026-03-13,2026-03-25,True,Budapest,,English: B1,Bachelor,,"ISTQB, DEVOPS, ANDROID, IOS, AZURE",On-site,Full-time,5-8 years
2852782,Senior IT Rendszerszervező (MobilApp),Alfa Vienna Insurance Group Biztosító Zrt.,https://www.profession.hu/allas/senior-it-rendszerszervezo-mobilapp-alfa-vienna-insurance-group-biztosito-zrt-budapest-2852782?sessionId=ed7061b1d89e7c95ce70868e0e3baa03,2026-03-13,2026-03-25,True,Budapest,,,Főiskola,,"Enterprise Architect, BPMN, Confluence, Jira",Hybrid,Full-time,3-5 years
2853066,Diákmunka - Test automation framework developer trainee,MŰISZ Iskolaszövetkezet,https://www.profession.hu/allas/diakmunka-test-automation-framework-developer-trainee-muisz-iskolaszovetkezet-budapest-2853066?sessionId=ed7061b1d89e7c95ce70868e0e3baa03,2026-03-13,2026-03-25,True,Budapest XI. kerület,2 200 - 2 800 Ft/óra bér,"English: B1, Magyar anyanyelvi szint",Középiskola,,"ASP.NET Core Web API, Selenium, UI Automation",Hybrid,Full-time,
2852927,Cybersecurity gyakornok - diákmunka,Mind-Diák Szövetkezet,https://www.profession.hu/allas/cybersecurity-gyakornok-diakmunka-mind-diak-szovetkezet-2852927?sessionId=ed7061b1d89e7c95ce70868e0e3baa03,2026-03-13,2026-03-25,True,Budapest,,English: B2,High School with Diploma,,MS OFFICE,Hybrid,Half-time,0-1 years
2852852,Szoftverfejlesztő gyakornok (diákmunka),OnE Job Iskolaszövetkezet,https://www.profession.hu/allas/szoftverfejleszto-gyakornok-diakmunka-one-job-iskolaszovetkezet-budapest-2852852?sessionId=ed7061b1d89e7c95ce70868e0e3baa03,2026-03-13,2026-03-25,True,Budapest,,English: B1,Bachelor,"C#, .Net, MS SQL, ASP.Net, SQL",,Hybrid,Half-time,0-1 years
2853714,Senior Business Analyst - Tech & AI,"McKinsey & Company, Inc.Hungary Magyarországi Fióktelepe",https://www.profession.hu/allas/senior-business-analyst-tech-ai-mckinsey-company-inc-hungary-magyarorszagi-fioktelepe-2853714?sessionId=ed7061b1d89e7c95ce70868e0e3baa03,2026-03-13,2026-03-14,False,Budapest,,"English: B2, Polish: B2, Hungarian: B2","Bachelor, Master",,,On-site,Full-time,1-3 years
2853713,Project Manager in Energy Infrastructure,Accenture Korlátolt Felelősségű Társaság,https://www.profession.hu/allas/project-manager-in-energy-infrastructure-accenture-korlatolt-felelossegu-tarsasag-2853713?sessionId=ed7061b1d89e7c95ce70868e0e3baa03,2026-03-13,2026-03-25,True,Budapest,,"English: B2, German: B2",Bachelor,,"Primavera, MS Project",Hybrid,Full-time,Pályakezdő/friss diplomás
2853712,"Graduate Engineer, System IP Engineering",ARM Hungary Kft.,https://www.profession.hu/allas/graduate-engineer-system-ip-engineering-arm-hungary-kft-2853712?sessionId=ed7061b1d89e7c95ce70868e0e3baa03,2026-03-13,2026-03-25,True,Budapest,,,Bachelor,"SystemVerilog, Perl, Python","UVM, Formal verification",Hybrid,Full-time,1-3 years
2853709,PHP programozó,EVERENGINE Kft.,https://www.profession.hu/allas/php-programozo-everengine-kft-2853709?sessionId=ed7061b1d89e7c95ce70868e0e3baa03,2026-03-13,2026-03-25,True,Budapest,,,High School with Diploma,PHP,,On-site,Full-time,0-1 years
2853699,"Financial Model Engineer, Associate",BlackRock Hungary Kft.,https://www.profession.hu/allas/financial-model-engineer-associate-blackrock-hungary-kft-2853699?sessionId=ed7061b1d89e7c95ce70868e0e3baa03,2026-03-13,2026-03-14,False,Budapest,,,Bachelor,JAVA,"GIT, DATABASES, SQL, SPARK, ACCESS, NETWORK, AGILE, JIRA",On-site,Full-time,1-3 years
2853696,"Application Engineer, Associate",BlackRock Hungary Kft.,https://www.profession.hu/allas/application-engineer-associate-blackrock-hungary-kft-2853696?sessionId=ed7061b1d89e7c95ce70868e0e3baa03,2026-03-13,2026-03-14,False,Budapest,,,"Bachelor’s or master’s degree in computer science, Engineering, or a related technical field",Java 17+,"React, Angular, Vue, Databases SQL and NoSQL (Cassandra, Ignite), RESTful APIs, GraphQL APIs, Spring Framework, Spring Boot web services",Hybrid,Full-time,3-5 years
2853694,"Python Financial Model Engineer, Associate",BlackRock Hungary Kft.,https://www.profession.hu/allas/python-financial-model-engineer-associate-blackrock-hungary-kft-2853694?sessionId=ed7061b1d89e7c95ce70868e0e3baa03,2026-03-13,2026-03-14,False,Budapest,,English: B2,Bachelor,"Python, Pandas, Apache Arrow, Snowflake","Azure DevOps, git, Prefect (plus)",Hybrid,Full-time,3-5 years
2853690,Flutter Developer,FF Next Technologies Kft.,https://www.profession.hu/allas/flutter-developer-ff-next-technologies-kft-2853690?sessionId=ed7061b1d89e7c95ce70868e0e3baa03,2026-03-13,2026-03-25,True,Budapest,,English: B1,Bachelor,,"ACCESS, JIRA",Hybrid,Full-time,1-3 years
2853674,Business Consultant,Quickborn Consulting Hungary Kft.,https://www.profession.hu/allas/business-consultant-quickborn-consulting-hungary-kft-2853674?sessionId=ed7061b1d89e7c95ce70868e0e3baa03,2026-03-13,2026-03-25,True,,,English: B2,Bachelor,,"Laptop, Mobiltelefon",On-site,Full-time,0-1 years
2853673,"Associate, Global Marketing & Digital Wealth Digital Marketing Team, Delivery Manager",BlackRock Hungary Kft.,https://www.profession.hu/allas/associate-global-marketing-digital-wealth-digital-marketing-team-delivery-manager-blackrock-hungary-kft-2853673?sessionId=ed7061b1d89e7c95ce70868e0e3baa03,2026-03-13,2026-03-14,False,Budapest,,,Középiskola,,"JIRA, Confluence, Azure, Miro, Conceptboard",Hybrid,Full-time,1-3 years
2853655,Senior UX/UI Designer,FF Next Technologies Kft.,https://www.profession.hu/allas/senior-ux-ui-designer-ff-next-technologies-kft-2853655?sessionId=ed7061b1d89e7c95ce70868e0e3baa03,2026-03-13,2026-03-25,True,Budapest,,English: B2,Középiskola,,BOOTSTRAP,Hybrid,Full-time,5+ years
2853651,Technical Consultant,Quickborn Consulting Hungary Kft.,https://www.profession.hu/allas/technical-consultant-quickborn-consulting-hungary-kft-2853651?sessionId=ed7061b1d89e7c95ce70868e0e3baa03,2026-03-13,2026-03-25,True,Budapest,,English: B2,Főiskola,"Java, SQL, PL/SQL, Pro*C","Windows, Linux, Unix",On-site,Full-time,5+ years
2853648,Senior Libraries Engineer – AI and HPC,NVIDIA Hungary Kft.,https://www.profession.hu/allas/senior-libraries-engineer-ai-and-hpc-nvidia-hungary-kft-2853648?sessionId=ed7061b1d89e7c95ce70868e0e3baa03,2026-03-13,2026-03-23,False,,"221,250 PLN - 383,500 PLN for Level 3, and 292,500 PLN - 507,000 PLN for Level 4",,"PhD, MSc’s degree","C, C++, Python",JIRA,,Full-time,5+ years
2853638,Oracle expert,BSCE Tanácsadó és Informatikai Kft.,https://www.profession.hu/allas/oracle-expert-bsce-tanacsado-es-informatikai-kft-2853638?sessionId=ed7061b1d89e7c95ce70868e0e3baa03,2026-03-13,2026-03-14,False,Budapest,,,Bachelor,,"ORACLE ADATTÁRHÁZ, SQL, ODI",On-site,Full-time,1-3 years
2853559,Backend Engineer - Engagement,N26 GmbH,https://www.profession.hu/allas/backend-engineer-engagement-n-gmbh-2853559?sessionId=ed7061b1d89e7c95ce70868e0e3baa03,2026-03-13,2026-03-25,True,Berlin or Barcelona,,English: B2,Bachelor,"Kotlin, Spring Boot","AWS, Databases (Postgres), Cloud Architecture",Hybrid,Full-time,1-3 years
2853436,(Senior) Product Manager - Onboarding & KYC,N26 GmbH,https://www.profession.hu/allas/senior-product-manager-onboarding-kyc-n-gmbh-2853436?sessionId=ed7061b1d89e7c95ce70868e0e3baa03,2026-03-13,2026-03-25,True,Berlin,,English: B2,Bachelor,,"SQL, DATABASES, ACCESS, REST, AGILE",Hybrid,Full-time,5+ years
2853429,(Junior) Developer (f/m/d) for Gardener CI/CD,SAP SE,https://www.profession.hu/allas/junior-developer-f-m-d-for-gardener-ci-cd-sap-se-2853429?sessionId=ed7061b1d89e7c95ce70868e0e3baa03,2026-03-13,2026-03-25,True,Németország,,English: C1,Bachelor,,"Concourse, Git",On-site,Full-time,1-3 years
2853426,Trainee Software Development (w/m/d) - Engineering Applications,thyssenkrupp rothe erde Germany GmbH,https://www.profession.hu/allas/trainee-software-development-w-m-d-engineering-applications-thyssenkrupp-rothe-erde-germany-gmbh-2853426?sessionId=ed7061b1d89e7c95ce70868e0e3baa03,2026-03-13,2026-03-25,True,Németország,,"English: B2, German: B2",Egyetem,"C++, C#, MATLAB","NETWORK, C++, C#, MATLAB",Általános munkarend,Teljes munkaidő,1-3 év tapasztalat
2853425,Engineering - Frankfurt - Associate - Risk Governance,Goldman Sachs AG MesseTurm,https://www.profession.hu/allas/engineering-frankfurt-associate-risk-governance-goldman-sachs-ag-messeturm-2853425?sessionId=ed7061b1d89e7c95ce70868e0e3baa03,2026-03-13,2026-03-25,True,Frankfurt,,English: B2,Bachelor,SQL,"SECURITY, ISO, ITIL, ANALYTICS",On-site,Full-time,5+ years
2853422,People Lead Software Development Underwriting,HDI AG,https://www.profession.hu/allas/people-lead-software-development-underwriting-hdi-ag-2853422?sessionId=ed7061b1d89e7c95ce70868e0e3baa03,2026-03-13,2026-03-25,True,,,"English: C1, German: C1",Bachelor,,"GitHub Copilot, AI code review, Test automation via AI, Architecture scans",Hybrid,Full-time,1-3 years
2853415,Technical Manager (m/f/d),AUGENTIC GmbH,https://www.profession.hu/allas/technical-manager-m-f-d-augentic-gmbh-2853415?sessionId=ed7061b1d89e7c95ce70868e0e3baa03,2026-03-13,2026-03-25,True,Munich,,"English: C1, German: B2, French: B2","Bachelor, Master",,,On-site with home office,Full-time,3-5 years
2853412,Program Change Management Lead (d/f/m),TK Elevator Europe Africa GmbH,https://www.profession.hu/allas/program-change-management-lead-d-f-m-tk-elevator-europe-africa-gmbh-2853412?sessionId=ed7061b1d89e7c95ce70868e0e3baa03,2026-03-13,2026-03-25,True,,,"English: B2, German: B2, French: B2",Bachelor,,,Home-Office,Full-time,5+ years
2853096,"IT Vendor Management Specialist, 80-100%",AO Foundation,https://www.profession.hu/allas/it-vendor-management-specialist-ao-foundation-2853096?sessionId=ed7061b1d89e7c95ce70868e0e3baa03,2026-03-13,2026-03-14,False,Svájc,,"English: C2, German: B2",Bachelor,,"ITIL, Azure, Service Management",On-site with home office,Full-time,3-5 years
2853094,Rust Software Engineer,ITech Consult AG,https://www.profession.hu/allas/rust-software-engineer-itech-consult-ag-2853094?sessionId=ed7061b1d89e7c95ce70868e0e3baa03,2026-03-13,2026-03-17,False,Rotkreuz,,"English: C2, German: B1",Bachelor,Rust,"async/await, ISAQB, tokio, actix-web, rocket, serde, sqlx",On-site with home office,Full-time,3-5 years
2853081,Senior Embedded Instrument Control SW Tester,Manpower Basel,https://www.profession.hu/allas/senior-embedded-instrument-control-sw-tester-manpower-basel-2853081?sessionId=ed7061b1d89e7c95ce70868e0e3baa03,2026-03-13,2026-03-25,True,Rotkreuz,,"English: B2, German: Advantageous","Bachelor's or Master’s degree in Electrical Engineering, Mechanical Engineering, or Software Engineering",,"Linux, Test automation tools",Hybrid,Full-time,5-7 years
2853078,GRCS Engineer 40-70 %,Caritas Schweiz,https://www.profession.hu/allas/grcs-engineer-caritas-schweiz-2853078?sessionId=ed7061b1d89e7c95ce70868e0e3baa03,2026-03-13,2026-03-25,True,Lucerne,,,Középiskola,,,On-site,Full-time,1-3 years
2853074,Solution Architect - AI & firm-wide technology focus,LGT Capital Partners AG,https://www.profession.hu/allas/solution-architect-ai-firm-wide-technology-focus-lgt-capital-partners-ag-2853074?sessionId=ed7061b1d89e7c95ce70868e0e3baa03,2026-03-13,2026-03-17,False,"Pfäffikon, Switzerland",,English: B2,Master,,"CLOUD, DEVOPS",Hybrid,Full-time,3-5 years
2852772,Data Engineer,Betsson Group,https://www.profession.hu/allas/data-engineer-betsson-group-2852772?sessionId=ed7061b1d89e7c95ce70868e0e3baa03,2026-03-13,2026-03-25,True,Budapest,,English: B2,Középiskola,,"AWS, SQL, Cloud Database, GIT, POWERSHELL, UNIX",Hybrid,Full-time,0-1 years
2852770,Senior Software Engineer - Embedded Systems,ARM Hungary Kft.,https://www.profession.hu/allas/senior-software-engineer-embedded-systems-arm-hungary-kft-2852770?sessionId=ed7061b1d89e7c95ce70868e0e3baa03,2026-03-13,2026-03-23,False,Budapest,,,Középiskola,C,"Linux, Continuous Integration (CI) systems",Hybrid,Full-time,0-1 years
2852769,SAP SD Consultant,DXC Technology Magyarország Kft.,https://www.profession.hu/allas/sap-sd-consultant-dxc-technology-magyarorszag-kft-2852769?sessionId=ed7061b1d89e7c95ce70868e0e3baa03,2026-03-13,2026-03-25,True,Budapest,,,"Bachelor’s degree is required, Master’s degree in related fields is preferred",,SAP TESTING NETWORK,Hybrid,Full-time,5+ years
2852747,Senior Expert for Industry Foundation Models (f/m/x),BMW Group,https://www.profession.hu/allas/senior-expert-for-industry-foundation-models-f-m-x-bmw-group-2852747?sessionId=ed7061b1d89e7c95ce70868e0e3baa03,2026-03-13,2026-03-13,False,Munich,,English: B2,Master,Python,Modern ML frameworks,On-site,Full-time,5+ years
2852745,"Engagement Manager, Germany",Adobe Systems Europe Limited,https://www.profession.hu/allas/engagement-manager-germany-adobe-systems-europe-limited-2852745?sessionId=ed7061b1d89e7c95ce70868e0e3baa03,2026-03-13,2026-03-25,True,Németország,,"English: B2, Deutsch: B2",Bachelor,,Adobe Access @ADOBE,On-site,Full-time,1-3 years
2852743,Senior AI ADAS Engineer (f/m/x),BMW Group,https://www.profession.hu/allas/senior-ai-adas-engineer-f-m-x-bmw-group-2852743?sessionId=ed7061b1d89e7c95ce70868e0e3baa03,2026-03-13,2026-03-25,True,Munich,,English: B2,Master,"Python, C++","ISO SECURITY, MACHINE LEARNING",Full-time,Full-time,5+ years
2852742,PhD student in image analysis in cancer research (f/m/x),Universitätsklinikum Köln (AöR),https://www.profession.hu/allas/phd-student-in-image-analysis-in-cancer-research-f-m-x-universit-tsklinikum-koln-aor-2852742?sessionId=ed7061b1d89e7c95ce70868e0e3baa03,2026-03-13,2026-03-25,True,Németország,,English: B2,"MSc degree in computer science, physics, bioinformatics, or a related field",Python,"Machine Learning, Deep Learning, Cluster Architectures",On-site,Full-time,1-3 years
2852740,Principal Enterprise Architect Professional Services (Germany),Adobe Systems Europe Limited,https://www.profession.hu/allas/principal-enterprise-architect-professional-services-germany-adobe-systems-europe-limited-2852740?sessionId=ed7061b1d89e7c95ce70868e0e3baa03,2026-03-13,2026-03-25,True,Németország,,"English: B2, German: Fluency",Középiskola,,,On-site,Full-time,1-3 years
2852734,Senior Manager - Enterprise Architecture - Adobe Customer Solutions,Adobe Systems Europe Limited,https://www.profession.hu/allas/senior-manager-enterprise-architecture-adobe-customer-solutions-adobe-systems-europe-limited-2852734?sessionId=ed7061b1d89e7c95ce70868e0e3baa03,2026-03-13,2026-03-25,True,Németország,,English: B2,Középiskola,,,On-site,Full-time,1-3 years
2852724,IAM Consultant (m/f/d),ista SE,https://www.profession.hu/allas/iam-consultant-m-f-d-ista-se-2852724?sessionId=ed7061b1d89e7c95ce70868e0e3baa03,2026-03-13,2026-03-25,True,Essen,,"English: C2, German: B2",High School with Diploma,,"SailPoint Identity Security Cloud, Keycloak, Microsoft Entra ID, Privileged Access Management (PAM) solutions, JWT, OAuth 2.0, OpenID Connect, SAML, SCIM",Hybrid,Full-time,1-3 years
2852718,Graduate (m/f/d) – Growing with Data,KWS SAAT SE & Co. KGaA,https://www.profession.hu/allas/graduate-m-f-d-growing-with-data-kws-saat-se-co-kgaa-2852718?sessionId=ed7061b1d89e7c95ce70868e0e3baa03,2026-03-13,2026-03-17,False,,,English: C1,Master,"Python, R","PowerBI, ACCESS, NETWORK PROJECT MANAGEMENT",Remote with On-site options,Full-time,1-3 years
2852717,CRM Application Manager (m/f/d),ELANTAS GmbH,https://www.profession.hu/allas/crm-application-manager-m-f-d-elantas-gmbh-2852717?sessionId=ed7061b1d89e7c95ce70868e0e3baa03,2026-03-13,2026-03-25,True,Wesel,,English: B2,Bachelor,,"CRM DYNAMICS, SAP, ACCESS, MICROSOFT OFFICE, PROJECT MANAGEMENT",Hybrid,Full-time,5+ years
2852711,Business Solution Architect Core - Energy Retail (f/m/d),E.ON Digital Technology GmbH,https://www.profession.hu/allas/business-solution-architect-core-energy-retail-f-m-d-e-on-digital-technology-gmbh-2852711?sessionId=ed7061b1d89e7c95ce70868e0e3baa03,2026-03-13,2026-03-25,True,Hibrid,,English: B2,Középiskola,,"CRM SECURITY, SAP CLOUD MIDDLEWARE, SAP S/4Hana & RISE implementation methodology, SAP BTP integrations, Salesforce, Kraken",Hybrid,Full-time,1-3 years
2852710,Principal Full-Stack Engineer at BurdaForward (m/f/x),Hubert Burda Media,https://www.profession.hu/allas/principal-full-stack-engineer-at-burdaforward-m-f-x-hubert-burda-media-2852710?sessionId=ed7061b1d89e7c95ce70868e0e3baa03,2026-03-13,2026-03-25,True,,,English: B2,Bachelor,"TypeScript, JavaScript, VueJS, SolidJS, ReactJS, AngularJS, Node.js","Express, MongoDB, Docker, Terraform, AWS Cloud, GitLab",Hybrid,Full-time,1-3 years
2852709,Project Coordinator / Data Steward in Clinical Research (f/m/x) Biomedizinische Informatik – Datenintegrationszentrum,Universitätsklinikum Köln (AöR),https://www.profession.hu/allas/project-coordinator-data-steward-in-clinical-research-f-m-x-biomedizinische-informatik-datenintegrationszentrum-universit-tsklinikum-koln-aor-2852709?sessionId=ed7061b1d89e7c95ce70868e0e3baa03,2026-03-13,2026-03-25,True,Cologne,,"German: B2, English: B2",PhD or MSc,,"TESTING DATABASES, DATA MANAGEMENT, PROJECT MANAGEMENT",Hybrid,Full-time,3-5 years
2852686,Senior AI Systems Engineer (f/m/x),BMW Group,https://www.profession.hu/allas/senior-ai-systems-engineer-f-m-x-bmw-group-2852686?sessionId=ed7061b1d89e7c95ce70868e0e3baa03,2026-03-13,2026-03-25,True,Munich,,"English: B2, German: A1",Bachelor,"Python, C, C++","Security, Machine Learning",On-site,Full-time,3-5 years
2852657,Scrum Master,HDI AG,https://www.profession.hu/allas/scrum-master-hdi-ag-2852657?sessionId=ed7061b1d89e7c95ce70868e0e3baa03,2026-03-13,2026-03-25,True,Hamburg,,"English: B1, German: C1",High School with Diploma,,"SCRUM, AGILE, CI",Hybrid,Full-time,1-3 years
2852652,SAP S/4HANA Business Expert Plan to Produce - EMEA HUB (m/w/x),ZEISS,https://www.profession.hu/allas/sap-s-hana-business-expert-plan-to-produce-emea-hub-m-w-x-zeiss-2852652?sessionId=ed7061b1d89e7c95ce70868e0e3baa03,2026-03-13,2026-03-25,True,Németország,,"English: B2, German: B2",Bachelor,,"SAP R, JIRA",On-site,Full-time,1-3 years
2852636,Product Manager (f/m/d)* - SEO/GEO,Engel & Völkers - Zentrale -,https://www.profession.hu/allas/product-manager-f-m-d-seo-geo-engel-volkers-zentrale-2852636?sessionId=ed7061b1d89e7c95ce70868e0e3baa03,2026-03-13,2026-03-17,False,Hamburg,,"English: C2, German: C2, Spanish: B2, Italian: A2",Bachelor,,"Google Search Console, Sistrix, Screaming Frog",Hybrid,Full-time,1-3 years
2852634,Senior IT Architect (m/f/d),DIEHL Metering GmbH,https://www.profession.hu/allas/senior-it-architect-m-f-d-diehl-metering-gmbh-2852634?sessionId=ed7061b1d89e7c95ce70868e0e3baa03,2026-03-13,2026-03-25,True,,,English: C2,Bachelor,,"SECURITY, CLOUD AZURE, AWS, AGILE DEVOPS, NETWORK PROJECT MANAGEMENT",Remote,Full-time,1-3 years
2852632,Data Governance Analyst (m/f/d),ODDO BHF SE,https://www.profession.hu/allas/data-governance-analyst-m-f-d-oddo-bhf-se-2852632?sessionId=ed7061b1d89e7c95ce70868e0e3baa03,2026-03-13,2026-03-25,True,Frankfurt/Main,,"English: B2, German: Native",Master,"SQL, Python, VBA","PowerPoint, Excel, BI Analytics, Security Change Management",Hybrid,Full-time,1-3 years
2851806,Business Development Director,Supercharge Kft.,https://www.profession.hu/allas/business-development-director-supercharge-kft-2851806?sessionId=ed7061b1d89e7c95ce70868e0e3baa03,2026-03-13,2026-03-17,False,,,,Bachelor,,,Remote,Full-time,3-5 years
2844173,Senior SAP Consultant,Accenture Korlátolt Felelősségű Társaság,https://www.profession.hu/allas/senior-sap-consultant-accenture-korlatolt-felelossegu-tarsasag-2844173?sessionId=ed7061b1d89e7c95ce70868e0e3baa03,2026-03-13,2026-03-22,False,Budapest,,"English: B2, German: A1",Középiskola,,"SAP ACCESS, S/4HANA",Hybrid,Full-time,3-5 years
2839026,Product Intelligence Sensory Manager (m/f/d),JT International Germany GmbH,https://www.profession.hu/allas/product-intelligence-sensory-manager-m-f-d-jt-international-germany-gmbh-2839026?sessionId=ed7061b1d89e7c95ce70868e0e3baa03,2026-03-13,2026-03-25,True,Trier,,"English: C2, German: B2","Bachelor's or Master's degree in sensory science, food science, statistics, data science or a related field","R, SPSS, Python","POWERPOINT, EXCEL, JMP",Hybrid,Full-time,1-3 years
2839000,Senior Expert Business Process Manager (m/w/x),Arvato SE – Consumer Products,https://www.profession.hu/allas/senior-expert-business-process-manager-m-w-x-arvato-se-consumer-products-2839000?sessionId=ed7061b1d89e7c95ce70868e0e3baa03,2026-03-13,2026-03-25,True,Gütersloh,,"English: B2, German: Fluent",Master's degree (M.Sc. or equivalent),,"SAP, BPMN",Hybrid,Full-time,3-5 years
2838073,Internship/ Thesis – Wave Optical Propagation for Micro-optical Structures (m/f/x),ZEISS,https://www.profession.hu/allas/internship-thesis-wave-optical-propagation-for-micro-optical-structures-m-f-x-zeiss-2838073?sessionId=ed7061b1d89e7c95ce70868e0e3baa03,2026-03-13,2026-03-25,True,Németország,,"English: C2, German: C2","Bachelor, Master",Python,,On-site,Full-time,1-3 years
2834941,Senior Identity and Access Management (IAM) Analyst,Diligent Governance Hungary Kft.,https://www.profession.hu/allas/senior-identity-and-access-management-iam-analyst-diligent-governance-hungary-kft-2834941?sessionId=ed7061b1d89e7c95ce70868e0e3baa03,2026-03-13,2026-03-16,False,Budapest,,,Bachelor,,"CLOUD ACCESS SECURITY, AWS, ISO",Hybrid,Full-time,3-5 years
2832750,Internship in Credit Risk Management (IFRS 9 Impairment & Economic Capital) starting from April 2026,Daimler Truck Financial Services GmbH,https://www.profession.hu/allas/internship-in-credit-risk-management-ifrs-impairment-economic-capital-starting-from-april-daimler-truck-financial-services-gmbh-2832750?sessionId=ed7061b1d89e7c95ce70868e0e3baa03,2026-03-13,2026-03-16,False,Németország,,English: B2,Bachelor,,MS Office,On-site,Full-time,1-3 years
2854252,IT auditor/ Kiberbiztonsági tanácsadó,ITSecure Kft.,https://www.profession.hu/allas/it-auditor-kiberbiztonsagi-tanacsado-itsecure-kft-budapest-2854252?sessionId=ed7061b1d89e7c95ce70868e0e3baa03,2026-03-14,2026-03-25,True,Budapest,,English: B1,Bachelor,,,On-site,Full-time,1-3 years
2854158,Üzleti elemző német nyelvtudással,Raiffeisen Software GmbH Magyarországi,https://www.profession.hu/allas/uzleti-elemzo-nemet-nyelvtudassal-raiffeisen-software-gmbh-magyarorszagi-budapest-2854158?sessionId=ed7061b1d89e7c95ce70868e0e3baa03,2026-03-14,2026-03-25,True,Budapest,13.000 EUR gross/month,"German: B2, Hungarian: C1",,,"Jira, Confluence",Hybrid,Full-time,3-5 years
2854148,Java fejlesztő,Raiffeisen Software GmbH Magyarországi,https://www.profession.hu/allas/java-fejleszto-raiffeisen-software-gmbh-magyarorszagi-budapest-2854148?sessionId=ed7061b1d89e7c95ce70868e0e3baa03,2026-03-14,2026-03-25,True,Budapest,,"German: B2, English: B1",Secondary education with diploma,Java11+,"Git, SQL, Springboot, Docker, Kubernetes, OpenShift, Quarkus, Hibernate",Hybrid,Full-time,3-5 years
2854042,Data analyst,Prooktatás Bt.,https://www.profession.hu/allas/data-analyst-prooktatas-bt-2854042?sessionId=ed7061b1d89e7c95ce70868e0e3baa03,2026-03-14,2026-03-25,True,,kb. nettó 8.000 Ft / óra,,Főiskola,Python,"Power BI, Tableau","Full-time, remote",Short-term,3-5 years
2854015,Adatbázis szakértő,Profession Services,https://www.profession.hu/allas/adatbazis-szakerto-profession-services-budapest-2854015/pro?sessionId=ed7061b1d89e7c95ce70868e0e3baa03,2026-03-14,2026-03-25,True,Budapest,,English: B1,Bachelor,,"SQL, LINUX, ORACLE, POSTGRESQL, MONGODB, UNIX",Hybrid,Full-time,3-5 years
2853352,Masterdata adminisztrátor,STAVMAT ÉPÍTŐANYAG KERESKEDELMI ZRT.,https://www.profession.hu/allas/masterdata-adminisztrator-stavmat-epitoanyag-kereskedelmi-zrt-budapest-2853352?sessionId=ed7061b1d89e7c95ce70868e0e3baa03,2026-03-14,2026-03-25,True,"Budapest, X. kerület",,,Középiskola,,SAP,Teljes munkaidő,Full-time,1-3 years
2853946,Senior Scrum Master/Agile Coach - German Speaker (NT),Tech People Hungary Kft.,https://www.profession.hu/allas/senior-scrum-master-agile-coach-german-speaker-nt-tech-people-hungary-kft-budapest-2853946?sessionId=ed7061b1d89e7c95ce70868e0e3baa03,2026-03-14,2026-03-25,True,Budapest,,"English: B1, German: C1",Bachelor,,"Jira, Confluence",On-site,Full-time,5+ years
2853941,Senior PHP fejlesztő  (NE),Tech People Hungary Kft.,https://www.profession.hu/allas/senior-php-fejleszt-ne-tech-people-hungary-kft-budapest-2853941?sessionId=ed7061b1d89e7c95ce70868e0e3baa03,2026-03-14,2026-03-25,True,Budapest,,English: A2,Bachelor,"Java, PHP, JavaScript, HTML, CSS","Yii, MS SQL, GitHub, GitLab, Microsoft Azure, Docker, Kubernetes",Full-time,Short-term,5-10 years
2853904,Üzleti alkalmazásfejlesztési projektmenedzser,BA-HA-MA'S Kft.,https://www.profession.hu/allas/uzleti-alkalmazasfejlesztesi-projektmenedzser-ba-ha-ma-s-kft-dunakeszi-2853904?sessionId=ed7061b1d89e7c95ce70868e0e3baa03,2026-03-14,2026-03-25,True,Dunakeszi,,,Középiskola,,BI ERP,Hybrid,Full-time,3-5 years
2853840,Medior Data Engineer (Oracle adatbázis-fejlesztő),SMP Solutions Zrt.,https://www.profession.hu/allas/medior-data-engineer-oracle-adatbazis-fejleszto-smp-solutions-zrt-budapest-2853840?sessionId=ed7061b1d89e7c95ce70868e0e3baa03,2026-03-14,2026-03-25,True,Budapest,,English: B2,Bachelor,"Python, PL/SQL, Oracle Data Integrator (ODI)","ORACLE ADATTÁRHÁZ, SQL, MSSQL, CLOUD AZURE, Laptop, Monitor (1 db), Windows, Headset, Mobiltelefon",Hybrid,Full-time,3-5 years
2853817,Linux rendszer fejlesztő (C/C++),PROTECTA Kft,https://www.profession.hu/allas/linux-rendszer-fejleszto-c-c-protecta-kft-budapest-2853817?sessionId=ed7061b1d89e7c95ce70868e0e3baa03,2026-03-14,2026-03-25,True,Budapest,,English: B2,Bachelor,"C, C++, JavaScript","Linux, Git, Buildroot, Yocto, Version control systems, Agile methodologies",Full-time,Full-time,3-5 years
2853781,Senior Test Koordinator,MindFly Kft.,https://www.profession.hu/allas/senior-test-koordinator-mindfly-kft-budapest-2853781?sessionId=ed7061b1d89e7c95ce70868e0e3baa03,2026-03-14,2026-03-25,True,Budapest,,"German: C2, Hungarian: Native","Bachelor, Master",,"Jira, Confluence, X-Ray, SoapUI, Postman, JUnit, Kibana, Grafana",Hybrid,Full-time,5-10 years
2854315,Haladó Excel / VBA automatizálási gyakornok,Fürge Diák Iskolaszövetkezet,https://www.profession.hu/allas/halado-excel-vba-automatizalasi-gyakornok-furge-diak-iskolaszovetkezet-budapest-2854315?sessionId=ed7061b1d89e7c95ce70868e0e3baa03,2026-03-14,2026-03-25,True,Budapest,,English: B1,Secondary education with diploma,,"MS Office, BI, Excel, Power BI, Automation",On-site,Full-time,0-1 years
2854279,Salesforce Data Quality Intern - diákmunka,Mind-Diák Szövetkezet,https://www.profession.hu/allas/salesforce-data-quality-intern-diakmunka-mind-diak-szovetkezet-2854279?sessionId=ed7061b1d89e7c95ce70868e0e3baa03,2026-03-14,2026-03-25,True,Budapest,,English: B1,,,Excel,Hybrid,Half-time,
2854082,Diákmunka -  AI Developer Trainee,MŰISZ Iskolaszövetkezet,https://www.profession.hu/allas/diakmunka-ai-developer-trainee-muisz-iskolaszovetkezet-budapest-2854082?sessionId=ed7061b1d89e7c95ce70868e0e3baa03,2026-03-14,2026-03-25,True,Budapest XI. kerület,2900 Ft/óra,"English: B1, Hungarian: Native",,Python,"Word, PYTHON API AZURE",Hybrid,Full-time,0-1 years
2854080,Diákmunka - AI Project Assistant,MŰISZ Iskolaszövetkezet,https://www.profession.hu/allas/diakmunka-ai-project-assistant-muisz-iskolaszovetkezet-budapest-2854080?sessionId=ed7061b1d89e7c95ce70868e0e3baa03,2026-03-14,2026-03-25,True,Budapest XI. kerület,2900 Ft/óra bérkalkulátorunkkal! Bérkalkulátor,"Magyar anyanyelvi szint: Középfok, Angol nyelv: Középfok",,Python,"Office (PowerPoint, Word)",Hibrid,Full-time,
2853984,Senior IOS fejlesztő (Foundation terület),BECK AND PARTNERS Kft.,https://www.profession.hu/allas/senior-ios-fejleszto-foundation-terulet-beck-and-partners-kft-vac-2853984?sessionId=ed7061b1d89e7c95ce70868e0e3baa03,2026-03-14,2026-03-25,True,Budapest,,English: B1,Bachelor,Swift,"Git, JIRA, Agilis, GraphQL, CocoaPods, Swift Package Manager, SwiftyMocky",Hybrid,Full-time,3-5 years
2852999,Adatbázis adminisztrátor,LogBord 2010 Kft,https://www.profession.hu/allas/adatbazis-adminisztrator-logbord-kft-2852999?sessionId=ed7061b1d89e7c95ce70868e0e3baa03,2026-03-14,2026-03-25,True,,"Br. 1,0M - 1,2M Ft havi bér",English: B2,Bachelor,"SQL, MYSQL, POSTGRESQL, PYTHON, BASH, AWS, AZURE, CLOUD, POWERSHELL, NOSQL, MONGODB","Laptop, Mobiltelefon",Remote,Full-time,3-5 years
2854677,Senior SAP Developer,Accenture Korlátolt Felelősségű Társaság,https://www.profession.hu/allas/senior-sap-developer-accenture-korlatolt-felelossegu-tarsasag-2854677?sessionId=ed7061b1d89e7c95ce70868e0e3baa03,2026-03-14,2026-03-25,True,Budapest,,"English: B2, German: A1",Középiskola,"ABAP, SAP","ACCESS, DEBUGGING, S/4HANA",Hybrid,Full-time,5-10 years
2854675,MEDIOR,"Silent Signal Információbiztonsági, Informatikai Tanácsadó és Szolgáltató Kft.",https://www.profession.hu/allas/medior-silent-signal-informaciobiztonsagi-informatikai-tanacsado-es-szolgaltato-kft-2854675?sessionId=ed7061b1d89e7c95ce70868e0e3baa03,2026-03-14,2026-03-25,True,Budapest,,,Középiskola,,Burp Suite Pro,On-site,Full-time,1-3 years
2854673,IT Project Manager,Supercharge Kft.,https://www.profession.hu/allas/it-project-manager-supercharge-kft-2854673?sessionId=ed7061b1d89e7c95ce70868e0e3baa03,2026-03-14,2026-03-25,True,Budapest,,English: B2,Középiskola,,"Jira, Slack, GitHub, GitLab",On-site,Full-time,5+ years
2854670,Data and Applications Specialist,Bridgestone Europe Magyarországi Fióktelepe,https://www.profession.hu/allas/data-and-applications-specialist-bridgestone-europe-magyarorszagi-fioktelepe-kornye-2854670?sessionId=ed7061b1d89e7c95ce70868e0e3baa03,2026-03-14,2026-03-25,True,Komárom-Esztergom county,,English: B1,Bachelor,"JavaScript, C++, C#, Oracle, MS SQL","VS.net, PMP, Agile Methodology (PMI-ACP), Jira",On-site,Full-time,5+ years
2854669,(Senior) Software Engineer,ARM Hungary Kft.,https://www.profession.hu/allas/senior-software-engineer-arm-hungary-kft-2854669?sessionId=ed7061b1d89e7c95ce70868e0e3baa03,2026-03-14,2026-03-23,False,Budapest,,English: B2,Középiskola,"C, C++, Assembly, Python, Rust","Linux, Windows, Android, Agile",Hybrid,Full-time,1-3 years
2854663,Senior Site Reliability Engineer - Infrastructure,N26 GmbH,https://www.profession.hu/allas/senior-site-reliability-engineer-infrastructure-n-gmbh-2854663?sessionId=ed7061b1d89e7c95ce70868e0e3baa03,2026-03-14,2026-03-17,False,Berlin,,English: B2,Bachelor,Go,"Kubernetes, AWS Cloud infrastructure and Services, Linux, Terraform, CD solutions (Argo or similars), Networking experience with Mesh solutions (Istio or similars)",Hybrid,Full-time,1-3 years
2854662,Intern (m/f/d) for AI and Data Analysis in Vehicle Lab,Clarios Germany GmbH & Co. KG,https://www.profession.hu/allas/intern-m-f-d-for-ai-and-data-analysis-in-vehicle-lab-clarios-germany-gmbh-co-kg-2854662?sessionId=ed7061b1d89e7c95ce70868e0e3baa03,2026-03-14,2026-03-25,True,Hanover,,"English: B2, German: B2",Bachelor,"SQL, Python","Azure DevOps, BI, Machine Learning, POWER BI",On-site,Full-time,1-3 years
2854647,Senior Consultant Business (f/m/d) Data Strategy & Advisory - Data Architect (f/m/d),SAP SE,https://www.profession.hu/allas/senior-consultant-business-f-m-d-data-strategy-advisory-data-architect-f-m-d-sap-se-2854647?sessionId=ed7061b1d89e7c95ce70868e0e3baa03,2026-03-14,2026-03-17,False,Hamburg,,"German: B2, English: B2",Bachelor,,"SAP Analytics Cloud, SAP Data & Analytics portfolio (SAP Datasphere, SAP Analytics Cloud, SAP BW), SAP BusinessAI, SAP RISE incl. Clean Core principles and SAP BTP",Hybrid,Full-time,1-3 years
2854646,Senior Consultant Business (f/m/d) Data Strategy & Advisory - Data Architect (f/m/d),SAP SE,https://www.profession.hu/allas/senior-consultant-business-f-m-d-data-strategy-advisory-data-architect-f-m-d-sap-se-2854646?sessionId=ed7061b1d89e7c95ce70868e0e3baa03,2026-03-14,2026-03-25,True,Hamburg,,"German: B2, English: B2",Bachelor,,"SAP Analytics Cloud, SAP Data & Analytics portfolio (SAP Datasphere, SAP Analytics Cloud, SAP BW), SAP BusinessAI, SAP RISE incl. Clean Core principles and SAP BTP",Hybrid,Full-time,1-3 years
2854639,Project Lead Embedded Software (m/w/x),ZEISS,https://www.profession.hu/allas/project-lead-embedded-software-m-w-x-zeiss-2854639?sessionId=ed7061b1d89e7c95ce70868e0e3baa03,2026-03-14,2026-03-25,True,Németország,,"English: C1, German: C1",Főiskola,"C/C++, Python","Linux-based real-time operating systems (preferably Zephyr), Micro-controllers and bus systems (CAN, CAN-FD, TLS), CI/CD tool chains (e.g. GitHub, Azure DevOps, Jira)",On-site,Full-time,1-3 years
2854636,IT Business Consultant Production (m/f/x),Liebherr-IT Services GmbH,https://www.profession.hu/allas/it-business-consultant-production-m-f-x-liebherr-it-services-gmbh-2854636?sessionId=ed7061b1d89e7c95ce70868e0e3baa03,2026-03-14,2026-03-25,True,Oberopfingen,,"English: B2, German: Fluent",Bachelor,,BPMN,Hybrid,Full-time,1-3 years
2854635,Senior Digital Solution Advisor (f/m/d) - SAP BTP Business Technology Platform,SAP SE,https://www.profession.hu/allas/senior-digital-solution-advisor-f-m-d-sap-btp-business-technology-platform-sap-se-2854635?sessionId=ed7061b1d89e7c95ce70868e0e3baa03,2026-03-14,2026-03-17,False,Németország,,"English: C2, German: C2","Bachelor's degree in business administration, engineering, computer science, or a related field",,,Full-time,Full-time,1-3 years
2854632,SAP Enterprise Architect (m/f/d),Bruker Physik GmbH,https://www.profession.hu/allas/sap-enterprise-architect-m-f-d-bruker-physik-gmbh-2854632?sessionId=ed7061b1d89e7c95ce70868e0e3baa03,2026-03-14,2026-03-25,True,Ettlingen,,"German: Intermediate, English: Excellent",Bachelor,,"SAP ENTERPRISE ARCHITECT, CLOUD ANALYTICS, BI, CHANGE MANAGEMENT",Hybrid,Full-time,3-5 years
2854631,IT Business Consultant Customer Service (m/f/d),Liebherr-IT Services GmbH,https://www.profession.hu/allas/it-business-consultant-customer-service-m-f-d-liebherr-it-services-gmbh-2854631?sessionId=ed7061b1d89e7c95ce70868e0e3baa03,2026-03-14,2026-03-25,True,Oberopfingen,,"English: B2, German: Fluent",Bachelor,,BPMN,Hybrid,Full-time,1-3 years
2854629,SAP ABAP + Fiori Developer Inhouse (m/f/d),Bruker Physik GmbH,https://www.profession.hu/allas/sap-abap-fiori-developer-inhouse-m-f-d-bruker-physik-gmbh-2854629?sessionId=ed7061b1d89e7c95ce70868e0e3baa03,2026-03-14,2026-03-25,True,Ettlingen,,"English: B2, German: B2",Bachelor,"ABAP, SAP UI5, SAP Fiori","SAP ABAP, SAP Fiori, SAP S/4HANA, SAP Gateway, SAP Cloud Platform",Hybrid,Full-time,3-5 years
2854594,(Junior) Full-Stack Developer (f/m/d) for Deploy with Confidence,SAP SE,https://www.profession.hu/allas/junior-full-stack-developer-f-m-d-for-deploy-with-confidence-sap-se-2854594?sessionId=ed7061b1d89e7c95ce70868e0e3baa03,2026-03-14,2026-03-16,False,Németország,,English: C2,Bachelor,"JavaScript/TypeScript, Go","SAP SECURITY CLOUD, DEVOPS, AGILE",Full-time,"Part-Time, or Vollzeit, unbefristet",1-3 years
2854593,Internship in Eye-Tracking for Innovative Systems (f/m/x),ZEISS,https://www.profession.hu/allas/internship-in-eye-tracking-for-innovative-systems-f-m-x-zeiss-2854593?sessionId=ed7061b1d89e7c95ce70868e0e3baa03,2026-03-14,2026-03-25,True,Németország,,English: B2,Master,,NETWORK HARDWARE,On-site,Short-term,1-3 years
2854581,Solution Customer Success Manager (S-CSM) for Finance Solutions (f/m/d),SAP SE,https://www.profession.hu/allas/solution-customer-success-manager-s-csm-for-finance-solutions-f-m-d-sap-se-2854581?sessionId=ed7061b1d89e7c95ce70868e0e3baa03,2026-03-14,2026-03-25,True,Németország,,"English: C1, German: B2",Bachelor's degree or equivalent required,,,On-site,"Full-time, unbefristet",3-5 years
2854578,Senior/Expert Technical Product Manager (f/m/d) for Open Component Model,SAP SE,https://www.profession.hu/allas/senior-expert-technical-product-manager-f-m-d-for-open-component-model-sap-se-2854578?sessionId=ed7061b1d89e7c95ce70868e0e3baa03,2026-03-14,2026-03-25,True,Berlin,,"English: B2, German: Intermediate",Bachelor,,SAP CLOUD API,On-site with home office,Full-time,1-3 years
2854576,Senior/Expert Developer (f/m/d) for Gardener Dashboard,SAP SE,https://www.profession.hu/allas/senior-expert-developer-f-m-d-for-gardener-dashboard-sap-se-2854576?sessionId=ed7061b1d89e7c95ce70868e0e3baa03,2026-03-14,2026-03-25,True,Németország,,English: B2,Főiskola,"Go, JavaScript, Vue.js","Kubernetes, Cloud infrastructure",On-site with home office,"Full-time, unbefristet",5+ years
2854572,(Senior) Technical Product Manager (f/m/d) for Platform Mesh,SAP SE,https://www.profession.hu/allas/senior-technical-product-manager-f-m-d-for-platform-mesh-sap-se-2854572?sessionId=ed7061b1d89e7c95ce70868e0e3baa03,2026-03-14,2026-03-25,True,Németország,,"English: B2, German: A1",Főiskola,,"Kubernetes, CRDs, Operator pattern, Extension API Servers",On-site with home office,"Full-time, unbefristet",1-3 years
2854557,SAP Basis Project Manager (m/f/d),Vaillant GmbH,https://www.profession.hu/allas/sap-basis-project-manager-m-f-d-vaillant-gmbh-2854557?sessionId=ed7061b1d89e7c95ce70868e0e3baa03,2026-03-14,2026-03-25,True,Remscheid near Düsseldorf,,English: B2,Bachelor,,"SAP, SECURITY, NETWORK, CLOUD, LINUX",Hybrid,Full-time,1-3 years
2854554,Senior/Expert Project Manager (f/m/d) for SAP BTP Open Source & Sovereign Cloud,SAP SE,https://www.profession.hu/allas/senior-expert-project-manager-f-m-d-for-sap-btp-open-source-sovereign-cloud-sap-se-2854554?sessionId=ed7061b1d89e7c95ce70868e0e3baa03,2026-03-14,2026-03-25,True,Munich/Garching,,"English: B2, German: B2",Bachelor,,GitHub,Hybrid,Full-time,1-3 years
2854544,Future Leaders Graduate Program - Analytics,Picnic GmbH,https://www.profession.hu/allas/future-leaders-graduate-program-analytics-picnic-gmbh-2854544?sessionId=ed7061b1d89e7c95ce70868e0e3baa03,2026-03-14,2026-03-16,False,Düsseldorf,,"German: Mittel, French: Mittel, Dutch: Mittel",Master's degree,"Python, SQL, R, ACCESS, NETWORK","PowerPoint, REST",Full-time,Full-time,1-3 years
2854539,Sr. Expert Digital Product Engineering (m/f/d),KWS Group,https://www.profession.hu/allas/sr-expert-digital-product-engineering-m-f-d-kws-group-2854539?sessionId=ed7061b1d89e7c95ce70868e0e3baa03,2026-03-14,2026-03-25,True,Einbeck,,"English: B2, German: C1",Bachelor,"C#, .NET Core, Python","Docker, Kubernetes, Apache Spark, PostgreSQL, Oracle, Azure DevOps, Jira, Git, GITLab",Hybrid,Full-time,1-3 years
2854514,Future Leaders Graduate Program - Analytics,Picnic GmbH,https://www.profession.hu/allas/future-leaders-graduate-program-analytics-picnic-gmbh-2854514?sessionId=ed7061b1d89e7c95ce70868e0e3baa03,2026-03-14,2026-03-16,False,Düsseldorf,,"German: Mittel, French: Mittel, Dutch: Mittel",Master's degree in a quantitative field,"Python, SQL, R","PowerPoint, ACCESS, NETWORK, PROJECT MANAGEMENT, REST",Full-time with periodic trips to Amsterdam for training purposes,Full-time,1-3 years
2854509,Sr. Expert Digital Product Engineering (m/f/d),KWS Group,https://www.profession.hu/allas/sr-expert-digital-product-engineering-m-f-d-kws-group-2854509?sessionId=ed7061b1d89e7c95ce70868e0e3baa03,2026-03-14,2026-03-25,True,Einbeck,,"English: B2, German: C1",Bachelor,"C#, .NET Core, Python","Docker, Kubernetes, Apache Spark, PostgreSQL, Oracle, Azure DevOps, Jira, Git, GITLab",Hybrid,Full-time,1-3 years
2854503,Teamlead Configuration Management (m/f/d),Dornier Seawings GmbH,https://www.profession.hu/allas/teamlead-configuration-management-m-f-d-dornier-seawings-gmbh-2854503?sessionId=ed7061b1d89e7c95ce70868e0e3baa03,2026-03-14,2026-03-25,True,Oberpfaffenhofen,,English: B2,Bachelor,,"Siemens Teamcenter, SAP ERP",Hybrid,Full-time,5+ years
2854494,Teamhead SAP Developement (m/w/x),ZEISS,https://www.profession.hu/allas/teamhead-sap-developement-m-w-x-zeiss-2854494?sessionId=ed7061b1d89e7c95ce70868e0e3baa03,2026-03-14,2026-03-25,True,Németország,,"German: C1, English: B2",Főiskola,"ABAP, BTP, UI5, CAP, RAP",SAP,On-site,Full-time,3-5 years
2854460,Freelance Instructor / Trainer / Author for Industrial Instructor / Author for Industrial Cybersecurity,TÜV SÜD,https://www.profession.hu/allas/freelance-instructor-trainer-author-for-industrial-instructor-author-for-industrial-cybersecurity-tuv-sud-2854460?sessionId=ed7061b1d89e7c95ce70868e0e3baa03,2026-03-14,2026-03-25,True,Németország,,"English: C1, German: C1",Bachelor's or Master's degree in Computer Science or a comparable qualification,,SECURITY ISO NETWORK ACCESS,On-site,Full-time,1-3 years
2854455,Working Student at IT Aftersales - Data Engineering,Mercedes-Benz AG,https://www.profession.hu/allas/working-student-at-it-aftersales-data-engineering-mercedes-benz-ag-2854455?sessionId=ed7061b1d89e7c95ce70868e0e3baa03,2026-03-14,2026-03-25,True,Germany,,English: B2,Bachelor,"Python, SQL","AWS, Azure, Tableau, PowerBI, Agile, Scrum, Data Mesh Principles",Hybrid,Full-time,1-3 years
2854445,UX/UI Researcher (m/f/d) Internship,Easy Languages GmbH,https://www.profession.hu/allas/ux-ui-researcher-m-f-d-internship-easy-languages-gmbh-2854445?sessionId=ed7061b1d89e7c95ce70868e0e3baa03,2026-03-14,2026-03-25,True,,,English: B2,Bachelor,,"Figma, Balsamiq, Adobe Creative Cloud",On-site with home office,Full-time,1-3 years
2854439,Data Platform Engineer,Circonomit GmbH,https://www.profession.hu/allas/data-platform-engineer-circonomit-gmbh-2854439?sessionId=ed7061b1d89e7c95ce70868e0e3baa03,2026-03-14,2026-03-25,True,Cologne,,"English: C1, German: B2",Bachelor,"Python, TypeScript","Git, Cloud Infrastructure (AWS, Cloudflare), Apache Spark, Apache Flink, Graph Databases (Neo4j, JanusGraph), Semantic Modeling, Knowledge Graph APIs, Git-based Workflows",On-site,Full-time,5+ years
2854424,ServiceNow Platform Consultant / Expert (f/m/x),Sysmex Europe SE,https://www.profession.hu/allas/servicenow-platform-consultant-expert-f-m-x-sysmex-europe-se-2854424?sessionId=ed7061b1d89e7c95ce70868e0e3baa03,2026-03-14,2026-03-25,True,Hamburg,,English: B2,Bachelor,"JavaScript, Glide API, Flow Designer, IntegrationHub","SERVICENOW, ITIL, REST/SOAP integrations",Hybrid,Full-time,5+ years
2854019,"Data Engineer, Analytics and AI",Digitec Galaxus AG,https://www.profession.hu/allas/data-engineer-analytics-and-ai-digitec-galaxus-ag-2854019?sessionId=ed7061b1d89e7c95ce70868e0e3baa03,2026-03-14,2026-03-25,True,Zürich,,English: C1,Master,None,"SQL, Git, Dataform, dbt, Airflow, Dagster, PyTorch, TensorFlow, Vertex AI",On-site with home office,Full-time,5+ years
2854014,Business Process System Engineer 80 - 100 %,Hamilton Bonaduz AG,https://www.profession.hu/allas/business-process-system-engineer-hamilton-bonaduz-ag-2854014?sessionId=ed7061b1d89e7c95ce70868e0e3baa03,2026-03-14,2026-03-25,True,Bonaduz,,"English: B2, German: B2",Bachelor,,SAP S/4HANA,On-site,Full-time,1-3 years
2854011,Head of Digitalization & CSV,Pharmatronic AG,https://www.profession.hu/allas/head-of-digitalization-csv-pharmatronic-ag-2854011?sessionId=ed7061b1d89e7c95ce70868e0e3baa03,2026-03-14,2026-03-25,True,Pratteln,,"English: C1, German: C1",Bachelor,SQL,,On-site,Full-time,5-10 years
2855251,Senior Test Automation Engineer,MindFly Kft.,https://www.profession.hu/allas/senior-test-automation-engineer-mindfly-kft-budapest-2855251?sessionId=ed7061b1d89e7c95ce70868e0e3baa03,2026-03-16,2026-03-25,True,Budapest,"1,6M - 1,9M Ft havi bér","German: C2, English: B2",,Java,"Playwright, Jira, Confluence, Selenium, Scrum, Agile",Hybrid,Full-time,5+ years
2855152,PLC programozó,Profession Services,https://www.profession.hu/allas/plc-programozo-profession-services-gyongyos-2855152/pro?sessionId=ed7061b1d89e7c95ce70868e0e3baa03,2026-03-16,2026-03-25,True,Gyöngyös,,English: B2,Bachelor 'B' category degree,,"PLC KEYENCE, ABB, COGNEX, AUTOMATIZÁLÁS",Full-time,Full-time,1-3 years
2855127,Senior IT business analyst,PROFESSION SERVICES,https://www.profession.hu/allas/senior-it-business-analyst-profession-services-budapest-2855127/pro?sessionId=ed7061b1d89e7c95ce70868e0e3baa03,2026-03-16,2026-03-25,True,Budapest,,English: B2,Bachelor,,,Hybrid,Full-time,5+ years
2855068,"Full-Stack fejlesztő medior/senior (Angular, Java)",Raiffeisen Software GmbH Magyarországi,https://www.profession.hu/allas/full-stack-fejleszto-medior-senior-angular-java-raiffeisen-software-gmbh-magyarorszagi-budapest-2855068?sessionId=ed7061b1d89e7c95ce70868e0e3baa03,2026-03-16,2026-03-25,True,Budapest,,"German: B2, English: B1",Secondary education with diploma,"Java 11+, Angular, Spring Boot, Hybernate, HTML5, CSS3, JavaScript/TypeScript","QueryDSL, Atlassian products (Jenkins), REST, Maven, OpenApi/Swagger, SonarQube / SonarLint, Git, Quarkus",Hybrid,Full-time,3-5 years
2850878,ERP Cyber Security Assurance Analyst,MOL IT & DIGITAL GBS KFT.,https://www.profession.hu/allas/erp-cyber-security-assurance-analyst-mol-it-digital-gbs-kft-budapest-2850878?sessionId=ed7061b1d89e7c95ce70868e0e3baa03,2026-03-16,2026-03-25,True,Budapest,,English: B2,Bachelor,,,Hybrid,Full-time,3-5 years
2850873,SAP Lead Developer (26000325),MOL IT & DIGITAL GBS KFT.,https://www.profession.hu/allas/sap-lead-developer-mol-it-digital-gbs-kft-budapest-2850873?sessionId=ed7061b1d89e7c95ce70868e0e3baa03,2026-03-16,2026-03-25,True,Budapest,,English: B2,Bachelor,,,Hybrid,Full-time,5+ years
2855083,Platform Engineer  *,Ringier AG,https://www.profession.hu/allas/platform-engineer-ringier-ag-2855083?sessionId=ed7061b1d89e7c95ce70868e0e3baa03,2026-03-16,2026-03-22,False,Switzerland,,,"Bachelor's degree in Computer Science, Engineering, or a related field, or equivalent experience",,"Palantir Foundry, AWS, REST APIs",Full-time,Full-time,3-5 years
2855076,Platform Engineer  *,Ringier AG,https://www.profession.hu/allas/platform-engineer-ringier-ag-2855076?sessionId=ed7061b1d89e7c95ce70868e0e3baa03,2026-03-16,2026-03-22,False,Switzerland,,,"Bachelor's degree in Computer Science, Engineering, or a related field, or equivalent experience",,"Palantir Foundry, AWS, REST APIs",Full-time,Full-time,3-5 years
2855044,Database Specialist,Mettler Toledo,https://www.profession.hu/allas/database-specialist-mettler-toledo-2855044?sessionId=ed7061b1d89e7c95ce70868e0e3baa03,2026-03-16,2026-03-25,True,Urdorf,,"English: B2, German: B2",Bachelor,,"SQL, Azure, Analytics, DevOps, Network, Databases, ERP SAP, MSSQL, MS Access, Git, Data Management",Hybrid,Full-time,1-3 years
2855037,Senior DevOps Engineer 80 - 100 %,Hamilton Medical AG,https://www.profession.hu/allas/senior-devops-engineer-hamilton-medical-ag-2855037?sessionId=ed7061b1d89e7c95ce70868e0e3baa03,2026-03-16,2026-03-25,True,Svájc,,,Középiskola,,"DEVOPS, SECURITY TESTING, LINUX, CI",Full-time,Full-time,1-3 years
2855031,Data Analyst,Academic Work Switzerland SA,https://www.profession.hu/allas/data-analyst-academic-work-switzerland-sa-2855031?sessionId=ed7061b1d89e7c95ce70868e0e3baa03,2026-03-16,2026-03-16,False,Svájc,,"English: B2, German: B1, French: B1",Középiskola,"SQL, R, Power BI, Excel, R","BI DATABASE, SQL, POWER BI, EXCEL, R",Általános munkarend,Teljes munkaidő,1-3 év tapasztalat
2855025,Product Owner / Data Platforms Online Shop,Digitec Galaxus AG,https://www.profession.hu/allas/product-owner-data-platforms-online-shop-digitec-galaxus-ag-2855025?sessionId=ed7061b1d89e7c95ce70868e0e3baa03,2026-03-16,2026-03-25,True,Zürich,,English: B2,Bachelor,,"SQL, Scrum, GCP",Hybrid,Full-time,5+ years
2855024,Senior SAP FS-RI Business Analyst - Re/Insurance,Swisslinx,https://www.profession.hu/allas/senior-sap-fs-ri-business-analyst-re-insurance-swisslinx-2855024?sessionId=ed7061b1d89e7c95ce70868e0e3baa03,2026-03-16,2026-03-17,False,Svájc,,English: B2,Középiskola,,"MS Office (Excel, Word)",Fully Remote in Switzerland,Full-time,5+ years
2855017,Senior IS Project Manager,SICPA,https://www.profession.hu/allas/senior-is-project-manager-sicpa-2855017?sessionId=ed7061b1d89e7c95ce70868e0e3baa03,2026-03-16,2026-03-25,True,Prilly,,"English: C1, French: Intermediate",Bachelor,,"Microsoft 365 ecosystem, AI-enabled tools, SAP, ServiceNow, Project management tools and reporting frameworks",On-site,Full-time,5+ years
2855016,Test Lead,SICPA,https://www.profession.hu/allas/test-lead-sicpa-2855016?sessionId=ed7061b1d89e7c95ce70868e0e3baa03,2026-03-16,2026-03-25,True,Prilly,,English: B2,"Bachelor's degree in engineering, science or information technology or equivalent education","Java, Selenium, Playwright, Postman","JIRA, GIT",Full-time,Full-time,5+ years
2854930,wissenschaftliche*n Mitarbeiter*in (m/w/d) Schwerpunkt Informationsmanagement,Budapesti Németnyelvű Távtanulási Központ Alapítvány,https://www.profession.hu/allas/wissenschaftliche-n-mitarbeiter-in-m-w-d-schwerpunkt-informationsmanagement-budapesti-nemetnyelvu-tavtanulasi-kozpont-alapitvany-2854930?sessionId=ed7061b1d89e7c95ce70868e0e3baa03,2026-03-16,2026-03-25,True,Budapest,,"English: B2, German: B2",Master,,Laptop,Hybrid,Full-time,1-3 years
2854929,"Senior Software Engineer - QuantumBlack, AI by McKinsey","McKinsey & Company, Inc.Hungary Magyarországi Fióktelepe",https://www.profession.hu/allas/senior-software-engineer-quantumblack-ai-by-mckinsey-mckinsey-company-inc-hungary-magyarorszagi-fioktelepe-2854929?sessionId=ed7061b1d89e7c95ce70868e0e3baa03,2026-03-16,2026-03-25,True,Budapest,,English: B2,"Bachelor's, Master’s or PhD degree in computer science, machine learning, applied statistics, mathematics, engineering or artificial intelligence","Python, Node.js, Java/Spring, C#, .NET, TypeScript, React, Angular, Vue, Next.js, Tailwind","SQL, NoSQL, vector databases, ETL, LLM frameworks, prompt orchestration, agent frameworks, MCPs, evaluation frameworks, Docker, CI/CD, OWASP Top 10 security awareness",Full-time,Full-time,5+ years
2854928,Open Application - Technology Specialist,Islet Group Kft.,https://www.profession.hu/allas/open-application-technology-specialist-islet-group-kft-2854928?sessionId=ed7061b1d89e7c95ce70868e0e3baa03,2026-03-16,2026-03-23,False,Budapest,,,Középiskola,,"NETWORK, SAP",Hybrid,Full-time,0-1 years
2854925,Business Analyst - Tech & AI,"McKinsey & Company, Inc.Hungary Magyarországi Fióktelepe",https://www.profession.hu/allas/business-analyst-tech-ai-mckinsey-company-inc-hungary-magyarorszagi-fioktelepe-2854925?sessionId=ed7061b1d89e7c95ce70868e0e3baa03,2026-03-16,2026-03-25,True,Budapest,,"English: B2, Polish: B2, Hungarian: B2","Bachelor, Master",,,On-site,Full-time,1-3 years
2854923,Senior Test Automation Engineer – Backend: POS Back-Office,DruIT Szolgáltató Zrt.,https://www.profession.hu/allas/senior-test-automation-engineer-backend-pos-back-office-druit-szolgaltato-zrt-2854923?sessionId=ed7061b1d89e7c95ce70868e0e3baa03,2026-03-16,2026-03-16,False,Budapest,,English: B1,Secondary School with Diploma,,"REST Assured, Postman, Pact, Jira, Confluence",Hybrid,Full-time,5+ years
2854725,Software Engineering Manager - HPC CUDA Processing Libraries,NVIDIA Hungary Kft.,https://www.profession.hu/allas/software-engineering-manager-hpc-cuda-processing-libraries-nvidia-hungary-kft-2854725?sessionId=ed7061b1d89e7c95ce70868e0e3baa03,2026-03-16,2026-03-20,False,,"345,000 PLN - 598,000 PLN",English: B2,"Bachelor’s or Master’s degree in Computer Science, Artificial Intelligence, Applied Math, or related field, or equivalent experience","C++, Python",,On-site,Full-time,3-5 years
2854919,Agentic AI Engineer,Accenture Korlátolt Felelősségű Társaság,https://www.profession.hu/allas/agentic-ai-engineer-accenture-korlatolt-felelossegu-tarsasag-2854919?sessionId=ed7061b1d89e7c95ce70868e0e3baa03,2026-03-16,2026-03-20,False,Budapest,,English: B2,Középiskola,Python,"LangChain, Langfuse",On-site,Full-time,1-3 years
2854917,Senior Technical Product Manager – Risk & Audit Core,Diligent Governance Hungary Kft.,https://www.profession.hu/allas/senior-technical-product-manager-risk-audit-core-diligent-governance-hungary-kft-2854917?sessionId=ed7061b1d89e7c95ce70868e0e3baa03,2026-03-16,2026-03-25,True,Budapest,,,Középiskola,,"SECURITY, DEVOPS, ANALYTICS, CLOUD, REST",Hybrid,Full-time,5+ years
2854706,Formal Verification Engineer - New College Graduate,NVIDIA Hungary Kft.,https://www.profession.hu/allas/formal-verification-engineer-new-college-graduate-nvidia-hungary-kft-2854706?sessionId=ed7061b1d89e7c95ce70868e0e3baa03,2026-03-16,2026-03-22,False,Budapest,,,"Bachelor, Master, PhD","C, Perl, Python",Jasper,On-site,Full-time,Pályakezdő/friss diplomás
2854853,Front-end fejlesztő,Aventail Szolgáltató és Informatikai Tanácsadó Kft.,https://www.profession.hu/allas/front-end-fejleszto-aventail-szolgaltato-es-informatikai-tanacsado-kft-2854853?sessionId=ed7061b1d89e7c95ce70868e0e3baa03,2026-03-16,2026-03-23,False,,,,Középiskola,,,Általános munkarend,Teljes munkaidő,Nem kell tapasztalat
2854852,Back-end fejlesztő,Aventail Szolgáltató és Informatikai Tanácsadó Kft.,https://www.profession.hu/allas/back-end-fejleszto-aventail-szolgaltato-es-informatikai-tanacsado-kft-2854852?sessionId=ed7061b1d89e7c95ce70868e0e3baa03,2026-03-16,2026-03-23,False,,,,Középiskola,,API,Általános munkarend,Teljes munkaidő,Nem kell tapasztalat
2854848,SAP Business Consultant,DXC Technology Magyarország Kft.,https://www.profession.hu/allas/sap-business-consultant-dxc-technology-magyarorszag-kft-2854848?sessionId=ed7061b1d89e7c95ce70868e0e3baa03,2026-03-16,2026-03-25,True,Budapest,,,"Bachelor’s degree, Master’s degree",,SAP TESTING NETWORK,Hybrid,Full-time,5-10 years
2854843,Scrum Master,DXC Technology Magyarország Kft.,https://www.profession.hu/allas/scrum-master-dxc-technology-magyarorszag-kft-2854843?sessionId=ed7061b1d89e7c95ce70868e0e3baa03,2026-03-16,2026-03-25,True,Budapest,,English: B2,Bachelor,"C++, PLSQL, Unix operation, Shell scripting, Perl",AGILIS SCRUM,On-site,Full-time,0-1 years
2854829,Software Engineer (Python and AWS),Diligent Governance Hungary Kft.,https://www.profession.hu/allas/software-engineer-python-and-aws-diligent-governance-hungary-kft-2854829?sessionId=ed7061b1d89e7c95ce70868e0e3baa03,2026-03-16,2026-03-17,False,Budapest,,,Középiskola,Python,"AWS, TESTING, SECURITY, DEVOPS, DOCKER, SQL, POSTGRESQL, NOSQL DATABASES, API .C. ACCESS, DEBUGGING, AGILE, REST",Hybrid,Full-time,5-7 years
2854822,Lead Cloud Architect,Islet Group Kft.,https://www.profession.hu/allas/lead-cloud-architect-islet-group-kft-2854822?sessionId=ed7061b1d89e7c95ce70868e0e3baa03,2026-03-16,2026-03-25,True,Budapest,,English: B2,Középiskola,"SQL, Tableau, BI, SAP, NETWORK, PROJECT MANAGEMENT, POWER BI","CLOUD ANALYTICS, TABLEAU, BI, SQL, SAP, NETWORK, PROJECT MANAGEMENT, POWER BI",Hybrid,Full-time,5+ years
2854819,BI Developer,DXC Technology Magyarország Kft.,https://www.profession.hu/allas/bi-developer-dxc-technology-magyarorszag-kft-2854819?sessionId=ed7061b1d89e7c95ce70868e0e3baa03,2026-03-16,2026-03-25,True,Budapest,,English: B2,Középiskola,,BI AGILIS,Hybrid,Full-time,5+ years
2854815,Tesztelő (QA Engineer),Aventail Szolgáltató és Informatikai Tanácsadó Kft.,https://www.profession.hu/allas/tesztelo-qa-engineer-aventail-szolgaltato-es-informatikai-tanacsado-kft-szeged-2854815?sessionId=ed7061b1d89e7c95ce70868e0e3baa03,2026-03-16,2026-03-23,False,Szeged,,,Középiskola,,,On-site,Full-time,0-1 years
2854810,ServiceNow Hungary Senior Developer,DXC Technology Magyarország Kft.,https://www.profession.hu/allas/servicenow-hungary-senior-developer-dxc-technology-magyarorszag-kft-2854810?sessionId=ed7061b1d89e7c95ce70868e0e3baa03,2026-03-16,2026-03-25,True,Budapest,,"English: B1, Hungarian: B1",Bachelor,JavaScript,"AZURE, SERVICENOW, DATABASES, JAVASCRIPT, REST, AGILE",On-site with home office,Full-time,3-5 years
2854806,DevOps mérnök,Aventail Szolgáltató és Informatikai Tanácsadó Kft.,https://www.profession.hu/allas/devops-mernok-aventail-szolgaltato-es-informatikai-tanacsado-kft-szeged-2854806?sessionId=ed7061b1d89e7c95ce70868e0e3baa03,2026-03-16,2026-03-23,False,Szeged,,,Középiskola,,DEVOPS,On-site,Full-time,0-1 years
2854803,Software Tester,DXC Technology Magyarország Kft.,https://www.profession.hu/allas/software-tester-dxc-technology-magyarorszag-kft-2854803?sessionId=ed7061b1d89e7c95ce70868e0e3baa03,2026-03-16,2026-03-25,True,Budapest,,English: B2,High School with Diploma,"C++, PLSQL, J2EE, Unix operation, Shell scripting, .net",,Hybrid,Full-time,0-1 years
2854799,IT Projektmenedzser,Aventail Szolgáltató és Informatikai Tanácsadó Kft.,https://www.profession.hu/allas/it-projektmenedzser-aventail-szolgaltato-es-informatikai-tanacsado-kft-szeged-2854799?sessionId=ed7061b1d89e7c95ce70868e0e3baa03,2026-03-16,2026-03-23,False,Szeged,,,Középiskola,,AGILIS,On-site,Full-time,0-1 years
2854797,ServiceNow Senior Technical Consultant,DXC Technology Magyarország Kft.,https://www.profession.hu/allas/servicenow-senior-technical-consultant-dxc-technology-magyarorszag-kft-2854797?sessionId=ed7061b1d89e7c95ce70868e0e3baa03,2026-03-16,2026-03-25,True,Budapest,,"English: B2, Hungarian: B2",Bachelor,JavaScript,"SERVICENOW, DATABASES, JAVASCRIPT, REST, AGILE",On-site,Full-time,3-5 years
2854748,Cloud architect,Total Felhő Informatikai Szolgáltató és Tanácsadó Kft.,https://www.profession.hu/allas/cloud-architect-total-felho-informatikai-szolgaltato-es-tanacsado-kft-2854748?sessionId=ed7061b1d89e7c95ce70868e0e3baa03,2026-03-16,2026-03-22,False,,,,Középiskola,,"AWS, IaaS, PaaS, SaaS",Általános munkarend,Teljes munkaidő,1-5+ év tapasztalat
2854719,IT Project Manager,Supercharge Kft.,https://www.profession.hu/allas/it-project-manager-supercharge-kft-szeged-2854719?sessionId=ed7061b1d89e7c95ce70868e0e3baa03,2026-03-16,2026-03-25,True,Szeged,,English: B2,Középiskola,,"AGILE, SCRUM, JIRA, PROJECT MANAGEMENT, CHANGE MANAGEMENT, ACCESS, BACKEND, FRONTEND",Full-time,Full-time,5+ years
2854693,Senior Product Designer (UX/UI),Diligent Governance Hungary Kft.,https://www.profession.hu/allas/senior-product-designer-ux-ui-diligent-governance-hungary-kft-2854693?sessionId=ed7061b1d89e7c95ce70868e0e3baa03,2026-03-16,2026-03-25,True,Budapest,,English: B2,Középiskola,,Figma,Hybrid,Full-time,5+ years
2854692,AWS Cloud DevOps Engineer,Total Felhő Informatikai Szolgáltató és Tanácsadó Kft.,https://www.profession.hu/allas/aws-cloud-devops-engineer-total-felho-informatikai-szolgaltato-es-tanacsado-kft-2854692?sessionId=ed7061b1d89e7c95ce70868e0e3baa03,2026-03-16,2026-03-22,False,,,"Magyar középfok, English (professional)",Középiskola,"Python, Node.js","AWS CLOUD, DEVOPS, PYTHON, NODE.JS, DOCKER",Hybrid,Full-time,
2854684,Dataflow Development Engineer,NVIDIA Hungary Kft.,https://www.profession.hu/allas/dataflow-development-engineer-nvidia-hungary-kft-2854684?sessionId=ed7061b1d89e7c95ce70868e0e3baa03,2026-03-16,2026-03-20,False,,,English: B2,Bachelor,,Linux,Remote,Full-time,5+ years
2854683,Cloud Engineer,Total Felhő Informatikai Szolgáltató és Tanácsadó Kft.,https://www.profession.hu/allas/cloud-engineer-total-felho-informatikai-szolgaltato-es-tanacsado-kft-2854683?sessionId=ed7061b1d89e7c95ce70868e0e3baa03,2026-03-16,2026-03-20,False,,,"Magyar középfok, English (professional)",Középiskola,"Python, Node.js","AWS CLOUD, DOCKER, NODE.JS, PYTHON, Windows, Linux, CI/CD-pipeline, IaC kód (CFN/Terraform), K8s, EKS, Lambda",Hybrid,Full-time,1-3 years
2854012,Project Business Analyst- PaperlessLogbook,ITech Consult AG,https://www.profession.hu/allas/project-business-analyst-paperlesslogbook-itech-consult-ag-2854012?sessionId=ed7061b1d89e7c95ce70868e0e3baa03,2026-03-16,2026-03-17,False,Basel,,"English: B2, German: B2",Bachelor,,,On-site,Full-time,5+ years
2850943,Digital Adoption Specialist,HUBER+SUHNER AG,https://www.profession.hu/allas/digital-adoption-specialist-huber-suhner-ag-2850943?sessionId=ed7061b1d89e7c95ce70868e0e3baa03,2026-03-16,2026-03-22,False,Svájc,,,Főiskola,,,Általános munkarend,Teljes munkaidő,1-3 év tapasztalat
2844544,Villamosmérnök gyakornok,Phiaro Technologies Kft.,https://www.profession.hu/allas/villamosmernok-gyakornok-phiaro-technologies-kft-2844544?sessionId=ed7061b1d89e7c95ce70868e0e3baa03,2026-03-16,2026-03-16,False,Budapest,,English: B2,Bachelor,"C, C++, C#, Python",STM32CubeIDE,On-site,Full-time,
2856552,Junior BI Consultant,KPMG Tanácsadó Kft.,https://www.profession.hu/allas/junior-bi-consultant-kpmg-tanacsado-kft-budapest-2856552?sessionId=ed7061b1d89e7c95ce70868e0e3baa03,2026-03-17,2026-03-25,True,Budapest,,"English: B2, Hungarian: Native",Bachelor,"VBA, HTML, PHP, JavaScript, Java, C#, Python, R, .NET","BI, MS Office (Excel, PowerPoint, Word), Access, Visual Basic",Hybrid,Full-time,Pályakezdő/friss diplomás
2852978,Senior Data Architect,MOL Nyrt.,https://www.profession.hu/allas/senior-data-architect-mol-nyrt-budapest-2852978?sessionId=ed7061b1d89e7c95ce70868e0e3baa03,2026-03-17,2026-03-25,True,Budapest,,English: C1,Bachelor,,"Advanced SQL, ETL knowledge (Informatica, Talend, SSIS, or similar tools), Data modeling techniques (dimensional, star schema, snowflake), Familiarity with Hadoop, Spark, Databricks, Knowledge of NoSQL systems (MongoDB, Cassandra), Scripting skills in Python and/or PowerShell, Experience with Power BI, Tableau, OBIEE or similar, Familiarity with AWS, Azure, or Google Cloud data services",Hybrid,Full-time,3-5 years
2855726,Junior SQL fejlesztő,ENROL CONSULTING Kft.,https://www.profession.hu/allas/junior-sql-fejleszto-enrol-consulting-kft-budaors-2855726?sessionId=ed7061b1d89e7c95ce70868e0e3baa03,2026-03-17,2026-03-25,True,Budaörs,"600000 - 700000 Ft havi bér, bónusz","Magyar: Magyar, Angol: B1",Főiskola,"SQL, ORACLE, JAVASCRIPT, CSS, HTML, ERP pl/sql","Laptop, Monitor (2 db)",Hibrid – irodai és otthoni munkavégzés,Teljes munkaidő,1-3 years
2855607,Enterprise Architect,Profession Services,https://www.profession.hu/allas/enterprise-architect-profession-services-budapest-2855607/pro?sessionId=ed7061b1d89e7c95ce70868e0e3baa03,2026-03-17,2026-03-25,True,Budapest,,English: B1,Bachelor,,,Hybrid,Full-time,3-5 years
2855605,DBA Csoportkoordinátor,NISZ Zrt.,https://www.profession.hu/allas/dba-csoportkoordinator-nisz-zrt-budapest-2855605?sessionId=ed7061b1d89e7c95ce70868e0e3baa03,2026-03-17,2026-03-25,True,Budapest,,,Főiskola,,"ORACLE, CENTOS, MYSQL, POSTGRESQL, SQL, PLSQL, LINUX, BASH, CLOUD, ITIL",Hybrid,Full-time,3-5 years
2855483,PRODUCT OWNER (NT),Tech People Hungary Kft.,https://www.profession.hu/allas/product-owner-nt-tech-people-hungary-kft-budapest-2855483?sessionId=ed7061b1d89e7c95ce70868e0e3baa03,2026-03-17,2026-03-25,True,Budapest,,English: B2,Master,,"SAFe, Agile, TMF Open APIs (TMF620, TMF632), ODA, Event-driven architecture",Hybrid,Full-time,5+ years
2855422,IT Helpdesk Munkatárs,Fiege,https://www.profession.hu/allas/it-helpdesk-munkatars-fiege-mosonmagyarovar-2855422?sessionId=ed7061b1d89e7c95ce70868e0e3baa03,2026-03-17,2026-03-25,True,Mosonmagyaróvár,,English: B2,Középiskola,,"SQL, Windows, MS Office, EDW, WMS, Sharepoint, Ticket rendszer",Hybrid,Full-time,1-3 years
2855363,Webfejlesztő(Budapest),BÁRDI AUTÓ ZRT.,https://www.profession.hu/allas/webfejleszto-budapest-bardi-auto-zrt-budapest-2855363?sessionId=ed7061b1d89e7c95ce70868e0e3baa03,2026-03-17,2026-03-25,True,Budapest,,English: B2,Középiskola,"PHP, SQL, HTML, JavaScript, CSS, Laravel","Google Analytics, SEO",Home-Office,Full-time,3-5 years
2855362,"Szoftverfejlesztő(1089 Budapest, Orczy út 44-46.)",BÁRDI AUTÓ ZRT.,https://www.profession.hu/allas/szoftverfejleszto-budapest-orczy-ut-bardi-auto-zrt-budapest-2855362?sessionId=ed7061b1d89e7c95ce70868e0e3baa03,2026-03-17,2026-03-25,True,Budapest,,English: B2,Bachelor,"Go, C / C++, Java","MySQL/MariaDB, OPC UA Ladder",Home-Office,Full-time,3-5 years
2855071,Italian Speaking Service Desk Analyst L1,Tata Consultancy Services Limited,https://www.profession.hu/allas/italian-speaking-service-desk-analyst-l-tata-consultancy-services-limited-2855071?sessionId=ed7061b1d89e7c95ce70868e0e3baa03,2026-03-17,2026-03-25,True,Budapest,,"{'Language': 'English', 'CEFR Level': 'B2'}, {'Language': 'Italian', 'CEFR Level': 'C1'}",High School with Diploma,,"Windows, Office 365, Network troubleshooting skills",Hybrid,Full-time,0-1 years
2854178,Gazdasági rendszerszervező,Szerencsejáték Zrt.,https://www.profession.hu/allas/gazdasagi-rendszerszervezo-szerencsejatek-zrt-budapest-2854178?sessionId=ed7061b1d89e7c95ce70868e0e3baa03,2026-03-17,2026-03-25,True,Budapest,,English: B1,Bachelor,,Microsoft Dynamics 365,On-site,Full-time,3-5 years
2855260,IT Service Desk Analyst-German and English-NS,ALDI International IT Services Kft.,https://www.profession.hu/allas/it-service-desk-analyst-german-and-english-ns-aldi-international-it-services-kft-2855260/pro?sessionId=ed7061b1d89e7c95ce70868e0e3baa03,2026-03-17,2026-03-25,True,Budapest,,"English: B2, German: B2",High School with Diploma,,ServiceNow,"Home-Office, On-site with home office",Full-time,
2855475,Junior légiforgalmi rendszerfejlesztő mérnök,HungaroControl Zrt.,https://www.profession.hu/allas/junior-legiforgalmi-rendszerfejleszto-mernok-hungarocontrol-zrt-budapest-2855475?sessionId=ed7061b1d89e7c95ce70868e0e3baa03,2026-03-17,2026-03-25,True,"Budapest, XVIII. kerület",,English: B2,Bachelor,,,On-site,Full-time,0-1 years
2855440,Senior tesztautomatizáló mérnök,BECK AND PARTNERS Kft.,https://www.profession.hu/allas/senior-tesztautomatizalo-mernok-beck-and-partners-kft-budapest-2855440?sessionId=ed7061b1d89e7c95ce70868e0e3baa03,2026-03-17,2026-03-25,True,,,,,,,,,
2855429,Senior Automation Developer,Grafton Recruitment,https://www.profession.hu/allas/senior-automation-developer-grafton-recruitment-2855429?sessionId=ed7061b1d89e7c95ce70868e0e3baa03,2026-03-17,2026-03-25,True,,,,,,,,,
2855426,Manual Tester,Grafton Recruitment,https://www.profession.hu/allas/manual-tester-grafton-recruitment-2855426?sessionId=ed7061b1d89e7c95ce70868e0e3baa03,2026-03-17,2026-03-25,True,,,,,,,,,
2855424,Java Developer,Grafton Recruitment,https://www.profession.hu/allas/java-developer-grafton-recruitment-2855424?sessionId=ed7061b1d89e7c95ce70868e0e3baa03,2026-03-17,2026-03-25,True,,,,,,,,,
2855423,C++ Software Engineer,Grafton Recruitment,https://www.profession.hu/allas/c-software-engineer-grafton-recruitment-2855423?sessionId=ed7061b1d89e7c95ce70868e0e3baa03,2026-03-17,2026-03-25,True,,,,,,,,,
2855365,ERP Conultant,Grafton Recruitment,https://www.profession.hu/allas/erp-conultant-grafton-recruitment-budaors-2855365?sessionId=ed7061b1d89e7c95ce70868e0e3baa03,2026-03-17,2026-03-25,True,,,,,,,,,
2856387,Senior Embedded Software Engineer,Zurich Instruments AG,https://www.profession.hu/allas/senior-embedded-software-engineer-zurich-instruments-ag-2856387?sessionId=ed7061b1d89e7c95ce70868e0e3baa03,2026-03-17,2026-03-25,True,,,,,,,,,
2856369,Staff Software Engineer in Test,Diligent Governance Hungary Kft.,https://www.profession.hu/allas/staff-software-engineer-in-test-diligent-governance-hungary-kft-2856369?sessionId=ed7061b1d89e7c95ce70868e0e3baa03,2026-03-17,2026-03-25,True,,,,,,,,,
2854825,Presales Solutions Architect (AI/ML Focus),SnapSoft Informatikai és Szolgáltató Kft.,https://www.profession.hu/allas/presales-solutions-architect-ai-ml-focus-snapsoft-informatikai-es-szolgaltato-kft-2854825?sessionId=ed7061b1d89e7c95ce70868e0e3baa03,2026-03-17,2026-03-23,False,,,,,,,,,
2856361,Staff Software Engineer,ARM Hungary Kft.,https://www.profession.hu/allas/staff-software-engineer-arm-hungary-kft-2856361?sessionId=ed7061b1d89e7c95ce70868e0e3baa03,2026-03-17,2026-03-25,True,,,,,,,,,
2854717,Solutions Architect – AI Factory,NVIDIA Hungary Kft.,https://www.profession.hu/allas/solutions-architect-ai-factory-nvidia-hungary-kft-2854717?sessionId=ed7061b1d89e7c95ce70868e0e3baa03,2026-03-17,2026-03-17,False,,,,,,,,,
2854695,Cloud Data Engineer,Islet Group Kft.,https://www.profession.hu/allas/cloud-data-engineer-islet-group-kft-2854695?sessionId=ed7061b1d89e7c95ce70868e0e3baa03,2026-03-17,2026-03-25,True,,,,,,,,,
2856349,DevOps/Automation Software Engineer,ARM Hungary Kft.,https://www.profession.hu/allas/devops-automation-software-engineer-arm-hungary-kft-2856349?sessionId=ed7061b1d89e7c95ce70868e0e3baa03,2026-03-17,2026-03-25,True,,,,,,,,,
2856343,Product Owner,EF Information Services Kft.,https://www.profession.hu/allas/product-owner-ef-information-services-kft-2856343?sessionId=ed7061b1d89e7c95ce70868e0e3baa03,2026-03-17,2026-03-18,False,,,,,,,,,
2856340,SAP WM EWM Architect,Bridgestone Europe Magyarországi Fióktelepe,https://www.profession.hu/allas/sap-wm-ewm-architect-bridgestone-europe-magyarorszagi-fioktelepe-2856340?sessionId=ed7061b1d89e7c95ce70868e0e3baa03,2026-03-17,2026-03-17,False,,,,,,,,,
2856283,Product Manager - AI Products,N26 GmbH,https://www.profession.hu/allas/product-manager-ai-products-n-gmbh-2856283?sessionId=ed7061b1d89e7c95ce70868e0e3baa03,2026-03-17,2026-03-17,False,,,,,,,,,
2856281,Senior AI Platform Security Engineer (f/m/x),BMW Group,https://www.profession.hu/allas/senior-ai-platform-security-engineer-f-m-x-bmw-group-2856281?sessionId=ed7061b1d89e7c95ce70868e0e3baa03,2026-03-17,2026-03-25,True,,,,,,,,,
2856278,Cloud Engineer (Tenant),Riverty,https://www.profession.hu/allas/cloud-engineer-tenant-riverty-2856278?sessionId=ed7061b1d89e7c95ce70868e0e3baa03,2026-03-17,2026-03-17,False,,,,,,,,,
2856275,Intern – Front-End Developer (all gender) (Fleet Energy Performance),TUI Cruises GmbH,https://www.profession.hu/allas/intern-front-end-developer-all-gender-fleet-energy-performance-tui-cruises-gmbh-2856275?sessionId=ed7061b1d89e7c95ce70868e0e3baa03,2026-03-17,2026-03-25,True,,,,,,,,,
2856274,Junior Managers Program - Research & Development Software and Application - Trainee Program (m/f/div.),Bosch Gruppe,https://www.profession.hu/allas/junior-managers-program-research-development-software-and-application-trainee-program-m-f-div-bosch-gruppe-2856274?sessionId=ed7061b1d89e7c95ce70868e0e3baa03,2026-03-17,2026-03-25,True,,,,,,,,,
2856273,Junior Managers Program - Information Technology - Trainee Program (f/m/div.),Bosch Gruppe,https://www.profession.hu/allas/junior-managers-program-information-technology-trainee-program-f-m-div-bosch-gruppe-2856273?sessionId=ed7061b1d89e7c95ce70868e0e3baa03,2026-03-17,2026-03-25,True,,,,,,,,,
2856272,Junior Managers Program - Research & Development Corporate Research - Trainee program (m/f/div.),Bosch Gruppe,https://www.profession.hu/allas/junior-managers-program-research-development-corporate-research-trainee-program-m-f-div-bosch-gruppe-2856272?sessionId=ed7061b1d89e7c95ce70868e0e3baa03,2026-03-17,2026-03-25,True,,,,,,,,,
2856268,Fullstack Engineer (Java/Kotlin + TypeScript/JavaScript) - Berlin/Remote in Germany,azeti GmbH,https://www.profession.hu/allas/fullstack-engineer-java-kotlin-typescript-javascript-berlin-remote-in-germany-azeti-gmbh-2856268?sessionId=ed7061b1d89e7c95ce70868e0e3baa03,2026-03-17,2026-03-25,True,,,,,,,,,
2856264,SAP Business Analyst Finance & Controlling (m/f/x),Capri Sun GmbH,https://www.profession.hu/allas/sap-business-analyst-finance-controlling-m-f-x-capri-sun-gmbh-2856264?sessionId=ed7061b1d89e7c95ce70868e0e3baa03,2026-03-17,2026-03-25,True,,,,,,,,,
2856263,Domain Architect Purchasing & Procurement (m/w/d),Liebherr-IT Services GmbH,https://www.profession.hu/allas/domain-architect-purchasing-procurement-m-w-d-liebherr-it-services-gmbh-2856263?sessionId=ed7061b1d89e7c95ce70868e0e3baa03,2026-03-17,2026-03-25,True,,,,,,,,,
2856261,Junior Software Developer,Utimaco GmbH,https://www.profession.hu/allas/junior-software-developer-utimaco-gmbh-2856261?sessionId=ed7061b1d89e7c95ce70868e0e3baa03,2026-03-17,2026-03-25,True,,,,,,,,,
2856259,Senior Software Engineer (m/f/d),auxmoney GmbH,https://www.profession.hu/allas/senior-software-engineer-m-f-d-auxmoney-gmbh-2856259?sessionId=ed7061b1d89e7c95ce70868e0e3baa03,2026-03-17,2026-03-25,True,,,,,,,,,
2856258,Technical Documentation Engineer,Utimaco GmbH,https://www.profession.hu/allas/technical-documentation-engineer-utimaco-gmbh-2856258?sessionId=ed7061b1d89e7c95ce70868e0e3baa03,2026-03-17,2026-03-25,True,,,,,,,,,
2856256,Software Engineering Lead (MS Dynamics & CRM) (m/f/d),Riverty,https://www.profession.hu/allas/software-engineering-lead-ms-dynamics-crm-m-f-d-riverty-2856256?sessionId=ed7061b1d89e7c95ce70868e0e3baa03,2026-03-17,2026-03-25,True,,,,,,,,,
2856255,Software Architect (m/f/d),sentronics metrology GmbH,https://www.profession.hu/allas/software-architect-m-f-d-sentronics-metrology-gmbh-2856255?sessionId=ed7061b1d89e7c95ce70868e0e3baa03,2026-03-17,2026-03-25,True,Mannheim,,"German: B2, English: B2",Bachelor,"C#, .NET (ideally .NET 8), Entity Framework Core, SQL, C++","Hardware C, ENTITY FRAMEWORK, SQL, C++, SECURITY",Hybrid,Full-time,1-3 years
2856254,Business Analyst,HDI Global,https://www.profession.hu/allas/business-analyst-hdi-global-2856254?sessionId=ed7061b1d89e7c95ce70868e0e3baa03,2026-03-17,2026-03-25,True,Germany,,English: C1,Bachelor,,,Hybrid,Full-time,1-3 years
2856253,Android/iOS Mobile Engineer (m/f/x),Travelcircus GmbH,https://www.profession.hu/allas/android-ios-mobile-engineer-m-f-x-travelcircus-gmbh-2856253?sessionId=ed7061b1d89e7c95ce70868e0e3baa03,2026-03-17,2026-03-25,True,Berlin,,"German: C1, English: B2",Bachelor,"Kotlin, Swift","Android, iOS, Kotlin Multiplatform (KMP)",Hybrid,Full-time,1-3 years
2856238,Cloud Software Engineer – Adobe Cloud Platform,Adobe Systems Europe Limited,https://www.profession.hu/allas/cloud-software-engineer-adobe-cloud-platform-adobe-systems-europe-limited-2856238?sessionId=ed7061b1d89e7c95ce70868e0e3baa03,2026-03-17,2026-03-25,True,Hamburg,,"German: B2, English: B2",Bachelor,"Java, Go, C++","Spring, RESTful APIs, NoSQL databases like MongoDB, Cassandra, or DynamoDB, Prometheus, Grafana, Splunk",Hybrid,Full-time,3-5 years
2856234,Senior Computer Scientist - Cloud Software,Adobe Systems Europe Limited,https://www.profession.hu/allas/senior-computer-scientist-cloud-software-adobe-systems-europe-limited-2856234?sessionId=ed7061b1d89e7c95ce70868e0e3baa03,2026-03-17,2026-03-25,True,Hamburg,,English: B2,Bachelor,Java,"AWS, Azure, GCP, Cloud-native services, Distributed systems, Testing tools",Hybrid,Full-time,5+ years
2856231,Junior Analytics Engineer,N26 GmbH,https://www.profession.hu/allas/junior-analytics-engineer-n-gmbh-2856231?sessionId=ed7061b1d89e7c95ce70868e0e3baa03,2026-03-17,2026-03-17,False,Berlin,,English: B2,Bachelor,Python,"AWS, Redshift, DBT, Metabase",On-site with home office,Full-time,1-3 years
2856228,Strategic Transformation Lead - OPEn Core (w/m/d),TÜV SÜD,https://www.profession.hu/allas/strategic-transformation-lead-open-core-w-m-d-tuv-sud-2856228?sessionId=ed7061b1d89e7c95ce70868e0e3baa03,2026-03-17,2026-03-25,True,Munich,,English: B2,Bachelor,,SAP,On-site,Full-time,5+ years
2856224,Test Automation Engineer (m/f/d) - Tieto Tech Consulting,Tieto Germany GmbH,https://www.profession.hu/allas/test-automation-engineer-m-f-d-tieto-tech-consulting-tieto-germany-gmbh-2856224?sessionId=ed7061b1d89e7c95ce70868e0e3baa03,2026-03-17,2026-03-25,True,"Vienna, Linz, Graz, Berlin, Regensburg",,"English: B2, German: B2",Bachelor,"Java, JavaScript, Python","SAP, SELENIUM, PLAYWRIGHT, JENKINS",Hybrid,Full-time,1-3 years
2856222,Android/iOS Mobile Engineer (m/f/x),Travelcircus GmbH,https://www.profession.hu/allas/android-ios-mobile-engineer-m-f-x-travelcircus-gmbh-2856222?sessionId=ed7061b1d89e7c95ce70868e0e3baa03,2026-03-17,2026-03-25,True,Germany,,"German: C1, English: B2",Bachelor,"Kotlin, Swift","Android, iOS, Kotlin Multiplatform (KMP)",Hybrid,Full-time,1-3 years
2856221,Fullstack Software Engineer (m/f/x),Allane SE,https://www.profession.hu/allas/fullstack-software-engineer-m-f-x-allane-se-2856221?sessionId=ed7061b1d89e7c95ce70868e0e3baa03,2026-03-17,2026-03-25,True,Munich,,English: B2,Bachelor,"Java, Spring Boot, Angular, TypeScript, RxJS","AWS, Docker, CI/CD (GitHub Actions), Postgres, MySQL, Oracle, SNS/SQS, RabbitMQ",Hybrid,Full-time,5+ years
2856220,Product Manager - Payments & Finance (m/f/d),Riverty,https://www.profession.hu/allas/product-manager-payments-finance-m-f-d-riverty-2856220?sessionId=ed7061b1d89e7c95ce70868e0e3baa03,2026-03-17,2026-03-17,False,Berlin,,"English: C2, German: B2, Dutch: B1, Swedish: B1, Norwegian: B1, Finnish: B1","Bachelor's degree in Business Administration, Finance, Economics or a related field",,"Jira, Azure DevOps",Hybrid,Full-time,3-5 years
2856218,Intern Design (f/m/x),ZEISS,https://www.profession.hu/allas/intern-design-f-m-x-zeiss-2856218?sessionId=ed7061b1d89e7c95ce70868e0e3baa03,2026-03-17,2026-03-25,True,Munich,,"English: C2, German: B2",Bachelor,,"Figma, Miro, Adobe Creative Suite",On-site with home office,Full-time,1-3 years
2856217,Senior Backend Engineer C#/.Net (m/f/d),Riverty,https://www.profession.hu/allas/senior-backend-engineer-c-net-m-f-d-riverty-2856217?sessionId=ed7061b1d89e7c95ce70868e0e3baa03,2026-03-17,2026-03-17,False,Berlin,,English: B2,Bachelor,"C#, TypeScript","Figma, .NET Core, Terraform, Kubernetes, Entity Framework, RabbitMQ, Kafka",Hybrid,Full-time,1-3 years
2856216,Data Engineer (w/m/d),TÜV SÜD,https://www.profession.hu/allas/data-engineer-w-m-d-tuv-sud-2856216?sessionId=ed7061b1d89e7c95ce70868e0e3baa03,2026-03-17,2026-03-25,True,Munich,,English: C2,Bachelor,"SQL, Python, Java","Spark, Troubleshooting",On-site,Full-time,5+ years
2856214,(Senior) Data Engineer (m/f/d) - Azure,Riverty,https://www.profession.hu/allas/senior-data-engineer-m-f-d-azure-riverty-2856214?sessionId=ed7061b1d89e7c95ce70868e0e3baa03,2026-03-17,2026-03-17,False,Berlin,,English: B2,"Bachelor's or Master's degree in Computer Science, Engineering, or a related field","Python, SQL","Azure Data Factory, Databricks, Airflow, Git, Azure DevOps",Hybrid,Full-time,5+ years
2856213,Working Student CI/CD Engineer (m/f/d),Rohde & Schwarz GmbH & Co. KG,https://www.profession.hu/allas/working-student-ci-cd-engineer-m-f-d-rohde-schwarz-gmbh-co-kg-2856213?sessionId=ed7061b1d89e7c95ce70868e0e3baa03,2026-03-17,2026-03-25,True,München,,English: B1,Bachelor,Python,"Git, Docker, Jenkins, GitLab, CD, JIRA",On-site,Full-time,1-3 years
2856212,License Compliance Expert (m/f/d),Riverty,https://www.profession.hu/allas/license-compliance-expert-m-f-d-riverty-2856212?sessionId=ed7061b1d89e7c95ce70868e0e3baa03,2026-03-17,2026-03-17,False,Németország,,"English: B2, German: B2",Bachelor,,"SmartTrack, SCCM",On-site,Full-time,3-5 years
2856210,Software Engineering Lead (MS Dynamics & CRM) (m/f/d),Riverty,https://www.profession.hu/allas/software-engineering-lead-ms-dynamics-crm-m-f-d-riverty-2856210?sessionId=ed7061b1d89e7c95ce70868e0e3baa03,2026-03-17,2026-03-17,False,"Verl, Baden-Baden or Berlin",,"English: B2, German: Intermediate",Bachelor,,"DYNAMICS CRM, AZURE, BI, TESTING, DEVOPS, API, POWER BI, AGILE",On-site with home office,Full-time,5+ years
2856208,Data Engineering Lead (m/w/d),Riverty,https://www.profession.hu/allas/data-engineering-lead-m-w-d-riverty-2856208?sessionId=ed7061b1d89e7c95ce70868e0e3baa03,2026-03-17,2026-03-17,False,"Berlin, Verl, Baden-Baden or Oslo",,German: B2,"Bachelor's or Master's degree in Computer Science, Data Engineering, Information Systems, or a related field","Python, SQL, Azure, Spark","dbt, Airflow",Hybrid,Full-time,5+ years
2856207,OT & Cybersecurity Specialist (m/w/d),KIRCHHOFF Automotive Deutschland GmbH,https://www.profession.hu/allas/ot-cybersecurity-specialist-m-w-d-kirchhoff-automotive-deutschland-gmbh-2856207?sessionId=ed7061b1d89e7c95ce70868e0e3baa03,2026-03-17,2026-03-25,True,,,English: B2,Bachelor,,,Home-Office,Full-time,1-3 years
2856205,Senior Frontend Engineer (Angular) (m/f/d),Riverty,https://www.profession.hu/allas/senior-frontend-engineer-angular-m-f-d-riverty-2856205?sessionId=ed7061b1d89e7c95ce70868e0e3baa03,2026-03-17,2026-03-17,False,Berlin,,"English: B2, German: B2",Bachelor,"TypeScript, JavaScript, Java, C#, .NET, C, SQL","Angular, Spring Boot, Windows API, Oracle SQL, Azure, Terraform, Kubernetes, Figma",Hybrid,Full-time,5+ years
2856204,DevSecOps Engineer (m/f/d) – Developer Platform,Secunet Security Networks AG,https://www.profession.hu/allas/devsecops-engineer-m-f-d-developer-platform-secunet-security-networks-ag-2856204?sessionId=ed7061b1d89e7c95ce70868e0e3baa03,2026-03-17,2026-03-25,True,,,English: B2,Bachelor,"Python, Go, Rust","OPA / Gatekeeper, Conftest, Nix / NixOS, Rust, Terraform, GitLab, OpenStack, Kubernetes, GitOps, OpenTelemetry, Grafana Stack (LGTM)","Remote work options, flexible hours",Full-time,1-3 years
2856203,Product Manager Data Analytics (f/m/x),ZEISS,https://www.profession.hu/allas/product-manager-data-analytics-f-m-x-zeiss-2856203?sessionId=ed7061b1d89e7c95ce70868e0e3baa03,2026-03-17,2026-03-25,True,Németország,,English: B2,"Master's degree in Engineering, Computer Science, Data Science, or related field; MBA or Ph.D. is a plus",,"data analytics tools, semiconductor processes",On-site,Full-time,5+ years
2856201,PhD position – Co-regulation structures for large-scale single-cell transcriptomics – within the HDS-LEE graduate school,Forschungszentrum Jülich GmbH,https://www.profession.hu/allas/phd-position-co-regulation-structures-for-large-scale-single-cell-transcriptomics-within-the-hds-lee-graduate-school-forschungszentrum-julich-gmbh-2856201?sessionId=ed7061b1d89e7c95ce70868e0e3baa03,2026-03-17,2026-03-25,True,Düsseldorf,,English: B2,Master,"Python, R, C++","NETWORK, MACHINE LEARNING",Hybrid,Full-time,1-3 years
2856198,UX Designer (m/f/d),TOPdesk Deutschland GmbH,https://www.profession.hu/allas/ux-designer-m-f-d-topdesk-deutschland-gmbh-2856198?sessionId=ed7061b1d89e7c95ce70868e0e3baa03,2026-03-17,2026-03-25,True,,,English: B2,Bachelor,,Figma,Remote,Full-time,5+ years
2856194,PhD position - Learning Tailored Iterative Algorithms for Accelerating AC Power Flow Computations (HDS-LEE graduate school),Forschungszentrum Jülich GmbH,https://www.profession.hu/allas/phd-position-learning-tailored-iterative-algorithms-for-accelerating-ac-power-flow-computations-hds-lee-graduate-school-forschungszentrum-julich-gmbh-2856194?sessionId=ed7061b1d89e7c95ce70868e0e3baa03,2026-03-17,2026-03-25,True,Jülich,,English: B2,Master,"Python, C++","Machine Learning, NETWORK",Hybrid,Full-time,1-3 years
2856192,Bachelor's or Master's Thesis in Data Analytics / Business Intelligence,Spherea GmbH,https://www.profession.hu/allas/bachelor-s-or-master-s-thesis-in-data-analytics-business-intelligence-spherea-gmbh-2856192?sessionId=ed7061b1d89e7c95ce70868e0e3baa03,2026-03-17,2026-03-25,True,Ulm,,English: B2,Bachelor,"Python, R, Excel VBA","Power BI, DAX, Visualization best practices",On-site,Full-time,1-3 years
2856188,Salesforce Administrator (m/f/d),GBA Holding GmbH,https://www.profession.hu/allas/salesforce-administrator-m-f-d-gba-holding-gmbh-2856188?sessionId=ed7061b1d89e7c95ce70868e0e3baa03,2026-03-17,2026-03-25,True,Hamburg,,"English: C2, German: C2",High School with Diploma,,Salesforce,Hybrid,Full-time,1-3 years
2856187,Working Student DevOps for 5G/6G RF Conformance Testing (m/f/d),Rohde & Schwarz GmbH & Co. KG,https://www.profession.hu/allas/working-student-devops-for-g-g-rf-conformance-testing-m-f-d-rohde-schwarz-gmbh-co-kg-2856187?sessionId=ed7061b1d89e7c95ce70868e0e3baa03,2026-03-17,2026-03-25,True,Munich,,"English: B1, German: B1",High School with Diploma,"C, Python","Git, CI/CD pipelines, Elastic stack, .NET (C#), GitLab CI",On-site,Full-time,1-3 years
2854814,SAP PP Consultant,DXC Technology Magyarország Kft.,https://www.profession.hu/allas/sap-pp-consultant-dxc-technology-magyarorszag-kft-2854814?sessionId=ed7061b1d89e7c95ce70868e0e3baa03,2026-03-17,2026-03-17,False,Budapest,,,"Bachelor’s degree is required, Master’s degree in related fields is preferred",,"SAP TESTING NETWORK, S/4HANA System Conversion and Fiori apps",Hybrid,Full-time,5+ years
2851769,Broadcast Operations Spezialist / Broadcast Operations Executive,Warner Bros. Discovery,https://www.profession.hu/allas/broadcast-operations-spezialist-broadcast-operations-executive-warner-bros-discovery-2851769?sessionId=ed7061b1d89e7c95ce70868e0e3baa03,2026-03-17,2026-03-18,False,Németország,,"English: B2, German: B2",Bachelor,,"Office software, Productivity software",On-site,Full-time,1-3 years
2848618,Senior Cloud Security Engineer (Data Security),N26 GmbH,https://www.profession.hu/allas/senior-cloud-security-engineer-data-security-n-gmbh-2848618?sessionId=ed7061b1d89e7c95ce70868e0e3baa03,2026-03-17,2026-03-23,False,Berlin,,English: B2,Master,"Python, Bash","AWS, LINUX, DATABASES, TESTING, CHANGE MANAGEMENT, AGILE PROJECT MANAGEMENT",Hybrid,Full-time,1-3 years
2841919,OT Cybersecurity Business Development Manager (m/f/d),HMS Industrial Networks GmbH,https://www.profession.hu/allas/ot-cybersecurity-business-development-manager-m-f-d-hms-industrial-networks-gmbh-2841919?sessionId=ed7061b1d89e7c95ce70868e0e3baa03,2026-03-17,2026-03-25,True,Németország,,English: B2,Középiskola,,,On-site,Full-time,5+ years
2841835,Vice President | CFO Chief of Staff (f/m/d),Deutsche Börse Group,https://www.profession.hu/allas/vice-president-cfo-chief-of-staff-f-m-d-deutsche-borse-group-2841835?sessionId=ed7061b1d89e7c95ce70868e0e3baa03,2026-03-17,2026-03-25,True,,,"English: C1, German: C1",Bachelor,,,Hybrid,Full-time,5-10 years
2841779,Graduate (m/f/d) - Growing with Data,KWS Group,https://www.profession.hu/allas/graduate-m-f-d-growing-with-data-kws-group-2841779?sessionId=ed7061b1d89e7c95ce70868e0e3baa03,2026-03-17,2026-03-25,True,,,English: C2,Master,"Python, R","PowerBI, ACCESS, NETWORK PROJECT MANAGEMENT",Remote,Full-time,1-3 years
2858069,EDI Coordinator,ZF Chassis Modules Hungary Kft.,https://www.profession.hu/allas/edi-coordinator-zf-chassis-modules-hungary-kft-kecskemet-2858069?sessionId=ed7061b1d89e7c95ce70868e0e3baa03,2026-03-18,2026-03-25,True,Kecskemét,,English: C1,Bachelor,,"Laptop, Mobiltelefon",Full-time,Project Management,3-5 years
2858016,Üzleti adattárház architekt szakértő,MVM Next Energiakereskedelmi Zrt.,https://www.profession.hu/allas/uzleti-adattarhaz-architekt-szakerto-mvm-next-energiakereskedelmi-zrt-budapest-2858016?sessionId=ed7061b1d89e7c95ce70868e0e3baa03,2026-03-18,2026-03-25,True,Budapest,,,Főiskola,,"ADATTÁRHÁZ, BI, SQL, POWER BI",Általános munkarend,Teljes munkaidő,5-10 év tapasztalat
2858015,Üzleti adattárház fejlesztési szakértő,MVM Next Energiakereskedelmi Zrt.,https://www.profession.hu/allas/uzleti-adattarhaz-fejlesztesi-szakerto-mvm-next-energiakereskedelmi-zrt-budapest-2858015?sessionId=ed7061b1d89e7c95ce70868e0e3baa03,2026-03-18,2026-03-25,True,Budapest,,,Főiskola,,"ADATTÁRHÁZ, SQL, BI, POWER BI",On-site,Full-time,5-10 év tapasztalat
2857976,Delivery Manager,ShiwaForce.com Zrt,https://www.profession.hu/allas/delivery-manager-shiwaforce-com-zrt-budapest-2857976?sessionId=ed7061b1d89e7c95ce70868e0e3baa03,2026-03-18,2026-03-25,True,Budapest,,English: B2,Bachelor,,"Laptop, Mobiltelefon",On-site,Full-time,3-5 years
2857927,Műszaki fejlesztés támogató munkatárs,SALIO Kft.,https://www.profession.hu/allas/muszaki-fejlesztes-tamogato-munkatars-salio-kft-budapest-2857927/pro?sessionId=ed7061b1d89e7c95ce70868e0e3baa03,2026-03-18,2026-03-25,True,Budapest,,English: B1,Bachelor,,,On-site,Full-time,5+ years
2857838,Szoftverfejlesztő,Legfőbb Ügyészség,https://www.profession.hu/allas/szoftverfejleszto-legfobb-ugyeszseg-budapest-2857838?sessionId=ed7061b1d89e7c95ce70868e0e3baa03,2026-03-18,2026-03-25,True,Budapest,,,Középiskola,"HTML5, GIT, JQUERY, ANGULAR, WCF, DOCKER, AZURE, DEVOPS, WEBAPI, MONGODB, MVC, REST, NODE.JS, SCSS","Laptop, Monitor (1 db)",Hybrid,Full-time,3-5 years
2857809,Frontend Fejlesztő (Angular),Nova HR,https://www.profession.hu/allas/frontend-fejleszto-angular-nova-hr-2857809?sessionId=ed7061b1d89e7c95ce70868e0e3baa03,2026-03-18,2026-03-25,True,Budapest,,,Bachelor,"HTML5, CSS3, JavaScript/Typescript","Angular 2+, Git, OpenAPI",,Full-time,3-5 years
2857600,IT stratégiai szakértő,Magyar Államkincstár,https://www.profession.hu/allas/it-strategiai-szakerto-magyar-allamkincstar-budapest-2857600?sessionId=ed7061b1d89e7c95ce70868e0e3baa03,2026-03-18,2026-03-25,True,Budapest,,,Főiskola,,,Teljes munkaidő,Határozatlan idejű munkaviszony,
2857734,Üzleti adatelemző,MVM Next Energiakereskedelmi Zrt.,https://www.profession.hu/allas/uzleti-adatelemzo-mvm-next-energiakereskedelmi-zrt-budapest-2857734?sessionId=ed7061b1d89e7c95ce70868e0e3baa03,2026-03-18,2026-03-25,True,Budapest,,English: B1,Bachelor,"SQL, KNIME",,On-site,Full-time,1-3 years
2857587,Webfejlesztő,Flavon Group Kft.,https://www.profession.hu/allas/webfejleszto-flavon-group-kft-debrecen-2857587?sessionId=ed7061b1d89e7c95ce70868e0e3baa03,2026-03-18,2026-03-25,True,Debrecen,,,Főiskola 'B' kat. jogosítvány,"PHP, MySQL, JavaScript, HTML, CSS","GIT, API REST, ADOBE",Full-time,Full-time,1-3 years
2857080,Adatbázis és AI-fejlesztő,New Land Media Kft.,https://www.profession.hu/allas/adatbazis-es-ai-fejleszto-new-land-media-kft-budapest-2857080?sessionId=ed7061b1d89e7c95ce70868e0e3baa03,2026-03-18,2026-03-25,True,Budapest,,,Főiskola,"Python, SQL","GPT, Midjourney, RunwayML",Home-Office,Full-time,1-3 years
2857497,.NET fejlesztő,TRENDENCY ONLINE Zrt.,https://www.profession.hu/allas/net-fejleszto-trendency-online-zrt-budapest-2857497?sessionId=ed7061b1d89e7c95ce70868e0e3baa03,2026-03-18,2026-03-25,True,Budapest,,,Középiskola,"C#, .NET, ASP.NET Core, HTML, CSS, JavaScript, TypeScript, Angular","Entity Framework, MS SQL, PostgreSQL, GitHub Copilot, Docker, Kubernetes, Apache Kafka, RabbitMQ",Hibrid,Full-time,3-5 years
2856442,Senior service designer,Digitális Magyarország Ügynökség Zrt.,https://www.profession.hu/allas/senior-service-designer-digitalis-magyarorszag-ugynokseg-zrt-budapest-2856442?sessionId=ed7061b1d89e7c95ce70868e0e3baa03,2026-03-18,2026-03-25,True,Budapest,,,Egyetem,,,Home-Office,Full-time,3-5 years
2857437,Szenior IT üzleti elemző,Intrum,https://www.profession.hu/allas/szenior-it-uzleti-elemzo-intrum-2857437?sessionId=ed7061b1d89e7c95ce70868e0e3baa03,2026-03-18,2026-03-25,True,Budapest,,"English: C1, Hungarian: Native",Bachelor,,"UML, SQL, AGILIS, PMI",Hybrid,Full-time,5+ years
2857125,IT megfelelőségi és kockázatkezelési szakértő,FestiPay Zrt.,https://www.profession.hu/allas/it-megfelelosegi-es-kockazatkezelesi-szakerto-festipay-zrt-budapest-2857125?sessionId=ed7061b1d89e7c95ce70868e0e3baa03,2026-03-18,2026-03-25,True,Budapest,,English: B2,Bachelor,,,Home-Office,Full-time,5+ years
2857113,IT Developer II,AGCO Hungary Kft.,https://www.profession.hu/allas/it-developer-ii-agco-hungary-kft-budapest-2857113?sessionId=ed7061b1d89e7c95ce70868e0e3baa03,2026-03-18,2026-03-25,True,Budapest,,English: B2,Bachelor,"C#, .NET, React, Vue.js, Angular","SQL, PostgreSQL, Docker, Postman, Jenkins",Hybrid,Full-time,3-5 years
2857108,Automotive szoftverfejlesztő mérnök,Sysdata PSE Kft.,https://www.profession.hu/allas/automotive-szoftverfejleszto-mernok-sysdata-pse-kft-budapest-2857108?sessionId=ed7061b1d89e7c95ce70868e0e3baa03,2026-03-18,2026-03-25,True,Budapest,,English: B1,Bachelor,C,"AUTOSAR, Laptop, Workstation, Monitor (2 db), Mobiltelefon",Hybrid,Full-time,1-3 years
2857062,Tesztautomatizálási mérnök,Sysdata PSE Kft.,https://www.profession.hu/allas/tesztautomatizalasi-mernok-sysdata-pse-kft-budapest-2857062?sessionId=ed7061b1d89e7c95ce70868e0e3baa03,2026-03-18,2026-03-25,True,Budapest,,English: B2,Bachelor,C#,"Visual Studio, ISTQB",Full-time,Full-time,1-3 years
2857024,Full-stack PHP fejlesztő,Trustindex Kft.,https://www.profession.hu/allas/full-stack-php-fejleszto-trustindex-kft-budapest-2857024?sessionId=ed7061b1d89e7c95ce70868e0e3baa03,2026-03-18,2026-03-25,True,Budapest,,English: B2,High School with Diploma,"PHP, Symfony","Git, Gitlab, LAMP, AWS",Home-Office,Full-time,5+ years
2856834,Senior DevOps Engineer,VBÜ Zrt,https://www.profession.hu/allas/senior-devops-engineer-vbu-zrt-budapest-2856834?sessionId=ed7061b1d89e7c95ce70868e0e3baa03,2026-03-18,2026-03-25,True,Budapest,,English: C1,Bachelor,,"CLOUD, BASH, DEVOPS, AWS, DOCKER, AZURE, LINUX, HÁLÓZATI ISMERETEK",On-site,Full-time,5+ years
2856795,Senior Devops Engineer (JT),Tech People Hungary Kft.,https://www.profession.hu/allas/senior-devops-engineer-jt-tech-people-hungary-kft-budapest-2856795?sessionId=ed7061b1d89e7c95ce70868e0e3baa03,2026-03-18,2026-03-25,True,Budapest,,English: B2,Bachelor,,"AWS, Git, Jenkins, DevOps, Linux OS, Docker, Terraform, Kubernetes, Spinnaker, Azure",Hybrid,Full-time,5+ years
2856677,Solution architect,Profession Services,https://www.profession.hu/allas/solution-architect-profession-services-budapest-2856677/pro?sessionId=ed7061b1d89e7c95ce70868e0e3baa03,2026-03-18,2026-03-25,True,Budapest,,English: B2,Bachelor,"Java, .NET",Rest API,Hybrid,Full-time,3-5 years
2858029,Termelést támogató gyakornok - diákmunka,Mind-Diák Szövetkezet,https://www.profession.hu/allas/termelest-tamogato-gyakornok-diakmunka-mind-diak-szovetkezet-2858029?sessionId=ed7061b1d89e7c95ce70868e0e3baa03,2026-03-18,2026-03-25,True,,Br. 2050 Ft/óra bér,English: B1,Általános iskola,,"POWERPOINT, EXCEL",Részmunkaidő,Diákmunka,
2857960,PLC programozó,Leadec Kft,https://www.profession.hu/allas/plc-programozo-leadec-kft-kecskemet-2857960?sessionId=ed7061b1d89e7c95ce70868e0e3baa03,2026-03-18,2026-03-25,True,Kecskemét,,English: B1,Bachelor,,"Siemens Step7, TIA Portal",On-site,Full-time,3-5 years
2857143,IT adminisztrátor - diákmunka,Mind-Diák Szövetkezet,https://www.profession.hu/allas/it-adminisztrator-diakmunka-mind-diak-szovetkezet-2857143?sessionId=ed7061b1d89e7c95ce70868e0e3baa03,2026-03-18,2026-03-25,True,Budapest,,English: B1,Secondary education with diploma,,"Excel, MS Access",On-site,Half-time,0-1 years
2857139,Junior Product Owner,IndaNext Hungary Kft.,https://www.profession.hu/allas/junior-product-owner-indanext-hungary-kft-budapest-2857139?sessionId=ed7061b1d89e7c95ce70868e0e3baa03,2026-03-18,2026-03-25,True,Budapest,,English: B2,Bachelor,,"Google Analytics, CMS, Agile methodologies (Scrum, Kanban), JIRA",Hybrid,Full-time,1-3 years
2857099,Beágyazott szoftverfejlesztő,Sysdata PSE Kft.,https://www.profession.hu/allas/beagyazott-szoftverfejleszto-sysdata-pse-kft-budapest-2857099?sessionId=ed7061b1d89e7c95ce70868e0e3baa03,2026-03-18,2026-03-25,True,Budapest,,English: B2,Bachelor,"C, C++","Laptop, Workstation, Monitor (2 db)",On-site with home office,Full-time,3-5 years
2857070,Szolgáltatásmenedzser,EURO ONE Számítástechnikai Zrt,https://www.profession.hu/allas/szolgaltatasmenedzser-euro-one-szamitastechnikai-zrt-budapest-2857070?sessionId=ed7061b1d89e7c95ce70868e0e3baa03,2026-03-18,2026-03-25,True,Budapest,,English: B2,Bachelor,,,Hybrid,Full-time,1-3 years
2856972,IT szolgáltatásmenedzser,FestiPay Zrt.,https://www.profession.hu/allas/it-szolgaltatasmenedzser-festipay-zrt-budapest-2856972?sessionId=ed7061b1d89e7c95ce70868e0e3baa03,2026-03-18,2026-03-25,True,Budapest,,English: B2,Középiskola,,Microsoft 365,Home-Office,Full-time,3-5 years
2856966,Senior it project manager,ingatlan.com Zrt.,https://www.profession.hu/allas/senior-it-project-manager-ingatlan-com-zrt-budapest-2856966?sessionId=ed7061b1d89e7c95ce70868e0e3baa03,2026-03-18,2026-03-25,True,Budapest,"1,3M - 1,5M Ft havi bér",,Egyetem,,"AGILIS, jira",Hybrid,Full-time,5-10 év tapasztalat
2856932,Manuális tesztelő,Smart Solutions Consultancy Kft.,https://www.profession.hu/allas/manualis-tesztelo-smart-solutions-consultancy-kft-budapest-2856932?sessionId=ed7061b1d89e7c95ce70868e0e3baa03,2026-03-18,2026-03-25,True,Budapest,,English: B2,Bachelor,,"ISTQB, SERVICENOW, ITIL, AUTOMATIZÁLÁS",Hybrid,Full-time,3-5 years
2856745,Osztályvezető,Nemzeti Adó- és Vámhivatal,https://www.profession.hu/allas/osztalyvezeto-nemzeti-ado-es-vamhivatal-budapest-2856745?sessionId=ed7061b1d89e7c95ce70868e0e3baa03,2026-03-18,2026-03-25,True,Budapest,,English: B2,Bachelor,,"Oracle Enterprise Guide, Oracle Business Intelligence",On-site,Full-time,1-3 years
2856898,B2B IT értékesítő – AI és szoftver,BECK AND PARTNERS Kft.,https://www.profession.hu/allas/b-b-it-ertekesito-ai-es-szoftver-beck-and-partners-kft-2856898?sessionId=ed7061b1d89e7c95ce70868e0e3baa03,2026-03-18,2026-03-25,True,Budapest,,English: B2,Bachelor,,MS Office,On-site,Full-time,1-3 years
2856518,Software Developer / IT Consultant (m/f/d),TNG Technology Consulting GmbH,https://www.profession.hu/allas/software-developer-it-consultant-m-f-d-tng-technology-consulting-gmbh-budapest-2856518?sessionId=ed7061b1d89e7c95ce70868e0e3baa03,2026-03-18,2026-03-25,True,Budapest,,English: C2,Bachelor,"Java, TypeScript, Python, C#",,Hybrid,Full-time,Pályakezdő/friss diplomás
2856734,SAP gyártási folyamatok szakértő,Egis Gyógyszergyár Zrt.,https://www.profession.hu/allas/sap-gyartasi-folyamatok-szakerto-egis-gyogyszergyar-zrt-budapest-2856734?sessionId=ed7061b1d89e7c95ce70868e0e3baa03,2026-03-18,2026-03-25,True,Budapest,,English: B1,,,"SAP ERP, MS Office",Hybrid,Full-time,5+ years
2856675,Auditor_infokommunikációs technológia specifikáció,Állami Számvevőszék,https://www.profession.hu/allas/auditor-infokommunikacios-technologia-specifikacio-allami-szamvevoszek-budapest-2856675?sessionId=ed7061b1d89e7c95ce70868e0e3baa03,2026-03-18,2026-03-25,True,Budapest,,English: C1,Bachelor,,"SQL, ERP, Excel, Agile",Home-Office,Full-time,3-5 years
2858286,Team Lead IT – Finance & Controlling Applications (m/f/d),Henkell & Co. Sektkellerei KG,https://www.profession.hu/allas/team-lead-it-finance-controlling-applications-m-f-d-henkell-co-sektkellerei-kg-2858286?sessionId=ed7061b1d89e7c95ce70868e0e3baa03,2026-03-18,2026-03-25,True,Wiesbaden,,"English: B2, German: Native",Bachelor,,"SAP FI, SAP CO, SAP Concur, Jedox",Hybrid,Full-time,3-5 years
2858255,Senior Android Engineer - DevEx,N26 GmbH,https://www.profession.hu/allas/senior-android-engineer-devex-n-gmbh-2858255?sessionId=ed7061b1d89e7c95ce70868e0e3baa03,2026-03-18,2026-03-22,False,,,English: B2,Bachelor,Kotlin,"Android Open Source Platform, Material Design principles, Reactive programming - Kotlin Flows and Coroutines",Hybrid,Full-time,1-3 years
2858240,Lecturer Computer Science Java and Web Development (m/f/d),IU Internationale Hochschule,https://www.profession.hu/allas/lecturer-computer-science-java-and-web-development-m-f-d-iu-internationale-hochschule-2858240?sessionId=ed7061b1d89e7c95ce70868e0e3baa03,2026-03-18,2026-03-22,False,Bad Honnef,,English: C1,Bachelor,JAVA,,On-site,Freelance,1-3 years
2858230,Lecturer Business Administration IT and ERP Systems (m/f/d),IU Internationale Hochschule,https://www.profession.hu/allas/lecturer-business-administration-it-and-erp-systems-m-f-d-iu-internationale-hochschule-2858230?sessionId=ed7061b1d89e7c95ce70868e0e3baa03,2026-03-18,2026-03-22,False,Bad Honnef,,English: C1,Bachelor,,"ERP, SECURITY, CLOUD",On-site,Full-time,1-3 years
2858229,ASIC Verification Engineer (f/m/div.),Bosch Gruppe,https://www.profession.hu/allas/asic-verification-engineer-f-m-div-bosch-gruppe-2858229?sessionId=ed7061b1d89e7c95ce70868e0e3baa03,2026-03-18,2026-03-25,True,Dresden,,"English: B2, German: Beneficial","Bachelor, Master",SystemVerilog,UVM,Hybrid,Full-time,5+ years
2858226,Lecturer Business Administration IT and ERP Systems (m/f/d),IU Internationale Hochschule,https://www.profession.hu/allas/lecturer-business-administration-it-and-erp-systems-m-f-d-iu-internationale-hochschule-2858226?sessionId=ed7061b1d89e7c95ce70868e0e3baa03,2026-03-18,2026-03-22,False,Bad Honnef,,English: C1,Bachelor,,"ERP, SECURITY, CLOUD",On-site,Freelance,1-3 years
2858225,Director Product - Ecosystem,commercetools GmbH,https://www.profession.hu/allas/director-product-ecosystem-commercetools-gmbh-2858225?sessionId=ed7061b1d89e7c95ce70868e0e3baa03,2026-03-18,2026-03-25,True,,,English: B2,Bachelor,,"API, DYNAMICS CLOUD, SECURITY, ACCESS",Hybrid,Full-time,1-3 years
2858223,Lecturer Cyber Security Attack Models and Auditing (m/f/d),IU Internationale Hochschule,https://www.profession.hu/allas/lecturer-cyber-security-attack-models-and-auditing-m-f-d-iu-internationale-hochschule-2858223?sessionId=ed7061b1d89e7c95ce70868e0e3baa03,2026-03-18,2026-03-22,False,Berlin,,English: C1,Bachelor,,,On-site,Freelance,1-3 years
2858222,Lecturer Cyber Security Internet of Things (m/f/d),IU Internationale Hochschule,https://www.profession.hu/allas/lecturer-cyber-security-internet-of-things-m-f-d-iu-internationale-hochschule-2858222?sessionId=ed7061b1d89e7c95ce70868e0e3baa03,2026-03-18,2026-03-22,False,Berlin,,English: B1,Bachelor,,,On-site,Freelance,1-3 years
2858213,Lecturer Edge AI (m/f/d),IU Internationale Hochschule,https://www.profession.hu/allas/lecturer-edge-ai-m-f-d-iu-internationale-hochschule-2858213?sessionId=ed7061b1d89e7c95ce70868e0e3baa03,2026-03-18,2026-03-22,False,Bad Honnef,,English: C1,Bachelor,,,On-site,Freelance,1-3 years
2858211,Lecturer Cyber Security Attack Scenarios and Incident Response (m/f/d),IU Internationale Hochschule,https://www.profession.hu/allas/lecturer-cyber-security-attack-scenarios-and-incident-response-m-f-d-iu-internationale-hochschule-2858211?sessionId=ed7061b1d89e7c95ce70868e0e3baa03,2026-03-18,2026-03-22,False,Berlin,,English: B1,Bachelor,,,On-site,Freelance,1-3 years
2858209,Working student Portfolio Management of MB.OS GEN 2,Mercedes-Benz AG,https://www.profession.hu/allas/working-student-portfolio-management-of-mb-os-gen-mercedes-benz-ag-2858209?sessionId=ed7061b1d89e7c95ce70868e0e3baa03,2026-03-18,2026-03-25,True,Hibrid,,"German: B2, English: B2",Bachelor,"Python, SQL","JIRA, Confluence, MS Office, R",Hybrid,Full-time,1-3 years
2858208,Lecturer AI User Experience (m/f/d),IU Internationale Hochschule,https://www.profession.hu/allas/lecturer-ai-user-experience-m-f-d-iu-internationale-hochschule-2858208?sessionId=ed7061b1d89e7c95ce70868e0e3baa03,2026-03-18,2026-03-22,False,Bad Honnef,,English: C1,Bachelor,,,On-site,Freelance,1-3 years
2858206,Lecturer Cyber Security Information Security Standards (m/f/d),IU Internationale Hochschule,https://www.profession.hu/allas/lecturer-cyber-security-information-security-standards-m-f-d-iu-internationale-hochschule-2858206?sessionId=ed7061b1d89e7c95ce70868e0e3baa03,2026-03-18,2026-03-22,False,Bad Honnef,,English: B1,Bachelor,,,On-site,Freelance,1-3 years
2858205,Software Engineer MHS (all genders),FREQUENTIS COMSOFT GmbH,https://www.profession.hu/allas/software-engineer-mhs-all-genders-frequentis-comsoft-gmbh-2858205?sessionId=ed7061b1d89e7c95ce70868e0e3baa03,2026-03-18,2026-03-25,True,Karlsruhe,,English: B2,Bachelor,C++ (17 or newer),"LINUX, GIT, ROBOT, DEVOPS processes & tools (such as ansible, docker, jenkins), ACCESS TEST AUTOMATION",Hybrid,Full-time,5+ years
2858203,Lecturer Computer Science Java and Web Development (m/f/d),IU Internationale Hochschule,https://www.profession.hu/allas/lecturer-computer-science-java-and-web-development-m-f-d-iu-internationale-hochschule-2858203?sessionId=ed7061b1d89e7c95ce70868e0e3baa03,2026-03-18,2026-03-22,False,Bad Honnef,,English: C1,Bachelor,,,On-site,Full-time,1-3 years
2858199,IAM Service Owner (f/m/x),ZEISS,https://www.profession.hu/allas/iam-service-owner-f-m-x-zeiss-2858199?sessionId=ed7061b1d89e7c95ce70868e0e3baa03,2026-03-18,2026-03-25,True,Németország,,English: B2,Középiskola,,"ISO SECURITY, AZURE, GDPR, SERVICE MANAGEMENT",Általános munkarend,Teljes munkaidő,1-3 év tapasztalat
2858196,Lecturer Computer Science Specification (m/f/d),IU Internationale Hochschule,https://www.profession.hu/allas/lecturer-computer-science-specification-m-f-d-iu-internationale-hochschule-2858196?sessionId=ed7061b1d89e7c95ce70868e0e3baa03,2026-03-18,2026-03-22,False,Berlin,,English: C1,Bachelor,,,On-site,Freelance,1-3 years
2858190,Solution Owner - CPQ Platform (w/m/d),TÜV SÜD,https://www.profession.hu/allas/solution-owner-cpq-platform-w-m-d-tuv-sud-2858190?sessionId=ed7061b1d89e7c95ce70868e0e3baa03,2026-03-18,2026-03-25,True,Munich,,"English: B2, German knowledge is an advantage",Bachelor,,Microsoft Dynamics 365,On-site,Full-time,5+ years
2858189,Lecturer Computer Science Cryptology (m/f/d),IU Internationale Hochschule,https://www.profession.hu/allas/lecturer-computer-science-cryptology-m-f-d-iu-internationale-hochschule-2858189?sessionId=ed7061b1d89e7c95ce70868e0e3baa03,2026-03-18,2026-03-22,False,Berlin,,English: C1,Bachelor,,,On-site,Freelance,1-3 years
2858184,Working Student (d/f/m) Technology & Innovation Research,Grohe AG,https://www.profession.hu/allas/working-student-d-f-m-technology-innovation-research-grohe-ag-2858184?sessionId=ed7061b1d89e7c95ce70868e0e3baa03,2026-03-18,2026-03-25,True,Hemer (NRW),,English: B2,Bachelor,,"TESTING, ACCESS, AGILE",On-site,Short-term,1-3 years
2858169,Lecturer Cyber Security DevSecOps and Common Software Weaknesses (m/f/d),IU Internationale Hochschule,https://www.profession.hu/allas/lecturer-cyber-security-devsecops-and-common-software-weaknesses-m-f-d-iu-internationale-hochschule-2858169?sessionId=ed7061b1d89e7c95ce70868e0e3baa03,2026-03-18,2026-03-22,False,Bad Honnef,,English: B1,Bachelor,,,On-site,Freelance,1-3 years
2858160,Working Student Autonomous Driving Research,Mercedes-Benz AG,https://www.profession.hu/allas/working-student-autonomous-driving-research-mercedes-benz-ag-2858160?sessionId=ed7061b1d89e7c95ce70868e0e3baa03,2026-03-18,2026-03-25,True,Stuttgart,,"English: C2, German: B2",Master,"Python, C++","Linux, Docker, Network",Hybrid,Full-time,1-3 years
2858154,Fullstack Engineer (m/w/d),ARC lntelligence GmbH,https://www.profession.hu/allas/fullstack-engineer-m-w-d-arc-lntelligence-gmbh-2858154?sessionId=ed7061b1d89e7c95ce70868e0e3baa03,2026-03-18,2026-03-25,True,Berlin,,English: B2,Bachelor,"Python, React","Django REST, FastAPI, Git, AWS, Azure, Docker, SQL databases, REST APIs",On-site with home office,Full-time,1-3 years
2858148,System Engineer SDDS-NG (all genders),FREQUENTIS COMSOFT GmbH,https://www.profession.hu/allas/system-engineer-sdds-ng-all-genders-frequentis-comsoft-gmbh-2858148?sessionId=ed7061b1d89e7c95ce70868e0e3baa03,2026-03-18,2026-03-25,True,Karlsruhe,,"English: B2, German: B2",Bachelor,,"Linux, Networking, Security",Hybrid,Full-time,1-3 years
2858119,Senior Application Engineer for Robotics (m/f/d),Agile Robots SE,https://www.profession.hu/allas/senior-application-engineer-for-robotics-m-f-d-agile-robots-se-2858119?sessionId=ed7061b1d89e7c95ce70868e0e3baa03,2026-03-18,2026-03-25,True,Munich,,English: B2,Master's (or comparable practical experience),"C++, Python, JavaScript, PLC programming","OpenCV, TensorFlow, PCL, VueJS, React, Angular, Linux, CAD Software",On-site,Full-time,3-5 years
2858110,Lead Software Engineer – Simulation SDK (C++/Python) (m/w/d),Simcon kunststofftechnische Software GmbH,https://www.profession.hu/allas/lead-software-engineer-simulation-sdk-c-python-m-w-d-simcon-kunststofftechnische-software-gmbh-2858110?sessionId=ed7061b1d89e7c95ce70868e0e3baa03,2026-03-18,2026-03-25,True,Aachen area,,"English: B2, German: C2",Bachelor,"C++, Python","CLOUD TESTING, C ACCESS, CI TEST AUTOMATION, Notion, GitHub, Linear",Fully remote (Germany),Full-time,1-3 years
2858103,Product Manager (m/f/d) - Software & System Solutions,Kries-Energietechnik GmbH & Co. KG a TE Connectivity Ltd. Company,https://www.profession.hu/allas/product-manager-m-f-d-software-system-solutions-kries-energietechnik-gmbh-co-kg-a-te-connectivity-ltd-company-2858103?sessionId=ed7061b1d89e7c95ce70868e0e3baa03,2026-03-18,2026-03-25,True,Németország,,"English: B2, German: B2","Bachelor's or Master's degree in Computer Engineering, Electrical Engineering, or a related field",,,On-site,Full-time,5+ years
2857765,CSV Manager,Teoxane SA,https://www.profession.hu/allas/csv-manager-teoxane-sa-2857765?sessionId=ed7061b1d89e7c95ce70868e0e3baa03,2026-03-18,2026-03-22,False,Switzerland,,"English: C1, French: C1",Bachelor,,"CSV methodology, Validation deliverables, Technical documentation",On-site,Full-time,5+ years
2857763,Product Engineer  for Software as a Service,Leica Geosystems AG,https://www.profession.hu/allas/product-engineer-for-software-as-a-service-leica-geosystems-ag-2857763?sessionId=ed7061b1d89e7c95ce70868e0e3baa03,2026-03-18,2026-03-25,True,Heerbrugg,,"English: B2, German: Benefit",Bachelor,,"R NETWORK, CLOUD AGILE PROJECT MANAGEMENT",Flexible working models,Full-time,1-3 years
2857473,Salesforce Marketing Cloud Developer,Betsson Group,https://www.profession.hu/allas/salesforce-marketing-cloud-developer-betsson-group-2857473?sessionId=ed7061b1d89e7c95ce70868e0e3baa03,2026-03-18,2026-03-25,True,Budapest,,English: B2,Bachelor,JavaScript,"CLOUD, CRM, SQL, DATABASE, JAVASCRIPT, REST",Hybrid,Full-time,3-5 years
2854731,IT PLM Master Data Trainee,KOSTAL Global Business Services Center Kft.,https://www.profession.hu/allas/it-plm-master-data-trainee-kostal-global-business-services-center-kft-2854731?sessionId=ed7061b1d89e7c95ce70868e0e3baa03,2026-03-18,2026-03-23,False,Budapest,,English: B2,Bachelor,,"SAP, MS Office (Excel & Outlook)",Hybrid,Full-time,0-1 years
2857456,Software Reliability Engineer - LPU Hardware DataFlow,NVIDIA Hungary Kft.,https://www.profession.hu/allas/software-reliability-engineer-lpu-hardware-dataflow-nvidia-hungary-kft-2857456?sessionId=ed7061b1d89e7c95ce70868e0e3baa03,2026-03-18,2026-03-18,False,,,English: B2,Bachelor,"C++, Java, Python","Linux, HARDWARE TESTING, CI REGRESSION TESTING, DEBUGGING, TEST MANAGEMENT",Remote,Full-time,5+ years
2854729,Senior BI Backend Developer,KOSTAL Global Business Services Center Kft.,https://www.profession.hu/allas/senior-bi-backend-developer-kostal-global-business-services-center-kft-2854729?sessionId=ed7061b1d89e7c95ce70868e0e3baa03,2026-03-18,2026-03-23,False,Budapest,,English: B2,Bachelor,ABAP,"BI, SAP, SAP ABAP, SAP Analytics, SAP-BW",Hybrid,Full-time,1-3 years
2857419,Software Developer (m/f/d) Simulation Defence,FERCHAU – Connecting People and Technologies,https://www.profession.hu/allas/software-developer-m-f-d-simulation-defence-ferchau-connecting-people-and-technologies-2857419?sessionId=ed7061b1d89e7c95ce70868e0e3baa03,2026-03-18,2026-03-25,True,Manching,,"English: B2, German: A1",Bachelor,C++/C,"Linux/Unix, Windows",Hybrid,Full-time,1-3 years
2857418,System Engineer (m/f/d) Aerospace,FERCHAU – Connecting People and Technologies,https://www.profession.hu/allas/system-engineer-m-f-d-aerospace-ferchau-connecting-people-and-technologies-2857418?sessionId=ed7061b1d89e7c95ce70868e0e3baa03,2026-03-18,2026-03-25,True,Immenstaad am Bodensee,,English: B1,Bachelor,,"MATLAB, SysML/UML, DOORS, CAMEO",Hybrid,Full-time,1-3 years
2857416,Software Developer (m/f/d) Space,FERCHAU – Connecting People and Technologies,https://www.profession.hu/allas/software-developer-m-f-d-space-ferchau-connecting-people-and-technologies-2857416?sessionId=ed7061b1d89e7c95ce70868e0e3baa03,2026-03-18,2026-03-25,True,Immenstaad am Bodensee,,English: B1,Bachelor,"Java, Python, C++","Linux, Windows",Hybrid,Full-time,1-3 years
2857415,System Engineer (m/f/d) Helicopter / UAV,FERCHAU – Connecting People and Technologies,https://www.profession.hu/allas/system-engineer-m-f-d-helicopter-uav-ferchau-connecting-people-and-technologies-2857415?sessionId=ed7061b1d89e7c95ce70868e0e3baa03,2026-03-18,2026-03-25,True,Donauwörth,,English: B2,Bachelor,,,Hybrid,Full-time,1-3 years
2857414,Project Manager - SAP Master Data (f/m/x) (f/m/x),ZEISS,https://www.profession.hu/allas/project-manager-sap-master-data-f-m-x-f-m-x-zeiss-2857414?sessionId=ed7061b1d89e7c95ce70868e0e3baa03,2026-03-18,2026-03-18,False,Németország,,"English: B1, German: B1",Középiskola,,"SAP R ERP, CRM, AGILE PROJECT MANAGEMENT",Általános munkarend,Teljes munkaidő,1-3 years
2857413,Requirements Engineer Aviation (m/f/d),FERCHAU – Connecting People and Technologies,https://www.profession.hu/allas/requirements-engineer-aviation-m-f-d-ferchau-connecting-people-and-technologies-2857413?sessionId=ed7061b1d89e7c95ce70868e0e3baa03,2026-03-18,2026-03-25,True,Garching bei München,,English: B1,Bachelor,,DOORS,Hybrid,Full-time,1-3 years
2857412,Verification Engineer (m/f/d) Helicopter / UAV,FERCHAU – Connecting People and Technologies,https://www.profession.hu/allas/verification-engineer-m-f-d-helicopter-uav-ferchau-connecting-people-and-technologies-2857412?sessionId=ed7061b1d89e7c95ce70868e0e3baa03,2026-03-18,2026-03-25,True,Donauwörth,,English: B2,Bachelor,"C, C++",,Hybrid,Full-time,1-3 years
2857406,Principal AI Architect (f/m/d) & Adivsor (f/m/d),SAP SE,https://www.profession.hu/allas/principal-ai-architect-f-m-d-adivsor-f-m-d-sap-se-2857406?sessionId=ed7061b1d89e7c95ce70868e0e3baa03,2026-03-18,2026-03-25,True,Germany,,"German: C1, English: B2","Bachelor's or master's degree in Artificial Intelligence, Computer Science, Information Systems, or a related field",,"SAP Business AI, SAP Business Technology Platform, GenAI Hub",On-site with home office,"Full-time, unbefristet",3-5 years
2857396,(Senior) Product Designer UX/UI (m/f/d) in Berlin,PiNCAMP GmbH,https://www.profession.hu/allas/senior-product-designer-ux-ui-m-f-d-in-berlin-pincamp-gmbh-2857396?sessionId=ed7061b1d89e7c95ce70868e0e3baa03,2026-03-18,2026-03-25,True,Berlin,,English: B2,Bachelor,,"Figma, AI-assisted prototyping tools",Hybrid,Full-time,5+ years
2857393,Senior Product Designer (m/f/d) – UX/UI Travel & Booking,PiNCAMP GmbH,https://www.profession.hu/allas/senior-product-designer-m-f-d-ux-ui-travel-booking-pincamp-gmbh-2857393?sessionId=ed7061b1d89e7c95ce70868e0e3baa03,2026-03-18,2026-03-25,True,Berlin,,"English: B2, German: Professional level, Dutch: Professional level",Bachelor,,"Figma, Agile methodologies, AI-assisted prototyping tools",Hybrid,Full-time,3-5 years
2857392,Business Process & Digital Transformation Manager,Safran Helicopter Engines Germany GmbH,https://www.profession.hu/allas/business-process-digital-transformation-manager-safran-helicopter-engines-germany-gmbh-2857392?sessionId=ed7061b1d89e7c95ce70868e0e3baa03,2026-03-18,2026-03-25,True,Németország,,"English: C2, German: C2, French: C2","Master's degree in Business Administration, Engineering (e.g., Industrial / Systems Engineering) or a related field",,"VISIO, MS PROJECT, CHANGE MANAGEMENT, LEAN PROJECT MANAGEMENT",Full-time,Full-time,1-3 years
2857389,SAP Integration Expert (f/d/m),Susonity Production GmbH,https://www.profession.hu/allas/sap-integration-expert-f-d-m-susonity-production-gmbh-2857389?sessionId=ed7061b1d89e7c95ce70868e0e3baa03,2026-03-18,2026-03-25,True,Németország,,"English: B2, German: Advantageous","Bachelor's degree in Information Technology, Computer Science, Business Administration, or a related field",,"SAP CPI, API Management, SAP Cloud Integration Suite, REST, SOAP, OData, IDoc",Full-time,Full-time,5+ years
2857388,SAP FI/CO Expert (w/d/m),Susonity Production GmbH,https://www.profession.hu/allas/sap-fi-co-expert-w-d-m-susonity-production-gmbh-2857388?sessionId=ed7061b1d89e7c95ce70868e0e3baa03,2026-03-18,2026-03-25,True,Németország,,English: B2,Középiskola,,"SAP S/4HANA, FI and CO",On-site,Full-time,5+ years
2857382,Working Student Hardware Evaluation & Design (m/f/d),ALPS ALPINE EUROPE GmbH,https://www.profession.hu/allas/working-student-hardware-evaluation-design-m-f-d-alps-alpine-europe-gmbh-2857382?sessionId=ed7061b1d89e7c95ce70868e0e3baa03,2026-03-18,2026-03-25,True,Németország,,English: B2,"Bachelor, Master","C, Python",Microsoft applications like PowerPoint and Excel,On-site,Full-time,1-3 years
2857373,Project Manager - SAP Master Data (f/m/x) (f/m/x),ZEISS,https://www.profession.hu/allas/project-manager-sap-master-data-f-m-x-f-m-x-zeiss-2857373?sessionId=ed7061b1d89e7c95ce70868e0e3baa03,2026-03-18,2026-03-25,True,Németország,,"English: B2, German: B2",Középiskola,,"SAP R ERP, CRM, AGILE PROJECT MANAGEMENT",Általános munkarend,Teljes munkaidő,1-3 years
2857372,Big Data Engineer - ML Analytics & Search (f/m/x),BMW Group,https://www.profession.hu/allas/big-data-engineer-ml-analytics-search-f-m-x-bmw-group-2857372?sessionId=ed7061b1d89e7c95ce70868e0e3baa03,2026-03-18,2026-03-25,True,Germany,,English: B2,Bachelor,"Python, SQL","AWS, Azure, Kubernetes, Google Cloud, MDF4, MCAP, embedding-based retrieval, dataset management tools, stream processing, graph-based metadata systems",Full-time,Full-time,3-5 years
2857368,Process Owner NI/MOD Sales (d/f/m),TK Elevator Europe Africa GmbH,https://www.profession.hu/allas/process-owner-ni-mod-sales-d-f-m-tk-elevator-europe-africa-gmbh-2857368?sessionId=ed7061b1d89e7c95ce70868e0e3baa03,2026-03-18,2026-03-25,True,Németország,,English: B1,Középiskola,,,Általános munkarend,Teljes munkaidő,1-3 év tapasztalat
2857364,Senior AI Engineer - Human-Like Behaviour (f/m/x),BMW Group,https://www.profession.hu/allas/senior-ai-engineer-human-like-behaviour-f-m-x-bmw-group-2857364?sessionId=ed7061b1d89e7c95ce70868e0e3baa03,2026-03-18,2026-03-25,True,Munich,,English: B2,Bachelor,,"PyTorch, TensorFlow",Full-time,Full-time,3-5 years
2857361,AI Data Engineer - SAP-RPT Model Family (f/m/d),SAP SE,https://www.profession.hu/allas/ai-data-engineer-sap-rpt-model-family-f-m-d-sap-se-2857361?sessionId=ed7061b1d89e7c95ce70868e0e3baa03,2026-03-18,2026-03-22,False,Germany,,English: B2,Master's degree,"Python, SQL","SAP BACKEND, ABAP, AWS, Azure, Machine Learning",Hybrid,Full-time,1-3 years
2857359,(Senior) Developer (f/m/d) for SAP Production Planning and Detailed Scheduling (PP/DS),SAP SE,https://www.profession.hu/allas/senior-developer-f-m-d-for-sap-production-planning-and-detailed-scheduling-pp-ds-sap-se-2857359?sessionId=ed7061b1d89e7c95ce70868e0e3baa03,2026-03-18,2026-03-22,False,Walldorf,,"English: B2, German: B2",Bachelor,"ABAP, JAVA, C++","SAP CLOUD, ABAP, RAP, CDS, OData, Fiori/UI5",Hybrid,Full-time,1-3 years
2857346,"TRR/SFB 287 – Scientific Assistant (m,f,x) Project S",Ruhr-Universität Bochum,https://www.profession.hu/allas/trr-sfb-scientific-assistant-m-f-x-project-s-ruhr-universit-t-bochum-2857346?sessionId=ed7061b1d89e7c95ce70868e0e3baa03,2026-03-18,2026-03-25,True,Bochum,,"German: C1, English: B2",Bachelor,"Python, C++","Git, OpenFOAM-MPPICFoam, VTK",Hybrid,Full-time,1-3 years
2857341,Working Student Digital Solutions (m/f/d),KWS Berlin GmbH,https://www.profession.hu/allas/working-student-digital-solutions-m-f-d-kws-berlin-gmbh-2857341?sessionId=ed7061b1d89e7c95ce70868e0e3baa03,2026-03-18,2026-03-25,True,Berlin,,English: C2,Bachelor,,"Microsoft Power Platform (Power Automate and Power BI), SAP Datasphere, SAP Analytics Cloud, Celonis, Microsoft 365 tools (Excel, PowerPoint, SharePoint)",Hybrid,Short-term,1-3 years
2857329,Product Manager Reliability (m/w/x),ZEISS,https://www.profession.hu/allas/product-manager-reliability-m-w-x-zeiss-2857329?sessionId=ed7061b1d89e7c95ce70868e0e3baa03,2026-03-18,2026-03-25,True,Németország,,English: B2,Master,,"R, ANALYTICS, SECURITY, PROJECT MANAGEMENT",On-site,Full-time,5+ years
2857324,Intern as Manual Tester for customer self-services (only Mandatory Internship),Mercedes-Benz AG,https://www.profession.hu/allas/intern-as-manual-tester-for-customer-self-services-only-mandatory-internship-mercedes-benz-ag-2857324?sessionId=ed7061b1d89e7c95ce70868e0e3baa03,2026-03-18,2026-03-25,True,Hamburg,,"English: B2, German: Business Fluency",Bachelor,"JavaScript, Cucumber, Selenium, Python","MS Office (Word, Excel, PowerPoint, Outlook), Jira Xray, Confluence, STLC (Software testing life cycle)",Hybrid,Short-term,1-3 years
2857310,ML Ops Engineer - Implementation (f/m/x),BMW Group,https://www.profession.hu/allas/ml-ops-engineer-implementation-f-m-x-bmw-group-2857310?sessionId=ed7061b1d89e7c95ce70868e0e3baa03,2026-03-18,2026-03-25,True,Munich,,English: B2,Bachelor,Python,"AWS, CLOUD, POSTGRESQL, HARDWARE DATABASES, ISO DEBUGGING, Kubernetes, Terraform, Bazel, Helm charts",Full-time,Full-time,3-5 years
2857301,Research / Data Scientist in Bioinformatics,Deutsches Krebsforschungszentrum DKFZ,https://www.profession.hu/allas/research-data-scientist-in-bioinformatics-deutsches-krebsforschungszentrum-dkfz-2857301?sessionId=ed7061b1d89e7c95ce70868e0e3baa03,2026-03-18,2026-03-25,True,Németország,,English: B2,"Master's or PhD degree in bioinformatics, computational biology, statistics, computer science, physics, molecular biotechnology, or a related discipline","Python, R, Bash","common bioinformatics software, access to databases",Full-time,Full-time,1-3 years
2857297,Senior ML Ops Engineer - Architecture & Strategy (f/m/x),BMW Group,https://www.profession.hu/allas/senior-ml-ops-engineer-architecture-strategy-f-m-x-bmw-group-2857297?sessionId=ed7061b1d89e7c95ce70868e0e3baa03,2026-03-18,2026-03-25,True,"Munich, Germany",,English: B2,Bachelor,,"AWS, Azure, Google Cloud, Kubernetes, GitOps, Infrastructure-as-code, QNN, AIMET, TensorRT, Triton",Full-time,Full-time,5-8 years
2857293,Senior Specialist in Computational Pathology Delivery Operations (m/f/d),AstraZeneca,https://www.profession.hu/allas/senior-specialist-in-computational-pathology-delivery-operations-m-f-d-astrazeneca-2857293?sessionId=ed7061b1d89e7c95ce70868e0e3baa03,2026-03-18,2026-03-25,True,"Munich, Germany",,English: B2,"Bachelor's or Master's degree in data science, bioinformatics, biomedical informatics, biomedical engineering, or a related field.",Python,"JIRA, Confluence, QuartzBio",On-site,Full-time,1-3 years
2857290,Project Manager Process & System Transformation (gn),TAKKT AG,https://www.profession.hu/allas/project-manager-process-system-transformation-gn-takkt-ag-2857290?sessionId=ed7061b1d89e7c95ce70868e0e3baa03,2026-03-18,2026-03-25,True,"Stuttgart, Budapest",,"English: C1, German: B2",Bachelor,,,Hybrid,Full-time,3-5 years
2857280,Thesis in Charging Interfaces Team starting April 2026,Daimler Truck AG,https://www.profession.hu/allas/thesis-in-charging-interfaces-team-starting-april-daimler-truck-ag-2857280?sessionId=ed7061b1d89e7c95ce70868e0e3baa03,2026-03-18,2026-03-25,True,Németország,,English: B2,Főiskola,"C/C++, Python","Hardware, PYTHON, C++, C, NETWORK",,Full-time,1-3 years
2856756,Software Engineer,MF Group AG,https://www.profession.hu/allas/software-engineer-mf-group-ag-2856756?sessionId=ed7061b1d89e7c95ce70868e0e3baa03,2026-03-18,2026-03-25,True,Chiasso,,"Italian: B2, English: B2",Bachelor,Java,"Agile, Machine Learning",Hybrid,Full-time,1-3 years
2856753,Implementációs Szakértő - E-commerce SAAS Területre,BaseLinker s.r.o,https://www.profession.hu/allas/implementacios-szakerto-e-commerce-saas-teruletre-baselinker-s-r-o-budapest-2856753?sessionId=ed7061b1d89e7c95ce70868e0e3baa03,2026-03-18,2026-03-25,True,Budapest,"2400 - 3200 EUR havi díjazás, a tapasztalatod és képességeid alapján","Magyar felsőfok, Angol felsőfok",,PHP,"Slack, Zoom",Rugalmas munkaidő,Távmunka alapú együttműködés,3-5 év tapasztalat
2850266,Senior Product Manager,The Stepstone Group GmbH,https://www.profession.hu/allas/senior-product-manager-the-stepstone-group-gmbh-2850266?sessionId=ed7061b1d89e7c95ce70868e0e3baa03,2026-03-18,2026-03-25,True,Hamburg,,"German: C1, English: B2",Bachelor,,AGILE,Hybrid,Full-time,3-5 years
2848615,Lead Workday Specialist,N26 GmbH,https://www.profession.hu/allas/lead-workday-specialist-n-gmbh-2848615?sessionId=ed7061b1d89e7c95ce70868e0e3baa03,2026-03-18,2026-03-25,True,Berlin,,English: B2,Bachelor,,"DATABASE, NETWORK, DATABASES, ACCESS, SECURITY, ERP, HARDWARE, TROUBLESHOOTING, DATA MANAGEMENT, AGILE, JIRA",Hybrid,Full-time,5+ years
2859893,Senior projektmenedzser,furbify s.r.o.,https://www.profession.hu/allas/senior-projektmenedzser-furbify-s-r-o-2859893?sessionId=ed7061b1d89e7c95ce70868e0e3baa03,2026-03-20,2026-03-25,True,Bratislava,2 200 - 3 000 EUR gross/month,"English: B1, Hungarian: C1",Bachelor,,Basecamp,Full-time,Full-time,5+ years
2859759,Master Data specialista,Rosenberger Automotive Cabling Kft.,https://www.profession.hu/allas/master-data-specialista-rosenberger-automotive-cabling-kft-jaszbereny-2859759?sessionId=ed7061b1d89e7c95ce70868e0e3baa03,2026-03-20,2026-03-25,True,Jászberény,,English: B2,Bachelor,,"MS OFFICE, SAP",On-site,Full-time,1-3 years
2859749,"Digital Solution Consultant – Hyperautomation, Low Code & Agentic solutions",Cognizant,https://www.profession.hu/allas/digital-solution-consultant-hyperautomation-low-code-agentic-solutions-cognizant-budapest-2859749/pro?sessionId=ed7061b1d89e7c95ce70868e0e3baa03,2026-03-20,2026-03-25,True,Budapest,,English: B2,Bachelor,,"MS Power Automate, MS Power Apps, MS Power Pages, MS Copilot Studio, SAP 4/Hana, SuccessFactors",Hybrid,Full-time,1-3 years
2859750,Üzleti tesztmenedzser,MVM Next Energiakereskedelmi Zrt.,https://www.profession.hu/allas/uzleti-tesztmenedzser-mvm-next-energiakereskedelmi-zrt-budapest-2859750?sessionId=ed7061b1d89e7c95ce70868e0e3baa03,2026-03-20,2026-03-25,True,Budapest,,English: B1,Bachelor,,Azure DevOps,,Full-time,5-10 years
2859580,UX/UI Designer,Digitális Magyarország Ügynökség Zrt.,https://www.profession.hu/allas/ux-ui-designer-digitalis-magyarorszag-ugynokseg-zrt-budapest-2859580?sessionId=ed7061b1d89e7c95ce70868e0e3baa03,2026-03-20,2026-03-25,True,Budapest,,,Egyetem,,Figma,Home-Office,Full-time,3-5 years
2859556,Devops mérnök,Profession Services,https://www.profession.hu/allas/devops-mernok-profession-services-budapest-2859556/pro?sessionId=ed7061b1d89e7c95ce70868e0e3baa03,2026-03-20,2026-03-25,True,Budapest,,English: B1,Bachelor,"bash, ksh","BASH, SQL, MONGODB, POSTGRESQL, DEVOPS, LINUX, MYSQL, UNIX OPERÁCIÓS RENDSZEREK, AIX, ORACLE DB2",Hybrid,Full-time,3-5 years
2859426,Informatikai projektvezető,Új Világ Nonprofit Szolgáltató Kft.,https://www.profession.hu/allas/informatikai-projektvezeto-uj-vilag-nonprofit-szolgaltato-kft-2859426?sessionId=ed7061b1d89e7c95ce70868e0e3baa03,2026-03-20,2026-03-25,True,Budapest,,,Felsőfokú iskolai végzettség műszaki/gazdasági területen vagy szakirányú felsőfokú képesítés,,,Home Office lehetőség (hibrid munkavégzés),Full-time,5+ years
2857126,Fejlesztő,Magyar Bírósági Végrehajtói Kar,https://www.profession.hu/allas/fejleszto-magyar-birosagi-vegrehajtoi-kar-budapest-2857126?sessionId=ed7061b1d89e7c95ce70868e0e3baa03,2026-03-20,2026-03-25,True,Budapest,,English: B1,Secondary School with Diploma,"TypeScript/JS, PHP, Go, Python (Symphony)","LINUX, BASH, PostgreSQL, Redis, CI/CD pipelines",Full-time,Full-time,3-5 years
2858963,IT Software Architect,Új Világ Nonprofit Szolgáltató Kft.,https://www.profession.hu/allas/it-software-architect-uj-vilag-nonprofit-szolgaltato-kft-2858963?sessionId=ed7061b1d89e7c95ce70868e0e3baa03,2026-03-20,2026-03-25,True,Budapest,,,Főiskola,,,Hybrid,Full-time,3-5 years
2859394,Product owner,FoxPost Kft.,https://www.profession.hu/allas/product-owner-foxpost-kft-budapest-2859394?sessionId=ed7061b1d89e7c95ce70868e0e3baa03,2026-03-20,2026-03-25,True,Budapest,,English: B2,Bachelor,,"SCRUM, JIRA, BI",Home-Office,Full-time,3-5 years
2859311,IT üzemeltetési munkatárs (Linux szoftverüzemeltető),Alfa Vienna Insurance Group Biztosító Zrt.,https://www.profession.hu/allas/it-uzemeltetesi-munkatars-linux-szoftveruzemelteto-alfa-vienna-insurance-group-biztosito-zrt-budapest-2859311?sessionId=ed7061b1d89e7c95ce70868e0e3baa03,2026-03-20,2026-03-25,True,Budapest,,Magyar felsőfok 3-5 év tapasztalat,Középiskola,,"LINUX, ORACLE, SQL",Hybrid,Full-time,3-5 years
2854276,IT Release Manager (Circular economy),MOL IT & DIGITAL GBS KFT.,https://www.profession.hu/allas/it-release-manager-circular-economy-mol-it-digital-gbs-kft-budapest-2854276?sessionId=ed7061b1d89e7c95ce70868e0e3baa03,2026-03-20,2026-03-25,True,Budapest,,"English: B2, Hungarian: Native",Bachelor,,"Azure DevOps, Confluence",Hybrid,Full-time,5+ years
2859252,Salesforce Administrator (CRM Support Specialist),Laurastar Hungary Kft.,https://www.profession.hu/allas/salesforce-administrator-crm-support-specialist-laurastar-hungary-kft-kapuvar-2859252/pro?sessionId=ed7061b1d89e7c95ce70868e0e3baa03,2026-03-20,2026-03-25,True,Kapuvár,,English: C2,,,"CRM, Salesforce, Case ServiceNow, Service Cloud, Sales Cloud",On-site,Full-time,1-3 years
2858989,Cloud engineer,Prooktatás Bt.,https://www.profession.hu/allas/cloud-engineer-prooktatas-bt-budapest-2858989?sessionId=ed7061b1d89e7c95ce70868e0e3baa03,2026-03-20,2026-03-25,True,Budapest,,,Bachelor,,"Terraform, CloudFormation, Docker, Kubernetes (K8s), Jenkins, GitLab CI, GitHub Actions",On-site with home office,Half-time,3-5 years
2858981,Python fejlesztő,Prooktatás Bt.,https://www.profession.hu/allas/python-fejleszto-prooktatas-bt-budapest-2858981?sessionId=ed7061b1d89e7c95ce70868e0e3baa03,2026-03-20,2026-03-25,True,Budapest,,"German: C1, English: B2",,Python,"Django, PySide 6, PyQt, Google Cloud",Full-time,Short-term,3-5 years
2858953,BI Analyst,Prohuman Zrt.,https://www.profession.hu/allas/bi-analyst-prohuman-zrt-budapest-2858953?sessionId=ed7061b1d89e7c95ce70868e0e3baa03,2026-03-20,2026-03-25,True,Budapest,,,Bachelor,Python,"BI SQL, CLOUD, PYTHON, POWER BI, TABLEAU, APACHE POSTGRESQL",Hybrid,Full-time,5+ years
2858850,Logisztikai digitalizációs szakértő,MOHU BUDAPEST Zrt.,https://www.profession.hu/allas/logisztikai-digitalizacios-szakerto-mohu-budapest-zrt-budapest-2858850?sessionId=ed7061b1d89e7c95ce70868e0e3baa03,2026-03-20,2026-03-25,True,Budapest,,English: B2,Bachelor,,"MS Office, Power BI, ERP",On-site,Full-time,3-5 years
2858842,DevOps engineer,Greenergy-Service Kft.,https://www.profession.hu/allas/devops-engineer-greenergy-service-kft-budapest-2858842?sessionId=ed7061b1d89e7c95ce70868e0e3baa03,2026-03-20,2026-03-25,True,Budapest,,,Felsőoktatási szakképzés,"Python, Bash","DEVOPS, LINUX, PYTHON, BASH, BITBUCKET, AWS, AZURE, VPN, DOCKER, JENKINS, SQL, GIT, NOSQL, ISO, AUTOMATIZÁLÁS",Teljes munkaidő,Alkalmazotti jogviszony,3-5 év tapasztalat
2858838,Storage Mérnök (LJM),Tech People Hungary Kft.,https://www.profession.hu/allas/storage-mernok-ljm-tech-people-hungary-kft-budapest-2858838?sessionId=ed7061b1d89e7c95ce70868e0e3baa03,2026-03-20,2026-03-25,True,Budapest,,English: B2,Bachelor,,ITIL,Hybrid,Full-time,3-5 years
2858704,L2 Operational Support in German,Cognizant,https://www.profession.hu/allas/l-operational-support-in-german-cognizant-budapest-2858704/pro?sessionId=ed7061b1d89e7c95ce70868e0e3baa03,2026-03-20,2026-03-25,True,Budapest,,English: B2,High School with Diploma,,"JAMF Pro, IBM MaaS360, Ivanti, Apple Business Manager, Automated Device Enrollment, Android Enterprise",Hybrid,Full-time,1-3 years
2858675,Senior CRM Tanácsadó (HubSpot fókusz),Nitro Communications Kft.,https://www.profession.hu/allas/senior-crm-tanacsado-hubspot-fokusz-nitro-communications-kft-budapest-2858675?sessionId=ed7061b1d89e7c95ce70868e0e3baa03,2026-03-20,2026-03-25,True,Budapest,,English: B2,Bachelor,,"HubSpot (CRM, Sales, Marketing, Service, CMS, Operations/Data Hub)",Hybrid,Full-time,3-5 years
2858605,Kotlin Full stack fejlesztő,Microsec zrt.,https://www.profession.hu/allas/kotlin-full-stack-fejleszto-microsec-zrt-budapest-2858605?sessionId=ed7061b1d89e7c95ce70868e0e3baa03,2026-03-20,2026-03-25,True,Budapest,,English: B2,Bachelor,"Kotlin, Vue.js","Ktor, Gradle, PostgreSQL, JetBrains Exposed, Git",Hybrid,Full-time,3-5 years
2858596,Java Full stack fejlesztő,Microsec zrt.,https://www.profession.hu/allas/java-full-stack-fejleszto-microsec-zrt-budapest-2858596?sessionId=ed7061b1d89e7c95ce70868e0e3baa03,2026-03-20,2026-03-25,True,Budapest,,English: B2,Bachelor,"Java, Vue.js","Spring, Springboot, Maven, JPA, Java EE, Maven, Gradle, OracleSQL, PostgreSQL, Jira, Git, Perl, Ruby",Hybrid,Full-time,3-5 years
2858457,Adatbázis fejlesztő,Medicontur Zrt.,https://www.profession.hu/allas/adatbazis-fejleszto-medicontur-zrt-zsambek-2858457?sessionId=ed7061b1d89e7c95ce70868e0e3baa03,2026-03-20,2026-03-25,True,Zsámbék,,,Bachelor,"SQL, POSTGRESQL, CLOUD, MSSQL, ADATTÁRHÁZ, SAP ERP, ABAP","Laptop, Mobiltelefon",On-site,Full-time,1-3 years
2859928,Senior virtualizációs üzemeltető,BECK AND PARTNERS Kft.,https://www.profession.hu/allas/senior-virtualizacios-uzemelteto-beck-and-partners-kft-vac-2859928?sessionId=ed7061b1d89e7c95ce70868e0e3baa03,2026-03-20,2026-03-25,True,Budapest,,English: B2,Bachelor,PowerShell,"VMWARE, ITIL, PowerCLI",Hybrid,Full-time,5+ years
2859618,Termelésirányítási és ERP Tanácsadó,DanubiSoft Kft.,https://www.profession.hu/allas/termelesiranyitasi-es-erp-tanacsado-danubisoft-kft-budapest-2859618?sessionId=ed7061b1d89e7c95ce70868e0e3baa03,2026-03-20,2026-03-25,True,Budapest,,"English: B2, German: B2",Bachelor 'B' kat. jogosítvány,,"ERP AGILIS, Laptop, Monitor (1 db), Monitor (2 db), Windows, Mobiltelefon",Hybrid,Full-time,1-3 years
2859494,Diákmunka - Business Intelligence Trainee,MŰISZ Iskolaszövetkezet,https://www.profession.hu/allas/diakmunka-business-intelligence-trainee-muisz-iskolaszovetkezet-budapest-2859494?sessionId=ed7061b1d89e7c95ce70868e0e3baa03,2026-03-20,2026-03-25,True,Budapest III. kerület,2185 Ft/óra bér,"English: B1, Magyar: Magyar nyelv (háromszoros szint)",Középiskola,"Python, R","BI DATABASES, SQL, TABLEAU, PYTHON, R, POWER BI",Hybrid,Full-time,
2858871,Diákmunka - Data Scientist – Total Vehicle Quality,MŰISZ Iskolaszövetkezet,https://www.profession.hu/allas/diakmunka-data-scientist-total-vehicle-quality-muisz-iskolaszovetkezet-debrecen-2858871?sessionId=ed7061b1d89e7c95ce70868e0e3baa03,2026-03-20,2026-03-25,True,Debrecen,,"English: B2, Hungarian: F2",Bachelor,"Python, SQL, React, C++","Analytics, Machine Learning, PySpark",,Short-term,
2858805,Diákmunka - MES fejlesztő gyakornok,MŰISZ Iskolaszövetkezet,https://www.profession.hu/allas/diakmunka-mes-fejleszto-gyakornok-muisz-iskolaszovetkezet-budapest-2858805?sessionId=ed7061b1d89e7c95ce70868e0e3baa03,2026-03-20,2026-03-25,True,Budapest,2500 Ft/óra bérkalkulátorunkkal! Bérkalkulátor,"English: B1, Hungarian: Native",Középiskola,JavaScript,Laptop,,Full-time,0-1 years
2858636,Android fejlesztő,4D Soft Kft.,https://www.profession.hu/allas/android-fejleszto-d-soft-kft-budapest-2858636?sessionId=ed7061b1d89e7c95ce70868e0e3baa03,2026-03-20,2026-03-25,True,Budapest,,English: B2,Bachelor,"Kotlin, Java, JavaScript","Git, Agile, iOS, Confluence, Jira, REST, Android, Backend, Analytics, Azure DevOps, Scrum, Kanban, Jetpack Compose",Hybrid,Full-time,3-5 years
2858510,Quality System Test Engineer,Harman Becker Kft.,https://www.profession.hu/allas/quality-system-test-engineer-harman-becker-kft-szekesfehervar-2858510?sessionId=ed7061b1d89e7c95ce70868e0e3baa03,2026-03-20,2026-03-25,True,Székesfehérvár,,English: B2,Bachelor,"C#, VBA","SCAPE, Lab View",On-site,Full-time,1-3 years
2858469,Aladdin Financial Engineering Intern - diákmunka,Mind-Diák Szövetkezet,https://www.profession.hu/allas/aladdin-financial-engineering-intern-diakmunka-mind-diak-szovetkezet-2858469?sessionId=ed7061b1d89e7c95ce70868e0e3baa03,2026-03-20,2026-03-25,True,Budapest,,English: C1,Bachelor,"Python, C++","SPARK, PYTHON, C++, WORD, OUTLOOK, Snowflake, Storm, Solr",Hybrid,Short-term,
2860250,Software Architect (all genders welcome) for cloud based solutions in the field of Water Line Integrity Solutions,Rosenxt Group,https://www.profession.hu/allas/software-architect-all-genders-welcome-for-cloud-based-solutions-in-the-field-of-water-line-integrity-solutions-rosenxt-group-2860250?sessionId=ed7061b1d89e7c95ce70868e0e3baa03,2026-03-20,2026-03-25,True,Wietmarschen-Lohne or Osnabrück,,English: B2,Bachelor,"Python, PowerShell, Bash","Azure Cloud services (compute, storage, networking, security), Azure DevOps, MLOps practices, Terraform, Ansible",Hybrid,Full-time,1-3 years
2860228,QA Architect (m/f/x),Allane SE,https://www.profession.hu/allas/qa-architect-m-f-x-allane-se-2860228?sessionId=ed7061b1d89e7c95ce70868e0e3baa03,2026-03-20,2026-03-25,True,Munich,,"English: B2, German: A1",High School with Diploma,,"ISTQB, Agile Software Testing, Scrum, Regression Testing",Hybrid,Full-time,1-3 years
2860154,Senior Cyber Security Engineer (m/f/d),Clarios Germany GmbH & Co. KG,https://www.profession.hu/allas/senior-cyber-security-engineer-m-f-d-clarios-germany-gmbh-co-kg-2860154?sessionId=ed7061b1d89e7c95ce70868e0e3baa03,2026-03-20,2026-03-22,False,Hibrid,,"English: C1, Német: B2",Bachelor,,"TARA development, Requirements management, Fuzz testing",Hybrid,Full-time,3-5 years
2860132,Working Student AI Engineer (m/f/d),ProSiebenSat.1 Careers,https://www.profession.hu/allas/working-student-ai-engineer-m-f-d-prosiebensat-careers-2860132?sessionId=ed7061b1d89e7c95ce70868e0e3baa03,2026-03-20,2026-03-25,True,Hibrid,,German: Mittel,Egyetem,"Python, SQL","Git, CRM, NETWORK, MACHINE LEARNING",Hybrid,Full-time,1-3 years
2860127,Software Architect Embedded Control Systems (f/m/x),ZEISS,https://www.profession.hu/allas/software-architect-embedded-control-systems-f-m-x-zeiss-2860127?sessionId=ed7061b1d89e7c95ce70868e0e3baa03,2026-03-20,2026-03-25,True,Németország,,"English: B2, German: B2",Bachelor,,,On-site,Full-time,1-3 years
2860064,Intern Ai & Digital Twins (f/m/x),ZEISS,https://www.profession.hu/allas/intern-ai-digital-twins-f-m-x-zeiss-2860064?sessionId=ed7061b1d89e7c95ce70868e0e3baa03,2026-03-20,2026-03-25,True,Németország,,"English: B2, German: Basic",Master,"Python, C/C++","MACHINE LEARNING, PyTorch",On-site with home office,Full-time,1-3 years
2860057,Senior Specialist in Computational Pathology Delivery Operations (m/f/d),AstraZeneca,https://www.profession.hu/allas/senior-specialist-in-computational-pathology-delivery-operations-m-f-d-astrazeneca-2860057?sessionId=ed7061b1d89e7c95ce70868e0e3baa03,2026-03-20,2026-03-25,True,"Munich, Germany",,English: B2,"Bachelor's or Master's degree in data science, bioinformatics, biomedical informatics, biomedical engineering, or a related field.",Python,"JIRA, Confluence, QuartzBio",On-site,Full-time,1-3 years
2860051,Business Solution Architect for Flexibility in Energy Retail (f/m/d),E.ON Digital Technology GmbH,https://www.profession.hu/allas/business-solution-architect-for-flexibility-in-energy-retail-f-m-d-e-on-digital-technology-gmbh-2860051?sessionId=ed7061b1d89e7c95ce70868e0e3baa03,2026-03-20,2026-03-25,True,Hibrid,,English: B2,Középiskola,"TypeScript, React Native, Python","SECURITY, REACT, PYTHON, CLOUD, AWS, AZURE, DEVOPS",Hybrid,Full-time,1-3 years
2860047,Senior Software Developer Embedded Control Systems (f/m/x) - part-time possible,ZEISS,https://www.profession.hu/allas/senior-software-developer-embedded-control-systems-f-m-x-part-time-possible-zeiss-2860047?sessionId=ed7061b1d89e7c95ce70868e0e3baa03,2026-03-20,2026-03-25,True,Németország,,"English: B2, German: B2",Középiskola,"C/C++, VHDL, Linux","Embedded control systems, Low level programming tools and methods, Agile development tools",,Full-time,1-3 years
2859985,Working Student (m/w/d) – Industrial Digital Solutions,Atotech Deutschland GmbH & Co. KG,https://www.profession.hu/allas/working-student-m-w-d-industrial-digital-solutions-atotech-deutschland-gmbh-co-kg-2859985?sessionId=ed7061b1d89e7c95ce70868e0e3baa03,2026-03-20,2026-03-25,True,Berlin,,"English: B2, German: Beginner",Bachelor,,,On-site,Full-time,1-3 years
2859982,Internship or Working Student in Realtime Physics Simulation for Soft Body Modeling (f/m/x),ZEISS,https://www.profession.hu/allas/internship-or-working-student-in-realtime-physics-simulation-for-soft-body-modeling-f-m-x-zeiss-2859982?sessionId=ed7061b1d89e7c95ce70868e0e3baa03,2026-03-20,2026-03-25,True,Németország,,English: B2,Master,"C++, Python","NETWORK, C++, PYTHON",Hybrid,Full-time,1-3 years
2859981,Principal Software Engineer (m/f/x),Cognex Germany Inc.,https://www.profession.hu/allas/principal-software-engineer-m-f-x-cognex-germany-inc-2859981?sessionId=ed7061b1d89e7c95ce70868e0e3baa03,2026-03-20,2026-03-25,True,Németország,,English: B2,Master,"C, C++, Python","Linux, TEST AUTOMATION",On-site,Full-time,5+ years
2859971,Customer Success Manager,Elektronik Printing GmbH,https://www.profession.hu/allas/customer-success-manager-elektronik-printing-gmbh-2859971?sessionId=ed7061b1d89e7c95ce70868e0e3baa03,2026-03-20,2026-03-25,True,Németország,,"German: Native, English: Fluency",Középiskola,,"CRM systems (like HubSpot), Modern workspace tools",On-site,Full-time,1-3 years
2859646,Lab IT Administrator,Solvias AG,https://www.profession.hu/allas/lab-it-administrator-solvias-ag-2859646?sessionId=ed7061b1d89e7c95ce70868e0e3baa03,2026-03-20,2026-03-25,True,Kaiseraugst,,,Középiskola,,Chromeleon,On-site,Full-time,1-3 years
2859640,Software Developer with focus on AI,Sulzer & Schmid Laboratories AG,https://www.profession.hu/allas/software-developer-with-focus-on-ai-sulzer-schmid-laboratories-ag-2859640?sessionId=ed7061b1d89e7c95ce70868e0e3baa03,2026-03-20,2026-03-25,True,Oetwil am See,,"English: B2, German: A1","Bachelor’s degree or higher in Robotics, Computer Vision, Engineering or a related technical field or equivalent practical experience","Python, Kotlin","PyTorch, Agile methodology",Hybrid,Full-time,1-3 years
2859636,Research Associate Intelligent Signal Processing for Railway IoT 80 - 100 %,ZHAW,https://www.profession.hu/allas/research-associate-intelligent-signal-processing-for-railway-iot-zhaw-2859636?sessionId=ed7061b1d89e7c95ce70868e0e3baa03,2026-03-20,2026-03-25,True,Svájc,,English: B2,Master,"Python, TensorFlow, Keras, PyTorch","Signal processing methods (Fourier, Wavelet, Hilbert transforms), Machine learning techniques, Deep learning algorithms",,Full-time,1-3 years
2859634,Internship Data Analytics,VP Bank AG,https://www.profession.hu/allas/internship-data-analytics-vp-bank-ag-2859634?sessionId=ed7061b1d89e7c95ce70868e0e3baa03,2026-03-20,2026-03-25,True,Triesen,,English: B2,Bachelor,"Python, NumPy, pandas, SQL, Tableau, Excel, Power BI","Tableau, Power BI, Excel, PostgreSQL",On-site,Short-term,
2859631,Internship Data Base Engineering,VP Bank AG,https://www.profession.hu/allas/internship-data-base-engineering-vp-bank-ag-2859631?sessionId=ed7061b1d89e7c95ce70868e0e3baa03,2026-03-20,2026-03-25,True,"Landstrasse 15, 9495 Triesen, Liechtenstein",,English: B2,"Bachelor's or Master's student in computer science, data engineering, data science, or a related quantitative field - or equivalent practical experience (e.g., apprenticeship)",,"SQL, PostgreSQL, Tableau, Excel, Power BI",On-site,Short-term,Pályakezdő/friss diplomás
2859336,"Head of Software Development, Microsoft 365 Apps",BPA Solutions SA,https://www.profession.hu/allas/head-of-software-development-microsoft-apps-bpa-solutions-sa-2859336?sessionId=ed7061b1d89e7c95ce70868e0e3baa03,2026-03-20,2026-03-25,True,Yverdon-les-Bains,,English: C1,Bachelor,"C#, .NET Core, React, SharePoint REST, CSOM, PnP","AZURE, DYNAMICS BI C, REACT, SECURITY ISO, DEVOPS, POWER BI, REST, SCRUM, AGILE",Hybrid,Full-time,1-3 years
2859308,projektmenedzser,ILS Nemzetközi Fordító Szolgálat Kft.,https://www.profession.hu/allas/projektmenedzser-ils-nemzetkozi-fordito-szolgalat-kft-2859308?sessionId=ed7061b1d89e7c95ce70868e0e3baa03,2026-03-20,2026-03-22,False,,,"English: B2, German: B2",High School with Diploma,,,Full-time,Full-time,0-1 years
2859300,SAFe Scrum Master,DruIT Szolgáltató Zrt.,https://www.profession.hu/allas/safe-scrum-master-druit-szolgaltato-zrt-2859300?sessionId=ed7061b1d89e7c95ce70868e0e3baa03,2026-03-20,2026-03-25,True,Budapest,,,Középiskola,,"DEVOPS, SCRUM, AGILIS, LEAN, AGILE",Hibrid,Teljes munkaidő,5-10 év tapasztalat
2859281,Staff Software Engineer,ARM Hungary Kft.,https://www.profession.hu/allas/staff-software-engineer-arm-hungary-kft-2859281?sessionId=ed7061b1d89e7c95ce70868e0e3baa03,2026-03-20,2026-03-25,True,Budapest,,,Középiskola,"C, C++","SECURITY, LINUX, ANDROID, VIRTUALIZATION, ASSEMBLY, DEBUGGING",Hybrid,Full-time,5+ years
2859279,Senior Business Analyst (Data Governance & Enablement),DruIT Szolgáltató Zrt.,https://www.profession.hu/allas/senior-business-analyst-data-governance-enablement-druit-szolgaltato-zrt-2859279?sessionId=ed7061b1d89e7c95ce70868e0e3baa03,2026-03-20,2026-03-20,False,Budapest,,,Középiskola,,"SQL, Power BI",Általános munkarend,Teljes munkaidő,Nem kell tapasztalat
2859263,Java Fullstack Software Engineer,SEON Technologies Kft.,https://www.profession.hu/allas/java-fullstack-software-engineer-seon-technologies-kft-budapest-2859263?sessionId=ed7061b1d89e7c95ce70868e0e3baa03,2026-03-20,2026-03-25,True,Budapest,,English: C1,Középiskola,"TypeScript, React, HTML, CSS, Java, Spring Boot, REST, RDBMS","Docker, Terraform, Kubernetes",Hybrid,Full-time,5+ years
2859243,(Senior) Cyber Detection Engineer (m/f/d) - SAP Global Security & Cloud Compliance,SAP SE,https://www.profession.hu/allas/senior-cyber-detection-engineer-m-f-d-sap-global-security-cloud-compliance-sap-se-2859243?sessionId=ed7061b1d89e7c95ce70868e0e3baa03,2026-03-20,2026-03-25,True,Németország,,English: B1,Egyetem,"Python, PowerShell","AWS, Azure, GCP, Kubernetes, EKS, AKS, GKE, SIEM",Full-time,Regular Full Time,1-3 years
2859242,Product Manager - AI Products,N26 GmbH,https://www.profession.hu/allas/product-manager-ai-products-n-gmbh-2859242?sessionId=ed7061b1d89e7c95ce70868e0e3baa03,2026-03-20,2026-03-22,False,Berlin,,English: B1,Bachelor,,"SECURITY, MACHINE LEARNING, AGILE",Home-Office,Full-time,1-3 years
2859241,(Senior) Solution Advisor (f/m/d) - Focus on Asset and Service Management (Operate & Service),SAP SE,https://www.profession.hu/allas/senior-solution-advisor-f-m-d-focus-on-asset-and-service-management-operate-service-sap-se-2859241?sessionId=ed7061b1d89e7c95ce70868e0e3baa03,2026-03-20,2026-03-25,True,,,"German: C1, English: B2",Bachelor,,"SAP Enterprise Asset Management (EAM), SAP Asset Performance Management (APM), SAP Service and Asset Manager, SAP Dynamic Forms",Hybrid,"Full-time, unbefristet",3-5 years
2859240,Solution Advisor Expert (f/m/d) - Focus on Asset and Service Management (Operate & Service),SAP SE,https://www.profession.hu/allas/solution-advisor-expert-f-m-d-focus-on-asset-and-service-management-operate-service-sap-se-2859240?sessionId=ed7061b1d89e7c95ce70868e0e3baa03,2026-03-20,2026-03-25,True,Walldorf,,"German: Full working proficiency, English: Business English",Bachelor,,"SAP Enterprise Asset Management (EAM), SAP Asset Performance Management (APM), SAP Service and Asset Manager, SAP Dynamic Forms",On-site with home office,"Full-time, unbefristet",3-5 years
2859239,PhD Position in the Field of Artificial Intelligence (m/f/d),Universitätsklinikum Bonn,https://www.profession.hu/allas/phd-position-in-the-field-of-artificial-intelligence-m-f-d-universit-tsklinikum-bonn-2859239?sessionId=ed7061b1d89e7c95ce70868e0e3baa03,2026-03-20,2026-03-25,True,Németország,,"German: C1, English: B2",Master,Python,"PyTorch, Machine Learning frameworks",On-site,Full-time,1-3 years
2859238,Development Expert (f/m/d),SAP SE,https://www.profession.hu/allas/development-expert-f-m-d-sap-se-2859238?sessionId=ed7061b1d89e7c95ce70868e0e3baa03,2026-03-20,2026-03-25,True,,,English: B2,Bachelor,"Go, Python, Rust","Kubernetes operators, Go, Modern network APIs, OpenStack, Docker, AWS, Azure, GCP",Hybrid,Full-time,1-3 years
2859237,(Senior) Developer (f/m/d) for Sovereign Cloud Onsite / ApeiroRA / EU AI Projects,SAP SE,https://www.profession.hu/allas/senior-developer-f-m-d-for-sovereign-cloud-onsite-apeirora-eu-ai-projects-sap-se-2859237?sessionId=ed7061b1d89e7c95ce70868e0e3baa03,2026-03-20,2026-03-25,True,"Munich, Dresden, St. Leon-Rot",,English: B2,Bachelor,"Go, Python","Kubernetes, AWS, Azure, Git, Security @SAP, DEBUGGING, TROUBLESHOOTING, AGILE",Hybrid,Full-time,5+ years
2859235,"(Senior) Cloud-Native Developer (f/m/d) SAP BTP Fabric, Central Cloud Services Team",SAP SE,https://www.profession.hu/allas/senior-cloud-native-developer-f-m-d-sap-btp-fabric-central-cloud-services-team-sap-se-2859235?sessionId=ed7061b1d89e7c95ce70868e0e3baa03,2026-03-20,2026-03-25,True,,,English: C2,Bachelor,"C++, Node.JS, Java","CLOUD, SAP SECURITY, DOCKER, AWS, AZURE, NETWORK, AGILE, JENKINS, DEBUGGING",Hybrid,Full-time,1-3 years
2859234,Senior DevOps Engineer (f/m/d),SAP SE,https://www.profession.hu/allas/senior-devops-engineer-f-m-d-sap-se-2859234?sessionId=ed7061b1d89e7c95ce70868e0e3baa03,2026-03-20,2026-03-25,True,"Munich, Dresden, St. Leon-Rot",,English: B2,Bachelor,"Go, Python, Bash","Kubernetes, OpenStack, Terraform, Ansible, Prometheus, Grafana, Loki",Hybrid,Full-time,5-8 years
2859233,Principal Consultant (f/m/d) Business Data Strategy & Advisory - Data Architect (f/m/d),SAP SE,https://www.profession.hu/allas/principal-consultant-f-m-d-business-data-strategy-advisory-data-architect-f-m-d-sap-se-2859233?sessionId=ed7061b1d89e7c95ce70868e0e3baa03,2026-03-20,2026-03-25,True,"Walldorf, Berlin, Eschborn, Gerlingen, Hamburg, Garchingen (near Munich), Dresden, Ratingen, Hannover",,"German: B2, English: C1",Bachelor,,"SAP Analytics Cloud, SAP Business Data Cloud, SAP Datasphere, SAP BW, SAP RISE incl. Clean Core principles and SAP BTP",Hybrid,Full-time,1-3 years
2859232,Senior Consultant Business (f/m/d) Data Strategy & Advisory - Data Architect (f/m/d),SAP SE,https://www.profession.hu/allas/senior-consultant-business-f-m-d-data-strategy-advisory-data-architect-f-m-d-sap-se-2859232?sessionId=ed7061b1d89e7c95ce70868e0e3baa03,2026-03-20,2026-03-25,True,Hamburg,,"German: B2, English: B2",Bachelor,,"SAP Analytics Cloud, SAP Data & Analytics portfolio (SAP Datasphere, SAP Analytics Cloud, SAP BW), SAP BusinessAI, SAP RISE incl. Clean Core principles and SAP BTP",Hybrid,Full-time,3-5 years
2859230,(Senior) Developer (f/m/d) - SAP on Microsoft SQL Server,SAP SE,https://www.profession.hu/allas/senior-developer-f-m-d-sap-on-microsoft-sql-server-sap-se-2859230?sessionId=ed7061b1d89e7c95ce70868e0e3baa03,2026-03-20,2026-03-25,True,St. Leon-Rot,,"English: C2, German: C2",Bachelor,"ABAP, C, C++","SAP SQL Cloud, Windows Azure, Database, ABAP, SQL Server, Windows Server",Hybrid,Full-time,1-3 years
2859229,Cloud Solution Architect (f/m/d) for Agentic AI - Focus Finance,SAP SE,https://www.profession.hu/allas/cloud-solution-architect-f-m-d-for-agentic-ai-focus-finance-sap-se-2859229?sessionId=ed7061b1d89e7c95ce70868e0e3baa03,2026-03-20,2026-03-25,True,Mannheim/Heidelberg,,"English: C2, German: C2",Bachelor,"ABAP, JAVA","SAP ABAP, SAP JAVA, SAP BTP, SAP Joule",Hybrid,Full-time,1-3 years
2859227,Senior Consultant (f/m/d) Business Data Strategy & Advisory - Data Architect (f/m/d),SAP SE,https://www.profession.hu/allas/senior-consultant-f-m-d-business-data-strategy-advisory-data-architect-f-m-d-sap-se-2859227?sessionId=ed7061b1d89e7c95ce70868e0e3baa03,2026-03-20,2026-03-25,True,Germany,,"English: B2, German: B2",Bachelor,,"SAP Analytics Cloud, SAP Data & Analytics portfolio (SAP Datasphere, SAP Analytics Cloud, SAP BW), SAP BusinessAI, SAP RISE incl. Clean Core principles and SAP BTP",Hybrid,Full-time,1-3 years
2859226,Senior Consultant (f/m/d) Business Data Strategy & Advisory - Data Architect (f/m/d),SAP SE,https://www.profession.hu/allas/senior-consultant-f-m-d-business-data-strategy-advisory-data-architect-f-m-d-sap-se-2859226?sessionId=ed7061b1d89e7c95ce70868e0e3baa03,2026-03-20,2026-03-25,True,Germany,,"English: B2, German: B2",Bachelor,,"SAP Analytics Cloud, SAP Data & Analytics Portfolio (SAP Datasphere, SAP Analytics Cloud, SAP BW), SAP BusinessAI, SAP RISE incl. Clean Core principles and SAP BTP",Hybrid,Full-time,1-3 years
2859225,Principal Consultant (f/m/d) Business Data Strategy & Advisory - Data Architect (f/m/d),SAP SE,https://www.profession.hu/allas/principal-consultant-f-m-d-business-data-strategy-advisory-data-architect-f-m-d-sap-se-2859225?sessionId=ed7061b1d89e7c95ce70868e0e3baa03,2026-03-20,2026-03-25,True,"Walldorf, Berlin, Eschborn, Gerlingen, Hamburg, Garchingen (near Munich), Dresden, Ratingen, Hannover",,"German: B2, English: C1",Bachelor,,"SAP Data & Analytics portfolio (SAP Datasphere, SAP Analytics Cloud, SAP BW), SAP Business Data Cloud, SAP RISE incl. Clean Core principles and SAP BTP, SAP S/4HANA",Hybrid,Full-time,3-5 years
2859224,Senior Consultant (f/m/d) Business Data Strategy & Advisory - Data Architect (f/m/d),SAP SE,https://www.profession.hu/allas/senior-consultant-f-m-d-business-data-strategy-advisory-data-architect-f-m-d-sap-se-2859224?sessionId=ed7061b1d89e7c95ce70868e0e3baa03,2026-03-20,2026-03-25,True,Germany,,"English: B2, German: B2",Bachelor,,"SAP Analytics Cloud, SAP Data & Analytics portfolio (SAP Datasphere, SAP Analytics Cloud, SAP BW), SAP BusinessAI, SAP RISE incl. Clean Core principles and SAP BTP",Hybrid,Full-time,1-3 years
2859223,Senior Consultant (f/m/d) Business Data Strategy & Advisory - Data Architect (f/m/d),SAP SE,https://www.profession.hu/allas/senior-consultant-f-m-d-business-data-strategy-advisory-data-architect-f-m-d-sap-se-2859223?sessionId=ed7061b1d89e7c95ce70868e0e3baa03,2026-03-20,2026-03-25,True,Germany,,"English: B2, German: B2",Bachelor,,"SAP Analytics Cloud, SAP Data & Analytics portfolio (SAP Datasphere, SAP Analytics Cloud, SAP BW), SAP BusinessAI, SAP RISE incl. Clean Core principles and SAP BTP",Hybrid,Full-time,1-3 years
2859221,(Senior) Principal Enterprise Architect (f/m/d) - MU Germany,SAP SE,https://www.profession.hu/allas/senior-principal-enterprise-architect-f-m-d-mu-germany-sap-se-2859221?sessionId=ed7061b1d89e7c95ce70868e0e3baa03,2026-03-20,2026-03-25,True,"Berlin, München-Garching, Hamburg, Ratingen, Eschborn, Gerlingen, Walldorf",,"English: B2, German: B2",Bachelor,,"SAP Enterprise Architecture Framework, LeanIX EAM, SAP Certified Professional-Enterprise Architect [P_SAPEA_2023], TOGAF",Hybrid,"Full-time, unbefristet",1-3 years
2859220,Principal Consultant (f/m/d) Business Data Strategy & Advisory - Data Architect (f/m/d),SAP SE,https://www.profession.hu/allas/principal-consultant-f-m-d-business-data-strategy-advisory-data-architect-f-m-d-sap-se-2859220?sessionId=ed7061b1d89e7c95ce70868e0e3baa03,2026-03-20,2026-03-25,True,"Walldorf, Berlin, Eschborn, Gerlingen, Hamburg, Garchingen (near Munich), Dresden, Ratingen, Hannover",,"German: B2, English: C1",Bachelor,,"SAP Analytics Cloud, SAP Business Data Cloud, SAP Datasphere, SAP BW, SAP RISE incl. Clean Core principles and SAP BTP",Hybrid,Full-time,1-3 years
2859219,(Senior) Specialist (f/m/d) Transformation Advisory Center - Digital Architect (f/m/d),SAP SE,https://www.profession.hu/allas/senior-specialist-f-m-d-transformation-advisory-center-digital-architect-f-m-d-sap-se-2859219?sessionId=ed7061b1d89e7c95ce70868e0e3baa03,2026-03-20,2026-03-25,True,Walldorf or Barcelona,,"English: B2, German: Fluency",Bachelor,,Analytical tools and techniques,Hybrid,Full-time,1-3 years
2859218,(Senior) Gardener Core Engineer (f/m/d),SAP SE,https://www.profession.hu/allas/senior-gardener-core-engineer-f-m-d-sap-se-2859218?sessionId=ed7061b1d89e7c95ce70868e0e3baa03,2026-03-20,2026-03-25,True,Németország,,English: B2,Bachelor,"Go, Kubernetes","AWS, Azure, LINUX, CLOUD API, SAP",On-site with home office,Full-time,3-5 years
2859217,Principal BTP AI Development Consultant (f/m/d),SAP SE,https://www.profession.hu/allas/principal-btp-ai-development-consultant-f-m-d-sap-se-2859217?sessionId=ed7061b1d89e7c95ce70868e0e3baa03,2026-03-20,2026-03-25,True,,,"English: C1, German: B2",Bachelor,"ABAP, Java, JavaScript","SAP CLOUD, SAP CAP, SAP RAP, Agile Project Management (PMI)",Hybrid,Full-time,1-3 years
2859216,Senior Consultant (f/m/d) Business Data Strategy & Advisory - Data Architect (f/m/d),SAP SE,https://www.profession.hu/allas/senior-consultant-f-m-d-business-data-strategy-advisory-data-architect-f-m-d-sap-se-2859216?sessionId=ed7061b1d89e7c95ce70868e0e3baa03,2026-03-20,2026-03-25,True,Germany,,"English: B2, German: B2",Bachelor,,"SAP Analytics Cloud, SAP Data & Analytics Portfolio (SAP Datasphere, SAP Analytics Cloud, SAP BW), SAP BusinessAI, SAP RISE incl. Clean Core principles and SAP BTP",Hybrid,Full-time,1-3 years
2859215,Principal Consultant (f/m/d) Business Data Strategy & Advisory - Data Architect (f/m/d),SAP SE,https://www.profession.hu/allas/principal-consultant-f-m-d-business-data-strategy-advisory-data-architect-f-m-d-sap-se-2859215?sessionId=ed7061b1d89e7c95ce70868e0e3baa03,2026-03-20,2026-03-25,True,"Walldorf, Berlin, Eschborn, Gerlingen, Hamburg, Garchingen (near Munich), Dresden, Ratingen, Hannover",,"German: B2, English: C1",Bachelor,,"SAP Analytics Cloud, SAP Business Data Cloud, SAP Datasphere, SAP BW, SAP RISE incl. Clean Core principles and SAP BTP",Hybrid,Full-time,1-3 years
2859214,Architecture Advisor Expert (f/m/d) Discrete Manufacturing,SAP SE,https://www.profession.hu/allas/architecture-advisor-expert-f-m-d-discrete-manufacturing-sap-se-2859214?sessionId=ed7061b1d89e7c95ce70868e0e3baa03,2026-03-20,2026-03-25,True,Németország,,"English: C2, German: C2","Bachelor's degree (or equivalent) required, MBA or equivalent degree preferred from accredited university",,"Togaf, SAPIEA-10 certifications",Full-time,"Full-time, unbefristet",5+ years
2859212,(Senior) Developer (f/m/d) for Gardener Dashboard,SAP SE,https://www.profession.hu/allas/senior-developer-f-m-d-for-gardener-dashboard-sap-se-2859212?sessionId=ed7061b1d89e7c95ce70868e0e3baa03,2026-03-20,2026-03-25,True,Németország,,English: B1,Főiskola,"Go, JavaScript, Vue.js","Kubernetes, Cloud",On-site with home office,Full-time,1-3 years
2859211,Principal Consultant (f/m/d) Business Data Strategy & Advisory - Data Architect (f/m/d),SAP SE,https://www.profession.hu/allas/principal-consultant-f-m-d-business-data-strategy-advisory-data-architect-f-m-d-sap-se-2859211?sessionId=ed7061b1d89e7c95ce70868e0e3baa03,2026-03-20,2026-03-25,True,"Walldorf, Berlin, Eschborn, Gerlingen, Hamburg, Garchingen (near Munich), Dresden, Ratingen, Hannover",,"German: B2, English: C1",Bachelor,,"SAP Analytics Cloud, SAP Business Data Cloud, SAP Datasphere, SAP BW, SAP RISE incl. Clean Core principles and SAP BTP",Hybrid,Full-time,1-3 years
2859210,Customer Success Partner Expert/Chief Expert- Integrated Toolchain (f/m/d),SAP SE,https://www.profession.hu/allas/customer-success-partner-expert-chief-expert-integrated-toolchain-f-m-d-sap-se-2859210?sessionId=ed7061b1d89e7c95ce70868e0e3baa03,2026-03-20,2026-03-25,True,Németország,,English: B2,Középiskola,,"SAP C, SAP CLOUD @SAP, SAP Signavio, SAP LeanIX, SAP Cloud ALM, Tricentis, Syniti",On-site,Full-time,5+ years
2859209,Senior Consultant (f/m/d) Business Data Strategy & Advisory - Data Architect (f/m/d),SAP SE,https://www.profession.hu/allas/senior-consultant-f-m-d-business-data-strategy-advisory-data-architect-f-m-d-sap-se-2859209?sessionId=ed7061b1d89e7c95ce70868e0e3baa03,2026-03-20,2026-03-25,True,Germany,,"English: B2, German: B2",Bachelor,,"SAP Analytics Cloud, SAP Data & Analytics portfolio (SAP Datasphere, SAP Analytics Cloud, SAP BW), SAP BusinessAI, SAP RISE incl. Clean Core principles and SAP BTP",Hybrid,Full-time,1-3 years
2859208,Senior BTP AI Development Consultant (f/m/d),SAP SE,https://www.profession.hu/allas/senior-btp-ai-development-consultant-f-m-d-sap-se-2859208?sessionId=ed7061b1d89e7c95ce70868e0e3baa03,2026-03-20,2026-03-25,True,Garching or Walldorf,,"English: C2, German: B2",Bachelor,"ABAP, Java, JavaScript, HTML5, React","SAP ABAP Cloud, SAP BTP, SAP CAP, SAP RAP, VS-Code, ADT, BAS",Hybrid,Full-time,1-3 years
2859205,Senior BTP AI Development Consultant (f/m/d),SAP SE,https://www.profession.hu/allas/senior-btp-ai-development-consultant-f-m-d-sap-se-2859205?sessionId=ed7061b1d89e7c95ce70868e0e3baa03,2026-03-20,2026-03-25,True,Garching or Walldorf,,"English: C2, German: B2",Bachelor,"ABAP, Java, JavaScript, HTML5, React","SAP ABAP Cloud, SAP BTP, SAP CAP, SAP RAP, VS-Code",Hybrid,Full-time,1-3 years
2859204,Principal BTP AI Development Consultant (f/m/d),SAP SE,https://www.profession.hu/allas/principal-btp-ai-development-consultant-f-m-d-sap-se-2859204?sessionId=ed7061b1d89e7c95ce70868e0e3baa03,2026-03-20,2026-03-25,True,,,"English: C1, German: B2",Bachelor,"ABAP, Java, JavaScript","SAP CLOUD, SAP CAP, SAP RAP, Agile Project Management (PMI)",Hybrid,Full-time,1-3 years
2859202,Chief Expert Enterprise Architect (f/m/d) - MU Germany,SAP SE,https://www.profession.hu/allas/chief-expert-enterprise-architect-f-m-d-mu-germany-sap-se-2859202?sessionId=ed7061b1d89e7c95ce70868e0e3baa03,2026-03-20,2026-03-25,True,,,"English: B2, German: B2",Bachelor,,,Hybrid,"Full-time, unbefristet",1-3 years
2859201,Senior/Expert Gardener Networking Engineer (f/m/d),SAP SE,https://www.profession.hu/allas/senior-expert-gardener-networking-engineer-f-m-d-sap-se-2859201?sessionId=ed7061b1d89e7c95ce70868e0e3baa03,2026-03-20,2026-03-25,True,Németország,,English: B2,Bachelor,Go,"Calico, Cilium, Istio, eBPF",On-site,"Full-time, unbefristet",5+ years
2859200,Principal Consultant (f/m/d) Business Data Strategy & Advisory - Data Architect (f/m/d),SAP SE,https://www.profession.hu/allas/principal-consultant-f-m-d-business-data-strategy-advisory-data-architect-f-m-d-sap-se-2859200?sessionId=ed7061b1d89e7c95ce70868e0e3baa03,2026-03-20,2026-03-25,True,"Walldorf, Berlin, Eschborn, Gerlingen, Hamburg, Garchingen (near Munich), Dresden, Ratingen, Hannover",,"German: B2, English: C1",Bachelor,,"SAP Data & Analytics portfolio (SAP Datasphere, SAP Analytics Cloud, SAP BW), SAP Business Data Cloud, SAP RISE incl. Clean Core principles and SAP BTP, SAP S/4HANA",Hybrid,Full-time,3-5 years
2859198,AI Data Lead - SAP-RPT Model Family (f/m/d),SAP SE,https://www.profession.hu/allas/ai-data-lead-sap-rpt-model-family-f-m-d-sap-se-2859198?sessionId=ed7061b1d89e7c95ce70868e0e3baa03,2026-03-20,2026-03-25,True,Germany,,English: B2,PhD,"Python, SQL","SAP ACCESS DATABASES, ACCESS DATABASES, DATABASES, SQL, CLOUD, PYTHON, MACHINE LEARNING, EXCEL",Hybrid,Full-time,5+ years
2859197,"Senior Business Process Consultant (f/m/d) for Business Data Cloud, Data & Analytics",SAP SE,https://www.profession.hu/allas/senior-business-process-consultant-f-m-d-for-business-data-cloud-data-analytics-sap-se-2859197?sessionId=ed7061b1d89e7c95ce70868e0e3baa03,2026-03-20,2026-03-25,True,Germany,,"English: B2, German: B2",Bachelor,"SAP Data Service, SAP Data Intelligence","SAP Business Warehouse (BW), SAP Analytics Cloud (SAC), SAP Datasphere (DSP), SAP Business Data Cloud (BDC), SAP Business Technology Platform (BTP)",On-site,Full-time,3-5 years
2859196,Senior Cloud Architect & Advisor (f/m/d) for RISE with SAP and BDC in MEE,SAP SE,https://www.profession.hu/allas/senior-cloud-architect-advisor-f-m-d-for-rise-with-sap-and-bdc-in-mee-sap-se-2859196?sessionId=ed7061b1d89e7c95ce70868e0e3baa03,2026-03-20,2026-03-25,True,Hamburg,,"English: B2, German: C1",Bachelor,,"SAP, AWS, Azure, Virtualization, Hardware",Hybrid,Full-time,3-5 years
2859194,Senior Consultant (f/m/d) Sales & Service Cloud,SAP SE,https://www.profession.hu/allas/senior-consultant-f-m-d-sales-service-cloud-sap-se-2859194?sessionId=ed7061b1d89e7c95ce70868e0e3baa03,2026-03-20,2026-03-25,True,Németország,,"English: B2, German: Advantageous",Középiskola,"Python, ABAP, JavaScript","SAP CPQ, SAP Field Service Management, Solution Order Management in SAP S/4HANA, SAP Sales and Service Cloud solutions",On-site,"Full-time, unbefristet",1-3 years
2859192,Expert Sovereign Cloud Architect & Advisor (f/m/d),SAP SE,https://www.profession.hu/allas/expert-sovereign-cloud-architect-advisor-f-m-d-sap-se-2859192?sessionId=ed7061b1d89e7c95ce70868e0e3baa03,2026-03-20,2026-03-23,False,Germany,,English: B2,High School with Diploma,,"CLOUD AWS, AZURE, SAP SECURITY, VIRTUALIZATION, NETWORK",Hybrid,Full-time,1-3 years
2859191,Principal Researcher (f/m/d) - Foundation and World Models on Structured Business Data,SAP SE,https://www.profession.hu/allas/principal-researcher-f-m-d-foundation-and-world-models-on-structured-business-data-sap-se-2859191?sessionId=ed7061b1d89e7c95ce70868e0e3baa03,2026-03-20,2026-03-25,True,Germany,,English: B2,PhD,Python,"SAP, ERP, ML frameworks such as PyTorch, TensorFlow",Hybrid,"Full-time, unbefristet",5+ years
2859189,Lead Research Engineer (f/m/d): Foundation and World Models on Structured Data,SAP SE,https://www.profession.hu/allas/lead-research-engineer-f-m-d-foundation-and-world-models-on-structured-data-sap-se-2859189?sessionId=ed7061b1d89e7c95ce70868e0e3baa03,2026-03-20,2026-03-25,True,Germany,,English: B2,PhD or Master's degree,Python,"ACCESS, SAP, MACHINE LEARNING",Hybrid,Full-time,5+ years
2859188,Senior Consultant Business (f/m/d) Data Strategy & Advisory - Data Architect,SAP SE,https://www.profession.hu/allas/senior-consultant-business-f-m-d-data-strategy-advisory-data-architect-sap-se-2859188?sessionId=ed7061b1d89e7c95ce70868e0e3baa03,2026-03-20,2026-03-25,True,Hamburg,,"German: B2, English: B2",Bachelor,,"SAP Analytics Cloud, SAP Data & Analytics Portfolio (SAP Datasphere, SAP BW), SAP Business Data Cloud, SAP RISE incl. Clean Core principles and SAP BTP",Hybrid,"Full-time, unbefristet",1-3 years
2859186,Working Student (m/f/d) - Engineering Management for Adobe Cloud Platform,Adobe Systems Europe Limited,https://www.profession.hu/allas/working-student-m-f-d-engineering-management-for-adobe-cloud-platform-adobe-systems-europe-limited-2859186?sessionId=ed7061b1d89e7c95ce70868e0e3baa03,2026-03-20,2026-03-25,True,Németország,,English: B2,Egyetem,,"Cursor, Claude Code, MCP",On-site,Full-time,1-3 years
2859184,Research Data Engineer (m/f/x),Ruhr-Universität Bochum,https://www.profession.hu/allas/research-data-engineer-m-f-x-ruhr-universit-t-bochum-2859184?sessionId=ed7061b1d89e7c95ce70868e0e3baa03,2026-03-20,2026-03-25,True,Bochum,,"English: B2, German: B1",Master,Python,"XML, TEI, Databases (eXist-db, TEI Publisher), IIIF image resources",Part-time,Full-time,1-3 years
2859178,Principal Consultant (f/m/d) Business Data Strategy & Advisory - Data Architect (f/m/d),SAP SE,https://www.profession.hu/allas/principal-consultant-f-m-d-business-data-strategy-advisory-data-architect-f-m-d-sap-se-2859178?sessionId=ed7061b1d89e7c95ce70868e0e3baa03,2026-03-20,2026-03-25,True,Németország,,"English: B2, German: Intermediate",Bachelor,,"SAP ANALYTICS CLOUD, AWS, AZURE, Apache",On-site with home office,Full-time,3-5 years
2859173,Researcher (m/f/x) – AI-Enhanced Streaming Data Systems,Ruhr-Universität Bochum,https://www.profession.hu/allas/researcher-m-f-x-ai-enhanced-streaming-data-systems-ruhr-universit-t-bochum-2859173?sessionId=ed7061b1d89e7c95ce70868e0e3baa03,2026-03-20,2026-03-25,True,Bochum,,"English: B2, German: B1",Master,Python,"DATABASE, PYTHON, LINUX, .HTML, MACHINE LEARNING, DATA MANAGEMENT",Hybrid,Full-time,1-3 years
2859170,Senior SAP Consultant FI/CO (f/m/div.),Bosch Gruppe,https://www.profession.hu/allas/senior-sap-consultant-fi-co-f-m-div-bosch-gruppe-2859170?sessionId=ed7061b1d89e7c95ce70868e0e3baa03,2026-03-20,2026-03-25,True,Wetzlar,,"German: B2, English: B2",Bachelor,,"SAP R3, S4/HANA",Hybrid,Full-time,1-3 years
2859169,Research associate (m/f/x),Ruhr-Universität Bochum,https://www.profession.hu/allas/research-associate-m-f-x-ruhr-universit-t-bochum-2859169?sessionId=ed7061b1d89e7c95ce70868e0e3baa03,2026-03-20,2026-03-23,False,Bochum,,English: B2,"PhD, Master's",Python,,Hybrid,Full-time,1-3 years
2859168,"full-time PhD position ( m,f,x) for 3 years with 39,83 hours per week",Ruhr-Universität Bochum,https://www.profession.hu/allas/full-time-phd-position-m-f-x-for-years-with-hours-per-week-ruhr-universit-t-bochum-2859168?sessionId=ed7061b1d89e7c95ce70868e0e3baa03,2026-03-20,2026-03-23,False,Bochum,,English: B2,Master,,.HTML,Hybrid,Full-time,1-3 years
2859167,"Postdoctoral Researcher (m,f,x) in Machine Learning Potentials, Theoretical Chemistry II, Research Alliance Ruhr",Ruhr-Universität Bochum,https://www.profession.hu/allas/postdoctoral-researcher-m-f-x-in-machine-learning-potentials-theoretical-chemistry-ii-research-alliance-ruhr-ruhr-universit-t-bochum-2859167?sessionId=ed7061b1d89e7c95ce70868e0e3baa03,2026-03-20,2026-03-25,True,Bochum,,"English: B2, German: A1",PhD,"Python, Fortran",,On-site,Full-time,1-3 years
2859165,Researcher (m/f/x) on Autonomous Cloud-Edge Continuum Orchestration,Ruhr-Universität Bochum,https://www.profession.hu/allas/researcher-m-f-x-on-autonomous-cloud-edge-continuum-orchestration-ruhr-universit-t-bochum-2859165?sessionId=ed7061b1d89e7c95ce70868e0e3baa03,2026-03-20,2026-03-23,False,Bochum,,English: B2,Master,"Python, C/C++, Java","Kubernetes, ClusterAPI, ns-3, OMNeT++, FPGA, embedded systems",Hybrid,Full-time,1-3 years
2859162,Senior SAP Consultant CO (f/m/div.),Bosch Gruppe,https://www.profession.hu/allas/senior-sap-consultant-co-f-m-div-bosch-gruppe-2859162?sessionId=ed7061b1d89e7c95ce70868e0e3baa03,2026-03-20,2026-03-25,True,Wetzlar,,"German: B2, English: B2",Bachelor,,"SAP ERP, PROJECT MANAGEMENT, AGILE",Hybrid,Full-time,1-3 years
2859157,Researcher (m/f/x) in Distributed Intelligence and Learning Across the Cloud-Edge Continuum,Ruhr-Universität Bochum,https://www.profession.hu/allas/researcher-m-f-x-in-distributed-intelligence-and-learning-across-the-cloud-edge-continuum-ruhr-universit-t-bochum-2859157?sessionId=ed7061b1d89e7c95ce70868e0e3baa03,2026-03-20,2026-03-23,False,Bochum,,"English: B2, German: B2",Master,"Python, C/C++, Java","PyTorch, JAX, ns-3, OMNeT++, FPGA, embedded systems",Hybrid,Full-time,1-3 years
2859149,Working Student (m/f/d) - Software Engineering for Adobe Cloud Platform,Adobe Systems Europe Limited,https://www.profession.hu/allas/working-student-m-f-d-software-engineering-for-adobe-cloud-platform-adobe-systems-europe-limited-2859149?sessionId=ed7061b1d89e7c95ce70868e0e3baa03,2026-03-20,2026-03-25,True,Németország,,"English: B1, German: B1",Bachelor,"Java, Spring Framework","AWS, REST API, Microservices architecture, Git, CI/CD",On-site with home office,Full-time,1-3 years
2859146,"Researcher (75%, m/f/x) - Computational Linguistics",Ruhr-Universität Bochum,https://www.profession.hu/allas/researcher-m-f-x-computational-linguistics-ruhr-universit-t-bochum-2859146?sessionId=ed7061b1d89e7c95ce70868e0e3baa03,2026-03-20,2026-03-25,True,Bochum,,"English: B2, German: B1",Master,"Python, .HTML","Machine Learning, LLMs",Part-time,Short-term,1-3 years
2859141,Principal Consultant (f/m/d) Business Data Strategy & Advisory - Data Architect (f/m/d),SAP SE,https://www.profession.hu/allas/principal-consultant-f-m-d-business-data-strategy-advisory-data-architect-f-m-d-sap-se-2859141?sessionId=ed7061b1d89e7c95ce70868e0e3baa03,2026-03-20,2026-03-25,True,Németország,,"English: B2, German: Intermediate",Bachelor,,"SAP ANALYTICS CLOUD, AWS, AZURE, Apache",On-site with home office,Full-time,3-5 years
2859138,Data Architect Global Program Lead (f/m/d),SAP SE,https://www.profession.hu/allas/data-architect-global-program-lead-f-m-d-sap-se-2859138?sessionId=ed7061b1d89e7c95ce70868e0e3baa03,2026-03-20,2026-03-25,True,Németország,,"English: B2, German: Native",Bachelor,,SAP,On-site,Full-time,3-5 years
2859137,"PhD researcher on German legal question answering (m,f,x)",Ruhr-Universität Bochum,https://www.profession.hu/allas/phd-researcher-on-german-legal-question-answering-m-f-x-ruhr-universit-t-bochum-2859137?sessionId=ed7061b1d89e7c95ce70868e0e3baa03,2026-03-20,2026-03-25,True,Bochum,,"German: C1, English: B2",Master,.HTML,,Hybrid,Full-time,1-3 years
2859134,Research assistant (WHB) (m/f/x) with a Bachelor's degree,Ruhr-Universität Bochum,https://www.profession.hu/allas/research-assistant-whb-m-f-x-with-a-bachelor-s-degree-ruhr-universit-t-bochum-2859134?sessionId=ed7061b1d89e7c95ce70868e0e3baa03,2026-03-20,2026-03-22,False,Bochum,,English: B2,Bachelor,"MATLAB, Python",,Part-time,Short-term,1-3 years
2859129,"PhD (m/f/x) for 3 years with 39,83 hours per week, TV-L E13",Ruhr-Universität Bochum,https://www.profession.hu/allas/phd-m-f-x-for-years-with-hours-per-week-tv-l-e-ruhr-universit-t-bochum-2859129?sessionId=ed7061b1d89e7c95ce70868e0e3baa03,2026-03-20,2026-03-25,True,Bochum,,English: B2,Master,Python,"Ansys Fluent, OpenFOAM",On-site,Full-time,1-3 years
2859124,Principal Consultant (f/m/d) Business Data Strategy & Advisory - Data Architect (f/m/d),SAP SE,https://www.profession.hu/allas/principal-consultant-f-m-d-business-data-strategy-advisory-data-architect-f-m-d-sap-se-2859124?sessionId=ed7061b1d89e7c95ce70868e0e3baa03,2026-03-20,2026-03-25,True,Németország,,"English: B2, German: Intermediate",Bachelor,,"SAP ANALYTICS CLOUD, AWS, AZURE, Apache",On-site,Full-time,1-3 years
2859086,C++ Software Developer (f/m/d) for Speech Recognition and Understanding Systems,EML Speech Technology GmbH,https://www.profession.hu/allas/c-software-developer-f-m-d-for-speech-recognition-and-understanding-systems-eml-speech-technology-gmbh-2859086?sessionId=ed7061b1d89e7c95ce70868e0e3baa03,2026-03-20,2026-03-25,True,Németország,,English: B2,Főiskola,C++,"GIT, MAVEN, JENKINS",On-site with home office,Full-time,1-3 years
2859082,Solution Architect (m/f/d) – Logistics,Techtronic Industries ELC GmbH,https://www.profession.hu/allas/solution-architect-m-f-d-logistics-techtronic-industries-elc-gmbh-2859082?sessionId=ed7061b1d89e7c95ce70868e0e3baa03,2026-03-20,2026-03-25,True,Winnenden (Stuttgart Area),,English: B1,,,"SAP, Security, API, Network, Cloud, Databases, ERP, REST, Project Management PMP",On-site,Full-time,1-3 years
2858659,"Senior Project Manager Digital Platforms, 80-100%",AO Foundation,https://www.profession.hu/allas/senior-project-manager-digital-platforms-ao-foundation-2858659?sessionId=ed7061b1d89e7c95ce70868e0e3baa03,2026-03-20,2026-03-25,True,Svájc,,"English: B2, German: A1",Középiskola,,"Totara LMS, Kaltura, Area9, Bynder, Sitecore, Salesforce E&A",Modern infrastructure High degree of flexibility regarding working hours and location (depending on operational requirements),Teljes munkaidő,5-8 years
2858649,SAP ABAP / Fiori Developer,United Machining,https://www.profession.hu/allas/sap-abap-fiori-developer-united-machining-2858649?sessionId=ed7061b1d89e7c95ce70868e0e3baa03,2026-03-20,2026-03-25,True,Meyrin,,,Bachelor,"ABAP, SAP Fiori/UI5, JavaScript","SAP ABAP, SAP Fiori, SAPUI5, SAP Gateway, SE80/SE11, ALV, Forms (SmartForms/Adobe), CDS Views, REST APIs, Web IDE/BAS",On-site,Full-time,5+ years
2858648,Senior SAP BTP & Cloud Integration Developer  100%,Franke Group,https://www.profession.hu/allas/senior-sap-btp-cloud-integration-developer-franke-group-2858648?sessionId=ed7061b1d89e7c95ce70868e0e3baa03,2026-03-20,2026-03-25,True,Aarburg,,"English: B2, German: A1",Bachelor,"JavaScript/TypeScript, ABAP, SQL, React","SAP CLOUD ABAP, AZURE ANALYTICS, TESTING API SPARK GIT DOCKER SAPUI5 SAP RAP REST AGILE",On-site,Full-time,3-5 years
2858388,Programozó,DREAM4SYS Kft.,https://www.profession.hu/allas/programozo-dream-sys-kft-2858388?sessionId=ed7061b1d89e7c95ce70868e0e3baa03,2026-03-20,2026-03-25,True,,,English: B2,Secondary education,"PHP, JavaScript, SQL, HTML, CSS, Git, Vue.js, jQuery","MySQL, Laravel, PHPUnit, Jira, Confluence, Jenkins, Clean Code",Full-time,Full-time,0-1 years
2858384,SAFe Product Manager,DruIT Szolgáltató Zrt.,https://www.profession.hu/allas/safe-product-manager-druit-szolgaltato-zrt-2858384?sessionId=ed7061b1d89e7c95ce70868e0e3baa03,2026-03-20,2026-03-25,True,Budapest,,English: B2,Bachelor,,"API, AGILE AGILIS",Hybrid,Full-time,5+ years
2858380,Machine Learning Engineering Manager - Identity Verification,SEON Technologies Kft.,https://www.profession.hu/allas/machine-learning-engineering-manager-identity-verification-seon-technologies-kft-2858380?sessionId=ed7061b1d89e7c95ce70868e0e3baa03,2026-03-20,2026-03-25,True,Budapest,,English: B2,Középiskola,,"DOCKER, BACKEND, SECURITY, CLOUD, AWS, MACHINE LEARNING, FRONTEND, AGILE",Hybrid,Full-time,3-5 years
2858378,Senior Business Analyst,DruIT Szolgáltató Zrt.,https://www.profession.hu/allas/senior-business-analyst-druit-szolgaltato-zrt-2858378?sessionId=ed7061b1d89e7c95ce70868e0e3baa03,2026-03-20,2026-03-25,True,Budapest,,,Középiskola,,,Hibrid,Teljes munkaidő,5+ év tapasztalat
2858376,Test Manager,DruIT Szolgáltató Zrt.,https://www.profession.hu/allas/test-manager-druit-szolgaltato-zrt-2858376?sessionId=ed7061b1d89e7c95ce70868e0e3baa03,2026-03-20,2026-03-23,False,Budapest,,English: B2,Bachelor,"Python, Robot Framework","ISTQB, Git, JIRA, Agilis",Hybrid,Full-time,3-5 years
2858373,Senior Test Automation Engineer – Mobile & Frontend: POS Customer Alkalmazások,DruIT Szolgáltató Zrt.,https://www.profession.hu/allas/senior-test-automation-engineer-mobile-frontend-pos-customer-alkalmazasok-druit-szolgaltato-zrt-2858373?sessionId=ed7061b1d89e7c95ce70868e0e3baa03,2026-03-20,2026-03-20,False,Budapest,,English: B1,High School with Diploma,,"JIRA, TEST AUTOMATION, ANDROID, CONFLUENCE, FRONTEND, REACT, WebdriverIO, Appium, BrowserStack",Hybrid,Full-time,5+ years
2858371,SAP FICO Consultant,NTT Magyarország Kft.,https://www.profession.hu/allas/sap-fico-consultant-ntt-magyarorszag-kft-2858371?sessionId=ed7061b1d89e7c95ce70868e0e3baa03,2026-03-20,2026-03-25,True,Budapest,,English: B2,Bachelor,"ABAP, SAP ABAP","SAP FI-CO S/4 HANA, Project Management, Testing, ACCESS, DEBUGGING",Hybrid,Full-time,5-10 years
2858370,IT Business Analyst,GITMAX IT Services Zrt.,https://www.profession.hu/allas/it-business-analyst-gitmax-it-services-zrt-2858370?sessionId=ed7061b1d89e7c95ce70868e0e3baa03,2026-03-20,2026-03-25,True,,,"English: B2, Russian: B2, Ukrainian: B2",High School with Diploma,,"UML, AGILE TESTING, SCRUM, BPMN",Full-time,Full-time,3-5 years
2858368,Java Fullstack Software Engineer,SEON Technologies Kft.,https://www.profession.hu/allas/java-fullstack-software-engineer-seon-technologies-kft-budapest-2858368?sessionId=ed7061b1d89e7c95ce70868e0e3baa03,2026-03-20,2026-03-25,True,Budapest,,English: C1,Középiskola,"TypeScript, React, HTML, CSS, Java, Spring Boot, REST, RDBMS","Docker, Kubernetes",Hybrid,Full-time,3-5 years
2858361,Senior Product Manager,SEON Technologies Kft.,https://www.profession.hu/allas/senior-product-manager-seon-technologies-kft-2858361?sessionId=ed7061b1d89e7c95ce70868e0e3baa03,2026-03-20,2026-03-25,True,Budapest,,English: B2,Középiskola,,"ACCESS, SCRUM, AGILE, REST, ANALYTICS, TESTING, API, POSTMAN, DEBUGGING, JIRA",Hybrid,Full-time,5+ years
2858359,Senior QA Manager,SEON Technologies Kft.,https://www.profession.hu/allas/senior-qa-manager-seon-technologies-kft-2858359?sessionId=ed7061b1d89e7c95ce70868e0e3baa03,2026-03-20,2026-03-25,True,Budapest,,,Középiskola,"TypeScript, Python, Java","Playwright, Jest, JUnit, pytest, Selenium, Git, Databases",Hybrid,Full-time,3-5 years
2858357,Data Researcher (Client Relationships & Service),GITMAX IT Services Zrt.,https://www.profession.hu/allas/data-researcher-client-relationships-service-gitmax-it-services-zrt-2858357?sessionId=ed7061b1d89e7c95ce70868e0e3baa03,2026-03-20,2026-03-20,False,,,,High School with Diploma,Python,"ACCESS, SQL, TESTING, ANALYTICS",Full-time,Full-time,3-5 years
2858354,Senior Devops Engineer / Platform Reliability Engineer,DruIT Szolgáltató Zrt.,https://www.profession.hu/allas/senior-devops-engineer-platform-reliability-engineer-druit-szolgaltato-zrt-2858354?sessionId=ed7061b1d89e7c95ce70868e0e3baa03,2026-03-20,2026-03-25,True,Budapest,,"English: B1, Hungarian: B1",Secondary education with diploma,,"Terraform, Helm, Git, AWS, Docker, Kubernetes, Prometheus, CloudWatch, Aurora PG, MSK, OpenSearch",Hybrid,Full-time,3-5 years
2858353,"Senior Manager, Platform Engineering",SEON Technologies Kft.,https://www.profession.hu/allas/senior-manager-platform-engineering-seon-technologies-kft-2858353?sessionId=ed7061b1d89e7c95ce70868e0e3baa03,2026-03-20,2026-03-25,True,,,,Bachelor,,"Jenkins, Terraform",Hybrid,Full-time,3-5 years
2858351,Open Banking / Fintech Strategy Expert,GITMAX IT Services Zrt.,https://www.profession.hu/allas/open-banking-fintech-strategy-expert-gitmax-it-services-zrt-2858351?sessionId=ed7061b1d89e7c95ce70868e0e3baa03,2026-03-20,2026-03-25,True,,,,Középiskola,,,On-site,Full-time,5+ years
2858350,Engineering Manager - Identity Verification Full Stack Team,SEON Technologies Kft.,https://www.profession.hu/allas/engineering-manager-identity-verification-full-stack-team-seon-technologies-kft-2858350?sessionId=ed7061b1d89e7c95ce70868e0e3baa03,2026-03-20,2026-03-25,True,Budapest,,English: B2,Bachelor,"JavaScript, TypeScript, React, Node.js, HTML5, CSS3","AWS, Agile, Security, NestJS, Docker, Kubernetes, Terraform, API",Hybrid,Full-time,3-5 years
2858347,Product Manager,GITMAX IT Services Zrt.,https://www.profession.hu/allas/product-manager-gitmax-it-services-zrt-2858347?sessionId=ed7061b1d89e7c95ce70868e0e3baa03,2026-03-20,2026-03-25,True,,,"English: B2, Russian: B2",High School with Diploma,,"AGILE, SCRUM, ACCESS, KANBAN",On-site,Full-time,3-5 years
2858343,Senior Product Designer,GITMAX IT Services Zrt.,https://www.profession.hu/allas/senior-product-designer-gitmax-it-services-zrt-2858343?sessionId=ed7061b1d89e7c95ce70868e0e3baa03,2026-03-20,2026-03-25,True,,,"English: B2, Russian: C1 (spoken)",Bachelor,,Figma,Remote,Full-time,3-5 years
2858337,QA Engineer (Manual + Automation | Desktop + Backend Integration),GITMAX IT Services Zrt.,https://www.profession.hu/allas/qa-engineer-manual-automation-desktop-backend-integration-gitmax-it-services-zrt-2858337?sessionId=ed7061b1d89e7c95ce70868e0e3baa03,2026-03-20,2026-03-25,True,,,English: B2,High School with Diploma,"JavaScript, SQL","JIRA, Confluence, CI, Windows, PostgreSQL, MySQL, Zephyr",Remote,Full-time,3-5 years
2858330,Senior Site Reliability Engineer,SEON Technologies Kft.,https://www.profession.hu/allas/senior-site-reliability-engineer-seon-technologies-kft-2858330?sessionId=ed7061b1d89e7c95ce70868e0e3baa03,2026-03-20,2026-03-25,True,,,,Középiskola,,"Prometheus, Grafana, ELK stack, PagerDuty, Opsgenie, Github Actions, ArgoCD",Remote,Full-time,5+ years
2858329,Senior IT Integrációs szakértő - szervező,DruIT Szolgáltató Zrt.,https://www.profession.hu/allas/senior-it-integracios-szakerto-szervezo-druit-szolgaltato-zrt-2858329?sessionId=ed7061b1d89e7c95ce70868e0e3baa03,2026-03-20,2026-03-25,True,Budapest,,English: B1,Secondary education,,"LINUX, AIX, WINDOWS, SQL, DOCKER, GIT, DEVOPS, API, SVN, JIRA, HP CONFLUENCE, JENKINS, REST",Hybrid,Full-time,
2858328,Java Developer,GITMAX IT Services Zrt.,https://www.profession.hu/allas/java-developer-gitmax-it-services-zrt-2858328?sessionId=ed7061b1d89e7c95ce70868e0e3baa03,2026-03-20,2026-03-25,True,,,English: B2,High School with Diploma,"Java, SQL","Spring Framework, Spring Boot, Git, Docker, Agile, Scrum, DevOps, Kanban, Debugging",Full-time,Full-time,3-5 years
2858325,Senior Platform Engineer,SEON Technologies Kft.,https://www.profession.hu/allas/senior-platform-engineer-seon-technologies-kft-budapest-2858325?sessionId=ed7061b1d89e7c95ce70868e0e3baa03,2026-03-20,2026-03-23,False,Budapest,,English: B2,Bachelor,"Go, Python","GitHub Actions, ArgoCD, Terraform, Open Policy Agent (OPA), Prometheus, Grafana",Hybrid,Full-time,5+ years
2858323,SAP Functional Consultant,NTT Magyarország Kft.,https://www.profession.hu/allas/sap-functional-consultant-ntt-magyarorszag-kft-2858323?sessionId=ed7061b1d89e7c95ce70868e0e3baa03,2026-03-20,2026-03-23,False,Budapest,,"English: B2, Hungarian: C1",Bachelor,ABAP,"SAP S/4 HANA, Project Management, Testing, ACCESS, DEBUGGING",Hybrid,Full-time,3-5 years
2858320,Product Owner,DruIT Szolgáltató Zrt.,https://www.profession.hu/allas/product-owner-druit-szolgaltato-zrt-2858320?sessionId=ed7061b1d89e7c95ce70868e0e3baa03,2026-03-20,2026-03-25,True,Budapest,,English: B1,High School with Diploma,,"Agile, Scrum, API, Kanban, JIRA, Confluence",Hybrid,Full-time,5+ years
2858314,Senior Full-Stack Engineer (Customer Platform),SEON Technologies Kft.,https://www.profession.hu/allas/senior-full-stack-engineer-customer-platform-seon-technologies-kft-2858314?sessionId=ed7061b1d89e7c95ce70868e0e3baa03,2026-03-20,2026-03-25,True,Budapest,,,Középiskola,,,Hybrid,Full-time,0-1 years
2858311,Senior Product Designer,SEON Technologies Kft.,https://www.profession.hu/allas/senior-product-designer-seon-technologies-kft-budapest-2858311?sessionId=ed7061b1d89e7c95ce70868e0e3baa03,2026-03-20,2026-03-23,False,Budapest,,English: B2,Középiskola,,Figma,Hybrid,Full-time,5+ years
2856768,CI Coordinator,Manpower SA,https://www.profession.hu/allas/ci-coordinator-manpower-sa-2856768?sessionId=ed7061b1d89e7c95ce70868e0e3baa03,2026-03-20,2026-03-25,True,Neuchâtel,,,Középiskola,"Excel, SQL","BI tools, Power BI, JSON, JSONL, CSV",Teljes munkaidő,Általános munkarend,1-3 év tapasztalat
2844341,Render Wrangler,Puppetworks Budapest Produkciós Kft.,https://www.profession.hu/allas/render-wrangler-puppetworks-budapest-produkcios-kft-2844341?sessionId=ed7061b1d89e7c95ce70868e0e3baa03,2026-03-20,2026-03-25,True,Budapest,,"English: B1, Hungarian: B1",High School with Diploma,,"Autodesk Maya, Deadline, Nuke",On-site,Full-time,0-1 years
2845407,System Trainer (f/m/d),The Stepstone Group GmbH,https://www.profession.hu/allas/system-trainer-f-m-d-the-stepstone-group-gmbh-2845407?sessionId=ed7061b1d89e7c95ce70868e0e3baa03,2026-03-20,2026-03-23,False,Hibrid,,"English: B2, German: B2",Középiskola,,"CRM (Salesforce – Sales Cloud, Service Cloud, CPQ), ERP, Marketing Automation, Customer Platforms",Hybrid,Full-time,3-5 years
2860308,Self-Sovereign Identity Software Engineer,High Tech Engineering Center Kft.,https://www.profession.hu/allas/self-sovereign-identity-software-engineer-high-tech-engineering-center-kft-2860308?sessionId=ed7061b1d89e7c95ce70868e0e3baa03,2026-03-22,2026-03-25,True,,,,Középiskola,Rust,"SECURITY, AGILE",Általános munkarend,Teljes munkaidő,5+ years
2860298,Szoftvertesztelő,DruIT Szolgáltató Zrt.,https://www.profession.hu/allas/szoftvertesztelo-druit-szolgaltato-zrt-2860298?sessionId=ed7061b1d89e7c95ce70868e0e3baa03,2026-03-22,2026-03-25,True,Budapest,,English: B2,Bachelor,C,"GIT, ISTQB, AGILIS C, JIRA, JENKINS, Security",Hybrid,Full-time,3-5 years
2858317,Senior IT Alkalmazás Rendszerszervező – ATM rendszerek,DruIT Szolgáltató Zrt.,https://www.profession.hu/allas/senior-it-alkalmazas-rendszerszervezo-atm-rendszerek-druit-szolgaltato-zrt-2858317?sessionId=ed7061b1d89e7c95ce70868e0e3baa03,2026-03-22,2026-03-25,True,Budapest,,English: B1,High School with Diploma,,,Hybrid,Full-time,5+ years
2858340,"Senior Java Software Engineer, Data Enrichment",SEON Technologies Kft.,https://www.profession.hu/allas/senior-java-software-engineer-data-enrichment-seon-technologies-kft-2858340?sessionId=ed7061b1d89e7c95ce70868e0e3baa03,2026-03-22,2026-03-25,True,Budapest,,,Középiskola,,"WORD, ACCESS",Hybrid,Full-time,0-1 years
2858322,Full-Stack Engineer (Node.js),SEON Technologies Kft.,https://www.profession.hu/allas/full-stack-engineer-node-js-seon-technologies-kft-2858322?sessionId=ed7061b1d89e7c95ce70868e0e3baa03,2026-03-22,2026-03-23,False,Budapest,,English: B2,Középiskola,"TypeScript, JavaScript","Node.js, Cloud (AWS), PostgreSQL, NoSQL databases (DynamoDB, Redis), Testing, API design and development with RESTful principles, Kubernetes",Hybrid,Full-time,0-1 years
2858369,Senior Test Engineer,SEON Technologies Kft.,https://www.profession.hu/allas/senior-test-engineer-seon-technologies-kft-2858369?sessionId=ed7061b1d89e7c95ce70868e0e3baa03,2026-03-22,2026-03-25,True,Budapest,,,Középiskola,,,Hybrid,Full-time,0-1 years
2858349,Enterprise Architect - Payment fókusszal,DruIT Szolgáltató Zrt.,https://www.profession.hu/allas/enterprise-architect-payment-fokusszal-druit-szolgaltato-zrt-2858349?sessionId=ed7061b1d89e7c95ce70868e0e3baa03,2026-03-22,2026-03-25,True,Budapest,,English: B2,High School with Diploma,,,On-site,Full-time,3-5 years
2860275,Senior Full Stack Engineer,NVIDIA Hungary Kft.,https://www.profession.hu/allas/senior-full-stack-engineer-nvidia-hungary-kft-2860275?sessionId=ed7061b1d89e7c95ce70868e0e3baa03,2026-03-22,2026-03-23,False,Budapest,,English: B2,Bachelor,"Python, JavaScript (Angular, React, Vue), HTML/CSS, API Technologies (REST, gRPC, OpenAPI, GraphAPI)","AWS, MongoDB, Docker, Apache Kafka, Figma, Kubernetes",,Full-time,5+ years
2850383,Quality Manager in Energy Infrastructure,Accenture Korlátolt Felelősségű Társaság,https://www.profession.hu/allas/quality-manager-in-energy-infrastructure-accenture-korlatolt-felelossegu-tarsasag-2850383?sessionId=ed7061b1d89e7c95ce70868e0e3baa03,2026-03-22,2026-03-25,True,Budapest,,"English: B2, German: B2",Bachelor,,,Hybrid,Full-time,3-5 years
2861667,AFR rendszerszervező,MBH Bank Nyrt.,https://www.profession.hu/allas/afr-rendszerszervezo-mbh-bank-nyrt-2861667?sessionId=ed7061b1d89e7c95ce70868e0e3baa03,2026-03-23,2026-03-25,True,Budapest,,English: B2,Bachelor,,SWIFT,Hybrid,Full-time,3-5 years
2861666,Arksys rendszerszervező,MBH Bank Nyrt.,https://www.profession.hu/allas/arksys-rendszerszervezo-mbh-bank-nyrt-2861666?sessionId=ed7061b1d89e7c95ce70868e0e3baa03,2026-03-23,2026-03-25,True,Budapest,,English: A2,Bachelor,,"JIRA, Devops, SQL, UAT",Home-Office,Full-time,1-3 years
2861099,"Számlázási rendszerek szakértő (Budapest, Debrecen, Győr, Pécs, Zalaegerszeg)",E.ON Ügyfélszolgálati Kft.,https://www.profession.hu/allas/szamlazasi-rendszerek-szakerto-budapest-debrecen-gyor-pecs-zalaegerszeg-e-on-ugyfelszolgalati-kft-budapest-2861099?sessionId=ed7061b1d89e7c95ce70868e0e3baa03,2026-03-23,2026-03-25,True,Budapest,,,Főiskola,,SAP,On-site,Full-time,1-3 év tapasztalat
2860959,Junior portfolio manager,Fundamenta-Lakáskassza Zrt.,https://www.profession.hu/allas/junior-portfolio-manager-fundamenta-lakaskassza-zrt-budapest-2860959?sessionId=ed7061b1d89e7c95ce70868e0e3baa03,2026-03-23,2026-03-25,True,Budapest,,,Főiskola,,"JIRA, Confluence, MS Excel",Home-Office,Full-time,1-3 years
2860997,IT üzleti elemző | IT Business Analyst,Bosch Group,https://www.profession.hu/allas/it-uzleti-elemzo-it-business-analyst-bosch-group-2860997?sessionId=ed7061b1d89e7c95ce70868e0e3baa03,2026-03-23,2026-03-25,True,Heves,,English: C1,Bachelor,"PowerBI, SQL, Python",PowerAps,On-site,Full-time,3-5 years
2860996,Adatszakértő | Data Scientist,Bosch Group,https://www.profession.hu/allas/adatszakerto-data-scientist-bosch-group-2860996?sessionId=ed7061b1d89e7c95ce70868e0e3baa03,2026-03-23,2026-03-25,True,Heves,,English: B2,Bachelor,"Python, SQL","GIT, MYSQL, POSTGRESQL, MONGODB, LINUX, WINDOWS",,Full-time,3-5 years
2860712,Szenior Beágyazott Szoftverfejlesztő,UNIX AUTÓ KFT.,https://www.profession.hu/allas/szenior-beagyazott-szoftverfejleszto-unix-auto-kft-budapest-2860712?sessionId=ed7061b1d89e7c95ce70868e0e3baa03,2026-03-23,2026-03-25,True,Budapest,,,Bachelor,"C/C++, ARM architecture, STM32, Embedded Linux","FreeRTOS, Micrium, Git, Bash, CI/CD, Buildroot/Yocto",On-site,Full-time,3-5 years
2857579,JAVA fejlesztő (határozott idejű szerződés),MFB Zrt.,https://www.profession.hu/allas/java-fejleszto-hatarozott-ideju-szerzodes-mfb-zrt-budapest-2857579/pro?sessionId=ed7061b1d89e7c95ce70868e0e3baa03,2026-03-23,2026-03-25,True,Budapest,,,Középiskola,Java,"Spring, Spring Boot, Spring Security, Git, Oracle, PostgreSQL, Docker/Podman",Teljes munkaidő,Full-time,3-5 év tapasztalat
2860895,Projektmenedzser,Tokaj-Hegyalja Egyetem,https://www.profession.hu/allas/projektmenedzser-tokaj-hegyalja-egyetem-sarospatak-2860895?sessionId=ed7061b1d89e7c95ce70868e0e3baa03,2026-03-23,2026-03-25,True,Sárospatak,,English: B2,Bachelor,,MS Office,On-site,Full-time,5+ years
2860892,Adattárház és BI üzleti elemző,MVM Next Energiakereskedelmi Zrt.,https://www.profession.hu/allas/adattarhaz-es-bi-uzleti-elemzo-mvm-next-energiakereskedelmi-zrt-budapest-2860892?sessionId=ed7061b1d89e7c95ce70868e0e3baa03,2026-03-23,2026-03-25,True,Budapest,,,Főiskola,,"MS SQL, MS Office, Power BI",Általános munkarend,Teljes munkaidő,5-10 év tapasztalat
2860567,Software Product Manager,4FLOW,https://www.profession.hu/allas/software-product-manager-flow-budapest-2860567?sessionId=ed7061b1d89e7c95ce70868e0e3baa03,2026-03-23,2026-03-25,True,Budapest,,English: B2,Bachelor,,,Home-Office,Full-time,1-3 years
2860526,Junior IT Auditor,KPMG Tanácsadó Kft.,https://www.profession.hu/allas/junior-it-auditor-kpmg-tanacsado-kft-2860526?sessionId=ed7061b1d89e7c95ce70868e0e3baa03,2026-03-23,2026-03-25,True,Budapest,,"English: B2, Hungarian: Native",Bachelor,,Microsoft Office,Hybrid,Full-time,Pályakezdő/friss diplomás
2860512,IT business analyst,Microsec zrt.,https://www.profession.hu/allas/it-business-analyst-microsec-zrt-budapest-2860512?sessionId=ed7061b1d89e7c95ce70868e0e3baa03,2026-03-23,2026-03-25,True,Budapest,,English: B2,Bachelor,,"JIRA, SQL, SCRUM, GIT, VISIO, SVN",On-site,Full-time,1-3 years
2860509,Tesztautomatizáló mérnök,Raiffeisen Software GmbH Magyarországi,https://www.profession.hu/allas/tesztautomatizalo-mernok-raiffeisen-software-gmbh-magyarorszagi-budapest-2860509?sessionId=ed7061b1d89e7c95ce70868e0e3baa03,2026-03-23,2026-03-25,True,Budapest,450.000 Ft/year,"German: B2, English: B1",,"Powershell, Groovy","Postman, JMeter, Jenkins",Hybrid,Full-time,1-3 years
2861112,IT gyakornok - diákmunka,Mind-Diák Szövetkezet,https://www.profession.hu/allas/it-gyakornok-diakmunka-mind-diak-szovetkezet-2861112?sessionId=ed7061b1d89e7c95ce70868e0e3baa03,2026-03-23,2026-03-25,True,Budapest,,English: B1,Bachelor,,Microsoft Dynamics 365 Business Central,On-site with home office,Half-time,
2861067,Teszt technikus ( SMT gyártás ),Cloud Network Technology Kft.,https://www.profession.hu/allas/teszt-technikus-smt-gyartas-cloud-network-technology-kft-komarom-2861067?sessionId=ed7061b1d89e7c95ce70868e0e3baa03,2026-03-23,2026-03-25,True,Komárom,,English: A2,High School with Diploma,,MS Office,On-site,Full-time,1-3 years
2860831,Webshop junior adminisztrátor - diákmunka,Mind-Diák Szövetkezet,https://www.profession.hu/allas/webshop-junior-adminisztrator-diakmunka-mind-diak-szovetkezet-pilisjaszfalu-2860831?sessionId=ed7061b1d89e7c95ce70868e0e3baa03,2026-03-23,2026-03-25,True,Pilisjászfalu,,English: B1,Általános iskola,,Shoprenter rendszer,On-site,Half-time,0-1 years
2860597,SENIOR RENDSZERSZERVEZŐ (Dokumentum menedzsent terület),Raiffeisen Bank Zrt.,https://www.profession.hu/allas/senior-rendszerszervezo-dokumentum-menedzsent-terulet-raiffeisen-bank-zrt-budapest-2860597?sessionId=ed7061b1d89e7c95ce70868e0e3baa03,2026-03-23,2026-03-25,True,Budapest,,English: B2,Bachelor,"Java, Oracle, SQL, AWS, Middleware, Active Directory","JIRA, GDPR",Hybrid,Full-time,1-3 years
2861659,Manuális tesztelő (medior),Peerson,https://www.profession.hu/allas/manualis-tesztelo-medior-peerson-budapest-2861659?sessionId=ed7061b1d89e7c95ce70868e0e3baa03,2026-03-23,2026-03-25,True,Budapest,,English: B2,Bachelor,,"ISTQB, Postman",Hybrid,Full-time,3-5 years
2861658,Senior IT business analyst,Peerson,https://www.profession.hu/allas/senior-it-business-analyst-peerson-budapest-2861658?sessionId=ed7061b1d89e7c95ce70868e0e3baa03,2026-03-23,2026-03-25,True,Budapest,,English: C2,Bachelor,,"JIRA, Azure DevOps",Hybrid,Full-time,5-10 years
2861654,Senior Data Engineer (all genders) Video,ParshipMeet Group,https://www.profession.hu/allas/senior-data-engineer-all-genders-video-parshipmeet-group-2861654?sessionId=ed7061b1d89e7c95ce70868e0e3baa03,2026-03-23,2026-03-25,True,Németország,,English: B2,Egyetem,Python,"Airflow/Cloud Composer, BigQuery, Cloud Spanner, GitLab CI or Cloud Build, Terraform, Docker, dbt, Tableau, MongoDB, PostgreSQL, BigQueryData Catalog",Full-time,Full-time,1-3 years
2861652,Java Engineer (all genders),ParshipMeet Group,https://www.profession.hu/allas/java-engineer-all-genders-parshipmeet-group-2861652?sessionId=ed7061b1d89e7c95ce70868e0e3baa03,2026-03-23,2026-03-25,True,Németország,,"English: B2, German: B2",Egyetem,"Java, Spring","DevOps, Git, Frontend Testing, Clean Code, Agile Kanban Scrum, Automated Tests",Általános munkarend,Teljes munkaidő,1-3 év tapasztalat
2861649,.Net Engineer (all genders),ParshipMeet Group,https://www.profession.hu/allas/net-engineer-all-genders-parshipmeet-group-2861649?sessionId=ed7061b1d89e7c95ce70868e0e3baa03,2026-03-23,2026-03-25,True,Németország,,"English: B2, German: B2+",Egyetem,"C#, .NET","Agile development (Kanban/Scrum), GitLab CI/CD, Kubernetes, Production monitoring/observability, Blazor",Általános munkarend,Teljes munkaidő,1-3 years
2861642,Lead Product Analyst (all genders),ParshipMeet Group,https://www.profession.hu/allas/lead-product-analyst-all-genders-parshipmeet-group-2861642?sessionId=ed7061b1d89e7c95ce70868e0e3baa03,2026-03-23,2026-03-25,True,Németország,,English: B2,Középiskola,"SQL, Python, R","BI TABLEAU, POWER BI, Sigma",Általános munkarend,Teljes munkaidő,5+ years
2861641,ServiceNow Developer (m/f/d),Moch.IT GmbH,https://www.profession.hu/allas/servicenow-developer-m-f-d-moch-it-gmbh-2861641?sessionId=ed7061b1d89e7c95ce70868e0e3baa03,2026-03-23,2026-03-25,True,Hannover,50000 EUR - 60000 EUR/year,German: B2,Bachelor,"JavaScript, Glide, Flow Designer, IntegrationHub","SERVICENOW, JavaScrip, Glide, Flow Designer, IntegrationHub",On-site,Full-time,1-3 years
2861634,FullStack Developer (m/f/d),TorAlarm GmbH,https://www.profession.hu/allas/fullstack-developer-m-f-d-toralarm-gmbh-2861634?sessionId=ed7061b1d89e7c95ce70868e0e3baa03,2026-03-23,2026-03-25,True,Düsseldorf,,English: B1,High School with Diploma,"Go, JavaScript/TypeScript","AWS, CMS, Cloud, MySQL",On-site,Full-time,3-5 years
2861623,Senior Contact Center Solution Architect / Pre-Sales Lead (m/f/d) - Tieto Tech Consulting,Tieto Germany GmbH,https://www.profession.hu/allas/senior-contact-center-solution-architect-pre-sales-lead-m-f-d-tieto-tech-consulting-tieto-germany-gmbh-2861623?sessionId=ed7061b1d89e7c95ce70868e0e3baa03,2026-03-23,2026-03-25,True,"Vienna, Linz, Graz, Berlin, Regensburg",,"English: C1, German: B2",Bachelor,,"DYNAMICS CRM CLOUD, Genesys (Cloud or Engage), Novomind, Microsoft Dynamics 365 Contact Center",Hybrid,Full-time,1-3 years
2861621,SAP Solution Architect (m/f/d) [Full-time / part-time] - Tieto Tech Consulting,Tieto Germany GmbH,https://www.profession.hu/allas/sap-solution-architect-m-f-d-full-time-part-time-tieto-tech-consulting-tieto-germany-gmbh-2861621?sessionId=ed7061b1d89e7c95ce70868e0e3baa03,2026-03-23,2026-03-25,True,,,"German: C1, English: B2",Bachelor,,"SAP CLOUD, SAP S/4HANA, SAP BTP, Other modern SAP platforms",Hybrid,Full-time,1-3 years
2861619,Bid Manager (m/f/d) - Tieto Tech Consulting,Tieto Germany GmbH,https://www.profession.hu/allas/bid-manager-m-f-d-tieto-tech-consulting-tieto-germany-gmbh-2861619?sessionId=ed7061b1d89e7c95ce70868e0e3baa03,2026-03-23,2026-03-25,True,Hamburg,,German: C1,High School with Diploma,,,Hybrid,Full-time,1-3 years
2861617,SAP S/4HANA Public Cloud Finance Consultant (m/f/d) [Full-time / part-time] - Tieto Tech Consulting,Tieto Germany GmbH,https://www.profession.hu/allas/sap-s-hana-public-cloud-finance-consultant-m-f-d-full-time-part-time-tieto-tech-consulting-tieto-germany-gmbh-2861617?sessionId=ed7061b1d89e7c95ce70868e0e3baa03,2026-03-23,2026-03-25,True,Berlin,,"English: C1, German: C1",Bachelor,,"SAP S/4HANA Public Cloud, SAP Cloud ALM",Hybrid,Full-time,1-3 years
2861613,(Senior) Web Developer (m/f/d) - Tieto Tech Consulting,Tieto Germany GmbH,https://www.profession.hu/allas/senior-web-developer-m-f-d-tieto-tech-consulting-tieto-germany-gmbh-2861613?sessionId=ed7061b1d89e7c95ce70868e0e3baa03,2026-03-23,2026-03-25,True,"Vienna, Linz, Graz, Berlin",,"English: B2, German: B2",High School with Diploma,"React, Angular, C#, ASP.NET","GitHub Copilot, CI/CD pipelines, Cloud-based deployment workflows",Hybrid,Full-time,1-3 years
2861612,(Senior) Fullstack Developer (m/f/d) - Tieto Tech Consulting,Tieto Germany GmbH,https://www.profession.hu/allas/senior-fullstack-developer-m-f-d-tieto-tech-consulting-tieto-germany-gmbh-2861612?sessionId=ed7061b1d89e7c95ce70868e0e3baa03,2026-03-23,2026-03-25,True,"Vienna, Linz, Graz, Berlin",,"English: B2, German: B2",High School with Diploma,"React, Angular, Java, C, Databases, Agile",GitHub Copilot,Hybrid,Full-time,5+ years
2861601,Working student Requirements Engineering for CDCC2.0 Baselayer Software Development,Mercedes-Benz AG,https://www.profession.hu/allas/working-student-requirements-engineering-for-cdcc-baselayer-software-development-mercedes-benz-ag-2861601?sessionId=ed7061b1d89e7c95ce70868e0e3baa03,2026-03-23,2026-03-25,True,Sindelfingen,,"English: B2, German: B2",Bachelor,,"MS Office, Agile Scrum",Hybrid,Full-time,1-3 years
2861599,Senior Account Executive / Expert (f/m/d) Public Sector statutory accident insurance,SAP SE,https://www.profession.hu/allas/senior-account-executive-expert-f-m-d-public-sector-statutory-accident-insurance-sap-se-2861599?sessionId=ed7061b1d89e7c95ce70868e0e3baa03,2026-03-23,2026-03-25,True,Németország,,"English: B2, German: B2",Bachelor,,,On-site with home office,"Full-time, unbefristet",5+ years
2861595,Business Processes (Senior) Consultant (f/m/d) for SAP Enterprise Asset Management in CoE EMEA,SAP SE,https://www.profession.hu/allas/business-processes-senior-consultant-f-m-d-for-sap-enterprise-asset-management-in-coe-emea-sap-se-2861595?sessionId=ed7061b1d89e7c95ce70868e0e3baa03,2026-03-23,2026-03-25,True,,,English: B2,Bachelor,ABAP,,Hybrid,Full-time,3-5 years
2861594,SAP AI Engineering Architect (m/f/d),SAP SE,https://www.profession.hu/allas/sap-ai-engineering-architect-m-f-d-sap-se-2861594?sessionId=ed7061b1d89e7c95ce70868e0e3baa03,2026-03-23,2026-03-25,True,Németország,,"English: B2, German: B2",Bachelor,"Python, Java","SAP Analytics Security, SAP Business Technology Platform (BTP), TensorFlow, PyTorch, JavaScript, HTML",Full-time,Full-time,1-3 years
2861593,(Senior) AI Architect (f/m/d),SAP SE,https://www.profession.hu/allas/senior-ai-architect-f-m-d-sap-se-2861593?sessionId=ed7061b1d89e7c95ce70868e0e3baa03,2026-03-23,2026-03-25,True,Germany,,"German: B2, English: C1","Bachelor's or master's degree in Artificial Intelligence, Computer Science, Information Systems, or a related field",,"SAP Business AI, SAP Business Technology Platform, GenAI Hub",On-site with home office,"Full-time, unbefristet",3-5 years
2861591,(Senior) Cybersecurity Specialist – IT Resilience & Threat Intelligence (m/f/d),EOS Holding,https://www.profession.hu/allas/senior-cybersecurity-specialist-it-resilience-threat-intelligence-m-f-d-eos-holding-2861591?sessionId=ed7061b1d89e7c95ce70868e0e3baa03,2026-03-23,2026-03-25,True,Germany,,"English: C1, German: B2",Bachelor,,"BACKUP SECURITY TESTING, ISO, NETWORK, CLOUD, DEVOPS, INCIDENT MANAGEMENT",Hybrid,Full-time,5+ years
2861588,Configuration Management Expert,Utimaco GmbH,https://www.profession.hu/allas/configuration-management-expert-utimaco-gmbh-2861588?sessionId=ed7061b1d89e7c95ce70868e0e3baa03,2026-03-23,2026-03-25,True,Németország,,English: B1,Középiskola,"C++, C, Java","CMake, Git, Jenkins",Általános munkarend,Teljes munkaidő,1-3 év tapasztalat
2861587,Development Architect (f/m/d) for SAP Production Planning and Detailed Scheduling (PP/DS),SAP SE,https://www.profession.hu/allas/development-architect-f-m-d-for-sap-production-planning-and-detailed-scheduling-pp-ds-sap-se-2861587?sessionId=ed7061b1d89e7c95ce70868e0e3baa03,2026-03-23,2026-03-23,False,Walldorf,,"English: B2, German: B2",Bachelor,"ABAP, RAP, CDS, OData, Fiori/UI5","SAP S/4HANA, SCM concepts (IBP, APO)",Hybrid,Full-time,1-3 years
2861585,DevOps Engineer,Utimaco GmbH,https://www.profession.hu/allas/devops-engineer-utimaco-gmbh-2861585?sessionId=ed7061b1d89e7c95ce70868e0e3baa03,2026-03-23,2026-03-25,True,Németország,,English: B1,Egyetem,"C++, C, Java","CMake, Git, Jenkins",Általános munkarend,Teljes munkaidő,1-3 év tapasztalat
2861584,(Senior) Data Engineer (m/f/d) - Tieto Tech Consulting,Tieto Germany GmbH,https://www.profession.hu/allas/senior-data-engineer-m-f-d-tieto-tech-consulting-tieto-germany-gmbh-2861584?sessionId=ed7061b1d89e7c95ce70868e0e3baa03,2026-03-23,2026-03-25,True,Berlin,,"English: B2, German: C1",Bachelor,,"CLOUD, GIT, AZURE, AGILE",Hybrid,Full-time,3-5 years
2861578,Head of IT Security / Cybersecurity (m/f/d),KRAFT VON WANTOCH GmbH,https://www.profession.hu/allas/head-of-it-security-cybersecurity-m-f-d-kraft-von-wantoch-gmbh-2861578?sessionId=ed7061b1d89e7c95ce70868e0e3baa03,2026-03-23,2026-03-25,True,Frankfurt am Main,,"English: C1, German: C1","Master's or bachelor's degree in computer science, information security, or a related field",,"SECURITY NETWORK, CLOUD, ISO, AWS, AZURE, ACCESS, GDPR, SIEM",Hybrid position with work-from-home options,Full-time,5+ years
2861570,Product Manager - SAP Managed Cloud Services (f/m/d),NTT DATA Business Solutions AG,https://www.profession.hu/allas/product-manager-sap-managed-cloud-services-f-m-d-ntt-data-business-solutions-ag-2861570?sessionId=ed7061b1d89e7c95ce70868e0e3baa03,2026-03-23,2026-03-25,True,Germany,,"English: C1, German: B2",Bachelor,,"SAP Cloud, Azure, AWS, NETWORK SAP®",Hybrid,Full-time,3-5 years
2861566,Product Manager - SAP Application Management Services (f/m/d),NTT DATA Business Solutions AG,https://www.profession.hu/allas/product-manager-sap-application-management-services-f-m-d-ntt-data-business-solutions-ag-2861566?sessionId=ed7061b1d89e7c95ce70868e0e3baa03,2026-03-23,2026-03-25,True,Germany,,"English: C1, German: B2",Bachelor,,"SAP CLOUD ERP, SAP NETWORK, SAP®",Hybrid,Full-time,3-5 years
2861541,Senior Expert IT Service Transformation Energy Networks (f/m/d),E.ON,https://www.profession.hu/allas/senior-expert-it-service-transformation-energy-networks-f-m-d-e-on-2861541?sessionId=ed7061b1d89e7c95ce70868e0e3baa03,2026-03-23,2026-03-25,True,Hibrid,,"English: C2, German: C2",Főiskola,,"CLOUD, ITIL, SECURITY, ACCESS SERVICE MANAGEMENT, AGILE PROJECT MANAGEMENT",Hybrid,Full-time,1-3 years
2861331,"Lufthansa Technik Graduate Management Trainee Program ""StartTechnik"" - IT / Digital Program",Lufthansa Technik AG,https://www.profession.hu/allas/lufthansa-technik-graduate-management-trainee-program-starttechnik-it-digital-program-lufthansa-technik-ag-2861331?sessionId=ed7061b1d89e7c95ce70868e0e3baa03,2026-03-23,2026-03-25,True,Hibrid,,"English: B2, German: B2",Master,,CLOUD HARDWARE,Hybrid,Full-time,1-3 years
2861326,Research Data Infrastructure Engineer,Deutsches Krebsforschungszentrum DKFZ,https://www.profession.hu/allas/research-data-infrastructure-engineer-deutsches-krebsforschungszentrum-dkfz-2861326?sessionId=ed7061b1d89e7c95ce70868e0e3baa03,2026-03-23,2026-03-25,True,Hibrid,,English: C1,Bachelor,"Python, FastAPI","Kubernetes, Helm, Pulumi, Terraform, ArgoCD, DevOps practices and CI/CD, Authentication and Authorization Infrastructure (AAI) systems",Hybrid,Full-time,1-3 years
2861315,Cloud DevOps Engineer – Azure (all genders),Roland Berger Holding GmbH & Co. KGaA,https://www.profession.hu/allas/cloud-devops-engineer-azure-all-genders-roland-berger-holding-gmbh-co-kgaa-2861315?sessionId=ed7061b1d89e7c95ce70868e0e3baa03,2026-03-23,2026-03-25,True,Germany,,English: B2,Bachelor,,"Laptop, CLOUD DEVOPS AZURE, AZURE, INFRASTRUCTURE-as-Code (e.g. Terraform, Bicep), CI / CD automation, Kubernetes, WebApps, databases",On-site,Full-time,1-3 years
2861298,SAP DevOps Engineer (f/m/d),E.ON Digital Technology GmbH,https://www.profession.hu/allas/sap-devops-engineer-f-m-d-e-on-digital-technology-gmbh-2861298?sessionId=ed7061b1d89e7c95ce70868e0e3baa03,2026-03-23,2026-03-25,True,Hibrid,,English: B2,Egyetem,"Bash, Groovy","SAP DEVOPS, CLOUD SECURITY TESTING, BASH, GitLab CI/CD, SonarQube, Renovate, Kubernetes, container technologies, IaaC principles, SAP Cloud ALM, New Relic, Uptrends",Hybrid,Full-time,1-3 years
2861289,Product Manager (f/m/d)* - SEO/GEO,Engel & Völkers - Zentrale -,https://www.profession.hu/allas/product-manager-f-m-d-seo-geo-engel-volkers-zentrale-2861289?sessionId=ed7061b1d89e7c95ce70868e0e3baa03,2026-03-23,2026-03-25,True,Hamburg,,"English: C2, German: C2, Spanish: B2, Italian: A2",Bachelor,,"Google Search Console, Sistrix, Screaming Frog",Hybrid,Full-time,1-3 years
2861281,Automation Solution Consultant (f/m/div),CeramTec GmbH,https://www.profession.hu/allas/automation-solution-consultant-f-m-div-ceramtec-gmbh-2861281?sessionId=ed7061b1d89e7c95ce70868e0e3baa03,2026-03-23,2026-03-25,True,Plochingen near Stuttgart,,English: B2,Bachelor,,UiPath,Hybrid,Full-time,1-3 years
2861272,Senior Firmware Developer — Smartcard & Mobile Credentials (m/f/d),SimonsVoss Technologies GmbH,https://www.profession.hu/allas/senior-firmware-developer-smartcard-mobile-credentials-m-f-d-simonsvoss-technologies-gmbh-2861272?sessionId=ed7061b1d89e7c95ce70868e0e3baa03,2026-03-23,2026-03-25,True,Unterföhring bei München,,"English: B2, German: B2",Középiskola,C++,"JIRA, Git, Zephyr (RTOS), Protocol sniffers, Hardware debuggers",Hybrid,Full-time,5+ years
2861267,Working Student (m/f/d) – Automotive Radar Simulation & AI,Dassault Systemes Deutschland GmbH,https://www.profession.hu/allas/working-student-m-f-d-automotive-radar-simulation-ai-dassault-systemes-deutschland-gmbh-2861267?sessionId=ed7061b1d89e7c95ce70868e0e3baa03,2026-03-23,2026-03-25,True,München,,English: B2,Master,"Python, C, C++","Machine Learning, Asymptotic Solver in CST Studio Suite",Hybrid,Full-time,1-3 years
2861262,Senior Sales Consultant - Industry & Automation (m/f/d),The Stepstone Group EMEA GmbH,https://www.profession.hu/allas/senior-sales-consultant-industry-automation-m-f-d-the-stepstone-group-emea-gmbh-2861262?sessionId=ed7061b1d89e7c95ce70868e0e3baa03,2026-03-23,2026-03-23,False,Németország,,"English: C1, German: C1",Középiskola,,"SAP, Salesforce",On-site,Full-time,1-3 years
2860454,Test Automation Engineer,ITech Consult AG,https://www.profession.hu/allas/test-automation-engineer-itech-consult-ag-2860454?sessionId=ed7061b1d89e7c95ce70868e0e3baa03,2026-03-23,2026-03-23,False,Rotkreuz,,English: B2,Bachelor,"Rust, Python (Selenium), JavaScript (Cypress)","Selenium, DevOps, CI/CD (GitHub, Azure DevOps), Robotics tools, Codebeamer, ALM tools",On-site,Full-time,3-5 years
2860443,Solution Architect,Rieter,https://www.profession.hu/allas/solution-architect-rieter-2860443?sessionId=ed7061b1d89e7c95ce70868e0e3baa03,2026-03-23,2026-03-25,True,Winterthur,,"English: B2, German: B2",Master,"Java, Kotlin, Rust, React, JavaScript, TypeScript","CLOUD, API, ANALYTICS, JAVA, KOTLIN, REACT, JAVASCRIPT, NOSQL, LINUX, DEVOPS, AZURE, REST, CYPRESS",On-site,Full-time,5-10 years
2860440,Product Owner – Driver Integration,CTC Analytics AG,https://www.profession.hu/allas/product-owner-driver-integration-ctc-analytics-ag-2860440?sessionId=ed7061b1d89e7c95ce70868e0e3baa03,2026-03-23,2026-03-25,True,Zwingen,,"English: B2, German: A1",Bachelor,,"Empower, Chromeleon, OpenLab, LabSolutions",On-site with home office,Full-time,1-3 years
2860437,OT Development Lead,Rieter,https://www.profession.hu/allas/ot-development-lead-rieter-2860437?sessionId=ed7061b1d89e7c95ce70868e0e3baa03,2026-03-23,2026-03-25,True,Winterthur,,"English: B2, German: B2",Bachelor,"C, C++","Linux, PLC and IPC based development projects, Field bus protocols (EtherCAT, CANopen), CI/CD processes and DevOps tools (Jira, Confluence, Azure DevOps)",On-site,Full-time,5-10 years
2860406,Szenior full-stack szoftverfejlesztő,Alias Innovations Kft.,https://www.profession.hu/allas/szenior-full-stack-szoftverfejleszto-alias-innovations-kft-2860406?sessionId=ed7061b1d89e7c95ce70868e0e3baa03,2026-03-23,2026-03-25,True,,1.2M - 1.5M brutttó + 15% bónusz,German: B2,Secondary education,"Python, PHP, Vue, React, Docker, AWS, Azure, Cypress","AI tools (Cursor, Claude)",Flexible work arrangement (remote / hybrid),Full-time,5-10 years experience
2860405,Projektmenedzser BA/QA fókusszal,Alias Innovations Kft.,https://www.profession.hu/allas/projektmenedzser-ba-qa-fokusszal-alias-innovations-kft-2860405?sessionId=ed7061b1d89e7c95ce70868e0e3baa03,2026-03-23,2026-03-25,True,,600k - 900k bruttó + 15% bónusz,"English: B2, German: B2",Secondary education with diploma,,"ClickUp, Jira, Monday",Full-time,Project management,5+ years
2860404,"Folyamatelemző, ClickUp szakértő",Alias Innovations Kft.,https://www.profession.hu/allas/folyamatelemzo-clickup-szakerto-alias-innovations-kft-2860404?sessionId=ed7061b1d89e7c95ce70868e0e3baa03,2026-03-23,2026-03-25,True,,600k - 700k bruttó + 15% bónusz,English: B2,Középiskola,,"ClickUp, n8n, CRM API, Project management, HR processes, Financial/admin workflow",Általános munkarend,Teljes munkaidő,1-3 years
2854680,Senior QM Consultant,KOSTAL Global Business Services Center Kft.,https://www.profession.hu/allas/senior-qm-consultant-kostal-global-business-services-center-kft-2854680?sessionId=ed7061b1d89e7c95ce70868e0e3baa03,2026-03-23,2026-03-23,False,Budapest,,English: B2,Bachelor,,"SAP, SQL, CHANGE MANAGEMENT, DATABASE, PROJECT MANAGEMENT",Hybrid,Full-time,1-3 years
2860400,Senior IT PLM Engineer,KOSTAL Global Business Services Center Kft.,https://www.profession.hu/allas/senior-it-plm-engineer-kostal-global-business-services-center-kft-2860400?sessionId=ed7061b1d89e7c95ce70868e0e3baa03,2026-03-23,2026-03-23,False,Budapest,,English: B2,Bachelor,Python,"DATABASE, UAT TESTING, PYTHON, TROUBLESHOOTING, CHANGE MANAGEMENT, DATA MANAGEMENT, PROJECT MANAGEMENT, LEAN",Hybrid,Full-time,3-5 years
2858312,Senior Full-Stack Engineer (NodeJS),SEON Technologies Kft.,https://www.profession.hu/allas/senior-full-stack-engineer-nodejs-seon-technologies-kft-2858312?sessionId=ed7061b1d89e7c95ce70868e0e3baa03,2026-03-23,2026-03-25,True,Budapest,,English: B2,Középiskola,"NodeJS, TypeScript, React, NestJS, REST, RDBMS","Docker, AWS, API, AGILE, REST, DATABASE ACCESS, NODEJS, AUTOMATED TESTS",Hybrid,Full-time,3-5 years
2858324,Engineering Manager - Customer Support Engineering,SEON Technologies Kft.,https://www.profession.hu/allas/engineering-manager-customer-support-engineering-seon-technologies-kft-2858324?sessionId=ed7061b1d89e7c95ce70868e0e3baa03,2026-03-23,2026-03-25,True,Budapest,,,Középiskola,,ACCESS,Hybrid,Full-time,0-1 years
2836242,Global Senior IT Procurement & Vendor Management Lead,AEBI SCHMIDT Holding AG,https://www.profession.hu/allas/global-senior-it-procurement-vendor-management-lead-aebi-schmidt-holding-ag-2836242?sessionId=ed7061b1d89e7c95ce70868e0e3baa03,2026-03-23,2026-03-23,False,,,,"Bachelor, Master",,,,Full-time,5+ years
2862748,Business Analyst gyakornok,Euroleasing Zrt.,https://www.profession.hu/allas/business-analyst-gyakornok-euroleasing-zrt-budapest-2862748?sessionId=ed7061b1d89e7c95ce70868e0e3baa03,2026-03-25,2026-03-25,True,"Budapest, XIII. kerület",,,Középiskola,,"Figma, Power Apps, Google AI Studio, Jira, Confluence",Teljes munkaidő,Full-time,0-1 years
2862797,IT projektmenedzser,EURO ONE Számítástechnikai Zrt,https://www.profession.hu/allas/it-projektmenedzser-euro-one-szamitastechnikai-zrt-budapest-2862797?sessionId=ed7061b1d89e7c95ce70868e0e3baa03,2026-03-25,2026-03-25,True,Budapest,,English: B2,Bachelor 'B' kat. jogosítvány,,"MS Office (Word, Excel, PowerPoint, Project Visio), PMP",Full-time,Full-time,1-3 years
2862291,PLC programozó,Chervon Autó Kft.,https://www.profession.hu/allas/plc-programozo-chervon-auto-kft-miskolc-2862291?sessionId=ed7061b1d89e7c95ce70868e0e3baa03,2026-03-25,2026-03-25,True,Miskolc,,English: B1,Bachelor,,"Siemens TIA Portal, Profinet",Full-time,Full-time,3-5 years
2862292,Projektmenedzser/Sub-system Manager (vasútipar/forgóváz gyártás),ALSTOM Hungary Kft.,https://www.profession.hu/allas/projektmenedzser-sub-system-manager-vasutipar-forgovaz-gyartas-alstom-hungary-kft-matranovak-2862292?sessionId=ed7061b1d89e7c95ce70868e0e3baa03,2026-03-25,2026-03-25,True,Mátranovák,,English: B2,Bachelor,,"SAP, EXCEL, WORD, AGILIS, POWERPOINT, ISO, LEAN, ODYC",Hybrid,Full-time,1-3 years
2861835,Szenior SAP szakértő,ZWACK UNICUM NYRT.,https://www.profession.hu/allas/szenior-sap-szakerto-zwack-unicum-nyrt-budapest-2861835?sessionId=ed7061b1d89e7c95ce70868e0e3baa03,2026-03-25,2026-03-25,True,Budapest,,English: B1,Bachelor,ABAP,"SAP, S/4HANA, IDoc, BAPI",Hybrid,Full-time,3-5 years
2862083,Junior Szoftver technikus,Pannonjob Kft.,https://www.profession.hu/allas/junior-szoftver-technikus-pannonjob-kft-vecses-2862083?sessionId=ed7061b1d89e7c95ce70868e0e3baa03,2026-03-25,2026-03-25,True,Pest,,English: A2,High School with Diploma,,Linux,,Full-time,Pályakezdő/friss diplomás
2862049,Master Data Support Engineer,AVL,https://www.profession.hu/allas/master-data-support-engineer-avl-erd-2862049/pro?sessionId=ed7061b1d89e7c95ce70868e0e3baa03,2026-03-25,2026-03-25,True,Érd,,English: B2,Bachelor,,SAP ERP,Hybrid,Full-time,1-3 years
2862009,Java fejlesztő,Profession Services,https://www.profession.hu/allas/java-fejleszto-profession-services-veszprem-2862009/pro?sessionId=ed7061b1d89e7c95ce70868e0e3baa03,2026-03-25,2026-03-25,True,Veszprém,"1,2M - 2,1M Ft havi bér",English: B1,,"Java, Spring Boot, Angular, Vue.js",Git,On-site with home office,Full-time,0-1 years
2861947,ALM BI DevOps expert,OTP Bank Nyrt.,https://www.profession.hu/allas/alm-bi-devops-expert-otp-bank-nyrt-budapest-2861947/pro?sessionId=ed7061b1d89e7c95ce70868e0e3baa03,2026-03-25,2026-03-25,True,Budapest,,English: B2,Bachelor,"R, Python, Java, SQL, VBA","Git, Excel, Power BI",Hybrid,Full-time,1-3 years
2861915,Szoftverfejlesztő munkatárs,BázisNet Kft.,https://www.profession.hu/allas/szoftverfejleszto-munkatars-bazisnet-kft-gyor-2861915?sessionId=ed7061b1d89e7c95ce70868e0e3baa03,2026-03-25,2026-03-25,True,Győr,,English: A2,Secondary School Leaving Certificate,"JavaScript, PHP, Vue, Docker, Ubuntu",GitLab version control system,Hybrid,Full-time,1-3 years
2861846,Full stack .NET fejlesztő,VFT Zrt.,https://www.profession.hu/allas/full-stack-net-fejleszto-vft-zrt-budapest-2861846?sessionId=ed7061b1d89e7c95ce70868e0e3baa03,2026-03-25,2026-03-25,True,Budapest,,,Bachelor,"C#, JavaScript, HTML, CSS, SQL","Entity Framework, ASP.NET, Angular, TFS, GIT, Visual Studio, SQL Server Management Studio (SSMS), Jira, Azure DevOps",Home-Office,Full-time,3-5 years
2861087,Integrációs rendszerszervező,Fundamenta-Lakáskassza Zrt.,https://www.profession.hu/allas/integracios-rendszerszervezo-fundamenta-lakaskassza-zrt-2861087/pro?sessionId=ed7061b1d89e7c95ce70868e0e3baa03,2026-03-25,2026-03-25,True,Budapest,,"English: B2, German: B2",Bachelor,,"BPMN, Enterprise Architect, Middleware, Tibco, MQ, REST API, Oracle, XML",Hybrid,Full-time,1-3 years
2861722,IT Rendszerszervező (Pénzügyi fókusz),Alfa Vienna Insurance Group Biztosító Zrt.,https://www.profession.hu/allas/it-rendszerszervezo-penzugyi-fokusz-alfa-vienna-insurance-group-biztosito-zrt-budapest-2861722?sessionId=ed7061b1d89e7c95ce70868e0e3baa03,2026-03-25,2026-03-25,True,Budapest,,"English: B2, Hungarian: C1",Bachelor,,"Oracle, UML, DevOps, Agile, Confluence, Jira, Tempo",Hybrid,Full-time,3-5 years
2861721,IT Rendszerszervező (CRM fókusz),Alfa Vienna Insurance Group Biztosító Zrt.,https://www.profession.hu/allas/it-rendszerszervezo-crm-fokusz-alfa-vienna-insurance-group-biztosito-zrt-budapest-2861721?sessionId=ed7061b1d89e7c95ce70868e0e3baa03,2026-03-25,2026-03-25,True,Budapest,,"English: B1, Hungarian: C1",Bachelor,,"Confluence, Jira, GitLab",Hybrid,Full-time,3-5 years
2861719,DataStore/ DWH IT Rendszerüzemeltető,Alfa Vienna Insurance Group Biztosító Zrt.,https://www.profession.hu/allas/datastore-dwh-it-rendszeruzemelteto-alfa-vienna-insurance-group-biztosito-zrt-budapest-2861719?sessionId=ed7061b1d89e7c95ce70868e0e3baa03,2026-03-25,2026-03-25,True,Budapest,,"English: B1, Hungarian: C1",Bachelor,PL/SQL,"Oracle SQL, APEX",Hybrid,Full-time,3-5 years
2862722,Product Taxonomy Intern - diákmunka,Mind-Diák Szövetkezet,https://www.profession.hu/allas/product-taxonomy-intern-diakmunka-mind-diak-szovetkezet-2862722?sessionId=ed7061b1d89e7c95ce70868e0e3baa03,2026-03-25,2026-03-25,True,Budapest,,English: C1,Bachelor,,"MS Office Programs, Excel, PowerPoint",Hybrid,Short-term,
2856595,IT munkatárs,Ex Machina Kft.,https://www.profession.hu/allas/it-munkatars-ex-machina-kft-szeged-2856595?sessionId=ed7061b1d89e7c95ce70868e0e3baa03,2026-03-25,2026-03-25,True,Szeged,,English: B2,Középiskola,,"Debian Linux op. rendszer, POS-terminálok és kassza rendszerek, Wordpress",Általános munkarend,Teljes munkaidő,1-3 years
2862230,Debug technikus (Üllő),Work Force Kft.,https://www.profession.hu/allas/debug-technikus-ullo-work-force-kft-ullo-2862230?sessionId=ed7061b1d89e7c95ce70868e0e3baa03,2026-03-25,2026-03-25,True,Üllő,,English: B1,High School with Diploma,,"CLI parancsok kezelése, Szerver LOG olvasási képesség",On-site,Full-time,0-1 years
2862064,Product Owner (digitális fejlesztések / e-commerce),ReachRise Digital Zrt.,https://www.profession.hu/allas/product-owner-digitalis-fejlesztesek-e-commerce-reachrise-digital-zrt-budapest-2862064?sessionId=ed7061b1d89e7c95ce70868e0e3baa03,2026-03-25,2026-03-25,True,Budapest,,English: B2,Középiskola,,"CRM, API TRELLO, EXCEL, AGILE, WATERFALL, Jira, Trello","Hibrid, próbaidő után heti 2 nap home office lehetőség",Teljes munkaidő,3-5 év tapasztalat
2861869,Adatbázis üzemeltető rendszermérnök,Pillér Nonprofit Kft,https://www.profession.hu/allas/adatbazis-uzemelteto-rendszermernok-piller-nonprofit-kft-budapest-2861869?sessionId=ed7061b1d89e7c95ce70868e0e3baa03,2026-03-25,2026-03-25,True,Budapest,,English: A2,Secondary School Leaving Certificate,"SQL, PLSQL, Python, Bash","PostgreSQL, SQL, PLSQL, LINUX, ORACLE, ANSIBLE, BASH, PYTHON",Hybrid,Full-time,1-3 years
2861847,IT projektkoordinátor,Digitális Magyarország Ügynökség Zrt.,https://www.profession.hu/allas/it-projektkoordinator-digitalis-magyarorszag-ugynokseg-zrt-budapest-2861847?sessionId=ed7061b1d89e7c95ce70868e0e3baa03,2026-03-25,2026-03-25,True,Budapest,,,Egyetem,,"Atlassian termékcsalád (JIRA, Confluence) felhasználói szintű ismerete",Home-Office,Full-time,1-3 years
2861800,AI Tech Lead,Futureal Shared Services Partnership,https://www.profession.hu/allas/ai-tech-lead-futureal-shared-services-partnership-budapest-2861800?sessionId=ed7061b1d89e7c95ce70868e0e3baa03,2026-03-25,2026-03-25,True,Budapest,,English: B2,Bachelor,Python,"ERP, API, CLOUD AZURE, AWS",Hybrid,Full-time,3-5 years
2857158,Azure System Specialist,MOL Nyrt.,https://www.profession.hu/allas/azure-system-specialist-mol-nyrt-budapest-2857158?sessionId=ed7061b1d89e7c95ce70868e0e3baa03,2026-03-25,2026-03-25,True,Budapest,,English: B2,Bachelor,,"Azure DevOps, SonarCloud, JMeter, Selenium, Appium, Postman, Jira, Confluence",Hybrid,Full-time,1-3 years
2862654,C# Fejlesztő,DruIT Szolgáltató Zrt.,https://www.profession.hu/allas/c-fejleszto-druit-szolgaltato-zrt-2862654?sessionId=ed7061b1d89e7c95ce70868e0e3baa03,2026-03-25,2026-03-25,True,Budapest,,"English: B2, German: B2",Bachelor,"C#, .NET 9 (C# 12, ideally also F#)","Jetbrains Rider, Git (ideally GitHub / GitHub Actions), Jira, Enterprise Architect, Sonar Qube, AvaloniaUI, WPF (XAML), Patterns/Practices (MVVM, Dependency Injection, …), Secure coding, UML2",Hybrid,Full-time,5-10 years
2862652,Senior Software Engineer in Test (iOS),Diligent Governance Hungary Kft.,https://www.profession.hu/allas/senior-software-engineer-in-test-ios-diligent-governance-hungary-kft-2862652?sessionId=ed7061b1d89e7c95ce70868e0e3baa03,2026-03-25,2026-03-25,True,Budapest,,,Középiskola,,"IOS TESTING, DEVOPS, GIT, BACKEND, ACCESS, AUTOMATED TESTS, TROUBLESHOOTING",Hybrid,Full-time,5+ years
2858315,Senior Android POS fejlesztő,DruIT Szolgáltató Zrt.,https://www.profession.hu/allas/senior-android-pos-fejleszto-druit-szolgaltato-zrt-2858315?sessionId=ed7061b1d89e7c95ce70868e0e3baa03,2026-03-25,2026-03-25,True,Budapest,,English: B1,Secondary education with diploma,Kotlin,"Git, Android, Testing tools, ISO standards",Hybrid,Full-time,
2862648,Senior Java Engineer – Data Platform Framework,Hawk-Eye Innovations Ltd.,https://www.profession.hu/allas/senior-java-engineer-data-platform-framework-hawk-eye-innovations-ltd-2862648?sessionId=ed7061b1d89e7c95ce70868e0e3baa03,2026-03-25,2026-03-25,True,Budapest,,,Középiskola,Java,"AWS, Apache Spark, ACCESS",Hybrid,Full-time,0-1 years
2862645,Sportsbook – Performance Architect,Betsson Group,https://www.profession.hu/allas/sportsbook-performance-architect-betsson-group-2862645?sessionId=ed7061b1d89e7c95ce70868e0e3baa03,2026-03-25,2026-03-25,True,Budapest,,,Középiskola,,"AWS, Kubernetes",Hybrid,Full-time,3-5 years
2862611,SAP Data Engineer - Bridging S/4 Expertise with AI Solutions and SAP-RPT (f/m/d),SAP SE,https://www.profession.hu/allas/sap-data-engineer-bridging-s-expertise-with-ai-solutions-and-sap-rpt-f-m-d-sap-se-2862611?sessionId=ed7061b1d89e7c95ce70868e0e3baa03,2026-03-25,2026-03-25,True,Germany,,English: B2,Master's degree,"ABAP, Python, SQL","SAP ABAP, SAP S/4HANA backend and data model (e.g., VDM, CDS Views, RAP, OData), AWS, GCP, Azure, Machine Learning, Knowledge Graph technologies (e.g., RDF, SPARQL)",Hybrid,Full-time,1-3 years
2862598,Senior-Software-Entwickler/in (m/w/d),Buena,https://www.profession.hu/allas/senior-software-entwickler-in-m-w-d-buena-2862598?sessionId=ed7061b1d89e7c95ce70868e0e3baa03,2026-03-25,2026-03-25,True,Berlin,,English: B1,High School with Diploma,"TypeScript, React, Node.js","PostgreSQL, MongoDB",Hybrid,Full-time,1-3 years
2862568,Content & Support Specialist (m/f/d),MED-EL Medical Electronics,https://www.profession.hu/allas/content-support-specialist-m-f-d-med-el-medical-electronics-2862568?sessionId=ed7061b1d89e7c95ce70868e0e3baa03,2026-03-25,2026-03-25,True,Innsbruck,,"English: B2, German: B2",Bachelor,,"Content and translation management systems, Writing for digital products (UX or technical writing)",On-site,Full-time,1-3 years
2862558,System Trainer (f/m/d),The Stepstone Group GmbH,https://www.profession.hu/allas/system-trainer-f-m-d-the-stepstone-group-gmbh-2862558?sessionId=ed7061b1d89e7c95ce70868e0e3baa03,2026-03-25,2026-03-25,True,Hibrid,,English: B2,Középiskola,,"CRM, ERP, CLOUD, CHANGE MANAGEMENT, AGILE",Hybrid,Full-time,3-5 years
2862554,Research Software Engineer / Scientific Researcher (m/f/d),Karlsruher Institut für Technologie (KIT) Campus Nord,https://www.profession.hu/allas/research-software-engineer-scientific-researcher-m-f-d-karlsruher-institut-fur-technologie-kit-campus-nord-2862554?sessionId=ed7061b1d89e7c95ce70868e0e3baa03,2026-03-25,2026-03-25,True,Karlsruhe,,"English: B2, German: Advantageous","Master's level and doctorate in atmospheric research, computer science, physics, engineering or a related field","Fortran, C++, Python","Git, Linux-based HPC clusters, MPI, OpenMP, CUDA or ROCm, PyTorch or TensorFlow, transformer-based models or convolutional neural networks",Hybrid,Full-time,1-3 years
2862533,Pricing Manager (m/f/d) Legal Services & Legal Tech,Bird & Bird LLP,https://www.profession.hu/allas/pricing-manager-m-f-d-legal-services-legal-tech-bird-bird-llp-2862533?sessionId=ed7061b1d89e7c95ce70868e0e3baa03,2026-03-25,2026-03-25,True,Frankfurt or Düsseldorf,,"English: B2, German: Beneficial",Bachelor's degree with a finance qualification,,"Excel, Power BI",Hybrid,Full-time,1-3 years
2862531,Working Student Product Owner Support Insurance Platform of Services,Mercedes-Benz Insurance Services GmbH,https://www.profession.hu/allas/working-student-product-owner-support-insurance-platform-of-services-mercedes-benz-insurance-services-gmbh-2862531?sessionId=ed7061b1d89e7c95ce70868e0e3baa03,2026-03-25,2026-03-25,True,Németország,,"English: C2, German: B1",Bachelor,,"Agile methodology, Automated testing tools",Hybrid,Full-time,1-3 years
2862528,Senior Agile Business Analyst Industrial Insurance Claims,HDI Global,https://www.profession.hu/allas/senior-agile-business-analyst-industrial-insurance-claims-hdi-global-2862528?sessionId=ed7061b1d89e7c95ce70868e0e3baa03,2026-03-25,2026-03-25,True,,,English: C1,Bachelor,,,Hybrid,Full-time,1-3 years
2862524,Business Analyst SAP MM / PP / EWM,BBC Cellpack GmbH,https://www.profession.hu/allas/business-analyst-sap-mm-pp-ewm-bbc-cellpack-gmbh-2862524?sessionId=ed7061b1d89e7c95ce70868e0e3baa03,2026-03-25,2026-03-25,True,Waldshut-Tiengen,,English: C1,Bachelor,,SAP,Hybrid,Full-time,1-3 years
2862520,Software Test Engineer and DevOps,European Southern Observatory (ESO),https://www.profession.hu/allas/software-test-engineer-and-devops-european-southern-observatory-eso-2862520?sessionId=ed7061b1d89e7c95ce70868e0e3baa03,2026-03-25,2026-03-25,True,Garching near Munich,,English: B2,,"Python, Java","DEVOPS TESTING AZURE ANSIBLE, DOCKER, API POSTMAN SELENIUM SECURITY, PYTHON, JAVA, DATABASES ORACLE POSTGRESQL, CLOUD AWS VIRTUALIZATION VMWARE, REGRESSION TESTING JENKINS REST TEST AUTOMATION CYPRESS JMETER CI AGILE SCRUM",,Full-time,1-3 years
2862519,Software Developer - Integration Testing and DevOps,European Southern Observatory (ESO),https://www.profession.hu/allas/software-developer-integration-testing-and-devops-european-southern-observatory-eso-2862519?sessionId=ed7061b1d89e7c95ce70868e0e3baa03,2026-03-25,2026-03-25,True,"Munich, Germany",,"English: B2, German: Basic",Bachelor,"C++, Python","Linux, Git, Ansible, Jenkins",Hybrid,Full-time,3-5 years
2862518,SAP ABAP Developer,Finatycs GmbH,https://www.profession.hu/allas/sap-abap-developer-finatycs-gmbh-2862518?sessionId=ed7061b1d89e7c95ce70868e0e3baa03,2026-03-25,2026-03-25,True,Berlin,,"English: B2, German: B2",Bachelor,"ABAP, ABAP-OO, ODATA","SAP ABAP, SAP Cloud, AGILE",Hybrid,Full-time,5+ years
2862508,Engineering Manager - Customer Risk Lifecycle,N26 GmbH,https://www.profession.hu/allas/engineering-manager-customer-risk-lifecycle-n-gmbh-2862508?sessionId=ed7061b1d89e7c95ce70868e0e3baa03,2026-03-25,2026-03-25,True,Németország,,English: B2,Egyetem,,Windows,On-site,Full-time,1-3 years
2862503,Where you belong: The SAP Customer Value Group's AI Center of Excellence (AI4U) team is focused o,SAP SE,https://www.profession.hu/allas/where-you-belong-the-sap-customer-value-group-s-ai-center-of-excellence-ai-u-team-is-focused-o-sap-se-2862503?sessionId=ed7061b1d89e7c95ce70868e0e3baa03,2026-03-25,2026-03-25,True,Germany,,English: B2,"Bachelor's or Master's degree in Computer Science, Engineering, or related field and/or 10 years of expertise in various applicable technical roles","Python, JavaScript, Java","SAP, PYTHON, JAVASCRIPT, DEVOPS, CLOUD, DATABASE, SECURITY, PANDAS, NODEJS, JAVA, ANALYTICS, HTML, @SAP, MACHINE LEARNING",Full-time,"Full-time, unbefristet",1-3 years
2862497,IT Business Partner Finance & Controlling (m/f/d),Liebherr-IT Services GmbH,https://www.profession.hu/allas/it-business-partner-finance-controlling-m-f-d-liebherr-it-services-gmbh-2862497?sessionId=ed7061b1d89e7c95ce70868e0e3baa03,2026-03-25,2026-03-25,True,Oberopfingen,,"German: C1, English: B2",Bachelor,,,Hybrid,Full-time,3-5 years
2862479,Senior Developer (f/m/d) AI Core SDKs for SAP Business AI,SAP SE,https://www.profession.hu/allas/senior-developer-f-m-d-ai-core-sdks-for-sap-business-ai-sap-se-2862479?sessionId=ed7061b1d89e7c95ce70868e0e3baa03,2026-03-25,2026-03-25,True,Germany,,English: C2,Bachelor,"Python, Java, TypeScript","SAP, PYTHON, JAVA, ACCESS, SPRING, TESTING CLOUD @SAP, REST, MAVEN",Hybrid,Full-time,1-3 years
2862468,Data Engineer (m/f/d),MISUMI Europa GmbH,https://www.profession.hu/allas/data-engineer-m-f-d-misumi-europa-gmbh-2862468?sessionId=ed7061b1d89e7c95ce70868e0e3baa03,2026-03-25,2026-03-25,True,Frankfurt,,English: B2,Bachelor,"Java, SQL","Talend, Git, Bitbucket, PostgreSQL, Oracle",Hybrid,Full-time,3-5 years
2862463,Master - SAP AI Engineering Architect (f/m/d),SAP SE,https://www.profession.hu/allas/master-sap-ai-engineering-architect-f-m-d-sap-se-2862463?sessionId=ed7061b1d89e7c95ce70868e0e3baa03,2026-03-25,2026-03-25,True,Germany,,English: B2,Bachelor,"Python, JavaScript, Java","SAP, DEVOPS, CLOUD, DATABASE, SECURITY, PANDAS, NODEJS, ANALYTICS, HTML, @SAP, MACHINE LEARNING",,Full-time,1-3 years
2862457,System Designer - Cloud Infrastructure (m/f/d),Ericsson GmbH,https://www.profession.hu/allas/system-designer-cloud-infrastructure-m-f-d-ericsson-gmbh-2862457?sessionId=ed7061b1d89e7c95ce70868e0e3baa03,2026-03-25,2026-03-25,True,Herzogenrath,,"English: B2, German: Proficient",Bachelor,"Python, C++, JavaScript, Bash","Docker, Kubernetes, Helm, Git, UNIX, Agile, Scrum, PyTorch, LangChain/LangGraph, vLLM, RAG/MCP",Hybrid,Full-time,1-3 years
2862436,Data Engineer (m/f/d) – Procurement Reporting,ALDI Einkauf SE & Co. oHG,https://www.profession.hu/allas/data-engineer-m-f-d-procurement-reporting-aldi-einkauf-se-co-ohg-2862436?sessionId=ed7061b1d89e7c95ce70868e0e3baa03,2026-03-25,2026-03-25,True,Hamburg,,English: B2,Bachelor,"Python, SQL, Spark","BI, DEVOPS, ANALYTICS, AZURE, GIT, SCRUM, POWER BI",Hybrid,Full-time,5+ years
2862430,Senior Manager Business Process Excellence - Inbound to Outbound (f/m/x),ZEISS,https://www.profession.hu/allas/senior-manager-business-process-excellence-inbound-to-outbound-f-m-x-zeiss-2862430?sessionId=ed7061b1d89e7c95ce70868e0e3baa03,2026-03-25,2026-03-25,True,Németország,,English: C2,Középiskola,,"SAP S/4HANA, SAP R/3",On-site,Full-time,5+ years
2862401,IT Project Manager (f/m/d),BMG RIGHTS MANAGEMENT GmbH - Corporate,https://www.profession.hu/allas/it-project-manager-f-m-d-bmg-rights-management-gmbh-corporate-2862401?sessionId=ed7061b1d89e7c95ce70868e0e3baa03,2026-03-25,2026-03-25,True,,,English: B2,Bachelor,,,Home-Office,Full-time,5+ years
2862400,SAP Technology Consultant (m/f/d),ALDI Einkauf SE & Co. oHG,https://www.profession.hu/allas/sap-technology-consultant-m-f-d-aldi-einkauf-se-co-ohg-2862400?sessionId=ed7061b1d89e7c95ce70868e0e3baa03,2026-03-25,2026-03-25,True,Hibrid,,"English: B2, Német: B2",Középiskola,,"SAP CLOUD API, SAP S/4 HANA, SAP BTP (CAP, Fiori, Integration Suite, Workflow Management), SAP MM, SAP BTP",Hybrid,Full-time,1-3 years
2862399,Software Developer (f/m/x),ZEISS,https://www.profession.hu/allas/software-developer-f-m-x-zeiss-2862399?sessionId=ed7061b1d89e7c95ce70868e0e3baa03,2026-03-25,2026-03-25,True,Németország,,English: B2,Főiskola,"C++ 17/20/23, QML","LINUX, GIT",Általános munkarend,Teljes munkaidő,3-5 years
2862390,SAP S/4HANA Public Cloud Finance Consultant (m/f/d) [Full-time / part-time] - Tieto Tech Consulting,Tieto Germany GmbH,https://www.profession.hu/allas/sap-s-hana-public-cloud-finance-consultant-m-f-d-full-time-part-time-tieto-tech-consulting-tieto-germany-gmbh-2862390?sessionId=ed7061b1d89e7c95ce70868e0e3baa03,2026-03-25,2026-03-25,True,Berlin,,"English: C1, German: C1",Bachelor,,"SAP S/4HANA Public Cloud, SAP Cloud ALM",Hybrid,Full-time,1-3 years
2862386,Pflichtpraktikum Quality Assurance (m/w/d),montamo GmbH,https://www.profession.hu/allas/pflichtpraktikum-quality-assurance-m-w-d-montamo-gmbh-2862386?sessionId=ed7061b1d89e7c95ce70868e0e3baa03,2026-03-25,2026-03-25,True,Németország,,"English: B1, German: B1",Középiskola,,"Cypress, Maestro",Általános munkarend,Teljes munkaidő,1-3 év tapasztalat
2862106,Rust Software Engineer,Flexsis AG,https://www.profession.hu/allas/rust-software-engineer-flexsis-ag-2862106?sessionId=ed7061b1d89e7c95ce70868e0e3baa03,2026-03-25,2026-03-25,True,Switzerland,,"English: C2, German: B1",Bachelor,Rust,"async/await, tokio, actix-web, rocket, serde, sqlx",,Full-time,3-5 years
2862099,C++ Software Engineer,Lyncée Tec SA,https://www.profession.hu/allas/c-software-engineer-lyncee-tec-sa-2862099?sessionId=ed7061b1d89e7c95ce70868e0e3baa03,2026-03-25,2026-03-25,True,Svájc,,"English: B2, French: A1",Master’s degree or equivalent in computer science or a related domain,"C++, C++/CLI, C#","SQLite, git, batch, Visual Studio, .NET, CUDA",,Full-time,1-3 years
2862097,C# Software Engineer,Lyncée Tec SA,https://www.profession.hu/allas/c-software-engineer-lyncee-tec-sa-2862097?sessionId=ed7061b1d89e7c95ce70868e0e3baa03,2026-03-25,2026-03-25,True,Svájc,,"English: B2, French: A1","Master’s degree or equivalent in computer science, applied mathematics or a related domain","C#, C++, C++/CLI","WPF, .NET, CUDA, SQLite, git, Visual Studio",,Full-time,1-3 years
2861706,Principal Java Engineer - Football Squad,Hawk-Eye Innovations Ltd.,https://www.profession.hu/allas/principal-java-engineer-football-squad-hawk-eye-innovations-ltd-2861706?sessionId=ed7061b1d89e7c95ce70868e0e3baa03,2026-03-25,2026-03-25,True,Budapest,,,Középiskola,Java,"Spring Boot, AWS (ECS, Lambda, S3, DynamoDB, etc.), Datadog, Pulsar, Kafka, RabbitMQ, SQS",Hybrid,Full-time,5+ years
2861699,Principal Software Engineer - C++ (Cloud Video Framework),Hawk-Eye Innovations Ltd.,https://www.profession.hu/allas/principal-software-engineer-c-cloud-video-framework-hawk-eye-innovations-ltd-2861699?sessionId=ed7061b1d89e7c95ce70868e0e3baa03,2026-03-25,2026-03-25,True,Budapest,,,Középiskola,C++,"Git, Visual Studio, AWS, FFmpeg, Network protocols (SRT, RIST, WebRTC), Qt, OpenGL",Hybrid,Full-time,5+ years
2861698,Data Engineer,Betsson Group,https://www.profession.hu/allas/data-engineer-betsson-group-2861698?sessionId=ed7061b1d89e7c95ce70868e0e3baa03,2026-03-25,2026-03-25,True,Budapest,,English: B2,Középiskola,"Python, Scala","Git, Apache Spark, AWS Glue, Apache Iceberg, SQL, API Gateway, Docker, Kafka Streams, Terraform, Powershell, Unix",Hybrid,Full-time,1-3 years
2861695,Senior C++ Unreal Software Engineer,Hawk-Eye Innovations Ltd.,https://www.profession.hu/allas/senior-c-unreal-software-engineer-hawk-eye-innovations-ltd-2861695?sessionId=ed7061b1d89e7c95ce70868e0e3baa03,2026-03-25,2026-03-25,True,,"£58,810 – £80,190 per annum (depending on experience and level)",,Középiskola,"Unreal Engine, C++, Blueprints","HLSL/GLSL, DirectX/OpenGL/Vulkan, Git",Hybrid,Full-time,1-3 years
2861694,Senior Java Engineer – Football Squad,Hawk-Eye Innovations Ltd.,https://www.profession.hu/allas/senior-java-engineer-football-squad-hawk-eye-innovations-ltd-2861694?sessionId=ed7061b1d89e7c95ce70868e0e3baa03,2026-03-25,2026-03-25,True,Budapest,,,Középiskola,Java,"Spring Boot, AWS (ECS, Lambda, S3, DynamoDB), Datadog, Pulsar, Kafka, RabbitMQ, SQS, GitHub Actions, Terraform, Docker, Kubernetes",Hybrid,Full-time,0-1 years
2861693,Senior Software Engineer - C++ (SMART Officiating),Hawk-Eye Innovations Ltd.,https://www.profession.hu/allas/senior-software-engineer-c-smart-officiating-hawk-eye-innovations-ltd-2861693?sessionId=ed7061b1d89e7c95ce70868e0e3baa03,2026-03-25,2026-03-25,True,Budapest,,,Középiskola,C++,"Git, Visual Studio, AWS, Debugging workflows",Hybrid,Full-time,0-1 years
2861689,Senior Verification Engineer,ARM Hungary Kft.,https://www.profession.hu/allas/senior-verification-engineer-arm-hungary-kft-2861689?sessionId=ed7061b1d89e7c95ce70868e0e3baa03,2026-03-25,2026-03-25,True,Budapest,,,Középiskola,"C, C++, Assembly, SystemVerilog, Tcl, Perl, Python",UVM,Hybrid,Full-time,3-5 years
2861687,Infrastructure & Platform Automation Engineer,Silurus Software Korlátolt Felelősségű Társaság,https://www.profession.hu/allas/infrastructure-platform-automation-engineer-silurus-software-korlatolt-felelossegu-tarsasag-2861687?sessionId=ed7061b1d89e7c95ce70868e0e3baa03,2026-03-25,2026-03-25,True,Budapest,,English: B2,Középiskola,"PowerShell, Bash, Ansible","Terraform, Azure DevOps Server (on-prem), Cloud (SaaS), Windows, Linux, VMware, Automation, Project Management",Hibrid,Teljes munkaidő,5+ years
2858375,SAP SD Consultant,NTT Magyarország Kft.,https://www.profession.hu/allas/sap-sd-consultant-ntt-magyarorszag-kft-2858375?sessionId=ed7061b1d89e7c95ce70868e0e3baa03,2026-03-25,2026-03-25,True,Budapest,,English: B2,Bachelor,"ABAP, ACCESS, SAP SD S/4 HANA","SAP ABAP, ACCESS, DEBUGGING",Hybrid,Full-time,3-5 years
