job_id,title,company,url,first_seen,last_seen,active,Location,Salary,Language Requirements,Education,Programming Languages,Required Software / Tools,Work Arrangement,Job Type,Experience Level,"Master's or PhD degree in computer science, machine learning, applied statistics, mathematics, engineering or artificial intelligence is required. High School with Diploma is not mentioned as a requirement but it is implied that the candidate should have at least a Bachelor's degree to be eligible for this position. Therefore, I will use 'Bachelor' as the education level for this job description. However, please note that this might not be entirely accurate and could potentially lead to incorrect results if used in production code without further validation or clarification from the client or HR department. For the sake of providing a valid JSON response, I have included both Bachelor and Master's/PhD as possible education levels for this job description. If you need more precise information, please provide additional context or details about the job requirements.","Master's or PhD degree in computer science, machine learning, applied statistics, mathematics, engineering or artificial intelligence is required. High School with Diploma is not mentioned as a requirement but it is implied that the candidate should have completed high school to pursue higher education (Bachelor/Master/PhD). Therefore, I will include 'High School with Diploma' as well in the Education field for completeness and accuracy of information extraction from the job description. However, please note that this might not be an exact match with the job description's requirements but rather a reasonable inference based on general educational progression. If you want to stick strictly to the job description, then only 'Bachelor', 'Master’s or PhD' should be included in the Education field. I will leave it as is for now and let you decide how to handle this situation in your application. "
2846499,Tesztmérnök,CTDI Budapest Kft.,https://www.profession.hu/allas/tesztmernok-ctdi-budapest-kft-budapest-2846499?sessionId=ed7061b1d89e7c95ce70868e0e3baa03,2026-03-04,2026-03-22,False,Budapest,,{'English': 'B2'},Felsőoktatási szakképzés,"C, C++, LINUX, HARDWARE, PYTHON, UBUNTU, DEBIAN, VISUAL STUDIO, WORD, POWERPOINT","Laptop, Mobiltelefon",,Full-time,3-5 years,,
2846347,IT Adatbázis és Alkalmazásüzemeltető Mérnök,Magyar Suzuki Zrt.,https://www.profession.hu/allas/it-adatbazis-es-alkalmazasuzemelteto-mernok-magyar-suzuki-zrt-esztergom-2846347?sessionId=ed7061b1d89e7c95ce70868e0e3baa03,2026-03-04,2026-03-25,True,Esztergom,,English: B2,Főiskola,"UNIX, LINUX, ORACLE, MYSQL, MSSQL",,Általános munkarend,Teljes munkaidő,3-5 év tapasztalat,,
2846277,IT megfelelőségi munkatárs,Egis Gyógyszergyár Zrt.,https://www.profession.hu/allas/it-megfelelosegi-munkatars-egis-gyogyszergyar-zrt-budapest-2846277?sessionId=ed7061b1d89e7c95ce70868e0e3baa03,2026-03-04,2026-03-25,True,Budapest,,English: B2,Főiskola,,,Hybrid,Full-time,1-3 years,,
2845848,Bi analyst (senior),PROFESSION SERVICES,https://www.profession.hu/allas/bi-analyst-senior-profession-services-budapest-2845848/pro?sessionId=ed7061b1d89e7c95ce70868e0e3baa03,2026-03-04,2026-03-25,True,Budapest,,"English: B2, German: B2",Felsőoktatási szakképzés,"SQL, Power BI, Agilis","Workstation, Power Apps / Power Automate",Hybrid,Full-time,5-10 év tapasztalat,,
2845844,Full-Stack fejlesztő (Medior / Senior),PROFESSION SERVICES,https://www.profession.hu/allas/full-stack-fejleszto-medior-senior-profession-services-budapest-2845844/pro?sessionId=ed7061b1d89e7c95ce70868e0e3baa03,2026-03-04,2026-03-25,True,Budapest,,"English: B2, German: B2",Felsőoktatási szakképzés,"Java, Angular","GIT, SQL, JIRA, CONFLUENCE, SCRUM, BITBUCKET",Hybrid,Full-time,3-5 years,,
2845831,Szoftvertesztelő (senior),PROFESSION SERVICES,https://www.profession.hu/allas/szoftvertesztelo-senior-profession-services-budapest-2845831/pro?sessionId=ed7061b1d89e7c95ce70868e0e3baa03,2026-03-04,2026-03-25,True,Budapest,,"English: B2, German: B2",Főiskola,,"SQL, Postman",Hybrid,Full-time,5-10 years,,
2845291,Release manager,TIGRA Zrt.,https://www.profession.hu/allas/release-manager-tigra-zrt-budapest-2845291?sessionId=ed7061b1d89e7c95ce70868e0e3baa03,2026-03-04,2026-03-25,True,Budapest,,English: B2,Főiskola,,"Git, Jenkins, GitLab CI, Azure DevOps Pipelines, Argo CD/Flux (GitOps), Maven, Node.js, Angular, Docker, Artifactory, Nexus, GitHub Packages",Hybrid,Full-time,3-5 years,,
2844979,Devops Intern,Tata Consultancy Services Limited,https://www.profession.hu/allas/devops-intern-tata-consultancy-services-limited-budapest-2844979?sessionId=ed7061b1d89e7c95ce70868e0e3baa03,2026-03-04,2026-03-25,True,Budapest,,English: B2,Bachelor,"DEVOPS, ANSIBLE, DOCKER, CLOUD, LINUX, GIT, VIRTUALIZATION, API, SECURITY, AZURE, AWS, AGILE, JENKINS, DATA MANAGEMENT","Ansible, Docker, Kubernetes, PaaS solutions, Git, Linux, Virtualization, Jenkins, Microsoft Azure, Amazon Web Services, Google Cloud Platform",Full-time,Internship,,,
2844968,Data Engineer Intern,Tata Consultancy Services Hungary,https://www.profession.hu/allas/data-engineer-intern-tata-consultancy-services-hungary-budapest-2844968?sessionId=ed7061b1d89e7c95ce70868e0e3baa03,2026-03-04,2026-03-25,True,Budapest,,English: B2,Bachelor,"Python, PySpark, C++","Power BI, Data Bricks, ETL tools",Full-time,Internship,,,
2844971,QA Intern,Tata Consultancy Services Limited,https://www.profession.hu/allas/qa-intern-tata-consultancy-services-limited-budapest-2844971?sessionId=ed7061b1d89e7c95ce70868e0e3baa03,2026-03-04,2026-03-25,True,Budapest,,English: B2,Bachelor,"JavaScript, TypeScript, Cypress, Playwright","Playwright, ISTQB principles",Full-time,Internship,,,
2844810,IT Manager,profession.hu Kft.,https://www.profession.hu/allas/it-manager-profession-hu-kft-budapest-2844810/pro?sessionId=ed7061b1d89e7c95ce70868e0e3baa03,2026-03-04,2026-03-25,True,Budapest,,,Főiskola,,,Hibrid,Teljes munkaidő,3-5 év tapasztalat,,
2844761,Kubernetes infrastruktúra rendszerüzemeltető,Alfa Vienna Insurance Group Biztosító Zrt.,https://www.profession.hu/allas/kubernetes-infrastruktura-rendszeruzemelteto-alfa-vienna-insurance-group-biztosito-zrt-budapest-2844761?sessionId=ed7061b1d89e7c95ce70868e0e3baa03,2026-03-04,2026-03-25,True,Budapest,,English: B2,Középiskola,"Python, Ansible, Terraform","LINUX, ORACLE, DOCKER, JSON, FIREWALL, DEVOPS, POSTGRESQL, AUTOMATIZÁLÁS, AGILIS, REST, JIRA, CONFLUENCE",Hibrid,Teljes munkaidő,3-5 év,,
2844739,Senior Project Manager (Online),profession.hu Kft.,https://www.profession.hu/allas/senior-project-manager-online-profession-hu-kft-budapest-2844739/pro?sessionId=ed7061b1d89e7c95ce70868e0e3baa03,2026-03-04,2026-03-17,False,Budapest,1-1.2M Ft gross/month,English: B2,Főiskola (College),,,Hibrid (Hybrid),Teljes munkaidő (Full-time),3-5 years,,
2844719,IT fejlesztési- és csoportvezető  (Generálkivitelezés – Dunaújváros),GRABARICS Kft.,https://www.profession.hu/allas/it-fejlesztesi-es-csoportvezeto-generalkivitelezes-dunaujvaros-grabarics-kft-dunaujvaros-2844719?sessionId=ed7061b1d89e7c95ce70868e0e3baa03,2026-03-04,2026-03-25,True,Dunaújváros,,English: B2,Bachelor,,"Microsoft 365, Azure",On-site,Full-time,5+ years,,
2844699,Release menedzser,MVM Informatika Zrt.,https://www.profession.hu/allas/release-menedzser-mvm-informatika-zrt-budapest-2844699?sessionId=ed7061b1d89e7c95ce70868e0e3baa03,2026-03-04,2026-03-25,True,Budapest,,,Főiskola,,,Általános munkarend,Teljes munkaidő,3-5 év tapasztalat,,
2846244,Főosztályvezető-helyettes (IT-fejlesztési portfóliómenedzser),Nemzeti Adó- és Vámhivatal,https://www.profession.hu/allas/foosztalyvezeto-helyettes-it-fejlesztesi-portfoliomenedzser-nemzeti-ado-es-vamhivatal-budapest-2846244?sessionId=ed7061b1d89e7c95ce70868e0e3baa03,2026-03-04,2026-03-25,True,Budapest,,,Főiskola,,,"Határozatlan idejű, Teljes munkaidős",Full-time,3-5 év tapasztalat,,
2846168,Senior IT solution architect (sola),BECK AND PARTNERS Kft.,https://www.profession.hu/allas/senior-it-solution-architect-sola-beck-and-partners-kft-vac-2846168?sessionId=ed7061b1d89e7c95ce70868e0e3baa03,2026-03-04,2026-03-25,True,Budapest,,English: B2,Főiskola,,,Hybrid,Full-time,5-10 years,,
2846167,SENIOR IT BUSINESS ANALYST (banki terület),BECK AND PARTNERS Kft.,https://www.profession.hu/allas/senior-it-business-analyst-banki-terulet-beck-and-partners-kft-vac-2846167?sessionId=ed7061b1d89e7c95ce70868e0e3baa03,2026-03-04,2026-03-25,True,Budapest,,English: B2,Főiskola (College),,,Hybrid,Full-time,5-10 years,,
2846154,Manuális tesztelő gyakornok (diákmunka),OnE Job Iskolaszövetkezet,https://www.profession.hu/allas/manualis-tesztelo-gyakornok-diakmunka-one-job-iskolaszovetkezet-budapest-2846154?sessionId=ed7061b1d89e7c95ce70868e0e3baa03,2026-03-04,2026-03-25,True,Budapest,,English: B2,Középiskola,,"ISTQB, AGILIS",Hibrid,Részmunkaidő,,,
2832933,IT Rendszerszervező,BECK AND PARTNERS Kft.,https://www.profession.hu/allas/it-rendszerszervezo-beck-and-partners-kft-budapest-2832933?sessionId=ed7061b1d89e7c95ce70868e0e3baa03,2026-03-04,2026-03-16,False,Budapest,,,Főiskola,"API, XML, JSON, MS OFFICE","SOAPUI, POSTMAN, JIRA, CONFLUENCE, JMETER, BPMN, AGILIS, SCRUM, KANBAN",Hybrid,Full-time,3-5 years,,
2833204,Diákmunka - Engineering Graduate - Industrial Automation,MŰISZ Iskolaszövetkezet,https://www.profession.hu/allas/diakmunka-engineering-graduate-industrial-automation-muisz-iskolaszovetkezet-budapest-2833204?sessionId=ed7061b1d89e7c95ce70868e0e3baa03,2026-03-04,2026-03-04,False,Budapest XI. kerület,"{'gross': True, 'amount': 2200, 'currency': 'Ft/hour'}","{'language': 'English', 'level': 'CEFR B2'}, {'language': 'Hungarian', 'level': 'Native'}","Ongoing higher education (Electrical Engineering, Software Engineering, Mechatronics Engineering, or similar)","PLC programming (e.g., SCL / LAD), Python, C#","Siemens SIMATIC product families, Mendix low-code platform",Hybrid,Full-time,,,
2833203,Diákmunka - C++ Developer Trainee SINUMERIK HMI,MŰISZ Iskolaszövetkezet,https://www.profession.hu/allas/diakmunka-c-developer-trainee-sinumerik-hmi-muisz-iskolaszovetkezet-budapest-2833203?sessionId=ed7061b1d89e7c95ce70868e0e3baa03,2026-03-04,2026-03-18,False,Budapest XI. kerület,2200-2800 Ft/óra,"English: B2, Magyar",Középiskola,"C, C++, PYTHON","GIT, TEST AUTOMATION, CLEAN CODE, SCRUM, AGILE, CLEARCASE",Hybrid,Diákmunka,,,
2826010,Stratégiai projekt mérnök,MOL-LUB KFT.,https://www.profession.hu/allas/strategiai-projekt-mernok-mol-lub-kft-almasfuzito-2826010?sessionId=ed7061b1d89e7c95ce70868e0e3baa03,2026-03-04,2026-03-17,False,Almásfüzitő,,English: B2,"Felsőfokú műszaki végzettséggel rendelkezel (preferáltan: vegyészmérnök , biomérnök, környezetmérnök)",,"Microsoft Office, Microsoft Project",Általános munkarend,Teljes munkaidő,2-3 év tapasztalatod van műszaki szaktudást és koordinációt igénylő munkakörben,,
2840787,Data analyst (JT),Tech People Hungary Kft.,https://www.profession.hu/allas/data-analyst-jt-tech-people-hungary-kft-budapest-2840787?sessionId=ed7061b1d89e7c95ce70868e0e3baa03,2026-03-04,2026-03-25,True,Budapest,,English: B2,Felsőoktatási szakképzés,"Oracle, PostgreSQL, SQL","Oracle Data analyzing, PostgreSQL, SQL",Általános munkarend (On-site with home office),Teljes munkaidő (Full-time),1-3 years,,
2832116,Biztonsági eseménykezelő központ (SOC) L1 elemző,Seculabs Kft.,https://www.profession.hu/allas/biztonsagi-esemenykezelo-kozpont-soc-l-elemzo-seculabs-kft-budapest-2832116?sessionId=ed7061b1d89e7c95ce70868e0e3baa03,2026-03-04,2026-03-20,False,Budapest,,English: B1,Középiskola,,"Laptop, Windows, Linux, MacOS",Részmunkaidő Alkalmazotti jogviszony,Alkalmazotti jogviszony,1-3 év tapasztalat,,
2825998,B2C Ügyfélszolgálati Projektmenedzser,MOHU MOL Hulladékgazdálkodási Zrt.,https://www.profession.hu/allas/b-c-ugyfelszolgalati-projektmenedzser-mohu-mol-hulladekgazdalkodasi-zrt-budapest-2825998?sessionId=ed7061b1d89e7c95ce70868e0e3baa03,2026-03-04,2026-03-17,False,Budapest,,English: B2,Felsőfokú végzettség vagy folyamatban lévő tanulmányok,,"Azure DevOps, MS Project, M365, Excel, Power BI",Full-time,Full-time,1-3 years,,
2836598,AUTOMATA TESZTELŐ - PROJEKT (E-TD01),Tech People Hungary Kft.,https://www.profession.hu/allas/automata-tesztelo-projekt-e-td-tech-people-hungary-kft-budapest-2836598?sessionId=ed7061b1d89e7c95ce70868e0e3baa03,2026-03-04,2026-03-23,False,Budapest,,,Felsőoktatási szakképzés,"API, JIRA, CLEAN CODE, CI, ISTQB, JMETER, AGILIS","API, JIRA, CLEAN CODE, CI, ISTQB, JMETER, AGILIS",Általános munkarend,Teljes munkaidő,3-5 év tapasztalat,,
2836300,ENTERPRISE ARCHITECT (GYK),Tech People Hungary Kft.,https://www.profession.hu/allas/enterprise-architect-gyk-tech-people-hungary-kft-budapest-2836300?sessionId=ed7061b1d89e7c95ce70868e0e3baa03,2026-03-04,2026-03-23,False,Budapest,,English: B2,Felsőoktatási szakképzés,,"ENTERPRISE ARCHITECT, UML, ITIL",Home office,Full-time,3-5 years,,
2834482,Software Engineer,One Magyarország Zrt.,https://www.profession.hu/allas/software-engineer-one-magyarorszag-zrt-budapest-2834482?sessionId=ed7061b1d89e7c95ce70868e0e3baa03,2026-03-04,2026-03-23,False,Budapest,,English: B2,Főiskola,"Java, Spring Boot",,Hibrid munkavégzés,Teljes munkaidő,3-5 év tapasztalat,,
2825996,B2C Ügyfélszolgálati Adatelemzési Szakértő,MOHU MOL Hulladékgazdálkodási Zrt.,https://www.profession.hu/allas/b-c-ugyfelszolgalati-adatelemzesi-szakerto-mohu-mol-hulladekgazdalkodasi-zrt-budapest-2825996?sessionId=ed7061b1d89e7c95ce70868e0e3baa03,2026-03-04,2026-03-17,False,Budapest,,English: B2,Főiskola,,"Power BI, Excel, Power Apps, Power Automate",Teljes munkaidő,Alkalmazotti jogviszony,1-3 év,,
2836118,Tesztautomatizálási mérnök - Mindennapi Biztosítások Squad,ERSTE BANK HUNGARY Zrt.,https://www.profession.hu/allas/tesztautomatizalasi-mernok-mindennapi-biztositasok-squad-erste-bank-hungary-zrt-2836118?sessionId=ed7061b1d89e7c95ce70868e0e3baa03,2026-03-04,2026-03-10,False,Budapest,,English: B2,Főiskola (Bachelor),"Java, Selenium","WEB SERVICE, REST, ISTQB, AGILIS",Hybrid,Full-time,1-3 years,,
2833424,Hardware Test Engineer,Grafton Recruitment,https://www.profession.hu/allas/hardware-test-engineer-grafton-recruitment-ullo-2833424?sessionId=ed7061b1d89e7c95ce70868e0e3baa03,2026-03-04,2026-03-17,False,Üllő,,English: B2,Egyetem,"Java, Python","HARDWARE, LINUX, SPRING",On-site with home office,Full-time,1-3 years,,
2841526,Ipar 4.0 Rendszerfejlesztő És Digitalizációs Szakmérnök,Masterplast Nyrt.,https://www.profession.hu/allas/ipar-rendszerfejleszto-es-digitalizacios-szakmernok-masterplast-nyrt-sarszentmihaly-2841526/pro?sessionId=ed7061b1d89e7c95ce70868e0e3baa03,2026-03-04,2026-03-25,True,Sárszentmihály,,"{'English': 'B2'}, {'German': 'B2'}",Bachelor,,,On-site with home office,Full-time,1-3 years,,
2833168,Szoftver tesztmérnök,Info-M Zrt.,https://www.profession.hu/allas/szoftver-tesztmernok-info-m-zrt-budapest-2833168?sessionId=ed7061b1d89e7c95ce70868e0e3baa03,2026-03-04,2026-03-20,False,Budapest,,,Főiskola,"Python, JavaScript","SELENIUM, ISTQB, SQL, GIT, JAVASCRIPT, JIRA, BACKEND, FRONTEND, DEVOPS, POSTMAN, ORACLE, TRELLO, SVN, AGILIS",,Teljes munkaidő,3-5 év,,
2832912,Projektmenedzser,RÁBA Nyrt.,https://www.profession.hu/allas/projektmenedzser-raba-nyrt-gyor-2832912?sessionId=ed7061b1d89e7c95ce70868e0e3baa03,2026-03-04,2026-03-20,False,Győr,,English: B2,Bachelor,,,Hybrid,Full-time,3-5 years,,
2836285,Agile coach (GYK),Tech People Hungary Kft.,https://www.profession.hu/allas/agile-coach-gyk-tech-people-hungary-kft-budapest-2836285?sessionId=ed7061b1d89e7c95ce70868e0e3baa03,2026-03-04,2026-03-23,False,Budapest,,{'English': 'CEFR level not specified'},Felsőoktatási szakképzés,,"JIRA, Confluence, Service Now",Hybrid,Full-time,3-5 years,,
2834428,IT Business Analyst,IdomSoft Zrt.,https://www.profession.hu/allas/it-business-analyst-idomsoft-zrt-budapest-2834428/pro?sessionId=ed7061b1d89e7c95ce70868e0e3baa03,2026-03-04,2026-03-20,False,Budapest,,,Főiskola,,"Jira, Confluence, Miro",Hybrid,Full-time,3-5 years,,
2833511,ERP logisztikai konzulens/tanácsadó,BECK AND PARTNERS Kft.,https://www.profession.hu/allas/erp-logisztikai-konzulens-tanacsado-beck-and-partners-kft-2833511?sessionId=ed7061b1d89e7c95ce70868e0e3baa03,2026-03-04,2026-03-17,False,Budapest,,English: B2,Főiskola,,"ERP, SQL",Általános munkarend,Teljes munkaidő,3-5 év tapasztalat,,
2841516,ANGULAR DEVELOPER (3871),HumanField Kft,https://www.profession.hu/allas/angular-developer-humanfield-kft-2841516/pro?sessionId=ed7061b1d89e7c95ce70868e0e3baa03,2026-03-04,2026-03-25,True,Budapest,,English: B2,Főiskola,"Angular, HTML, CSS, JavaScript, Git","Angular, HTML, CSS, JavaScript, Git","Full-remote munkavégzés lehetőség, rugalmas munkarenddel",Teljes munkaidő,3-5 év tapasztalat,,
2840278,Medior UI/UX Designer,DYNTELL Magyarország Kft.,https://www.profession.hu/allas/medior-ui-ux-designer-dyntell-magyarorszag-kft-debrecen-2840278?sessionId=ed7061b1d89e7c95ce70868e0e3baa03,2026-03-04,2026-03-25,True,Debrecen,,English: B2,Főiskola,,"Adobe Ps, Adobe Ai, Adobe Id, Figma, Sketch, XD","Távmunka / Remote, Opcionális iroda",Teljes munkaidő Alkalmazotti jogviszony,1-3 év,,
2838176,Devops mérnök,Lechner Nonprofit Kft.,https://www.profession.hu/allas/devops-mernok-lechner-nonprofit-kft-budapest-2838176/pro?sessionId=ed7061b1d89e7c95ce70868e0e3baa03,2026-03-04,2026-03-25,True,Budapest,,,Főiskola,"BASH, PYTHON, GIT, AWS, DEVOPS, AZURE, CLOUD, DOCKER, JAVA, JENKINS, SPRING, DNS, MAVEN, CI","Helm, kubectl, Maven, Gradle, GitLab CI, GitHub Actions, Docker, Jenkins, Prometheus, Grafana, ELK stack",,Teljes munkaidő,3-5 év tapasztalat,,
2836015,IT üzleti elemző,Capgemini Magyarország Kft.,https://www.profession.hu/allas/it-uzleti-elemzo-capgemini-magyarorszag-kft-2836015?sessionId=ed7061b1d89e7c95ce70868e0e3baa03,2026-03-04,2026-03-23,False,Budapest,,English: B2,Főiskola,,,Hybrid,Full-time,3-5 years,,
2834466,Data Engineer,One Magyarország Zrt.,https://www.profession.hu/allas/data-engineer-one-magyarorszag-zrt-2834466?sessionId=ed7061b1d89e7c95ce70868e0e3baa03,2026-03-04,2026-03-23,False,Budapest,,English: B2,Főiskola,"Python, SQL","Google Cloud Platform (GCP), BigQuery, Airflow",Hibrid munkavégzés,Teljes munkaidő,3-5 év,,
2836276,Azure System Specialist,MOL Nyrt.,https://www.profession.hu/allas/azure-system-specialist-mol-nyrt-budapest-2836276?sessionId=ed7061b1d89e7c95ce70868e0e3baa03,2026-03-04,2026-03-23,False,Budapest,,English: B2,"Bachelor's degree in computer science, IT, or related field",,"Azure-native and custom components, PowerShell, Azure CLI, CI/CD, Azure DevOps, SonarCloud, JMeter, Selenium, Appium, Postman, Jira, Confluence",Hybrid (2 days remote + 3 days at the MOL Campus),Full-time,2+ years working with Azure services,,
2840397,Information Technology Early Talent Leadership Development Program,Eaton,https://www.profession.hu/allas/information-technology-early-talent-leadership-development-program-eaton-budapest-2840397?sessionId=ed7061b1d89e7c95ce70868e0e3baa03,2026-03-04,2026-03-25,True,Budapest,,English: B2,Bachelor,,,Hybrid,Full-time,0-1 years,,
2836013,Rendszerszervező,Capgemini Magyarország Kft.,https://www.profession.hu/allas/rendszerszervezo-capgemini-magyarorszag-kft-2836013?sessionId=ed7061b1d89e7c95ce70868e0e3baa03,2026-03-04,2026-03-23,False,Budapest,,English: B2,Főiskola,,"API teszteszközök (pl. SoapUI Postman), ticketing rendszer (pl Jira)",Hibrid és rugalmas munkavégzés,Teljes munkaidő,3-5 év tapasztalat,,
2835561,Szoftvertesztelő,Raiffeisen Software GmbH Magyarországi,https://www.profession.hu/allas/szoftvertesztelo-raiffeisen-software-gmbh-magyarorszagi-budapest-2835561?sessionId=ed7061b1d89e7c95ce70868e0e3baa03,2026-03-04,2026-03-22,False,Budapest,,Német középfok,Középiskola,,"Laptop, Monitor (2 db), Windows, Headset",Hybrid,Full-time,1-3 years,,
2835912,Solution Architect,Alfa Vienna Insurance Group Biztosító Zrt.,https://www.profession.hu/allas/solution-architect-alfa-vienna-insurance-group-biztosito-zrt-budapest-2835912?sessionId=ed7061b1d89e7c95ce70868e0e3baa03,2026-03-04,2026-03-22,False,Budapest,,"English: B2, Hungarian: C1",Főiskola (College),,,Hybrid,Full-time,5-10 years,,
2841426,Információbiztonsági szakértő (junior),ProCons Kft.,https://www.profession.hu/allas/informaciobiztonsagi-szakerto-junior-procons-kft-kecskemet-2841426/pro?sessionId=ed7061b1d89e7c95ce70868e0e3baa03,2026-03-04,2026-03-25,True,Kecskemét,,,Főiskola,,"ISO NIS2, DORA, kiberbiztonság információbiztonság audit tanácsadó szakértő kockázatkezelés IT",Általános munkarend,Teljes munkaidő Alkalmazotti jogviszony,1-3 év tapasztalat,,
2840393,IT rendszerszervező,MagNet Bank Zrt.,https://www.profession.hu/allas/it-rendszerszervezo-magnet-bank-zrt-budapest-2840393?sessionId=ed7061b1d89e7c95ce70868e0e3baa03,2026-03-04,2026-03-25,True,Budapest,,English: B2,Felsőfokú szakirányú végzettség (informatikai),"SQL, UML",,,Full-time,1-3 years,,
2841021,Projekt Koordinátor - Kecskemét,Formel D Magyarország Kft.,https://www.profession.hu/allas/projekt-koordinator-kecskemet-formel-d-magyarorszag-kft-kecskemet-2841021?sessionId=ed7061b1d89e7c95ce70868e0e3baa03,2026-03-04,2026-03-25,True,Kecskemét,,Német középfok,Középiskola 'B' kat.,,MS OFFICE,Általános munkarend,Teljes munkaidő,1-3 év,,
2836310,Senior Java Backend fejlesztő – Spring Boot (GYW),Tech People Hungary Kft.,https://www.profession.hu/allas/senior-java-backend-fejleszto-spring-boot-gyw-tech-people-hungary-kft-budapest-2836310?sessionId=ed7061b1d89e7c95ce70868e0e3baa03,2026-03-04,2026-03-23,False,Budapest,,English: B2,Felsőoktatási szakképzés,"Java, Spring, SQL, GIT, MAVEN, AGILIS, BACKEND, DOCKER, REST, KOTLIN, NOSQL, LINUX, UNIX","OpenApi, Microservice",Hibrid,Teljes munkaidő,5+ év,,
2827657,Scrum master Professional,UNIQA Insurance Group AG Magyarországi Fióktelepe,https://www.profession.hu/allas/scrum-master-professional-uniqa-insurance-group-ag-magyarorszagi-fioktelepe-budapest-2827657?sessionId=ed7061b1d89e7c95ce70868e0e3baa03,2026-03-04,2026-03-13,False,Budapest,,"English: B2, German: B2",Főiskola,,"Jira (Hive), Miro",Hybrid,Full-time,3-5 years,,
2840677,Backend fejlesztő,XTRADEVELOPERS Kft.,https://www.profession.hu/allas/backend-fejleszto-xtradevelopers-kft-2840677?sessionId=ed7061b1d89e7c95ce70868e0e3baa03,2026-03-04,2026-03-25,True,Magyarország,,English: B1,Középiskola,"PHP, Laravel, MySQL, PostgreSQL, JavaScript, Git, HTML5, React, CSS3","LARAVEL, MYSQL, PHP, SQL, POSTGRESQL, JAVASCRIPT, BACKEND, GIT, HTML5, REACT, ERP, CSS3, Git API, Rest MVC, Svn",Távmunka / Remote,Teljes munkaidő,1-3 év tapasztalat,,
2836043,Medior IT projektmenedzser,Capgemini Magyarország Kft.,https://www.profession.hu/allas/medior-it-projektmenedzser-capgemini-magyarorszag-kft-2836043?sessionId=ed7061b1d89e7c95ce70868e0e3baa03,2026-03-04,2026-03-23,False,Budapest,,English: B2,Főiskola,,,Hibrid és rugalmas munkavégzési lehetőségek,Teljes munkaidő,1-3 év tapasztalat,,
2832200,Adattudományi informatikai gyakornoki program,Nemzeti Adó- és Vámhivatal,https://www.profession.hu/allas/adattudomanyi-informatikai-gyakornoki-program-nemzeti-ado-es-vamhivatal-2832200?sessionId=ed7061b1d89e7c95ce70868e0e3baa03,2026-03-04,2026-03-20,False,"Békéscsaba, Budapest, Debrecen, Kaposvár, Kecskemét, Salgótarján, Szeged, Szekszárd, Szombathely, Tatabánya, Veszprém, Zalaegerszeg",,,Középiskola,"Python, R, SQL, SAS, Office",,Rugalmas munkaidő (órarendhez igazodik),Gyakornoki jogviszony,,,
2827642,Scrum master,UNIQA Insurance Group AG Magyarországi Fióktelepe,https://www.profession.hu/allas/scrum-master-uniqa-insurance-group-ag-magyarorszagi-fioktelepe-budapest-2827642?sessionId=ed7061b1d89e7c95ce70868e0e3baa03,2026-03-04,2026-03-13,False,Budapest,,"English: B2, German: B2",Főiskola,,"Jira (Hive), Miro",Hybrid,Full-time,1-3 years,,
2840379,Sr. Machine Learning Szoftvermérnök,Nova HR,https://www.profession.hu/allas/sr-machine-learning-szoftvermernok-nova-hr-2840379?sessionId=ed7061b1d89e7c95ce70868e0e3baa03,2026-03-04,2026-03-25,True,Magyarországon belül bárhonnan,,Angol felsőfok,Főiskola,Python,"PYTHON, AZURE MACHINE LEARNING, AWS",Home-Office,Full-time,5-10 év,,
2840508,SAP Server Management Infrastructure Specialist (LJT),Tech People Hungary Kft.,https://www.profession.hu/allas/sap-server-management-infrastructure-specialist-ljt-tech-people-hungary-kft-budapest-2840508?sessionId=ed7061b1d89e7c95ce70868e0e3baa03,2026-03-04,2026-03-25,True,Budapest,,English: B2,Felsőoktatási szakképzés,"Linux, Red Hat, SUSE","Chef, Puppet, Ansible",Hybrid,Full-time,5-10 years,,
2836381,Licencmenedzser,MBH Bank Nyrt.,https://www.profession.hu/allas/licencmenedzser-mbh-bank-nyrt-2836381?sessionId=ed7061b1d89e7c95ce70868e0e3baa03,2026-03-04,2026-03-05,False,Budapest,,English: A1,Főiskola,,ORACLE,Hybrid,Full-time,3-5 years,,
2844999,GEN AI Intern,Tata Consultancy Services Limited,https://www.profession.hu/allas/gen-ai-intern-tata-consultancy-services-limited-budapest-2844999?sessionId=ed7061b1d89e7c95ce70868e0e3baa03,2026-03-04,2026-03-25,True,Budapest,,English: B2,Bachelor,"Python, Java",,Full-time,Internship,0-1 years,,
2841384,Device Management CoE Lead,MAGYAR TELEKOM NYRT.,https://www.profession.hu/allas/device-management-coe-lead-magyar-telekom-nyrt-budapest-2841384?sessionId=ed7061b1d89e7c95ce70868e0e3baa03,2026-03-04,2026-03-25,True,Budapest,,English: B2,Főiskola,,,Hibrid munkavégzésben otthonról és a Telekom Campuson,Teljes munkaidő,5-10 év tapasztalat,,
2845159,JUNIOR RPA DEVELOPER (3876),HumanField Kft,https://www.profession.hu/allas/junior-rpa-developer-humanfield-kft-2845159?sessionId=ed7061b1d89e7c95ce70868e0e3baa03,2026-03-04,2026-03-25,True,Budapest,,English: B2,"Bachelor's degree, preferably in business informatics or a related field.",,"Microsoft Power Automate, Business Intelligence, Microsoft Power BI, Microsoft Power Apps, PowerPivot, Low-Code Development, RPA, Low-code, No-code",Hybrid,Full-time,1-3 years,,
2845158,JUNIOR POWER BI SPECIALIST (3878),HumanField Kft,https://www.profession.hu/allas/junior-power-bi-specialist-humanfield-kft-2845158?sessionId=ed7061b1d89e7c95ce70868e0e3baa03,2026-03-04,2026-03-25,True,Budapest,,English: B2,"Bachelor's degree, preferably in business informatics or a related field.","Power BI, Power Platform","Microsoft Power Automate, Business Intelligence, Microsoft Power BI, Microsoft Power Apps, PowerPivot, Low-Code Development, RPA, Low-code, No-code",Hybrid,Full-time,1-3 years,,
2845143,WordPress webfejlesztő,Széchenyi István Egyetem,https://www.profession.hu/allas/wordpress-webfejleszto-szechenyi-istvan-egyetem-gyor-2845143?sessionId=ed7061b1d89e7c95ce70868e0e3baa03,2026-03-04,2026-03-18,False,Győr,,English: B2,Főiskola,WordPress,WORDPRESS,Általános munkarend,Teljes munkaidő,1-3 év tapasztalat,,
2845127,IT projektmenedzser,Széchenyi István Egyetem,https://www.profession.hu/allas/it-projektmenedzser-szechenyi-istvan-egyetem-gyor-2845127?sessionId=ed7061b1d89e7c95ce70868e0e3baa03,2026-03-04,2026-03-25,True,Győr,,English: B2,Főiskola,,,Általános munkarend,Teljes munkaidő,1-3 év tapasztalat,,
2844912,Business Process Analyst,Grafton Recruitment,https://www.profession.hu/allas/business-process-analyst-grafton-recruitment-2844912?sessionId=ed7061b1d89e7c95ce70868e0e3baa03,2026-03-04,2026-03-25,True,Budapest,,"English: B2, Magyar anyanyelvi szint",Általános iskola,,SAP,Hibrid,Teljes munkaidő,Pályakezdő/friss diplomás,,
2844904,BI fejlesztő,Raiffeisen Software GmbH Magyarországi,https://www.profession.hu/allas/bi-fejleszto-raiffeisen-software-gmbh-magyarorszagi-budapest-2844904?sessionId=ed7061b1d89e7c95ce70868e0e3baa03,2026-03-04,2026-03-25,True,Budapest,,Német középfok,Középiskola,"SQL, Python","Databricks, Microsoft Fabric",Hibrid,Teljes munkaidő,1-3 év tapasztalat,,
2844863,C# / .NET fejlesztő,Budapesti Értéktőzsde Nyrt.,https://www.profession.hu/allas/c-net-fejleszto-budapesti-ertektozsde-nyrt-budapest-2844863?sessionId=ed7061b1d89e7c95ce70868e0e3baa03,2026-03-04,2026-03-25,True,Budapest,,English: B2,Bachelor,"C#, .NET","MSSQL, ITIL",Hybrid,Full-time,3-5 years,,
2840763,Digitális akadálymentesítési szerkesztő,NEMZETI MÉDIA- ÉS HÍRKÖZLÉSI HATÓSÁG,https://www.profession.hu/allas/digitalis-akadalymentesitesi-szerkeszto-nemzeti-media-es-hirkozlesi-hatosag-budapest-2840763?sessionId=ed7061b1d89e7c95ce70868e0e3baa03,2026-03-04,2026-03-25,True,Budapest,,{'Language': 'Hungarian'},Középiskola,,"Acrobat Pro, MS Office",Hivatali munkarend törzsidővel,Teljes munkaidő,1-3 év tapasztalat,,
2844698,Tesztelő,Pillér Nonprofit Kft,https://www.profession.hu/allas/tesztelo-piller-nonprofit-kft-budapest-2844698?sessionId=ed7061b1d89e7c95ce70868e0e3baa03,2026-03-04,2026-03-25,True,Budapest,,"{'Language': 'English', 'CEFR Level': 'B2'}",Középiskola,,"SQL, ISTQB, UML, API",Hibrid,Teljes munkaidő,5-10 év tapasztalat,,
2844691,Java fejlesztő,Pénzjegynyomda Zrt.,https://www.profession.hu/allas/java-fejleszto-penzjegynyomda-zrt-budapest-2844691?sessionId=ed7061b1d89e7c95ce70868e0e3baa03,2026-03-04,2026-03-25,True,Budapest,,English: B2,Egyetem,"HTML, GIT, JAVA",,Hibrid,Teljes munkaidő,5-10 év tapasztalat,,
2844682,Full-stack fejlesztő,Soft Consulting Hungary Zrt.,https://www.profession.hu/allas/full-stack-fejleszto-soft-consulting-hungary-zrt-budapest-2844682?sessionId=ed7061b1d89e7c95ce70868e0e3baa03,2026-03-04,2026-03-25,True,Budapest,,,Főiskola,"C#, HTML, CSS","GIT, Entity Framework, Linq2DB",Teljes munkaidő (full-time),Alkalmazotti jogviszony (employee contract),3-5 év tapasztalat,,
2830943,Vezető IT Üzleti elemző,MVM Next Energiakereskedelmi Zrt.,https://www.profession.hu/allas/vezeto-it-uzleti-elemzo-mvm-next-energiakereskedelmi-zrt-budapest-2830943?sessionId=ed7061b1d89e7c95ce70868e0e3baa03,2026-03-04,2026-03-14,False,Budapest,,,Főiskola,,"MS OFFICE, SQL, POWER BI, ADATTÁRHÁZ, UAT BI",Teljes munkaidő Általános munkarend,Full-time,5-10 év tapasztalat,,
2831333,Információ Biztonsági Felelős (Regionális),DHL Global Management GmbH,https://www.profession.hu/allas/informacio-biztonsagi-felelos-regionalis-dhl-global-management-gmbh-2831333?sessionId=ed7061b1d89e7c95ce70868e0e3baa03,2026-03-04,2026-03-14,False,Budapest,,"{'English': 'C1'}, {'Hungarian': 'C1'}","University Degree in Computer Science, Information Systems, or related field",,ISO SECURITY PROJECT MANAGEMENT PMP,Full-time,Full-time,5+ years,,
2832293,Senior Automation Developer,Grafton Recruitment,https://www.profession.hu/allas/senior-automation-developer-grafton-recruitment-2832293?sessionId=ed7061b1d89e7c95ce70868e0e3baa03,2026-03-04,2026-03-17,False,Budapest,,English: B2,Bachelor,"Python, JavaScript, Node.js, VBA/VBS, SAP Scripting","UiPath, RPA, Google App Script, SAP Script",Hybrid,Full-time,5+ years,,
2831813,SENIOR RENDSZERSZERVEZŐ (KÜT és ügyféladat kezelő alkalmazások),Raiffeisen Bank Zrt.,https://www.profession.hu/allas/senior-rendszerszervezo-kut-es-ugyfeladat-kezelo-alkalmazasok-raiffeisen-bank-zrt-budapest-2831813?sessionId=ed7061b1d89e7c95ce70868e0e3baa03,2026-03-04,2026-03-05,False,Budapest,,English: B2,Főiskola,,"API AGILIS, REST",Hibrid,Teljes munkaidő,1-3 years,,
2830465,Business Analyst - Lexholding ZRt.,Lexholding ZRt.,https://www.profession.hu/allas/business-analyst-lexholding-zrt-lexholding-zrt-budapest-2830465?sessionId=ed7061b1d89e7c95ce70868e0e3baa03,2026-03-04,2026-03-14,False,Budapest,,,Főiskola,,,Általános munkarend,Teljes munkaidő,1-3 év tapasztalat,,
2832284,IT vezető,Trenkwalder,https://www.profession.hu/allas/it-vezeto-trenkwalder-2832284?sessionId=ed7061b1d89e7c95ce70868e0e3baa03,2026-03-04,2026-03-16,False,Baranya megye,,English: B2,Főiskola,,,On-site,Full-time,3-5 years,,
2831729,Teszt technikus ( SMT gyártás ),Cloud Network Technology Kft.,https://www.profession.hu/allas/teszt-technikus-smt-gyartas-cloud-network-technology-kft-komarom-2831729?sessionId=ed7061b1d89e7c95ce70868e0e3baa03,2026-03-04,2026-03-18,False,Komárom,,English: B2,Középiskola,,,3 műszakos munkarend,Teljes munkaidő,1-3 év tapasztalat,,
2839318,Senior full-stack szoftverfejlesztő,TIGRA Zrt.,https://www.profession.hu/allas/senior-full-stack-szoftverfejleszto-tigra-zrt-budapest-2839318?sessionId=ed7061b1d89e7c95ce70868e0e3baa03,2026-03-04,2026-03-25,True,Budapest,,English: B2,Főiskola,"Java, Springboot, Angular",,Hybrid,Full-time,3-5 years,,
2830657,SENIOR SCRUM MASTER/AGILE COACH - GERMAN SPEAKER (NT),Tech People Hungary Kft.,https://www.profession.hu/allas/senior-scrum-master-agile-coach-german-speaker-nt-tech-people-hungary-kft-budapest-2830657?sessionId=ed7061b1d89e7c95ce70868e0e3baa03,2026-03-04,2026-03-16,False,Budapest,,"{'English': 'C1'}, {'German': 'C1'}",Főiskola,,"Jira, Confluence",Hybrid,Full-time,3-5 years,,
2830012,SENIOR FRONT-END DEVELOPER (REACT NATIVE) - CONTRACTING (EW21),Tech People Hungary Kft.,https://www.profession.hu/allas/senior-front-end-developer-react-native-contracting-ew-tech-people-hungary-kft-2830012?sessionId=ed7061b1d89e7c95ce70868e0e3baa03,2026-03-04,2026-03-14,False,Hungary,,English: B2,Felsőoktatási szakképzés,"React Native, JavaScript/TypeScript",MacBook,Home-Office,Full-time,5+ years,,
2840179,"Vezető Fejlesztő (.NET, C#)",Nova HR,https://www.profession.hu/allas/vezeto-fejleszto-net-c-nova-hr-2840179?sessionId=ed7061b1d89e7c95ce70868e0e3baa03,2026-03-04,2026-03-25,True,Magyarország,,English: C1,Főiskola,"C#, .NET, React.js","Azure, DevOps, SQL, MySQL",Home-Office,Full-time,>10 év,,
2835557,Tesztautomatizáló mérnök,Raiffeisen Software GmbH Magyarországi,https://www.profession.hu/allas/tesztautomatizalo-mernok-raiffeisen-software-gmbh-magyarorszagi-budapest-2835557?sessionId=ed7061b1d89e7c95ce70868e0e3baa03,2026-03-04,2026-03-22,False,Budapest,,Német középfok,Középiskola,,"Powershell, Groovy, Postman, JMeter, Jenkins",Hybrid,Full-time,1-3 years,,
2830010,"MANUÁLIS TESZTELŐ, BANKOS PROJEKT (EO6)",Tech People Hungary Kft.,https://www.profession.hu/allas/manualis-tesztelo-bankos-projekt-eo-tech-people-hungary-kft-budapest-2830010?sessionId=ed7061b1d89e7c95ce70868e0e3baa03,2026-03-04,2026-03-14,False,Budapest,,English: B2,Felsőoktatási szakképzés,,"ISTQB, JIRA, AGILIS",Hybrid,Full-time,1-3 years,,
2828555,Gazdasági informatikus (Bábolna),IKR Agrár Kft.,https://www.profession.hu/allas/gazdasagi-informatikus-babolna-ikr-agrar-kft-babolna-2828555?sessionId=ed7061b1d89e7c95ce70868e0e3baa03,2026-03-04,2026-03-14,False,Bábolna,,,Főiskola,,"Laptop, Mobiltelefon",Hybrid,Full-time,1-3 years,,
2840386,LEAD FRONTEND DEVELOPER & TECHNICAL MENTOR (3861),HumanField Kft,https://www.profession.hu/allas/lead-frontend-developer-technical-mentor-humanfield-kft-2840386/pro?sessionId=ed7061b1d89e7c95ce70868e0e3baa03,2026-03-04,2026-03-25,True,Budapest,,,Középiskola,"React, TypeScript","Redux Toolkit, TanStack Table, TanStack Query, Azure AD, MSAL, Storybook, Playwright, CI/CD, Tailwind CSS, atomic design, Final Form, React Hook Form",,Full-time,5+ years,,
2835062,IT Compliance Officer (IT/OT),Richter Gedeon Nyrt.,https://www.profession.hu/allas/it-compliance-officer-it-ot-richter-gedeon-nyrt-budapest-2835062?sessionId=ed7061b1d89e7c95ce70868e0e3baa03,2026-03-04,2026-03-22,False,Budapest,,English: B2,Főiskola,,,Teljes munkaidő Alkalmazotti jogviszony,Full-time,3-5 év tapasztalat,,
2839726,IT Business Partner,Richter Gedeon Nyrt.,https://www.profession.hu/allas/it-business-partner-richter-gedeon-nyrt-2839726?sessionId=ed7061b1d89e7c95ce70868e0e3baa03,2026-03-04,2026-03-25,True,Budapest,,English: B2,Főiskola,,,,Full-time,3-5 years,,
2835014,Test engineer,Pepperl+Fuchs Kft.,https://www.profession.hu/allas/test-engineer-pepperl-fuchs-kft-veszprem-2835014?sessionId=ed7061b1d89e7c95ce70868e0e3baa03,2026-03-04,2026-03-22,False,Veszprém,,{'English': 'B2'},Főiskola,"C, C#",MS Office,Rugalmas munkaidő (Flexible work arrangement),Teljes munkaidő (Full-time),3-5 év tapasztalat,,
2830682,IT Biztonságtechnikai menedzser,Tech People Hungary Kft.,https://www.profession.hu/allas/it-biztonsagtechnikai-menedzser-tech-people-hungary-kft-budapest-2830682?sessionId=ed7061b1d89e7c95ce70868e0e3baa03,2026-03-04,2026-03-16,False,Budapest,,English: B2,Főiskola (Bachelor),,,Általános munkarend (Full-time),Teljes munkaidő (Full-time),3-5 év tapasztalat (3-5 years),,
2839266,Senior Data Engineer,Tata Consultancy Services Limited,https://www.profession.hu/allas/senior-data-engineer-tata-consultancy-services-limited-budapest-2839266?sessionId=ed7061b1d89e7c95ce70868e0e3baa03,2026-03-04,2026-03-25,True,Budapest,,English: B2,Bachelor,,"dbt, GitHub Actions, JFrog, AWS Redshift, CloudWatch, Redshift Console, Airflow, AWS Glue",Hybrid,Full-time,5+ years,,
2830418,Senior Data Architect,MOL Nyrt.,https://www.profession.hu/allas/senior-data-architect-mol-nyrt-budapest-2830418?sessionId=ed7061b1d89e7c95ce70868e0e3baa03,2026-03-04,2026-03-16,False,Budapest,,English: B2,Bachelor,,"Synapse, Databricks, Delta Lake",Hybrid,Full-time,3-5 years,,
2831644,IT megfelelőségi gyakornok,Fürge Diák Iskolaszövetkezet,https://www.profession.hu/allas/it-megfelelosegi-gyakornok-furge-diak-iskolaszovetkezet-budapest-2831644?sessionId=ed7061b1d89e7c95ce70868e0e3baa03,2026-03-04,2026-03-18,False,Budapest,2175 Ft/óra,English: C1/C2,Középiskola,,"M365, ISO, NIST",Home office lehetőség,Diákmunka,,,
2830650,Medior PHP fejlesztő,Tech People Hungary Kft.,https://www.profession.hu/allas/medior-php-fejleszt-tech-people-hungary-kft-budapest-2830650?sessionId=ed7061b1d89e7c95ce70868e0e3baa03,2026-03-04,2026-03-16,False,Budapest,,English: B2,Főiskola,"PHP, JavaScript, HTML, CSS, XML, Shell script","CodeIgniter, Symfony, Zend, Git, gitlab, Docker, Ubuntu Linux",Home office,Full-time,1-3 years,,
2830557,QA Szakmai Vezető,Euroleasing Zrt.,https://www.profession.hu/allas/qa-szakmai-vezeto-euroleasing-zrt-budapest-2830557?sessionId=ed7061b1d89e7c95ce70868e0e3baa03,2026-03-04,2026-03-16,False,Budapest,,,Középiskola,,,Teljes munkaidő,Alkalmazotti jogviszony,5-10 év tapasztalat,,
2827526,"Full-Stack fejlesztő medior/senior (Angular, Java)",Raiffeisen Software GmbH Magyarországi,https://www.profession.hu/allas/full-stack-fejleszto-medior-senior-angular-java-raiffeisen-software-gmbh-magyarorszagi-budapest-2827526?sessionId=ed7061b1d89e7c95ce70868e0e3baa03,2026-03-04,2026-03-13,False,Budapest,,Német középfok,Középiskola,"Java, Angular, Spring Boot, Hybernate, SQL, HTML5, CSS3, Javascript/Typescript, QueryDSL, Quarkus","Atlassian termékek, Jenkins, REST, Maven, OpenApi/Swagger, SonarQube, SonarLint, Git",Hybrid,Full-time,3-5 years,,
2839718,Rendszerszervező,MagNet Bank Zrt.,https://www.profession.hu/allas/rendszerszervezo-magnet-bank-zrt-2839718?sessionId=ed7061b1d89e7c95ce70868e0e3baa03,2026-03-04,2026-03-25,True,Budapest,,,Felsőoktatási szakképzés,,"SQL, UML",Home-Office,Full-time,1-3 years,,
2835405,IT Rendszerszervező,EOS Faktor Zrt.,https://www.profession.hu/allas/it-rendszerszervezo-eos-faktor-zrt-budapest-2835405?sessionId=ed7061b1d89e7c95ce70868e0e3baa03,2026-03-04,2026-03-04,False,Budapest,,English: B2,Bachelor,"Java, SQL, NODE.JS, JAVASCRIPT","UML, BPMN",Hybrid,Full-time,1-3 years,,
2835366,Business Technology Consultant,Nufarm Hungária Kft.,https://www.profession.hu/allas/business-technology-consultant-nufarm-hungaria-kft-budapest-2835366?sessionId=ed7061b1d89e7c95ce70868e0e3baa03,2026-03-04,2026-03-22,False,Budapest,,English: B2,"Bachelor's or Master's degree in Business, Technology, or related field (or equivalent experience)",,"Oracle, SOA, EDI, Trade Manager",On-site,Full-time,5+ years,,
2835307,Rendszerszervező,HC LINEAR Kft,https://www.profession.hu/allas/rendszerszervezo-hc-linear-kft-pecs-2835307?sessionId=ed7061b1d89e7c95ce70868e0e3baa03,2026-03-04,2026-03-22,False,Pécs,,,Főiskola,"UML, AGILIS, MySQL, Qt/QML, Java, C++","Laptop, Monitor (2 db)",Helyszíni munkavégzés,Teljes munkaidő,5-10 év tapasztalat,,
2835001,Medior IT projektmenedzser,MVM Informatika Zrt.,https://www.profession.hu/allas/medior-it-projektmenedzser-mvm-informatika-zrt-paks-2835001?sessionId=ed7061b1d89e7c95ce70868e0e3baa03,2026-03-04,2026-03-18,False,"Paks, Budapest, Szeged",,"{'Language': 'English', 'Level': 'B2'}",Főiskola (Bachelor),,"MICROSOFT OFFICE, VISIO, AZURE, DEVOPS, MS PROJECT, SERVICENOW, LINUX, WINDOWS, SAP CRM, BI AGILIS",Általános munkarend (Full-time),Teljes munkaidő (Full-time),1-3 év tapasztalat (1-3 years),,
2831636,Szoftverfejlesztő gyakornok,Fürge Diák Iskolaszövetkezet,https://www.profession.hu/allas/szoftverfejleszto-gyakornok-furge-diak-iskolaszovetkezet-budapest-2831636?sessionId=ed7061b1d89e7c95ce70868e0e3baa03,2026-03-04,2026-03-18,False,Budapest,2175 Ft/óra,English: B2,Középiskola,"SQL, AZURE, BI, POWERSHELL, POWER BI","INTUNE, NEXTTHINK, GRAPHAPI",Home office lehetőség,Részmunkaidő,,,
2831339,SAP key user,BHS Trans Kft.,https://www.profession.hu/allas/sap-key-user-bhs-trans-kft-dunakeszi-2831339?sessionId=ed7061b1d89e7c95ce70868e0e3baa03,2026-03-04,2026-03-16,False,Dunakeszi,,,Főiskola,"SAP BI, POWER BI","SAP S/4HANA, Excel, Power BI",Általános munkarend (On-site),Teljes munkaidő (Full-time),1-3 év tapasztalat,,
2830603,Scrum Master (NK),Tech People Hungary Kft.,https://www.profession.hu/allas/scrum-master-nk-tech-people-hungary-kft-budapest-2830603?sessionId=ed7061b1d89e7c95ce70868e0e3baa03,2026-03-04,2026-03-16,False,Budapest,,English: B2,Főiskola,,"Agile, Kanban, SCRUM, ScrumBan",Hybrid,Full-time,3-5 years,,
2824737,"Microsoft Dynamics Navision, Business Central szakmai tanácsadó",LC Expert Kft,https://www.profession.hu/allas/microsoft-dynamics-navision-business-central-szakmai-tanacsado-lc-expert-kft-budapest-2824737/pro?sessionId=ed7061b1d89e7c95ce70868e0e3baa03,2026-03-04,2026-03-09,False,Budapest,,,Felsőoktatási szakképzés,,"Microsoft Dynamics BC, Laptop, Mobiltelefon",Hibrid,Teljes munkaidő,3-5 év tapasztalat,,
2840374,Incidensmenedzser,Profession Services,https://www.profession.hu/allas/incidensmenedzser-profession-services-budapest-2840374/pro?sessionId=ed7061b1d89e7c95ce70868e0e3baa03,2026-03-04,2026-03-25,True,Budapest,,English: B1,Egyetem,,"ITIL, CHANGE MANAGEMENT, SERVICE MANAGEMENT",Hibrid munkavégzés,Teljes munkaidő,3+ év,,
2839475,Szervizmérnök / szerviztechnikus,EURO ONE Számítástechnikai Zrt,https://www.profession.hu/allas/szervizmernok-szerviztechnikus-euro-one-szamitastechnikai-zrt-budapest-2839475?sessionId=ed7061b1d89e7c95ce70868e0e3baa03,2026-03-04,2026-03-25,True,Budapest,,English: B1,Felsőoktatási szakképzés 'B' kat. jogosítvány,,,Általános munkarend,Teljes munkaidő,1-3 év tapasztalat,,
2833395,Project manager,Cofidis Magyarországi Fióktelepe,https://www.profession.hu/allas/project-manager-cofidis-magyarorszagi-fioktelepe-budapest-2833395?sessionId=ed7061b1d89e7c95ce70868e0e3baa03,2026-03-04,2026-03-22,False,Budapest,,English: B2,Bachelor,,,Hybrid,Full-time,3-5 years,,
2830484,System Owner ServiceNow,Dr. Oetker Kft.,https://www.profession.hu/allas/system-owner-servicenow-dr-oetker-kft-budapest-2830484?sessionId=ed7061b1d89e7c95ce70868e0e3baa03,2026-03-04,2026-03-16,False,Budapest,,English: B2,Főiskola,,"ServiceNow, Flow Designer, IntegrationHub, JavaScript",Full remote work,Teljes munkaidő Alkalmazotti jogviszony,3-5 év tapasztalat,,
2835493,Cross-functional Team Lead,TRENDENCY ONLINE Zrt.,https://www.profession.hu/allas/cross-functional-team-lead-trendency-online-zrt-budapest-2835493?sessionId=ed7061b1d89e7c95ce70868e0e3baa03,2026-03-04,2026-03-22,False,Budapest,,,Középiskola,,"Jira, Confluence",Hibrid,Teljes munkaidő,3-5 év,,
2830906,IT Trainee,Hydro Extrusion Hungary Kft.,https://www.profession.hu/allas/it-trainee-hydro-extrusion-hungary-kft-szekesfehervar-2830906?sessionId=ed7061b1d89e7c95ce70868e0e3baa03,2026-03-04,2026-03-16,False,Székesfehérvár,,English: B2,Középiskola,,"Laptop, Monitor (1 db), Headset, Mobiltelefon",Hybrid,Full-time,,,
2828088,Scada mérnök,GNX Engineering Kft.,https://www.profession.hu/allas/scada-mernok-gnx-engineering-kft-budapest-2828088/pro?sessionId=ed7061b1d89e7c95ce70868e0e3baa03,2026-03-04,2026-03-13,False,Budapest,,English: B2,Bachelor,Python,"PLC, SCADA, VPN",Home-Office,Full-time,1-3 years,,
2827629,"Tesztelési, támogatási és minőségbiztosítási munkatárs",Magyar Közút Nonprofit Zrt. - Útdíj Üzletág,https://www.profession.hu/allas/tesztelesi-tamogatasi-es-minosegbiztositasi-munkatars-magyar-kozut-nonprofit-zrt-utdij-uzletag-budapest-2827629/pro?sessionId=ed7061b1d89e7c95ce70868e0e3baa03,2026-03-04,2026-03-14,False,Budapest,,,Középiskola,,MS Office,Általános munkarend,Teljes munkaidő,1-3 év,,
2815821,IT Integration Support Engineer,MEEST INTERNATIONAL sp. z o.o.,https://www.profession.hu/allas/it-integration-support-engineer-meest-international-sp-z-o-o-budapest-2815821?sessionId=ed7061b1d89e7c95ce70868e0e3baa03,2026-03-04,2026-03-14,False,Budapest,1800 - 2400 EUR gross/month,English: B2,Középiskola (High School with Diploma),,"API, SERVICENOW, REST, JIRA, CONFLUENCE",Hybrid,Full-time,1-3 years,,
2840759,Senior IT Projektmenedzser,IdomSoft Zrt.,https://www.profession.hu/allas/senior-it-projektmenedzser-idomsoft-zrt-budapest-2840759/pro?sessionId=ed7061b1d89e7c95ce70868e0e3baa03,2026-03-04,2026-03-10,False,Budapest,,English: B2,Főiskola,,,Hybrid,Full-time,5+ years,,
2839457,EV Data and Reporting Analyst,BP Finance Business & Technology,https://www.profession.hu/allas/ev-data-and-reporting-analyst-bp-finance-business-technology-budapest-2839457?sessionId=ed7061b1d89e7c95ce70868e0e3baa03,2026-03-04,2026-03-25,True,Budapest,,English: B2,University degree in Engineering / Management / Data Analytics (or equivalent),"PowerBI, DAX, SQL, Python","Power BI, Star schema, Snowflake, Pyton",Hybrid,Full-time,1-3 years,,
2830448,IT Professional Consulting SAP EWM,Dr. Oetker Kft.,https://www.profession.hu/allas/it-professional-consulting-sap-ewm-dr-oetker-kft-budapest-2830448?sessionId=ed7061b1d89e7c95ce70868e0e3baa03,2026-03-04,2026-03-16,False,Budapest or Jánossomorja,,English: B2,Főiskola (University of Applied Sciences),"ABAP/4, Object-oriented programming ABAP OO","SAP S/4HANA EWM, SAP WM, Mobisys Solution Builder (MSB), SAP Fiori, Odata Services in the EWM S/4HANA environment",Full remote work,Full-time,5-10 év tapasztalat,,
2839253,Intermediate DevOps Engineer,Tata Consultancy Services Limited,https://www.profession.hu/allas/intermediate-devops-engineer-tata-consultancy-services-limited-budapest-2839253?sessionId=ed7061b1d89e7c95ce70868e0e3baa03,2026-03-04,2026-03-25,True,Budapest,,English: B2,Középiskola,"DEVOPS, AWS, BASH, LINUX, DOCKER, JENKINS, GIT","Terraform, Spinnaker, Grafana, CloudWatch, Kibana, PostgreSQL, RabbitMQ, Aurora DB, Ansible, Microservice",Hybrid,Full-time,3-5 years,,
2835490,Automata Szoftvertesztelő,TRENDENCY ONLINE Zrt.,https://www.profession.hu/allas/automata-szoftvertesztelo-trendency-online-zrt-budapest-2835490?sessionId=ed7061b1d89e7c95ce70868e0e3baa03,2026-03-04,2026-03-22,False,Budapest,,,Középiskola,,"Playwirght, Cypress",Hibrid,Teljes munkaidő,3-5 év tapasztalat,,
2830641,Dynamics 365 sales és customer insights szakértő (NO),Tech People Hungary Kft.,https://www.profession.hu/allas/dynamics-sales-es-customer-insights-szakerto-no-tech-people-hungary-kft-budapest-2830641?sessionId=ed7061b1d89e7c95ce70868e0e3baa03,2026-03-04,2026-03-16,False,Budapest,,English: B2,Főiskola (College),,"DYNAMICS, Microsoft D365","Hybrid (3 days office, 2 days home office)",Full-time,5-10 years,,
2834368,C#/ASP.Net programozó,DLM Solutions Kft.,https://www.profession.hu/allas/c-asp-net-programozo-dlm-solutions-kft-szolnok-2834368?sessionId=ed7061b1d89e7c95ce70868e0e3baa03,2026-03-04,2026-03-22,False,Szolnok,,English: A1,Főiskola,C#,"SQL, WPF, Git",On-site,Full-time,,,
2839512,Adatbázis szakértő/DB expert,REMEDIOS Zrt.,https://www.profession.hu/allas/adatbazis-szakerto-db-expert-remedios-zrt-budapest-2839512?sessionId=ed7061b1d89e7c95ce70868e0e3baa03,2026-03-04,2026-03-25,True,Budapest,,English: B2,"Felsőfokú végzettség, vagy azzal egyenértékű szakmai múlt","Oracle, MS SQL, PostgreSQL, MongoDB, Linux/UNIX","ORACLE, SQL POSTGRESQL, MONGODB, LINUX UNIX, ADATTÁRHÁZ AZURE AWS DOCKER ANSIBLE",Hibrid,Teljes munkaidő,3-5 év tapasztalat,,
2839247,Junior Üzleti Folyamat Automatizálási Tanácsadó,,https://www.profession.hu/allas/junior-uzleti-folyamat-automatizalasi-tanacsado-2839247?sessionId=ed7061b1d89e7c95ce70868e0e3baa03,2026-03-04,2026-03-25,True,Budapest,,"English: B2, Hungarian: Native",Bachelor,"VBA, T-SQL, MySQL","Microsoft Office, Excel, PowerPoint, Outlook",Hybrid,Full-time,,,
2835483,Ios fejlesztő,Smart Solutions Consultancy Kft.,https://www.profession.hu/allas/ios-fejleszto-smart-solutions-consultancy-kft-budapest-2835483?sessionId=ed7061b1d89e7c95ce70868e0e3baa03,2026-03-04,2026-03-22,False,Budapest,,English: B2,Főiskola,"Swift, iOS, Git, JIRA, API, MVC, BACKEND, AGILIS","Laptop, Headset, Mobiltelefon",Hybrid,Full-time,3-5 years,,
2835107,Senior SAP BTP Specialist,Richter Gedeon Nyrt.,https://www.profession.hu/allas/senior-sap-btp-specialist-richter-gedeon-nyrt-budapest-2835107?sessionId=ed7061b1d89e7c95ce70868e0e3baa03,2026-03-04,2026-03-22,False,Budapest,,English: B2,Bachelor,,"SAP Business Technology Platform (BTP), ServiceNow, Jira",Hybrid,Full-time,3-5 years,,
2830588,Senior Szoftver Architekt - AI Projekthez (NE),Tech People Hungary Kft.,https://www.profession.hu/allas/senior-szoftver-architekt-ai-projekthez-ne-tech-people-hungary-kft-budapest-2830588?sessionId=ed7061b1d89e7c95ce70868e0e3baa03,2026-03-04,2026-03-16,False,Budapest,,English: B2,Főiskola (Bachelor),".NET, SQL, NoSQL (PostgreSQL, MongoDB)","CI/CD eszközök (pl.: SonarQube, Jenkins), Verziókezelő rendszerek (pl. GIT)",Hibrid,Teljes munkaidő (Full-time),3-5 év,,
2830520,JAVA és PHP full stack fejlesztő,Euroleasing Zrt.,https://www.profession.hu/allas/java-es-php-full-stack-fejleszto-euroleasing-zrt-budapest-2830520?sessionId=ed7061b1d89e7c95ce70868e0e3baa03,2026-03-04,2026-03-16,False,Budapest,,English: B2,Bachelor,"Java, PHP","GitHub, GitLab, Microsoft Azure",Full-time,Alkalmazotti jogviszony,5-10 év tapasztalat,,
2830034,TEST AUTOMATION ENGINEER - PROJECT (ED4),Tech People Hungary Kft.,https://www.profession.hu/allas/test-automation-engineer-project-ed-tech-people-hungary-kft-2830034?sessionId=ed7061b1d89e7c95ce70868e0e3baa03,2026-03-04,2026-03-14,False,Ausztria,,English: B2,Felsőoktatási szakképzés,"JAVA, DOCKER, API, SELENIUM, JMETER, TESTING, HTML, JENKINS, JIRA, REST, ANDROID, SECURITY, CONFLUENCE","Jira, Confluence, Java, TestNG, Selenium, Appium, JMeter, Jenkins",Hybrid,Full-time,,,
2827615,Alkalmazás fejlesztési munkatárs,Magyar Közút Nonprofit Zrt. - Útdíj Üzletág,https://www.profession.hu/allas/alkalmazas-fejlesztesi-munkatars-magyar-kozut-nonprofit-zrt-utdij-uzletag-budapest-2827615/pro?sessionId=ed7061b1d89e7c95ce70868e0e3baa03,2026-03-04,2026-03-14,False,Budapest,,English: B2,Bachelor,"Java, nodeJs","Camunda, BPMN2.0, LINUX, Git, Gitflow",On-site with home office,Full-time,3-5 years,,
2835105,BI Engineer,Richter Gedeon Nyrt.,https://www.profession.hu/allas/bi-engineer-richter-gedeon-nyrt-budapest-2835105?sessionId=ed7061b1d89e7c95ce70868e0e3baa03,2026-03-04,2026-03-22,False,Budapest,,English: B2,Főiskola,"TSQL, Microsoft Analysis Services (OLAP), Power BI","MSSQL, Oracle, Cloudera DataLake technológiák (CDP, CDF), Azure DataLake, DataFactory, Databricks, SAS Guide",,Full-time,5-10 év tapasztalat,,
2835069,Junior IT Auditor,,https://www.profession.hu/allas/junior-it-auditor-2835069?sessionId=ed7061b1d89e7c95ce70868e0e3baa03,2026-03-04,2026-03-22,False,Budapest,,English: B2,Főiskola,,MICROSOFT OFFICE ISO,Hybrid,Full-time,Pályakezdő/friss diplomás,,
2833255,Global Data Service Lead,PROVIDENT PÉNZÜGYI ZRT.,https://www.profession.hu/allas/global-data-service-lead-provident-penzugyi-zrt-budapest-2833255?sessionId=ed7061b1d89e7c95ce70868e0e3baa03,2026-03-04,2026-03-22,False,Budapest,,English: B2,"Bachelor's degree in IT, Data Management, or a related discipline (or equivalent experience)",,"AWS, Snowflake, Power BI",Full-time,Full-time,1-3 years,,
2835379,Szenior projektvezető,LAUREL Kft.,https://www.profession.hu/allas/szenior-projektvezeto-laurel-kft-szekesfehervar-2835379?sessionId=ed7061b1d89e7c95ce70868e0e3baa03,2026-03-04,2026-03-22,False,Székesfehérvár,,English: B2,Főiskola,,"Microsoft Office, JIRA",Általános munkarend,Teljes munkaidő,3-5 év tapasztalat,,
2833474,Software Product Manager,4FLOW,https://www.profession.hu/allas/software-product-manager-flow-budapest-2833474?sessionId=ed7061b1d89e7c95ce70868e0e3baa03,2026-03-04,2026-03-22,False,Budapest,,English: B2,Bachelor,,,Hybrid,Full-time,1-3 years,,
2833128,Software Developer – System Integration & Content Processing,Wolters Kluwer Hungary Kft.,https://www.profession.hu/allas/software-developer-system-integration-content-processing-wolters-kluwer-hungary-kft-budapest-2833128?sessionId=ed7061b1d89e7c95ce70868e0e3baa03,2026-03-04,2026-03-25,True,Budapest,,English: B2,Bachelor,"C, C++, JAVA, JSON, REST, JIRA, CONFLUENCE, SCUM, AGILE, GIT","XML, DATABASE TROUBLESHOOTING, LAPTOP",Hybrid,Full-time,1-3 years,,
2840180,"Senior .NET, C# Fejlesztő",Nova HR,https://www.profession.hu/allas/senior-net-c-fejleszto-nova-hr-2840180?sessionId=ed7061b1d89e7c95ce70868e0e3baa03,2026-03-04,2026-03-25,True,Magyarország,,English: B2,Főiskola,"C#, .NET, ASP.NET","SQL, BACKEND, AZURE, POSTGRESQL, MYSQL, DEVOPS",Home-Office,Full-time,5+ years,,
2839610,IT koordinátor,MAPEI KFT.,https://www.profession.hu/allas/it-koordinator-mapei-kft-budaors-2839610?sessionId=ed7061b1d89e7c95ce70868e0e3baa03,2026-03-04,2026-03-25,True,Budaörs,,English: B2,Főiskola,,,Általános munkarend,Teljes munkaidő,3-5 years,,
2839502,"Robot programozó (ABB - Áprilisi kezdés, kiemelt bér)",A.W.F. Kft.,https://www.profession.hu/allas/robot-programozo-abb-aprilisi-kezdes-kiemelt-ber-a-w-f-kft-sarvar-2839502?sessionId=ed7061b1d89e7c95ce70868e0e3baa03,2026-03-04,2026-03-25,True,Sárvár,,"English: B2, German: B2",Felsőoktatási szakképzés 'B' kat. jogosítvány,,"ROBOT ABB, RAPID programnyelv",Általános munkarend (On-site),Teljes munkaidő (Full-time),1-3 years,,
2842692,Projektmenedzser,HajduSol Kft,https://www.profession.hu/allas/projektmenedzser-hajdusol-kft-2842692?sessionId=ed7061b1d89e7c95ce70868e0e3baa03,2026-03-04,2026-03-25,True,Hajdú-Bihar megye,600 EUR gross/month - 800 EUR gross/month,,Középiskola 'B' kat.,,,Teljes munkaidő (Full-time),Alkalmazotti jogviszony (Employment contract),3-5 év tapasztalat,,
2841119,Ellenőrzési szakértő (Site Control Expert),MOHU MOL Hulladékgazdálkodási Zrt.,https://www.profession.hu/allas/ellenorzesi-szakerto-site-control-expert-mohu-mol-hulladekgazdalkodasi-zrt-budapest-2841119?sessionId=ed7061b1d89e7c95ce70868e0e3baa03,2026-03-04,2026-03-11,False,Budapest,,English: B2,Főiskola (Bachelor),,,On-site with home office,Full-time,1-3 years,,
2842908,AI Solution Architect,KPMG Tanácsadó Kft.,https://www.profession.hu/allas/ai-solution-architect-kpmg-tanacsado-kft-2842908?sessionId=ed7061b1d89e7c95ce70868e0e3baa03,2026-03-04,2026-03-25,True,Budapest,,"English: B2, Magyar",Főiskola,"CLOUD, AZURE, AWS, ANALYTICS","Laptop, iPhone",Hybrid,Full-time,5-10 years,,
2842907,SAP FI Advisor,KPMG Tanácsadó Kft.,https://www.profession.hu/allas/sap-fi-advisor-kpmg-tanacsado-kft-budapest-2842907?sessionId=ed7061b1d89e7c95ce70868e0e3baa03,2026-03-04,2026-03-25,True,Budapest,,"English: B2, Hungarian",Bachelor,SAP CLOUD,"Laptop, iPhone",Hybrid,Full-time,1-3 years,,
2842885,Testing Engineer,Huawei Technologies Hungary Kft.,https://www.profession.hu/allas/testing-engineer-huawei-technologies-hungary-kft-komarom-2842885?sessionId=ed7061b1d89e7c95ce70868e0e3baa03,2026-03-04,2026-03-25,True,Komarom,,English: B2,Bachelor,,,On-site with home office,Full-time,1-3 years,,
2842285,IT biztonsági tanácsadó,SECURITY.HU KFT.,https://www.profession.hu/allas/it-biztonsagi-tanacsado-security-hu-kft-budapest-2842285?sessionId=ed7061b1d89e7c95ce70868e0e3baa03,2026-03-04,2026-03-25,True,Budapest,,English: B1,Felsőoktatási szakképzés,,"Laptop, Mobiltelefon",Hybrid,Full-time,3-5 years,,
2842868,E-Sport Streamer_Prof - Diákmunka,Pannon-Work Zrt.,https://www.profession.hu/allas/e-sport-streamer-prof-diakmunka-pannon-work-zrt-kaposvar-2842868?sessionId=ed7061b1d89e7c95ce70868e0e3baa03,2026-03-04,2026-03-25,True,Kaposvár,,English: B2,High School with Diploma,,,Home-Office,Full-time,0-1 years,,
2842632,Senior Software Test Engineer – Industrial Automation,evosoft Hungary Kft,https://www.profession.hu/allas/senior-software-test-engineer-industrial-automation-evosoft-hungary-kft-budapest-2842632?sessionId=ed7061b1d89e7c95ce70868e0e3baa03,2026-03-04,2026-03-25,True,Budapest,,English: B2,Egyetem (University degree),,"TIA Portal, SIMATIC S7-1200 / 1500 ecosystems, Jenkins, C#, Python",Hybrid,Full-time,5+ years,,
2828547,Angular frontend fejlesztő,UNIX AUTÓ KFT.,https://www.profession.hu/allas/angular-frontend-fejleszto-unix-auto-kft-budapest-2828547?sessionId=ed7061b1d89e7c95ce70868e0e3baa03,2026-03-04,2026-03-14,False,Budapest,1000000 - 1400000 Ft/hó,,Középiskola,"Angular, TypeScript","Visual Studio Code, Git, Webpack, Electron",On-site,Full-time,3-5 years,,
2842737,Rendszerszervező (Banki terület),Nova HR,https://www.profession.hu/allas/rendszerszervezo-banki-terulet-nova-hr-budapest-2842737?sessionId=ed7061b1d89e7c95ce70868e0e3baa03,2026-03-04,2026-03-25,True,Budapest,,English: B2,Főiskola,,"AGILIS, UML, SQL, BPMN, API, WEBSERVICE, REST",Hybrid,Full-time,3-5 years,,
2842718,Data Bricks Expert / Azure Data Engineering Expert,Rathgeber Magyarország Kft.,https://www.profession.hu/allas/data-bricks-expert-azure-data-engineering-expert-rathgeber-magyarorszag-kft-szekesfehervar-2842718?sessionId=ed7061b1d89e7c95ce70868e0e3baa03,2026-03-04,2026-03-25,True,Székesfehérvár,750-950 EUR gross/month,English: C1,Főiskola 'B' kat. jogosítvány,"Databricks Platform, Apache Spark, Delta Lake, SQL, Oracle","Laptop, Desktop PC",Full-time,"Permanent, full-time position",3-5 years,,
2842659,Senior Integrációs Specialista (Java),BECK AND PARTNERS Kft.,https://www.profession.hu/allas/senior-integracios-specialista-java-beck-and-partners-kft-pecs-2842659?sessionId=ed7061b1d89e7c95ce70868e0e3baa03,2026-03-04,2026-03-25,True,Pécs,,English: B2,Középiskola,"Java, Spring Boot, SQL (Oracle, PostgreSQL)","Git, CI/CD gyakorlat",Hibrid,Full-time,7+ év,,
2842636,IT Assistant Manager (Security & Infrastructure),Mobis Hungary Kft.,https://www.profession.hu/allas/it-assistant-manager-security-infrastructure-mobis-hungary-kft-kecskemet-2842636?sessionId=ed7061b1d89e7c95ce70868e0e3baa03,2026-03-04,2026-03-25,True,Kecskemét,,English: B2,High School with Diploma,,,On-site,Full-time,1-3 years,,
2842424,MES fejlesztő,Knorr-Bremse,https://www.profession.hu/allas/mes-fejleszto-knorr-bremse-budapest-2842424?sessionId=ed7061b1d89e7c95ce70868e0e3baa03,2026-03-04,2026-03-25,True,Budapest,,,Középiskola,JAVASCRIPT,"ERP, API, REST",Teljes munkaidő Általános munkarend,Full-time,1-3 év tapasztalat,,
2826153,IT business analyst,GriffSoft Zrt.,https://www.profession.hu/allas/it-business-analyst-griffsoft-zrt-budapest-2826153?sessionId=ed7061b1d89e7c95ce70868e0e3baa03,2026-03-04,2026-03-11,False,Budapest,,,Főiskola,C#,"AGILIS, SQL, UML, AZURE, SCRUM, DEVOPS, GIT, BPMN, FIGMA",Hybrid,Full-time,3-5 years,,
2842308,Omnichannel Payment Specialist,Decathlon,https://www.profession.hu/allas/omnichannel-payment-specialist-decathlon-budaors-2842308/pro?sessionId=ed7061b1d89e7c95ce70868e0e3baa03,2026-03-04,2026-03-25,True,Budaörs,,"English: B2, Hungarian",Főiskola,,,Hybrid,Full-time,3-5 years,,
2842298,IT Delivery Lead,Alfa Vienna Insurance Group Biztosító Zrt.,https://www.profession.hu/allas/it-delivery-lead-alfa-vienna-insurance-group-biztosito-zrt-budapest-2842298?sessionId=ed7061b1d89e7c95ce70868e0e3baa03,2026-03-04,2026-03-25,True,Budapest,,English: B2,Főiskola,,"AGILIS, JIRA, CONFLUENCE",Hybrid,Full-time,3-5 years,,
2841547,PLC programozó,VT ASYST Kft.,https://www.profession.hu/allas/plc-programozo-vt-asyst-kft-szekesfehervar-2841547?sessionId=ed7061b1d89e7c95ce70868e0e3baa03,2026-03-04,2026-03-25,True,Székesfehérvár,,"{'Language': 'English', 'CEFR Level': 'B'}, {'Language': 'German', 'CEFR Level': 'B'}",Bachelor,"PLC, HMI, SCADA","ROBOT, SIEMENS PLC",On-site with home office,Full-time,1-3 years,,
2825752,JAVA Fejlesztő (Banki területre),Nova HR,https://www.profession.hu/allas/java-fejleszto-banki-teruletre-nova-hr-budapest-2825752?sessionId=ed7061b1d89e7c95ce70868e0e3baa03,2026-03-04,2026-03-08,False,Budapest,,English: B2,Főiskola,"JAVA, AGILIS, JAVASCRIPT, JIRA, CONFLUENCE, BITBUCKET, JENKINS","Jira, Confluence, BitBucket, Nexus, Sonar, Jenkins",Hybrid,Full-time,3-5 years,,
2824819,ERP belső tanácsadó,Magyar Vagon Business Solutions Kft.,https://www.profession.hu/allas/erp-belso-tanacsado-magyar-vagon-business-solutions-kft-budapest-2824819?sessionId=ed7061b1d89e7c95ce70868e0e3baa03,2026-03-04,2026-03-09,False,Budapest,,,Főiskola,"QAD, SQL, Power BI","ERP, UAT, EXCEL, POWER BI",Hybrid,Full-time,3-5 years,,
2830050,Adatelemző szakértő (Budapest),E.ON Észak-dunántúli Áramhálózati Zrt.,https://www.profession.hu/allas/adatelemzo-szakerto-budapest-e-on-eszak-dunantuli-aramhalozati-zrt-2830050?sessionId=ed7061b1d89e7c95ce70868e0e3baa03,2026-03-04,2026-03-08,False,Budapest,320000 Ft bruttó/év,,Felsőfokú matematikai és/vagy gazdasági és/vagy műszaki képesítés,Python,"SQL, Azure ML, Synapse",,Full-time,3 év szakmai tapasztalat,,
2825750,"Medior JAVA Fejlesztő (Spring Boot, Microservices)",Nova HR,https://www.profession.hu/allas/medior-java-fejleszto-spring-boot-microservices-nova-hr-budapest-2825750?sessionId=ed7061b1d89e7c95ce70868e0e3baa03,2026-03-04,2026-03-08,False,Budapest,,English: B2,Középiskola,"Java, Spring Boot, SQL, Maven, REST, JSON, GIT, Docker","JAVA, SPRING, MAVEN, BACKEND, SQL, GIT, AGILIS, REST, JSON, DOCKER, ORACLE, CD, CI",Hibrid,Full-time,3-5 years,,
2830049,Offline Programming Engineer (m/f/d),Rheinmetall,https://www.profession.hu/allas/offline-programming-engineer-m-f-d-rheinmetall-zalaegerszeg-2830049?sessionId=ed7061b1d89e7c95ce70868e0e3baa03,2026-03-04,2026-03-14,False,Zalaegerszeg,,"English: B2, Magyar",Bachelor,,"ROBOT, ABB ASSEMBLY, MS OFFICE, SECURITY",Full-time,Full-time,1-3 years,,
2825377,Business Analyst,Keskeny és Társai 2001 Kft.,https://www.profession.hu/allas/business-analyst-keskeny-es-tarsai-kft-budapest-2825377?sessionId=ed7061b1d89e7c95ce70868e0e3baa03,2026-03-04,2026-03-08,False,Budapest,,,Bachelor,"SQL, BI, MSSQL, POWER BI","Laptop, Workstation, Monitor (1 db), Monitor (2 db), Mobiltelefon",On-site with home office,Full-time,3-5 years,,
2830047,"Product Owner (banki, befektetési területre)",Nova HR,https://www.profession.hu/allas/product-owner-banki-befektetesi-teruletre-nova-hr-budapest-2830047?sessionId=ed7061b1d89e7c95ce70868e0e3baa03,2026-03-04,2026-03-14,False,Budapest,,English: B2,Főiskola,,"AGILIS, SCRUM",Hibrid,Full-time,3-5 years,,
2825212,WordPress Developer,Indotek Group,https://www.profession.hu/allas/wordpress-developer-indotek-group-2825212?sessionId=ed7061b1d89e7c95ce70868e0e3baa03,2026-03-04,2026-03-08,False,Budapest,,,Főiskola,"HTML, CSS, PHP","WORDPRESS, FRONTEND, BACKEND, GIT",Általános munkarend,Teljes munkaidő,5-10 év tapasztalat,,
2825211,Senior Python Developer,Indotek Group,https://www.profession.hu/allas/senior-python-developer-indotek-group-2825211?sessionId=ed7061b1d89e7c95ce70868e0e3baa03,2026-03-04,2026-03-08,False,Budapest,,,Főiskola,Python,"DOCKER, PYTHON, BACKEND, POSTGRESQL, API, NOSQL, SQL, REST",Hybrid,Full-time,5+ years,,
2829649,IT Rendszerszervező,Alfa Vienna Insurance Group Biztosító Zrt.,https://www.profession.hu/allas/it-rendszerszervezo-alfa-vienna-insurance-group-biztosito-zrt-budapest-2829649?sessionId=ed7061b1d89e7c95ce70868e0e3baa03,2026-03-04,2026-03-14,False,Budapest,,"English: B2, Hungarian: C1",Főiskola (Bachelor),,"CRM, UML, ENTERPRISE ARCHITECT, DEVOPS, AGILIS, CONFLUENCE, JIRA",Hibrid,Teljes munkaidő (Full-time),3-5 év tapasztalat,,
2829708,"Adatelemző szakember(1089 Budapest, Orczy út 44-46.)",BÁRDI AUTÓ ZRT.,https://www.profession.hu/allas/adatelemzo-szakember-budapest-orczy-ut-bardi-auto-zrt-budapest-2829708?sessionId=ed7061b1d89e7c95ce70868e0e3baa03,2026-03-04,2026-03-14,False,Budapest,,English: B1,Főiskola,"SQL, Python, C#",,Hybrid,Full-time,1-3 years,,
2829707,IT Rendszerszervező (Pénzügyi fókusz),Alfa Vienna Insurance Group Biztosító Zrt.,https://www.profession.hu/allas/it-rendszerszervezo-penzugyi-fokusz-alfa-vienna-insurance-group-biztosito-zrt-budapest-2829707?sessionId=ed7061b1d89e7c95ce70868e0e3baa03,2026-03-04,2026-03-14,False,Budapest,,English: B2,Főiskola,,"Oracle, UML, DEVOPS, AGILIS, CONFLUENCE, JIRA",Hybrid,Full-time,3-5 years,,
2829706,"Szoftverfejlesztő(1089 Budapest, Orczy út 44-46.)",BÁRDI AUTÓ ZRT.,https://www.profession.hu/allas/szoftverfejleszto-budapest-orczy-ut-bardi-auto-zrt-budapest-2829706?sessionId=ed7061b1d89e7c95ce70868e0e3baa03,2026-03-04,2026-03-14,False,Budapest,,English: B2,Főiskola,"Go, C++, Java","MySQL/MariaDB, Linux",Hybrid,Full-time,3-5 years,,
2829705,Webfejlesztő(Budapest),BÁRDI AUTÓ ZRT.,https://www.profession.hu/allas/webfejleszto-budapest-bardi-auto-zrt-budapest-2829705?sessionId=ed7061b1d89e7c95ce70868e0e3baa03,2026-03-04,2026-03-14,False,Budapest,,English: B2,Középiskola,"PHP, SQL, HTML, JAVASCRIPT, CSS, LARAVEL","Google Analytics, SEO tools",Hibrid,Teljes munkaidő,3-5 év tapasztalat,,
2825753,Senior Automata Szoftvertesztelő,Nova HR,https://www.profession.hu/allas/senior-automata-szoftvertesztelo-nova-hr-budapest-2825753?sessionId=ed7061b1d89e7c95ce70868e0e3baa03,2026-03-04,2026-03-08,False,Budapest,,English: B2,Főiskola,"Java, Selenium, JMeter, Agilis",,Hybrid,Full-time,3-5 years,,
2838676,IT Üzleti elemző (Retail fókusz),Auchan Retail Magyarország,https://www.profession.hu/allas/it-uzleti-elemzo-retail-fokusz-auchan-retail-magyarorszag-budaors-2838676?sessionId=ed7061b1d89e7c95ce70868e0e3baa03,2026-03-04,2026-03-25,True,Budaörs,,English: B2,Főiskola,,,Hybrid,Full-time,3-5 years,,
2834408,Frontend/Configurator developer,ShiwaForce.com Zrt,https://www.profession.hu/allas/frontend-configurator-developer-shiwaforce-com-zrt-budapest-2834408?sessionId=ed7061b1d89e7c95ce70868e0e3baa03,2026-03-04,2026-03-20,False,Budapest,,English: B2,Főiskola,"Angular, React, Vue","Jira, Jenkins, Confluence, Zendesk, JavaScript, Java, Groovy, SVN, GitHub",Általános munkarend,Teljes munkaidő,3-5 év tapasztalat,,
2834349,Adatbázis üzemeltető rendszermérnök,Pillér Nonprofit Kft,https://www.profession.hu/allas/adatbazis-uzemelteto-rendszermernok-piller-nonprofit-kft-budapest-2834349?sessionId=ed7061b1d89e7c95ce70868e0e3baa03,2026-03-04,2026-03-20,False,Budapest,,English: B1,Középiskola,"POSTGRESQL, SQL, PLSQL, LINUX, ORACLE, ANSIBLE, BASH, PYTHON",,Hibrid,Teljes munkaidő,1-3 év tapasztalat,,
2834263,Üzleti elemző,B+N Magyarország Kft.,https://www.profession.hu/allas/uzleti-elemzo-b-n-magyarorszag-kft-budapest-2834263?sessionId=ed7061b1d89e7c95ce70868e0e3baa03,2026-03-04,2026-03-20,False,Budapest,,English: B2,Középiskola,,Microsoft ökoszisztémában szerzett tapasztalat (különösen SharePoint Online),Hibrid,Teljes munkaidő,3-5 év,,
2827502,IT Service Desk Analyst-German and English-NS,ALDI International IT Services Kft.,https://www.profession.hu/allas/it-service-desk-analyst-german-and-english-ns-aldi-international-it-services-kft-2827502/pro?sessionId=ed7061b1d89e7c95ce70868e0e3baa03,2026-03-04,2026-03-13,False,"Budapest, Pécs, Debrecen",,"{'English': 'Confident intermediate or higher'}, {'German': 'Confident intermediate or higher'}",High school diploma or higher education,,ServiceNow,Hybrid (home office and on-site),Full-time,,,
2836398,Test engineer,Bamo Technology Hungary Kft.,https://www.profession.hu/allas/test-engineer-bamo-technology-hungary-kft-acs-2836398/pro?sessionId=ed7061b1d89e7c95ce70868e0e3baa03,2026-03-04,2026-03-23,False,Ács,,English: B2,Bachelor's or Master's degree in Chemical Engineering or a related field,,,Full-time,Full-time,3-5 years,,
2829525,Senior Full Stack Developer,SENSO-MEDIA Zrt.,https://www.profession.hu/allas/senior-full-stack-developer-senso-media-zrt-budapest-2829525?sessionId=ed7061b1d89e7c95ce70868e0e3baa03,2026-03-04,2026-03-14,False,Budapest,,,Középiskola,"JavaScript, Node.js, Vue.js","MongoDB, REST API, GIT",Hybrid,Full-time,3-5 years,,
2827714,Junior szoftverfejlesztő,Oxford One Zrt.,https://www.profession.hu/allas/junior-szoftverfejleszto-oxford-one-zrt-2827714?sessionId=ed7061b1d89e7c95ce70868e0e3baa03,2026-03-04,2026-03-14,False,,"{'amount': 2000, 'currency': 'EUR', 'frequency': 'gross/month'}",,Főiskola,"PHP 7.x / 8.x, Javascript, Laravel, Mysql, CSS / SASS, node.js / npm, Laravel/LiveWire, Bootstrap CSS/JS, React, VueJS, AlpineJS, jQuiery","Verziókövető rendszer (GIT), Docker, Linux szerver adminisztrálás",Home Office,Teljes munkaidő Alkalmazotti jogviszony,1-3 év tapasztalat,,
2826556,QA / End-to-End Tesztelő,ISZT Nonprofit Kft.,https://www.profession.hu/allas/qa-end-to-end-tesztelo-iszt-nonprofit-kft-budapest-2826556/pro?sessionId=ed7061b1d89e7c95ce70868e0e3baa03,2026-03-04,2026-03-11,False,Budapest,,English: B2,Középiskola,"JavaScript, TypeScript","Git, Cypress, Playwright, Jest, Docker",Hibrid,Full-time,3-5 év tapasztalat,,
2825279,.Net fejlesztő,INSIRON INFORMATIKA Kft.,https://www.profession.hu/allas/net-fejleszto-insiron-informatika-kft-2825279?sessionId=ed7061b1d89e7c95ce70868e0e3baa03,2026-03-04,2026-03-09,False,Budapest,,English: B2,Egyetem,"C#, .NET Core, LINQ, Entity Framework, MSSQL, Angular, HTML 5, CSS, Bootstrap","Laptop, Monitor",Hybrid,Full-time,3-5 years,,
2824977,Szoftverfejlesztő informatikus,PANNON-VÍZ Zrt.,https://www.profession.hu/allas/szoftverfejleszto-informatikus-pannon-viz-zrt-gyor-2824977?sessionId=ed7061b1d89e7c95ce70868e0e3baa03,2026-03-04,2026-03-09,False,Győr,,English: B2,Főiskola,"SQL, ORACLE, PYTHON, PHP, JAVA","MS OFFICE, ERP, EXCEL",Rugalmas munkaidő,Teljes munkaidő,5-10 év tapasztalat,,
2824098,Test Manager – Senior Advisor,,https://www.profession.hu/allas/test-manager-senior-advisor-2824098?sessionId=ed7061b1d89e7c95ce70868e0e3baa03,2026-03-04,2026-03-08,False,Budapest,,"English: B2, Hungarian: Native",Bachelor,,"JIRA, SAP, TEST AUTOMATION",Hybrid,Full-time,3-5 years,,
2840668,AI DEVELOPER (3866),HumanField Kft,https://www.profession.hu/allas/ai-developer-humanfield-kft-2840668/pro?sessionId=ed7061b1d89e7c95ce70868e0e3baa03,2026-03-04,2026-03-25,True,Budapest,,English: B2,Főiskola,Python,"AWS, Neo4j graph database, FastAPI","Rugalmas, remote munkavégzés",Teljes munkaidő,5+ years,,
2834339,IT Solution Manager,VOIS,https://www.profession.hu/allas/it-solution-manager-vois-budapest-2834339/pro?sessionId=ed7061b1d89e7c95ce70868e0e3baa03,2026-03-04,2026-03-23,False,Budapest,,English: B2,"Bachelor's or Master's degree in Computer Science, Information Technology, Software Engineering or a related field",,,"Hybrid (3 days home, 2 days office)",Full-time,5-10 years,,
2838716,IT business analyst / Application analyst,DUNA AUTÓ Zrt.,https://www.profession.hu/allas/it-business-analyst-application-analyst-duna-auto-zrt-budapest-2838716?sessionId=ed7061b1d89e7c95ce70868e0e3baa03,2026-03-04,2026-03-25,True,Budapest,,,Főiskola,,,Általános munkarend,Teljes munkaidő,1-3 év tapasztalat,,
2838334,Full stack fejlesztő,Lexunit Zrt.,https://www.profession.hu/allas/full-stack-fejleszto-lexunit-zrt-budapest-2838334?sessionId=ed7061b1d89e7c95ce70868e0e3baa03,2026-03-04,2026-03-25,True,Budapest,,English: B2,Középiskola,"JavaScript, Python, Node.js, React, Next.js, Vue, PostgreSQL, AWS, GCP, Azure, Docker",API BACKEND REACT JAVASCRIPT AWS PYTHON POSTGRESQL DEVOPS AZURE NODE.JS DOCKER REST VUE,Távmunka,Teljes munkaidő,3-5 év,,
2830046,IT Manager,CAIP (Hungary) Intelligent Cockpit,https://www.profession.hu/allas/it-manager-caip-hungary-intelligent-cockpit-nyiregyhaza-2830046?sessionId=ed7061b1d89e7c95ce70868e0e3baa03,2026-03-04,2026-03-14,False,Nyíregyháza,,"English: B2, Chinese: A1",Bachelor,,"SAP, MES, WMS, APS, SRM, EDI, OA",On-site with home office,Full-time,5-10 years,,
2825100,Medior szoftvertesztelő,ShiwaForce.com Zrt,https://www.profession.hu/allas/medior-szoftvertesztelo-shiwaforce-com-zrt-budapest-2825100?sessionId=ed7061b1d89e7c95ce70868e0e3baa03,2026-03-04,2026-03-09,False,Budapest,,English: B2,Középiskola,,"AGILIS, ISTQB, JIRA",Hibrid,Teljes munkaidő,3-5 év tapasztalat,,
2841238,Czech Speaking Service Desk Analyst L1,Tata Consultancy Services Limited,https://www.profession.hu/allas/czech-speaking-service-desk-analyst-l-tata-consultancy-services-limited-2841238/pro?sessionId=ed7061b1d89e7c95ce70868e0e3baa03,2026-03-04,2026-03-25,True,Budapest,,"{'English': 'communication level'}, {'Czech': 'business level'}",High School with Diploma,,"Windows, Office 365",Hybrid,Full-time,,,
2834676,SENIOR JAVA DEVELOPER - SPRING BOOT (GYT-2),Tech People Hungary Kft.,https://www.profession.hu/allas/senior-java-developer-spring-boot-gyt-tech-people-hungary-kft-budapest-2834676?sessionId=ed7061b1d89e7c95ce70868e0e3baa03,2026-03-04,2026-03-20,False,Budapest,,English: B2,Felsőoktatási szakképzés,"Java, Spring Boot","AWS, Confluent Kafka, GitHub Actions, Jenkins, Shell Scripting, Mockito, Gatling, JMeter, New Relic, Grafana, PostgreSQL, MongoDB",Hybrid,Full-time,5-10 years,,
2834335,Experienced Creative Designer,VOIS,https://www.profession.hu/allas/experienced-creative-designer-vois-budapest-2834335/pro?sessionId=ed7061b1d89e7c95ce70868e0e3baa03,2026-03-04,2026-03-23,False,Budapest,,English: B2,Középiskola,,"Adobe Creative Suite, Figma",Hybrid,Full-time,5+ years,,
2834009,IT support munkatárs (GM-1716),Talentis Group Zrt.,https://www.profession.hu/allas/it-support-munkatars-gm-talentis-group-zrt-budaors-2834009?sessionId=ed7061b1d89e7c95ce70868e0e3baa03,2026-03-04,2026-03-20,False,Budaörs,,English,Középiskola,,"MS Office, Laptop",Full-time,Full-time,1-3 years,,
2824971,Convenience Partnership Reporting & Support Specialist - German speaking,BP BSC,https://www.profession.hu/allas/convenience-partnership-reporting-support-specialist-german-speaking-bp-bsc-budapest-2824971/pro?sessionId=ed7061b1d89e7c95ce70868e0e3baa03,2026-03-04,2026-03-09,False,Budapest,,"English: B2, German: B2",Főiskola,,"Power BI, Microsoft Office (Word, Excel, PowerPoint, Outlook)",Hybrid,Full-time,1-3 years,,
2824067,Tech Lead / Architect,DUNA HOUSE FRANCHISE Kft.,https://www.profession.hu/allas/tech-lead-architect-duna-house-franchise-kft-budapest-2824067/pro?sessionId=ed7061b1d89e7c95ce70868e0e3baa03,2026-03-04,2026-03-04,False,Budapest,,,Középiskola,"PHP, JavaScript","MySQL, MongoDB, Ionic, Vue.js",Hibrid munkavégzés,Vállalkozói,5-10 év,,
2841234,Spanish Speaking Service Desk Analyst - Level 1,Tata Consultancy Services Limited,https://www.profession.hu/allas/spanish-speaking-service-desk-analyst-level-tata-consultancy-services-limited-2841234?sessionId=ed7061b1d89e7c95ce70868e0e3baa03,2026-03-04,2026-03-10,False,Budapest,,"{'English': 'C1'}, {'Spanish': 'C2'}",High School with Diploma,,"Windows, Office 365",Full-time,Full-time,,,
2838283,Finance Analytics Engineer,Computacenter Services Kft.,https://www.profession.hu/allas/finance-analytics-engineer-computacenter-services-kft-budapest-2838283?sessionId=ed7061b1d89e7c95ce70868e0e3baa03,2026-03-04,2026-03-25,True,Budapest,500000 HUF gross/year (780000 HUF after the first year),English: Fluent,Főiskola,"Power BI, DAX, Excel, SQL, Data Modeling, Python, VBA, Power Automate, Power Apps","Power Platform, Low-Code tools, AI platforms",Hybrid,Full-time,3-5 years,,
2827683,Systems Verification Trainee,Gentherm Hungary Kft.,https://www.profession.hu/allas/systems-verification-trainee-gentherm-hungary-kft-pilisszentivan-2827683/pro?sessionId=ed7061b1d89e7c95ce70868e0e3baa03,2026-03-04,2026-03-13,False,Pilisszentiván,,English: B2,Középiskola,"C, Vector software and tools","MS Office programs, multimeter, oscilloscope",Rugalmas munkaidő (Flexible work schedule),Teljes munkaidő (Full-time),,,
2836535,SENIOR SALESFORCE DEVELOPER (3848),HumanField Kft,https://www.profession.hu/allas/senior-salesforce-developer-humanfield-kft-2836535/pro?sessionId=ed7061b1d89e7c95ce70868e0e3baa03,2026-03-04,2026-03-23,False,Budapest,,English: B2,Középiskola,"Salesforce, JavaScript, Java, C#","CRM, Salesforce Sales Cloud",,Full-time,3-5 years,,
2834331,Product Designer,VOIS,https://www.profession.hu/allas/product-designer-vois-budapest-2834331/pro?sessionId=ed7061b1d89e7c95ce70868e0e3baa03,2026-03-04,2026-03-23,False,Budapest,,English: B2,Középiskola,,"Figma, Adobe Creative Cloud",Hybrid,Full-time,1-3 years,,
2838796,"Tanácsadó, elemzői készségekkel",eNET Magyarország Kft.,https://www.profession.hu/allas/tanacsado-elemzoi-keszsegekkel-enet-magyarorszag-kft-budapest-2838796?sessionId=ed7061b1d89e7c95ce70868e0e3baa03,2026-03-04,2026-03-25,True,Budapest,,English: B2,Bachelor,"Python, R","MS Office, SQL, Excel",On-site with home office,Full-time,1-3 years,,
2838554,PLC és SCADA specialista,Hydro Extrusion Hungary Kft.,https://www.profession.hu/allas/plc-es-scada-specialista-hydro-extrusion-hungary-kft-szekesfehervar-2838554?sessionId=ed7061b1d89e7c95ce70868e0e3baa03,2026-03-04,2026-03-23,False,Székesfehérvár,,English: B2,Felsőoktatási szakképzés,,Ignition SCADA rendszer,Általános munkarend,Teljes munkaidő,1-3 év tapasztalat,,
2833960,SAP MM/PP system analyst,Thermo Services (Hungary) Kft.,https://www.profession.hu/allas/sap-mm-pp-system-analyst-thermo-services-hungary-kft-budapest-2833960?sessionId=ed7061b1d89e7c95ce70868e0e3baa03,2026-03-04,2026-03-20,False,Budapest,,English: B2,Főiskola,,"SAP, SAP S/4HANA",On-site with home office,Full-time,3-5 years,,
2825055,IT Consultant / Business Analyst,INITON KFT.,https://www.profession.hu/allas/it-consultant-business-analyst-initon-kft-budapest-2825055?sessionId=ed7061b1d89e7c95ce70868e0e3baa03,2026-03-04,2026-03-09,False,Budapest,,English: B2,Főiskola,,,Hybrid,Full-time,1-3 years,,
2824043,Üzleti elemző,Profession Services,https://www.profession.hu/allas/uzleti-elemzo-profession-services-2824043/pro?sessionId=ed7061b1d89e7c95ce70868e0e3baa03,2026-03-04,2026-03-08,False,Budapest,,Német középfok,Felsőoktatási szakképzés,,"Jira, Confluence",Hibrid munkavégzés akár havi 80% home office,Teljes munkaidő,3-5 év tapasztalat,,
2838840,ABAS programozó,"""Phoenix Mecano Kecskemét"" KFT",https://www.profession.hu/allas/abas-programozo-phoenix-mecano-kecskemet-kft-kecskemet-2838840?sessionId=ed7061b1d89e7c95ce70868e0e3baa03,2026-03-04,2026-03-25,True,Kecskemét,,"English: A1, German: A1",Főiskola,"LINUX, UNIX, BASH, JAVA, SAP","ABAS ERP, SAP",Általános munkarend (On-site),Teljes munkaidő (Full-time),3-5 év tapasztalat,,
2824718,Digitális termékmenedzser,BinX Zrt.,https://www.profession.hu/allas/digitalis-termekmenedzser-binx-zrt-budapest-2824718?sessionId=ed7061b1d89e7c95ce70868e0e3baa03,2026-03-04,2026-03-09,False,Budapest,,,,,"Laptop, Workstation, Monitor (1 db), MacOS",Hybrid,Full-time,3-5 years,,
2838684,Szoftverfejlesztő,Prémium Kft.,https://www.profession.hu/allas/szoftverfejleszto-premium-kft-budapest-2838684?sessionId=ed7061b1d89e7c95ce70868e0e3baa03,2026-03-04,2026-03-25,True,Budapest,,,Főiskola,"C#, Microsoft SQL","MS SQL, Laptop, Mobiltelefon",Heti 2 nap otthoni munkavégzés a betanítás és próbaidő után,Határozatlan idejű alkalmazotti jogviszony,1-3 év tapasztalat,,
2834366,Rendszermérnök (Microsoft),EURO ONE Számítástechnikai Zrt,https://www.profession.hu/allas/rendszermernok-microsoft-euro-one-szamitastechnikai-zrt-budapest-2834366?sessionId=ed7061b1d89e7c95ce70868e0e3baa03,2026-03-04,2026-03-20,False,Budapest,,,Felsőoktatási szakképzés,"AZURE, POWERSHELL, microsoft, MS Copilot","Laptop, Workstation, Monitor (2 db), Windows",Hibrid,Teljes munkaidő,3-5 év tapasztalat,,
2825297,Junior Számlázási Kontroller,Mercarius Kft.,https://www.profession.hu/allas/junior-szamlazasi-kontroller-mercarius-kft-budapest-2825297?sessionId=ed7061b1d89e7c95ce70868e0e3baa03,2026-03-04,2026-03-09,False,Budapest,800000 Ft bruttó/év,,Főiskola,,"Microsoft Office, Excel",Általános munkarend (On-site),Teljes munkaidő (Full-time),1-3 év,,
2824023,Product manager,Storck Hungária Kft.,https://www.profession.hu/allas/product-manager-storck-hungaria-kft-budapest-2824023/pro?sessionId=ed7061b1d89e7c95ce70868e0e3baa03,2026-03-04,2026-03-08,False,Budapest,,English: B2,Főiskola (Bachelor),,"MS Office, Excel, PowerPoint",Hybrid,Full-time,3-5 years,,
2838535,Frontend fullstack developer,EDAG Hungary Kft.,https://www.profession.hu/allas/frontend-fullstack-developer-edag-hungary-kft-gyor-2838535?sessionId=ed7061b1d89e7c95ce70868e0e3baa03,2026-03-04,2026-03-25,True,Győr,,"English: C1, German: B2",Középiskola,"NextJS, React, TypeScript","Jest, Cypress, GitHub Actions, Docker, Kubernetes, Grafana, ELK",Hybrid,Full-time,1-3 years,,
2837703,AI AND ESG DATA SPECIALIST (3851),HumanField Kft,https://www.profession.hu/allas/ai-and-esg-data-specialist-humanfield-kft-2837703/pro?sessionId=ed7061b1d89e7c95ce70868e0e3baa03,2026-03-04,2026-03-25,True,Magyarországon belül bárhonnan,,English: B2,Főiskola,,Power BI,Remote munkavégzéssel,Teljes munkaidő,3-5 év tapasztalat,,
2834362,Tech Lead (Mobile) – iOS / Android / JEE,MagNet Bank Zrt.,https://www.profession.hu/allas/tech-lead-mobile-ios-android-jee-magnet-bank-zrt-budapest-2834362?sessionId=ed7061b1d89e7c95ce70868e0e3baa03,2026-03-04,2026-03-20,False,Budapest,,,Főiskola,"Java, Swift, Kotlin","GitLab, Jenkins, OAuth",Hybrid,Full-time,5+ years,,
2834219,IT fejlesztő (GM-1717),Talentis Group Zrt.,https://www.profession.hu/allas/it-fejleszto-gm-talentis-group-zrt-budaors-2834219?sessionId=ed7061b1d89e7c95ce70868e0e3baa03,2026-03-04,2026-03-20,False,Budaörs,,English,Középiskola,"HTML, CSS, Laravel, WordPress, PHP, MySQL, GitHub, Bootstrap, RestAPI, Javascript",,Általános munkarend,Teljes munkaidő,1-3 év tapasztalat,,
2826364,Java fejlesztő,Raiffeisen Software GmbH Magyarországi,https://www.profession.hu/allas/java-fejleszto-raiffeisen-software-gmbh-magyarorszagi-budapest-2826364?sessionId=ed7061b1d89e7c95ce70868e0e3baa03,2026-03-04,2026-03-11,False,Budapest,450000 Ft/év gross/year,Német középfok,Középiskola,Java11+,"Git, SQL, Springboot",Hybrid,Full-time,3-5 years,,
2825081,Folyamat koordinátor (Sales/CRM),Mercarius Kft.,https://www.profession.hu/allas/folyamat-koordinator-sales-crm-mercarius-kft-budapest-2825081?sessionId=ed7061b1d89e7c95ce70868e0e3baa03,2026-03-04,2026-03-09,False,Budapest,800000 Ft bruttó/month,,Főiskola (Bachelor),,CRM rendszerek,Általános munkarend (Full-time),Teljes munkaidő (Full-time),1-3 év tapasztalat,,
2824882,ITSM szakértő,HungaroControl Zrt.,https://www.profession.hu/allas/itsm-szakerto-hungarocontrol-zrt-budapest-2824882?sessionId=ed7061b1d89e7c95ce70868e0e3baa03,2026-03-04,2026-03-09,False,Budapest,,English: B2,Főiskola,,ServiceNow ITSM rendszer,Teljes munkaidő Alkalmazotti jogviszony,Full-time,3-5 years,,
2841548,PLC programozó,VT ASYST Kft.,https://www.profession.hu/allas/plc-programozo-vt-asyst-kft-szekesfehervar-2841548?sessionId=ed7061b1d89e7c95ce70868e0e3baa03,2026-03-04,2026-03-25,True,Székesfehérvár,,"{'Language': 'English', 'CEFR Level': 'B'}, {'Language': 'German', 'CEFR Level': 'B'}",Bachelor,,"Laptop, Desktop PC, Mobiltelefon",Általános munkarend (General work arrangement),Teljes munkaidő (Full-time),1-3 év tapasztalat,,
2838531,Backend Java developer,EDAG Hungary Kft.,https://www.profession.hu/allas/backend-java-developer-edag-hungary-kft-gyor-2838531?sessionId=ed7061b1d89e7c95ce70868e0e3baa03,2026-03-04,2026-03-25,True,Győr,,"English: C1, German: B2",Középiskola,Java,"Spring Boot, Kubernetes, Spring JPA, RESTful APIs",Hybrid,Full-time,5-10 years,,
2834924,Medior Data Analyst,ingatlan.com Zrt.,https://www.profession.hu/allas/medior-data-analyst-ingatlan-com-zrt-budapest-2834924?sessionId=ed7061b1d89e7c95ce70868e0e3baa03,2026-03-04,2026-03-20,False,Budapest,,English: B2,Bachelor,,"Tableau, dbt, GitHub",Hybrid,Full-time,3-5 years,,
2834357,Fejlesztési vezető,TRENDENCY ONLINE Zrt.,https://www.profession.hu/allas/fejlesztesi-vezeto-trendency-online-zrt-budapest-2834357?sessionId=ed7061b1d89e7c95ce70868e0e3baa03,2026-03-04,2026-03-20,False,Budapest,,,Főiskola,,"Laptop, Mobiltelefon",Hibrid,Teljes munkaidő,5-10 év tapasztalat,,
2834306,Tesztmérnök,VIDEOTON EAS Kft.,https://www.profession.hu/allas/tesztmernok-videoton-eas-kft-szekesfehervar-2834306?sessionId=ed7061b1d89e7c95ce70868e0e3baa03,2026-03-04,2026-03-20,False,Székesfehérvár,,English: B2,Főiskola,"C#, Visual basic, Labview",,Általános munkarend,Teljes munkaidő,,,
2831503,IT projektvezető gyakornok,Fürge Diák Iskolaszövetkezet,https://www.profession.hu/allas/it-projektvezeto-gyakornok-furge-diak-iskolaszovetkezet-budapest-2831503?sessionId=ed7061b1d89e7c95ce70868e0e3baa03,2026-03-04,2026-03-18,False,Budapest,2175 Ft/óra,English: B2,Középiskola,,SERVICENOW,Home office lehetőség,Diákmunka,,,
2826358,Üzleti elemző német nyelvtudással,Raiffeisen Software GmbH Magyarországi,https://www.profession.hu/allas/uzleti-elemzo-nemet-nyelvtudassal-raiffeisen-software-gmbh-magyarorszagi-budapest-2826358?sessionId=ed7061b1d89e7c95ce70868e0e3baa03,2026-03-04,2026-03-11,False,Budapest,,Német középfok,Középiskola,,"Jira, Confluence",Hybrid,Full-time,3-5 years,,
2824936,Senior Project Manager,PROVIDENT PÉNZÜGYI ZRT.,https://www.profession.hu/allas/senior-project-manager-provident-penzugyi-zrt-budapest-2824936?sessionId=ed7061b1d89e7c95ce70868e0e3baa03,2026-03-04,2026-03-09,False,Budapest,,English: B2,Bachelor,,,Hybrid,Full-time,5-10 years,,
2822459,Rendszerszervező,NEMZETI MÉDIA- ÉS HÍRKÖZLÉSI HATÓSÁG,https://www.profession.hu/allas/rendszerszervezo-nemzeti-media-es-hirkozlesi-hatosag-budapest-2822459?sessionId=ed7061b1d89e7c95ce70868e0e3baa03,2026-03-04,2026-03-09,False,Budapest,,{'Language': 'Hungarian'},Bachelor,,,Full-time,Full-time,1-3 years,,
2829723,Információbiztonsági munkatárs,ORSZÁGOS BÍRÓSÁGI HIVATAL,https://www.profession.hu/allas/informaciobiztonsagi-munkatars-orszagos-birosagi-hivatal-budapest-2829723?sessionId=ed7061b1d89e7c95ce70868e0e3baa03,2026-03-04,2026-03-14,False,Budapest,,English: B2,Főiskola,,,"Hibrid (IT és IT biztonsági) ismeretek, műszaki szemlélet;",Teljes munkaidő Alkalmazotti jogviszony,1-3 év tapasztalat,,
2829677,Lead Szoftverfejlesztő,4iG Informatikai Zrt.,https://www.profession.hu/allas/lead-szoftverfejleszto-ig-informatikai-zrt-budapest-2829677?sessionId=ed7061b1d89e7c95ce70868e0e3baa03,2026-03-04,2026-03-14,False,Budapest,,,Főiskola,Java,,Általános munkarend,Teljes munkaidő,5-10 év tapasztalat,,
2825033,Projekt koordinátor,Mercarius Kft.,https://www.profession.hu/allas/projekt-koordinator-mercarius-kft-budapest-2825033?sessionId=ed7061b1d89e7c95ce70868e0e3baa03,2026-03-04,2026-03-09,False,Budapest,800000 Ft bruttó/év,,Felsőfokú végzettség vagy folyamatban lévő tanulmányok,,Laptop,Általános munkarend (Híbrid),Teljes munkaidő,1–2 év,,
2824311,Microsoft infrastruktúra üzemeltető,SMP Solutions Zrt.,https://www.profession.hu/allas/microsoft-infrastruktura-uzemelteto-smp-solutions-zrt-2824311?sessionId=ed7061b1d89e7c95ce70868e0e3baa03,2026-03-04,2026-03-08,False,Budapest,,,Főiskola,,AZURE,Remote,Full-time,3-5 years,,
2832860,Tesztautomatizálási mérnök,MVM Informatika Zrt.,https://www.profession.hu/allas/tesztautomatizalasi-mernok-mvm-informatika-zrt-paks-2832860?sessionId=ed7061b1d89e7c95ce70868e0e3baa03,2026-03-04,2026-03-18,False,"Paks, Budapest, Szeged",,,Főiskola,,"WORD, POWERPOINT, MS PROJECT, SAP ERP, EXCEL, OUTLOOK, JMETER",Általános munkarend,Teljes munkaidő,3-5 év tapasztalat,,
2832859,Senior BI rendszermérnök,MVM Informatika Zrt.,https://www.profession.hu/allas/senior-bi-rendszermernok-mvm-informatika-zrt-paks-2832859?sessionId=ed7061b1d89e7c95ce70868e0e3baa03,2026-03-04,2026-03-17,False,Budapest,,English: B2,Főiskola (Bachelor),"ABAP, SAP BW","Microsoft Office, SAP",Full-time,Full-time,5-10 years,,
2828522,Investment Domain Architect,Nova HR,https://www.profession.hu/allas/investment-domain-architect-nova-hr-budapest-2828522?sessionId=ed7061b1d89e7c95ce70868e0e3baa03,2026-03-04,2026-03-14,False,Budapest,,English: B2,Bachelor,,,Hybrid,Full-time,>10 years,,
2828897,Üzleti elemző,MVM Next Energiakereskedelmi Zrt.,https://www.profession.hu/allas/uzleti-elemzo-mvm-next-energiakereskedelmi-zrt-budapest-2828897?sessionId=ed7061b1d89e7c95ce70868e0e3baa03,2026-03-04,2026-03-14,False,Budapest,,,Főiskola,"SQL, Power BI","CRM, SAP, ADATTÁRHÁZ, POWER BI",Teljes munkaidő Általános munkarend,Full-time,3-5 év tapasztalat,,
2823380,Data Scientist (3824),HumanField Kft,https://www.profession.hu/allas/data-scientist-humanfield-kft-2823380/pro?sessionId=ed7061b1d89e7c95ce70868e0e3baa03,2026-03-04,2026-03-07,False,Budapest,,English: B2,Master,"Python, R",CLOUD,Hybrid,Full-time,5-10 years,,
2828850,Junior HubSpot CRM Fejlesztő,KBOSS.hu Kft.,https://www.profession.hu/allas/junior-hubspot-crm-fejleszto-kboss-hu-kft-budapest-2828850?sessionId=ed7061b1d89e7c95ce70868e0e3baa03,2026-03-04,2026-03-14,False,Budapest,,English: B2,Főiskola,"Java, Python","CRM, API, GIT, REST",Általános munkarend,Teljes munkaidő,1-3 év tapasztalat,,
2826476,Senior Salesforce Marketing Cloud Expert / Salesforce Platform Administrator,AVL,https://www.profession.hu/allas/senior-salesforce-marketing-cloud-expert-salesforce-platform-administrator-avl-erd-2826476/pro?sessionId=ed7061b1d89e7c95ce70868e0e3baa03,2026-03-04,2026-03-11,False,Érd,,"{'English': 'B2'}, {'German': None}",Főiskola,,"Salesforce Marketing Cloud (ExactTarget), Email Studio, Automation Studio, Journey Builder, Contact Builder",Hybrid,Full-time,5+ years,,
2824294,Full Stack Lead Developer,FOTEXNET Kft.,https://www.profession.hu/allas/full-stack-lead-developer-fotexnet-kft-budapest-2824294?sessionId=ed7061b1d89e7c95ce70868e0e3baa03,2026-03-04,2026-03-08,False,Budapest,,"{'Language': 'English', 'Level': 'CEFR B2'}",Bachelor,"PHP, Laravel, HTML5, CSS3, React, PostgreSQL","Docker, AWS, Google Cloud, Rancher, Postman, Git, GitLab pipeline, NPM, Bun, Composer, Unix shell (Bash)",Hybrid,Full-time,5-10 years,,
2837402,Vezető fejlesztő / szoftverfejlesztési vezető,HUN-REN Magyar Kutatási Hálózat,https://www.profession.hu/allas/vezeto-fejleszto-szoftverfejlesztesi-vezeto-hun-ren-magyar-kutatasi-halozat-budapest-2837402?sessionId=ed7061b1d89e7c95ce70868e0e3baa03,2026-03-04,2026-03-25,True,Budapest,,English: B2,Bachelor,"PHP, HTML, CSS, JavaScript, Laravel, Symfony, CodeIgniter, C#, .Net",,Hybrid,Full-time,3-5 years,,
2835462,Senior Data Warehouse Engineer (m/f/d),IT Security Schweiz AG,https://www.profession.hu/allas/senior-data-warehouse-engineer-m-f-d-it-security-schweiz-ag-2835462/pro?sessionId=ed7061b1d89e7c95ce70868e0e3baa03,2026-03-04,2026-03-22,False,Budapest,,English: B2,Középiskola,"Oracle Database, Microsoft SQL Server, PostgreSQL",,,Full-time,1-3 years,,
2833359,"Web&ERP támogató konzulens (Web, Backend)",Hire-One Kft.,https://www.profession.hu/allas/web-erp-tamogato-konzulens-web-backend-hire-one-kft-2833359?sessionId=ed7061b1d89e7c95ce70868e0e3baa03,2026-03-04,2026-03-20,False,Bács-Kiskun megye,,English: B2,Főiskola,"HTML, CSS, JavaScript, .NET (C#), REST API, SQL","ERP, BACKEND, FRONTEND, API, SQL, CMS, DYNAMICS, GIT, POWER BI",Általános munkarend,Teljes munkaidő Alkalmazotti jogviszony,1-3 év tapasztalat,,
2827489,IT Vezető,Interfa Bútoripari Kft.,https://www.profession.hu/allas/it-vezeto-interfa-butoripari-kft-szany-2827489?sessionId=ed7061b1d89e7c95ce70868e0e3baa03,2026-03-04,2026-03-13,False,Szany,,"English: B2, German: B2",Főiskola 'B' kat.,,WINDOWS IT SUPPORT,Általános munkarend,Teljes munkaidő,3-5 év tapasztalat,,
2824237,Head of Data Team,Europ Assistance Magyarország Kft.,https://www.profession.hu/allas/head-of-data-team-europ-assistance-magyarorszag-kft-budapest-2824237?sessionId=ed7061b1d89e7c95ce70868e0e3baa03,2026-03-04,2026-03-08,False,Budapest,,English: Proficient,Főiskola,,"MSSQL, Azure SQL Database/instance (PaaS), Data Factory, SQL Server Reporting Services (SSRS), Power BI reporting, SQL Server Integration Services (SSIS)",Hybrid,Full-time,3-5 years,,
2823493,Üzleti elemző Treasury rendszerek területén (d/m/w),Profession Services,https://www.profession.hu/allas/uzleti-elemzo-treasury-rendszerek-teruleten-d-m-w-profession-services-2823493/pro?sessionId=ed7061b1d89e7c95ce70868e0e3baa03,2026-03-04,2026-03-07,False,Budapest,,Német középfok,Felsőoktatási szakképzés,"AGILIS, SQL","Laptop, Mobiltelefon",Hibrid munkavégzés akár havi 80% home office,Teljes munkaidő,3-5 év tapasztalat,,
2837204,Senior SAP Security Consultant,,https://www.profession.hu/allas/senior-sap-security-consultant-2837204?sessionId=ed7061b1d89e7c95ce70868e0e3baa03,2026-03-04,2026-03-25,True,Budapest,,"English: B2, Hungarian: Native",Főiskola,"SAP, Microsoft Office","SAP, Microsoft Office",Hybrid,Full-time,3-5 years,,
2835456,Product Owner (Medior+) – webes és üzleti alkalmazások,DUNA HOUSE FRANCHISE Kft.,https://www.profession.hu/allas/product-owner-medior-webes-es-uzleti-alkalmazasok-duna-house-franchise-kft-budapest-2835456/pro?sessionId=ed7061b1d89e7c95ce70868e0e3baa03,2026-03-04,2026-03-22,False,Budapest,,English: B2,Középiskola,,,,Full-time,1-3 years,,
2829417,Senior tanácsadó - Rendszerszervező,CompuTREND Zrt.,https://www.profession.hu/allas/senior-tanacsado-rendszerszervezo-computrend-zrt-budapest-2829417?sessionId=ed7061b1d89e7c95ce70868e0e3baa03,2026-03-04,2026-03-14,False,Budapest,,,Középiskola,SQL,MS OFFICE,Hibrid,Teljes munkaidő,3-5 év tapasztalat,,
2828842,Senior HubSpot CRM Fejlesztő,KBOSS.hu Kft.,https://www.profession.hu/allas/senior-hubspot-crm-fejleszto-kboss-hu-kft-budapest-2828842?sessionId=ed7061b1d89e7c95ce70868e0e3baa03,2026-03-04,2026-03-14,False,Budapest,,English: B2,Főiskola,"Java, SQL, GIT, SPRING, ANGULAR, REACT","CRM API, BACKEND, POSTGRESQL",,Full-time,3-5 years,,
2828780,AI-Specialista,New Land Media Kft.,https://www.profession.hu/allas/ai-specialista-new-land-media-kft-budapest-2828780?sessionId=ed7061b1d89e7c95ce70868e0e3baa03,2026-03-04,2026-03-14,False,Budapest,,,Főiskola,Python,,Home office lehetőség,Teljes munkaidő,1-3 év tapasztalat,,
2838284,Data Scientist,Nemzeti Fejlesztési Központ,https://www.profession.hu/allas/data-scientist-nemzeti-fejlesztesi-kozpont-budapest-2838284/pro?sessionId=ed7061b1d89e7c95ce70868e0e3baa03,2026-03-04,2026-03-25,True,Budapest,,English: B2,"Mesterfokozat adattudomány, számítástechnika vagy kapcsolódó területen (alapfokozat releváns tapasztalattal elfogadható)",Python,"PYTHON, SQL, AGILIS, Big Data, Machine Learning, Data Visualization / BI, Cloud technológiák",,Full-time,1-3 years,,
2836529,Cloud and AI Delivery Lead,VOIS,https://www.profession.hu/allas/cloud-and-ai-delivery-lead-vois-budapest-2836529/pro?sessionId=ed7061b1d89e7c95ce70868e0e3baa03,2026-03-04,2026-03-25,True,Budapest,,English: B2,Bachelor,,,Hybrid,Full-time,5-10 years,,
2832888,Junior SOC Analyst,HungaroControl Zrt.,https://www.profession.hu/allas/junior-soc-analyst-hungarocontrol-zrt-budapest-2832888?sessionId=ed7061b1d89e7c95ce70868e0e3baa03,2026-03-04,2026-03-20,False,Budapest,,English: B2,Főiskola,,,On-site,Full-time,1-3 years,,
2824330,IT project manager,ShiwaForce.com Zrt,https://www.profession.hu/allas/it-project-manager-shiwaforce-com-zrt-budapest-2824330?sessionId=ed7061b1d89e7c95ce70868e0e3baa03,2026-03-04,2026-03-08,False,Budapest,,English: B2,Felsőoktatási szakképzés,,"MS PROJECT, PROJECT MANAGEMENT, JIRA, PMI, PMP",Hybrid,Full-time,3-5 years,,
2823940,IT (MES) Hardware Specialist,Mobis Hungary Kft.,https://www.profession.hu/allas/it-mes-hardware-specialist-mobis-hungary-kft-kecskemet-2823940?sessionId=ed7061b1d89e7c95ce70868e0e3baa03,2026-03-04,2026-03-08,False,Kecskemét,,English: B2,High School with Diploma,,,On-site,Full-time,1-3 years,,
2828675,Adatelemző,Országos Mentőszolgálat,https://www.profession.hu/allas/adatelemzo-orszagos-mentoszolgalat-budapest-2828675?sessionId=ed7061b1d89e7c95ce70868e0e3baa03,2026-03-04,2026-03-14,False,Budapest,,,Bachelor,,"BI, MS OFFICE",Full-time,Határozatlan idejű,1-3 years,,
2833069,Adatbázis elemző - Tesztelés és automatizálás,Intrum ASC Kft.,https://www.profession.hu/allas/adatbazis-elemzo-teszteles-es-automatizalas-intrum-asc-kft-budapest-2833069?sessionId=ed7061b1d89e7c95ce70868e0e3baa03,2026-03-04,2026-03-20,False,Budapest,,"English: B2, German: C1",Bachelor,"Python, SQL, Power BI, Excel","API, POSTMAN",Hybrid,Full-time,,,
2824058,Rendszerszervező,KELER Zrt.,https://www.profession.hu/allas/rendszerszervezo-keler-zrt-budapest-2824058?sessionId=ed7061b1d89e7c95ce70868e0e3baa03,2026-03-04,2026-03-08,False,Budapest,,"{'Language': 'English', 'Level': 'B2'}",Bachelor,,"Laptop, Headset",Hybrid,Full-time,3-5 years,,
2837528,Order to Delivery Lead (Dunakeszi),Reed Magyarország Kft.,https://www.profession.hu/allas/order-to-delivery-lead-dunakeszi-reed-magyarorszag-kft-fot-2837528?sessionId=ed7061b1d89e7c95ce70868e0e3baa03,2026-03-04,2026-03-25,True,Fót,,English: B2,"Bachelor, Master, PhD",,Laptop,Hybrid,Full-time,5-10 years,,
2827097,IT auditor/ Kiberbiztonsági tanácsadó,ITSecure Kft.,https://www.profession.hu/allas/it-auditor-kiberbiztonsagi-tanacsado-itsecure-kft-budapest-2827097?sessionId=ed7061b1d89e7c95ce70868e0e3baa03,2026-03-04,2026-03-11,False,Budapest,900e - 1.1M Ft havi bér,English: B2,"Bachelor, Master, PhD",,,On-site with home office,Full-time,1-3 years,,
2837044,Junior Databricks RAG fejlesztő (MI/AI terület),Alfa Vienna Insurance Group Biztosító Zrt.,https://www.profession.hu/allas/junior-databricks-rag-fejleszto-mi-ai-terulet-alfa-vienna-insurance-group-biztosito-zrt-budapest-2837044?sessionId=ed7061b1d89e7c95ce70868e0e3baa03,2026-03-04,2026-03-22,False,Budapest,,"English: B2, Hungarian: C1",Főiskola (College),Python,"Databricks, Microsoft Azure, Git, SQL/PLSQL, Spark",Hibrid (Hybrid),Teljes munkaidő (Full-time),3-5 év tapasztalat,,
2833573,Tesztautomatizálás mérnök (E-E01),Tech People Hungary Kft.,https://www.profession.hu/allas/tesztautomatizalas-mernok-e-e-tech-people-hungary-kft-budapest-2833573?sessionId=ed7061b1d89e7c95ce70868e0e3baa03,2026-03-04,2026-03-20,False,Budapest,,English: B2,Felsőoktatási szakképzés,,,Általános munkarend,Teljes munkaidő,5-10 év tapasztalat,,
2833502,Frontend Fejlesztő (Angular),Nova HR,https://www.profession.hu/allas/frontend-fejleszto-angular-nova-hr-budapest-2833502?sessionId=ed7061b1d89e7c95ce70868e0e3baa03,2026-03-04,2026-03-17,False,Budapest,,English: B2,Főiskola,"HTML5, CSS3, JAVASCRIPT, ANGULAR, GIT, REST",,Hybrid,Full-time,3-5 years,,
2823559,Technikai Üzleti Elemző,Profession Services,https://www.profession.hu/allas/technikai-uzleti-elemzo-profession-services-2823559/pro?sessionId=ed7061b1d89e7c95ce70868e0e3baa03,2026-03-04,2026-03-07,False,Budapest,450000 Ft/hó,Német középfok,,"Angular, Java","JIRA, Confluence, Enterprise Architect",Hibrid munkavégzés akár havi 80% home office,Teljes munkaidő alkalmazotti jogviszony,3-5 év tapasztalat,,
2838584,Senior java fejlesztő,Soloron IT Zrt.,https://www.profession.hu/allas/senior-java-fejleszto-soloron-it-zrt-budapest-2838584/pro?sessionId=ed7061b1d89e7c95ce70868e0e3baa03,2026-03-04,2026-03-25,True,Budapest,,English: B2,Felsőoktatási szakképzés,"Java, Spring Boot, PostgreSQL","Angular, React, Docker, RabbitMQ, Kafka, API Gateway, ESB",Hybrid,Full-time,5-10 év,,
2837731,Erőmű adatelemző szakértő,E.ON Energiatermelő Kft.,https://www.profession.hu/allas/eromu-adatelemzo-szakerto-e-on-energiatermelo-kft-2837731?sessionId=ed7061b1d89e7c95ce70868e0e3baa03,2026-03-04,2026-03-09,False,Budapest,310000 Ft bruttó/hó,English: B1,Főiskola,"Power BI, SQL, R, Python","Excel, Makrók, O365 szabályok",Teljes munkaidős,Határozatlan idejű,5-10 év tapasztalat,,
2837690,Magic fejlesztő,Smart Solutions Consultancy Kft.,https://www.profession.hu/allas/magic-fejleszto-smart-solutions-consultancy-kft-budapest-2837690?sessionId=ed7061b1d89e7c95ce70868e0e3baa03,2026-03-04,2026-03-25,True,Budapest,,English: A1,Főiskola,"SQL, ORACLE","Laptop, Headset, Mobiltelefon",Általános munkarend,Teljes munkaidő,5-10 év tapasztalat,,
2835308,SAP SD Analyst,Thermo Services (Hungary) Kft.,https://www.profession.hu/allas/sap-sd-analyst-thermo-services-hungary-kft-budapest-2835308?sessionId=ed7061b1d89e7c95ce70868e0e3baa03,2026-03-04,2026-03-25,True,Budapest,,English: B2,Főiskola (College),,"SAP, Microsoft Office suite",Általános munkarend (General work arrangement),Teljes munkaidő (Full-time),1-3 év tapasztalat (1-3 years of experience),,
2828630,"Medior tanácsadó, projektvezető",eNET Magyarország Kft.,https://www.profession.hu/allas/medior-tanacsado-projektvezeto-enet-magyarorszag-kft-budapest-2828630?sessionId=ed7061b1d89e7c95ce70868e0e3baa03,2026-03-04,2026-03-14,False,Budapest,,English: B2,Főiskola 'B' kat. jogosítvány,,"MS OFFICE, MICROSOFT WORD, POWERPOINT, WORD EXCEL, AGILIS PMP",Helyszíni munkavégzés,Teljes munkaidő Alkalmazotti jogviszony,3-5 év tapasztalat,,
2823963,Microsoft Dynamics CRM SW Fejlesztő,Hire-One Kft.,https://www.profession.hu/allas/microsoft-dynamics-crm-sw-fejleszto-hire-one-kft-2823963?sessionId=ed7061b1d89e7c95ce70868e0e3baa03,2026-03-04,2026-03-08,False,Pest megye,,English: B2,Egyetem,"C#, .NET, JavaScript, Power Automate","CRM, POWERBI, MS Dynamics",Home Office lehetősége,Teljes munkaidő Alkalmazotti jogviszony,1-3 év tapasztalat,,
2837365,Medior PHP Fejlesztő (NO),Tech People Hungary Kft.,https://www.profession.hu/allas/medior-php-fejleszto-no-tech-people-hungary-kft-budapest-2837365?sessionId=ed7061b1d89e7c95ce70868e0e3baa03,2026-03-04,2026-03-25,True,Budapest,,English: B2,High School with Diploma,"PHP, JavaScript, HTML, CSS, XML","Git, Symfony, CodeIgniter, jQuery, MySQL, Docker, Ubuntu Linux",Home office,Full-time,1-3 years,,
2836564,Informatikai vezető,AXING Zrt.,https://www.profession.hu/allas/informatikai-vezeto-axing-zrt-budapest-2836564?sessionId=ed7061b1d89e7c95ce70868e0e3baa03,2026-03-04,2026-03-25,True,Budapest,,English: B2,Főiskola,,,Általános munkarend,Teljes munkaidő,1-3 év tapasztalat,,
2829091,Go fejlesztő – Online kommunikáció implementáció,Excite Hungary Kft.,https://www.profession.hu/allas/go-fejleszto-online-kommunikacio-implementacio-excite-hungary-kft-2829091?sessionId=ed7061b1d89e7c95ce70868e0e3baa03,2026-03-04,2026-03-14,False,Magyarország,,English: B2,Középiskola,"Go, API BACKEND, SQL, MYSQL, GIT, AWS, REACT, DEVOPS, DOCKER, MONGODB, SVN, GO","Docker, SVN, Git, CI/CD folyamatok, SQL vagy NoSQL adatbázis-kezelési ismeretek",Full remot,Teljes munkaidő Alkalmazotti jogviszony,3-5 év tapasztalat,,
2828626,Rendszertervező,PROGEN MÉRNÖKI FEJLESZTŐ ÉS SZOLGÁLTATÓ KFT.,https://www.profession.hu/allas/rendszertervezo-progen-mernoki-fejleszto-es-szolgaltato-kft-budapest-2828626?sessionId=ed7061b1d89e7c95ce70868e0e3baa03,2026-03-04,2026-03-14,False,Budapest,,,Középiskola,,,Hibrid,Teljes munkaidő,1-3 év tapasztalat,,
2828540,DWH & BI Specialist,One Magyarország Zrt.,https://www.profession.hu/allas/dwh-bi-specialist-one-magyarorszag-zrt-budapest-2828540?sessionId=ed7061b1d89e7c95ce70868e0e3baa03,2026-03-04,2026-03-14,False,Budapest,,English: B2,Főiskola,,"Oracle, Power BI",Hibrid munkavégzés,Teljes munkaidő,1-3 év tapasztalat,,
2824003,Full Stack PHP Developer,Hire-One Kft.,https://www.profession.hu/allas/full-stack-php-developer-hire-one-kft-tata-2824003?sessionId=ed7061b1d89e7c95ce70868e0e3baa03,2026-03-04,2026-03-08,False,Tata,,{'Language': 'Hungarian'},Főiskola,"PHP, JavaScript","ERP, CRM, HTML5, CSS3, SQL, LINUX, AGILIS",Hybrid,Full-time,1-3 years,,
2836409,System Analyst,Szerencsejáték Zrt.,https://www.profession.hu/allas/system-analyst-szerencsejatek-zrt-budapest-2836409?sessionId=ed7061b1d89e7c95ce70868e0e3baa03,2026-03-04,2026-03-25,True,Budapest,,English: B2,Főiskola,,"Atlassian JIRA, Confluence, Microsoft O365, M365, BPMN eszközök (DrawIO, Visio), MsSQL, Oracle SQL, Azure DevOps, Microsoft Power Platform",,Teljes munkaidő,3-5 év tapasztalat,,
2829546,Senior PHP fejlesztő,Oktatási Hivatal,https://www.profession.hu/allas/senior-php-fejleszto-oktatasi-hivatal-budapest-2829546?sessionId=ed7061b1d89e7c95ce70868e0e3baa03,2026-03-04,2026-03-14,False,Budapest,,,Középiskola,"{'name': 'Laravel', 'level': 'high'}, {'name': 'PHP', 'level': 'high'}","{'name': 'Git', 'level': 'high'}, {'name': 'Vue3', 'level': 'high'}",Általános munkarend,Teljes munkaidő,5-10 év tapasztalat,,
2832953,Webfejlesztő,Medicare Zrt.,https://www.profession.hu/allas/webfejleszto-medicare-zrt-budapest-2832953?sessionId=ed7061b1d89e7c95ce70868e0e3baa03,2026-03-04,2026-03-20,False,Budapest,,,Középiskola,,WordPress,,Teljes munkaidő,3-5 év tapasztalat,,
2824080,Senior Java fejlesztő,MagNet Bank Zrt.,https://www.profession.hu/allas/senior-java-fejleszto-magnet-bank-zrt-budapest-2824080?sessionId=ed7061b1d89e7c95ce70868e0e3baa03,2026-03-04,2026-03-08,False,Budapest,,,Felsőfokú informatikai végzettség (BSc/MSc),Java,"Maven, Jenkins, IntelliJ IDEA, Git",Hybrid,Full-time,5+ years,,
2830705,Senior IT manuális tesztelő,BECK AND PARTNERS Kft.,https://www.profession.hu/allas/senior-it-manualis-tesztelo-beck-and-partners-kft-vac-2830705?sessionId=ed7061b1d89e7c95ce70868e0e3baa03,2026-03-04,2026-03-11,False,Budapest,,,Középiskola,"API, POSTMAN, SQL, ORACLE, AZURE",JIRA,Hibrid,Teljes munkaidő,5+ év,,
2830403,Full Stack Java Fejlesztő,BECK AND PARTNERS Kft.,https://www.profession.hu/allas/full-stack-java-fejleszto-beck-and-partners-kft-budapest-2830403?sessionId=ed7061b1d89e7c95ce70868e0e3baa03,2026-03-04,2026-03-14,False,Budapest,,English: B2,Bachelor,"Java, Spring, SQL, Angular, Python","AWS, Docker, Kubernetes",Hybrid,Full-time,7-10 years,,
2827681,IT mérnök,Pannonjob Kft.,https://www.profession.hu/allas/it-mernok-pannonjob-kft-miskolc-2827681?sessionId=ed7061b1d89e7c95ce70868e0e3baa03,2026-03-04,2026-03-13,False,Miskolc,,,Főiskola,,"LAN, WAN, VPN, OPERÁCIÓS RENDSZEREK, WINDOWS, VMWARE, CLOUD, AZURE, AWS, IT BIZTONSÁG, POWERSHELL, ITIL, SERVICENOW",,Full-time,1-3 years,,
2830596,DevOps Engineer (mid-level / senior),Trenkwalder,https://www.profession.hu/allas/devops-engineer-mid-level-senior-trenkwalder-2830596?sessionId=ed7061b1d89e7c95ce70868e0e3baa03,2026-03-04,2026-03-14,False,Budapest,,English: B2,Bachelor,"DEVOPS, CLOUD, DOCKER, AWS, AZURE, POSTGRESQL","GitHub Actions, Helm, Terraform, Prometheus, Grafana, Datadog",Hybrid,Full-time,3-5 years,,
2823523,Java Full Stack Developer,thyssenkrupp Components Technology Hungary Kft.,https://www.profession.hu/allas/java-full-stack-developer-thyssenkrupp-components-technology-hungary-kft-2823523?sessionId=ed7061b1d89e7c95ce70868e0e3baa03,2026-03-04,2026-03-07,False,Budapest,,English: B2,University degree in Computer Science or a related field is preferred,"Java, Vue.js, React","GitLab, CI/CD pipelines",,Full-time,5+ years,,
2830974,IT gyakornok,Fürge Diák Iskolaszövetkezet,https://www.profession.hu/allas/it-gyakornok-furge-diak-iskolaszovetkezet-budapest-2830974?sessionId=ed7061b1d89e7c95ce70868e0e3baa03,2026-03-04,2026-03-16,False,Budapest,2175 Ft/óra,English: B2,Középiskola,,SAP,Home office lehetőség,Diákmunka,,,
2827555,SAP Lead Developer (26000325),MOL IT & DIGITAL GBS KFT.,https://www.profession.hu/allas/sap-lead-developer-mol-it-digital-gbs-kft-budapest-2827555?sessionId=ed7061b1d89e7c95ce70868e0e3baa03,2026-03-04,2026-03-13,False,Budapest,"{'amount': 800000, 'currency': 'HUF', 'frequency': 'annual'}","{'language': 'English', 'level': 'CEFR B2'}","Higher professional, technical degree required",,,Hybrid,Full-time,5+ years,,
2827454,Test Method Specialist,COLOPLAST Hungary Kft.,https://www.profession.hu/allas/test-method-specialist-coloplast-hungary-kft-tatabanya-2827454?sessionId=ed7061b1d89e7c95ce70868e0e3baa03,2026-03-04,2026-03-13,False,Tatabánya,,English: B2,Bachelor,,,On-site with home office,Full-time,1-3 years,,
2830926,BI elemző gyakornok,Fürge Diák Iskolaszövetkezet,https://www.profession.hu/allas/bi-elemzo-gyakornok-furge-diak-iskolaszovetkezet-budapest-2830926?sessionId=ed7061b1d89e7c95ce70868e0e3baa03,2026-03-04,2026-03-16,False,Budapest,2175 Ft/óra,English: B2,Középiskola,"Python, SQL","EXCEL, PANDAS, BI",Hybrid,Diákmunka,,,
2827587,Rendszerszervező,ITware Kft.,https://www.profession.hu/allas/rendszerszervezo-itware-kft-budapest-2827587?sessionId=ed7061b1d89e7c95ce70868e0e3baa03,2026-03-04,2026-03-13,False,Budapest,,English: B2,Főiskola,,,Hibrid,Teljes munkaidő,5-10 év tapasztalat,,
2826009,IT Release Manager (Circular economy),MOL IT & DIGITAL GBS KFT.,https://www.profession.hu/allas/it-release-manager-circular-economy-mol-it-digital-gbs-kft-budapest-2826009?sessionId=ed7061b1d89e7c95ce70868e0e3baa03,2026-03-04,2026-03-18,False,Budapest,800000,"English: B2, Hungarian","University or college degree in economics, computer science, business administration (degree in IT is an advantage)",,,Hybrid,Full-time,5+ years,,
2823321,Rendszerszervező,ULYSSYS Kft.,https://www.profession.hu/allas/rendszerszervezo-ulyssys-kft-budapest-2823321?sessionId=ed7061b1d89e7c95ce70868e0e3baa03,2026-03-04,2026-03-07,False,Budapest,,,Főiskola,SQL,Jira,Hibrid,Teljes munkaidő,1-3 év tapasztalat,,
2823205,Junior/medior IT Business Analyst - supporting Wholesale business field,MOL IT & Digital GBS Kft.,https://www.profession.hu/allas/junior-medior-it-business-analyst-supporting-wholesale-business-field-mol-it-digital-gbs-kft-budapest-2823205?sessionId=ed7061b1d89e7c95ce70868e0e3baa03,2026-03-04,2026-03-07,False,Budapest,800000,English: B2,Bachelor,,"SAP, Azure DevOps, MS Office",Hybrid,Full-time,1-3 years,,
2826322,Solution Architect,4iG Informatikai Zrt.,https://www.profession.hu/allas/solution-architect-ig-informatikai-zrt-budapest-2826322?sessionId=ed7061b1d89e7c95ce70868e0e3baa03,2026-03-04,2026-03-13,False,Budapest,,English: B2,Középiskola,,"SAP S/4HANA, Kyriba, Accelya, Skymetrix, Navitaire, Dynamics AX",Teljes munkaidő Alkalmazotti jogviszony Általános munkarend,Full-time,>10 év tapasztalat,,
2830492,Szoftverfejlesztő (C++/C#),DanubiSoft Kft.,https://www.profession.hu/allas/szoftverfejleszto-c-c-danubisoft-kft-2830492?sessionId=ed7061b1d89e7c95ce70868e0e3baa03,2026-03-04,2026-03-16,False,Budapest,,English: B2,Felsőoktatási szakképzés,"C++, C, GIT, ERP, SQL, POSTGRESQL, XML, JSON, AGILIS, SCRUM, KANBAN, REST, JENKINS","Monitor (1 db), Windows Desktop PC",Általános munkarend,Teljes munkaidő Alkalmazotti jogviszony,1-3 év tapasztalat,,
2838178,Senior Service Designer,Lechner Nonprofit Kft.,https://www.profession.hu/allas/senior-service-designer-lechner-nonprofit-kft-budapest-2838178/pro?sessionId=ed7061b1d89e7c95ce70868e0e3baa03,2026-03-04,2026-03-25,True,Budapest,,,Főiskola,,"IOS, Laptop, Monitor (1 db), Monitor (2 db), Windows, MacOS",Hybrid,Full-time,5+ years,,
2831702,Intermediate .NET Developer,Tata Consultancy Services Limited,https://www.profession.hu/allas/intermediate-net-developer-tata-consultancy-services-limited-budapest-2831702?sessionId=ed7061b1d89e7c95ce70868e0e3baa03,2026-03-04,2026-03-18,False,Budapest,,English: B2,Középiskola,.NET 6+ / C#,"Clean Architecture principles and Mediator pattern (MediatR or equivalent), Azure App Services and Azure Functions, REST API development (OpenAPI/Swagger, validation, error handling, versioning), data transformation and mapping (JSON, XML), Azure API Management (policies, subscriptions, security), Microsoft Dynamics 365 Business Central APIs (OData/REST), Git repositories (Bitbucket or GitHub), Azure Event Grid, Service Bus for event-driven patterns, batch integration (CSV, Excel, flat files), CI/CD pipelines in Azure DevOps , Terraform",Hybrid,Full-time,3-5 years,,
2830912,Informatikai projektvezető,Új Világ Nonprofit Szolgáltató Kft.,https://www.profession.hu/allas/informatikai-projektvezeto-uj-vilag-nonprofit-szolgaltato-kft-2830912?sessionId=ed7061b1d89e7c95ce70868e0e3baa03,2026-03-04,2026-03-18,False,Budapest,,,Felsőoktatási szakképzés,,,Home-Office (hibrid munkavégzés),Teljes munkaidő (Full-time),,,
2827661,Medior Backend Java fejlesztő,NRGmap Kft.,https://www.profession.hu/allas/medior-backend-java-fejleszto-nrgmap-kft-budapest-2827661?sessionId=ed7061b1d89e7c95ce70868e0e3baa03,2026-03-04,2026-03-13,False,Budapest,,English: B2,Felsőoktatási szakképzés,"Java, Spring / Spring Boot","Git, PostgreSQL, MySQL, Oracle",Hybrid,Full-time,3-5 years,,
2826310,Senior Apex Fejlesztő,4iG Informatikai Zrt.,https://www.profession.hu/allas/senior-apex-fejleszto-ig-informatikai-zrt-budapest-2826310?sessionId=ed7061b1d89e7c95ce70868e0e3baa03,2026-03-04,2026-03-13,False,Budapest,,English: B2,Középiskola,"PL/SQL, JavaScript",Oracle APEX,Alkalmazotti jogviszony Általános munkarend,Teljes munkaidő,5-10 év tapasztalat,,
2828665,Business Systems Analyst,Ivy Technology AMS Hungary Kft.,https://www.profession.hu/allas/business-systems-analyst-ivy-technology-ams-hungary-kft-szombathely-2828665?sessionId=ed7061b1d89e7c95ce70868e0e3baa03,2026-03-04,2026-03-16,False,Szombathely,,English: B2,Felsőoktatási szakképzés,"Java, Oracle PL/SQL","Weblogic, Freshservice, SolarWinds",,Full-time,3-5 years,,
2823412,Technical Lead,Jubosys Kft.,https://www.profession.hu/allas/technical-lead-jubosys-kft-2823412?sessionId=ed7061b1d89e7c95ce70868e0e3baa03,2026-03-04,2026-03-07,False,Magyarország,,"English: B2, Hungarian: B2",Főiskola,"Go, Java","Docker, Linux",Remote/Hybrid,Full-time,3-5 years,,
2832024,Senior Data Analyst - Business Insights,Computacenter Services Kft.,https://www.profession.hu/allas/senior-data-analyst-business-insights-computacenter-services-kft-budapest-2832024?sessionId=ed7061b1d89e7c95ce70868e0e3baa03,2026-03-04,2026-03-18,False,Budapest,,"English: B2, German: unknown, French: unknown",Középiskola,"Excel, Power BI, SQL, databases","Power Platform (Power BI, Power Apps, Power Automate, Copilot)",Hybrid,Full-time,3-5 years,,
2831264,Informatikai gyakornok - Digitalizációs terület,Fürge Diák Iskolaszövetkezet,https://www.profession.hu/allas/informatikai-gyakornok-digitalizacios-terulet-furge-diak-iskolaszovetkezet-szombathely-2831264?sessionId=ed7061b1d89e7c95ce70868e0e3baa03,2026-03-04,2026-03-16,False,Szombathely,,English: B2,Középiskola,,"Excel, Power BI, SAP",Általános munkarend (Hybrid),Teljes munkaidő (Full-time),0-1 years,,
2826299,Senior Linux Rendszermérnök,4iG Informatikai Zrt.,https://www.profession.hu/allas/senior-linux-rendszermernok-ig-informatikai-zrt-budapest-2826299?sessionId=ed7061b1d89e7c95ce70868e0e3baa03,2026-03-04,2026-03-13,False,Budapest,,{'English': 'B2'},Főiskola,"Python, Javascript","Jenkins, Ansible, Giltlab, Vault, image Registry",,Full-time,,,
2823195,Senior Full-Stack szoftverfejlesztő,PHARMAROAD Zrt.,https://www.profession.hu/allas/senior-full-stack-szoftverfejleszto-pharmaroad-zrt-budapest-2823195?sessionId=ed7061b1d89e7c95ce70868e0e3baa03,2026-03-04,2026-03-07,False,Budapest,,English: B2,Főiskola,"C#, .NET, Angular","Git, Azure DevOps, Microsoft Azure",Hibrid,Teljes munkaidő,5-10 év,,
2823192,IT rendszerszervező,HMSoft Zrt.,https://www.profession.hu/allas/it-rendszerszervezo-hmsoft-zrt-budapest-2823192?sessionId=ed7061b1d89e7c95ce70868e0e3baa03,2026-03-04,2026-03-07,False,Budapest,,English: B1,Középiskola,,"JIRA, UML, SQL",Általános munkarend,Teljes munkaidő,1-3 év tapasztalat,,
2827705,Tesztautomatizáló mérnök,LIGHTWARE Zrt.,https://www.profession.hu/allas/tesztautomatizalo-mernok-lightware-zrt-budapest-2827705?sessionId=ed7061b1d89e7c95ce70868e0e3baa03,2026-03-04,2026-03-13,False,Budapest,,English: B2,Középiskola,"Python, Javascript","Git, SVN, Maven",Hybrid,Full-time,5-10 év tapasztalat,,
2827564,ERP Cyber Security Assurance Analyst,MOL IT & DIGITAL GBS KFT.,https://www.profession.hu/allas/erp-cyber-security-assurance-analyst-mol-it-digital-gbs-kft-budapest-2827564?sessionId=ed7061b1d89e7c95ce70868e0e3baa03,2026-03-04,2026-03-13,False,Budapest,"{'amount': 800000, 'currency': 'HUF', 'frequency': 'annual'}",English: Fluent,"University/College degree in Computer Science, Engineering or related field",,"SAP, Navision","Hybrid (Flexi time, home office possibilities)",Full-time,3-5 years,,
2823497,Junior Security Provisioning Analyst [BÉ-APA26],Focus Consulting Kft.,https://www.profession.hu/allas/junior-security-provisioning-analyst-be-apa-focus-consulting-kft-budapest-2823497?sessionId=ed7061b1d89e7c95ce70868e0e3baa03,2026-03-04,2026-03-07,False,Budapest,,English: B2,Bachelor's degree in computer science,,,Hybrid,Full-time,1-3 years,,
2832042,Programozó,SZAKÁL-MET-AL Zrt.,https://www.profession.hu/allas/programozo-szakal-met-al-zrt-budaors-2832042?sessionId=ed7061b1d89e7c95ce70868e0e3baa03,2026-03-04,2026-03-18,False,Budaörs,,English: A1,Főiskola,Java,,Rugalmas munkaidő,Teljes munkaidő,1-3 years,,
2822362,Data Analytics Engineer (remote),Profession Services,https://www.profession.hu/allas/data-analytics-engineer-remote-profession-services-2822362/pro?sessionId=ed7061b1d89e7c95ce70868e0e3baa03,2026-03-04,2026-03-05,False,Magyarországon belül bárhonnan,,English: C1,Felsőoktatási szakképzés,"Python, SQL, dbt, Power BI, DAX, Git","Microsoft Fabric, SAP, Oracle EBS, Salesforce, Finance, HR, Manufacturing data domains",Fully remote,Full-time,3-5 years,,
2830931,Cloud Platform Trainee,Fürge Diák Iskolaszövetkezet,https://www.profession.hu/allas/cloud-platform-trainee-furge-diak-iskolaszovetkezet-budapest-2830931?sessionId=ed7061b1d89e7c95ce70868e0e3baa03,2026-03-04,2026-03-16,False,Budapest,2175 Ft/óra,English: B2,Középiskola,,"CLOUD, AZURE, AUTOMATIZÁLÁS",Hybrid,Részmunkaidő,,,
2830673,Senior IT business analyst,PROFESSION SERVICES,https://www.profession.hu/allas/senior-it-business-analyst-profession-services-budapest-2830673/pro?sessionId=ed7061b1d89e7c95ce70868e0e3baa03,2026-03-04,2026-03-16,False,Budapest,,English: B2,Főiskola,,,Hybrid,Full-time,5-10 years,,
2830375,C# Fejlesztő Gyakornok,Fürge Diák Iskolaszövetkezet,https://www.profession.hu/allas/c-fejleszto-gyakornok-furge-diak-iskolaszovetkezet-debrecen-2830375?sessionId=ed7061b1d89e7c95ce70868e0e3baa03,2026-03-04,2026-03-16,False,Debrecen,,English: A1,Középiskola,C#,"WPF, MSSQL, SAP, EXCEL",Általános munkarend,Teljes munkaidő,,,
2827639,Medior Frontend fejlesztő,NRGmap Kft.,https://www.profession.hu/allas/medior-frontend-fejleszto-nrgmap-kft-budapest-2827639?sessionId=ed7061b1d89e7c95ce70868e0e3baa03,2026-03-04,2026-03-13,False,Budapest,,English: B2,Felsőoktatási szakképzés,"Vue.js, React, JavaScript, HTML5, CSS3, SCSS","Git, Redux, REST, Cypress",Hybrid,Full-time,3-5 years,,
2822323,IT Audit Manager,,https://www.profession.hu/allas/it-audit-manager-2822323?sessionId=ed7061b1d89e7c95ce70868e0e3baa03,2026-03-04,2026-03-05,False,Budapest,,"English: B2, Hungarian: Native",Főiskola,,,Hybrid,Full-time,5-10 years,,
2827684,Szoftverfejlesztő,PRINTNET Kft.,https://www.profession.hu/allas/szoftverfejleszto-printnet-kft-budapest-2827684?sessionId=ed7061b1d89e7c95ce70868e0e3baa03,2026-03-04,2026-03-13,False,Budapest,,English: B2,Főiskola,"C#, .NET Core, CSS, Javascript",MSSQL,Hybrid,Full-time,1-3 years,,
2842016,Global HR Technology Architect,Alcoa Shared Services Hungary Kft.,https://www.profession.hu/allas/global-hr-technology-architect-alcoa-shared-services-hungary-kft-2842016?sessionId=ed7061b1d89e7c95ce70868e0e3baa03,2026-03-04,2026-03-25,True,Hungary,,English: B2,Főiskola,,"Workday, Microsoft Office 365",Hybrid/remote working,Full-time,3-5 years,,
2842013,Senior Developer (contractor),Alcoa Shared Services Hungary Kft.,https://www.profession.hu/allas/senior-developer-contractor-alcoa-shared-services-hungary-kft-2842013?sessionId=ed7061b1d89e7c95ce70868e0e3baa03,2026-03-04,2026-03-25,True,Hungary,,English: B2,Főiskola,"C#, .NET, SQL, JavaScript, CSS","EBS, PI, LIMS, PLCs",,Full-time,5+ years,,
2842012,Salesforce Digital Consultant,Alcoa Shared Services Hungary Kft.,https://www.profession.hu/allas/salesforce-digital-consultant-alcoa-shared-services-hungary-kft-2842012?sessionId=ed7061b1d89e7c95ce70868e0e3baa03,2026-03-04,2026-03-25,True,,,"{'Language': 'English', 'CEFR Level': 'B2'}",Bachelor,,"Salesforce, Oracle, Workday Adaptive",Hybrid,Full-time,5+ years,,
2841598,Tesztmérnök Gyakornok (eBike fejlesztési területre - RBHM),Robert Bosch Energy and Body Systems,https://www.profession.hu/allas/tesztmernok-gyakornok-ebike-fejlesztesi-teruletre-rbhm-robert-bosch-energy-and-body-systems-miskolc-2841598?sessionId=ed7061b1d89e7c95ce70868e0e3baa03,2026-03-04,2026-03-25,True,Miskolc,,English: B2,Középiskola,,,Rugalmas munkaidő,Alkalmazotti jogviszony,,,
2841611,IT projektmenedzser,SENSO-MEDIA Zrt.,https://www.profession.hu/allas/it-projektmenedzser-senso-media-zrt-budapest-2841611?sessionId=ed7061b1d89e7c95ce70868e0e3baa03,2026-03-04,2026-03-25,True,Budapest,,English: B2,Középiskola 'B' kat.,,,Home-Office,Full-time,5-10 év,,
2841593,Építésvezető (külföldi munkavégzésre),Körös-Consult Zrt.,https://www.profession.hu/allas/epitesvezeto-kulfoldi-munkavegzesre-koros-consult-zrt-budapest-2841593?sessionId=ed7061b1d89e7c95ce70868e0e3baa03,2026-03-04,2026-03-25,True,Budapest,,English: B2,Főiskola,,,Általános munkarend,Teljes munkaidő,1-3 év tapasztalat,,
2841507,Frontend fejlesztő – Juniorból Mediorba (Full Remote),United Call Centers Kft.,https://www.profession.hu/allas/frontend-fejleszto-juniorbol-mediorba-full-remote-united-call-centers-kft-2841507?sessionId=ed7061b1d89e7c95ce70868e0e3baa03,2026-03-04,2026-03-25,True,,100% remote,English: B2,Középiskola,"JavaScript, Vue, React, Angular","Laptop, Frontend API, Web API",Home-Office,Full-time,1-3 years,,
2841489,Backend fejlesztő – Juniorból Mediorba (Full Remote),United Call Centers Kft.,https://www.profession.hu/allas/backend-fejleszto-juniorbol-mediorba-full-remote-united-call-centers-kft-2841489?sessionId=ed7061b1d89e7c95ce70868e0e3baa03,2026-03-04,2026-03-25,True,Magyarországon belül bárhonnan,,Angol középfok,Középiskola,"PHP, SYMFONY, GIT, LINUX, API, LARAVEL, CODEIGNITER",Laptop,Home Office: 100% remote munkavégzés,Teljes munkaidő Alkalmazotti jogviszony Általános munkarend,1-3 év tapasztalat,,
2841463,IT Compliance & Governance Gyakornoki program – Székesfehérvár - Diákmunka,PannonDiák,https://www.profession.hu/allas/it-compliance-governance-gyakornoki-program-szekesfehervar-diakmunka-pannondiak-szekesfehervar-2841463?sessionId=ed7061b1d89e7c95ce70868e0e3baa03,2026-03-04,2026-03-25,True,Székesfehérvár,2175 Ft/óra gross/hour,English: B2,Felsőfokú (University),,Laptop,Hybrid,Diákmunka (Student job),,,
2841462,IT támogatási gyakornoki program – Székesfehérvár - Diákmunka,PannonDiák,https://www.profession.hu/allas/it-tamogatasi-gyakornoki-program-szekesfehervar-diakmunka-pannondiak-szekesfehervar-2841462?sessionId=ed7061b1d89e7c95ce70868e0e3baa03,2026-03-04,2026-03-25,True,Székesfehérvár,,English: B2,Középiskola,,"CHANGE MANAGEMENT, Laptop",Hybrid,Diákmunka,,,
2841459,UX / Service Design gyakornok - Székesfehérvár - Diákmunka,PannonDiák,https://www.profession.hu/allas/ux-service-design-gyakornok-szekesfehervar-diakmunka-pannondiak-szekesfehervar-2841459?sessionId=ed7061b1d89e7c95ce70868e0e3baa03,2026-03-04,2026-03-25,True,Székesfehérvár,2175 Ft/óra netto,,Középiskola,,"Laptop, Miro, Figma",Hibrid (80% home office),Diákmunka,,,
2841458,Digital & Data Gyakornoki Program – Székesfehérvár - Diákmunka,PannonDiák,https://www.profession.hu/allas/digital-data-gyakornoki-program-szekesfehervar-diakmunka-pannondiak-szekesfehervar-2841458?sessionId=ed7061b1d89e7c95ce70868e0e3baa03,2026-03-04,2026-03-25,True,Székesfehérvár,2175 Ft/óra netto,,Középiskola,,"BI, CLOUD",Home-Office,Diákmunka,,,
2841443,SENIOR/MEDIOR IT SW PROJECT MANAGER - (GYKI2),Tech People Hungary Kft.,https://www.profession.hu/allas/senior-medior-it-sw-project-manager-gyki-tech-people-hungary-kft-budapest-2841443?sessionId=ed7061b1d89e7c95ce70868e0e3baa03,2026-03-04,2026-03-25,True,Budapest,,English: B2,Felsőoktatási szakképzés,,"MS PROJECT, AGILIS, PMP, JIRA","50% home office, 50% onsite",Full-time,3-5 years,,
2841268,Rendszerszervező,"Magyar Agrár-, Élelmiszergazdasági és",https://www.profession.hu/allas/rendszerszervezo-magyar-agrar-elelmiszergazdasagi-es-budapest-2841268?sessionId=ed7061b1d89e7c95ce70868e0e3baa03,2026-03-04,2026-03-25,True,Budapest,500000 EUR brutto/year,,Felsőfokú végzettség (Bachelor or Master),,"Laptop, Mobiltelefon",Hybrid,Full-time,2-3 years,,
2841270,Belső Fejlesztő,Masterplast Nyrt.,https://www.profession.hu/allas/belso-fejleszto-masterplast-nyrt-sarszentmihaly-2841270?sessionId=ed7061b1d89e7c95ce70868e0e3baa03,2026-03-04,2026-03-25,True,Sárszentmihály,,English: B2,Szakiskola / szakmunkás képző,"Python, JavaScript, VBA, Power Apps/Low-code, REST API",DYNAMICS MSSQL BI ERP SQL ADATTÁRHÁZ BACKUP,On-site,Full-time,1-3 years,,
2841264,Frissdiplomás projekt koordinátor,MVM Next Energiakereskedelmi Zrt.,https://www.profession.hu/allas/frissdiplomas-projekt-koordinator-mvm-next-energiakereskedelmi-zrt-budapest-2841264?sessionId=ed7061b1d89e7c95ce70868e0e3baa03,2026-03-04,2026-03-25,True,Budapest,,,Főiskola (Bachelor),,"MS OFFICE, SAP",Általános munkarend (Full-time),Teljes munkaidő (Full-time),,,
2841263,Senior IT projektmenedzser,MVM Informatika Zrt.,https://www.profession.hu/allas/senior-it-projektmenedzser-mvm-informatika-zrt-szeged-2841263?sessionId=ed7061b1d89e7c95ce70868e0e3baa03,2026-03-04,2026-03-25,True,Szeged,,English: B2,Főiskola,,"VISIO, AZURE, DEVOPS, LINUX, WINDOWS, BI, AGILIS, PMP, MS PROJECT, SERVICENOW, SAP CRM",Általános munkarend,Teljes munkaidő,3-5 év tapasztalat,,
2840722,Solution architect,Richter Gedeon Nyrt.,https://www.profession.hu/allas/solution-architect-richter-gedeon-nyrt-budapest-2840722?sessionId=ed7061b1d89e7c95ce70868e0e3baa03,2026-03-04,2026-03-25,True,Budapest,,English: B2,Bachelor,,,On-site with home office,Full-time,5+ years,,
2825935,Medior tesztelő,MVM Ügyfélkapcsolati Kft.,https://www.profession.hu/allas/medior-tesztelo-mvm-ugyfelkapcsolati-kft-budapest-2825935?sessionId=ed7061b1d89e7c95ce70868e0e3baa03,2026-03-04,2026-03-09,False,"Budapest, Szeged",,,Főiskola,"ISTQB, ANDROID, IOS, AZURE DEVOPS",Bug tracking rendszerek,Általános munkarend,Teljes munkaidő,3-5 év,,
2822589,"Java Architect / Mentor (Microservices, Spring Boot, Kubernetes)",Nova HR,https://www.profession.hu/allas/java-architect-mentor-microservices-spring-boot-kubernetes-nova-hr-budapest-2822589?sessionId=ed7061b1d89e7c95ce70868e0e3baa03,2026-03-04,2026-03-05,False,Budapest,,English: B2,Középiskola,"Java, Spring Boot, Microservices architectúra, design pattern-ek, Kubernetes, Liquibase","JBoss / WildFly, Oracle DB, MS SQL, MQ/Kafka, Swagger/OpenAPI",Hibrid,Teljes munkaidő,>10 év tapasztalat,,
2825934,Senior tesztelő,MVM Ügyfélkapcsolati Kft.,https://www.profession.hu/allas/senior-tesztelo-mvm-ugyfelkapcsolati-kft-budapest-2825934?sessionId=ed7061b1d89e7c95ce70868e0e3baa03,2026-03-04,2026-03-09,False,"Budapest, Szeged",,"{'Language': 'English', 'CEFR Level': 'B2'}",Főiskola (Bachelor),"Android, iOS, Azure","ISTQB, DEVOPS",Általános munkarend,Teljes munkaidő,5-10 év,,
2826264,Senior üzleti adattárház fejlesztő és architekt szakértő,MVM Next Energiakereskedelmi Zrt.,https://www.profession.hu/allas/senior-uzleti-adattarhaz-fejleszto-es-architekt-szakerto-mvm-next-energiakereskedelmi-zrt-budapest-2826264?sessionId=ed7061b1d89e7c95ce70868e0e3baa03,2026-03-04,2026-03-08,False,Budapest,,,Főiskola,,"ADATTÁRHÁZ, BI, SQL",Teljes munkaidő Általános munkarend,Full-time,5-10 év tapasztalat,,
2822668,Application specialist,Cloud Network Technology Kft.,https://www.profession.hu/allas/application-specialist-cloud-network-technology-kft-komarom-2822668?sessionId=ed7061b1d89e7c95ce70868e0e3baa03,2026-03-04,2026-03-05,False,Komárom,,,Középiskola,SQL,,Teljes munkaidő Általános munkarend,Full-time,1-3 év tapasztalat,,
2826263,Senior üzleti adattárház fejlesztési szakértő,MVM Next Energiakereskedelmi Zrt.,https://www.profession.hu/allas/senior-uzleti-adattarhaz-fejlesztesi-szakerto-mvm-next-energiakereskedelmi-zrt-budapest-2826263?sessionId=ed7061b1d89e7c95ce70868e0e3baa03,2026-03-04,2026-03-10,False,Budapest,,,Főiskola,,"ADATTÁRHÁZ, BI, SQL, POWER BI",Teljes munkaidő Általános munkarend,Full-time,5-10 év tapasztalat,,
2826106,SAP Business Analyst,Cloud Network Technology Kft.,https://www.profession.hu/allas/sap-business-analyst-cloud-network-technology-kft-komarom-2826106?sessionId=ed7061b1d89e7c95ce70868e0e3baa03,2026-03-04,2026-03-11,False,Komárom,,English: B2,Középiskola,"ABAP, SAP","SAP ASSEMBLY, SAP ACCESS",Általános munkarend (On-site),Teljes munkaidő (Full-time),5+ years,,
2826512,Projekt koordinátor,Nemzeti Élelmiszerlánc-Biztonsági Hivatal,https://www.profession.hu/allas/projekt-koordinator-nemzeti-elelmiszerlanc-biztonsagi-hivatal-budapest-2826512?sessionId=ed7061b1d89e7c95ce70868e0e3baa03,2026-03-04,2026-03-11,False,Budapest,200.000 Ft bruttó/month,,Főiskola (College),,"MS OFFICE, WORD, OUTLOOK, EXCEL, JIRA",Full-time,Governmental employment,1-3 years,,
2826257,DataStore Rendszerüzemeltető,Alfa Vienna Insurance Group Biztosító Zrt.,https://www.profession.hu/allas/datastore-rendszeruzemelteto-alfa-vienna-insurance-group-biztosito-zrt-budapest-2826257?sessionId=ed7061b1d89e7c95ce70868e0e3baa03,2026-03-04,2026-03-11,False,Budapest,,"English: B2, Hungarian: C1",Főiskola,"Oracle SQL, PL/SQL",ORACLE,Hybrid,Full-time,3-5 years,,
2826090,Oracle adatbázis üzemeltető,MBH Bank Nyrt.,https://www.profession.hu/allas/oracle-adatbazis-uzemelteto-mbh-bank-nyrt-2826090?sessionId=ed7061b1d89e7c95ce70868e0e3baa03,2026-03-04,2026-03-11,False,Budapest,,English: B2,Főiskola,,"ORACLE, ITIL, CLOUD AGILIS",Hybrid,Full-time,5+ years,,
2826497,Medior IT tesztelő,MVM Informatika Zrt.,https://www.profession.hu/allas/medior-it-tesztelo-mvm-informatika-zrt-paks-2826497?sessionId=ed7061b1d89e7c95ce70868e0e3baa03,2026-03-04,2026-03-08,False,Paks,,English: B2,Főiskola,,"WORD, POWERPOINT, MS PROJECT, AZURE DEVOPS, POSTMAN, EXCEL, OUTLOOK, ISTQB, JMETER",Általános munkarend,Teljes munkaidő,3-5 év tapasztalat,,
2826388,Dynamics AX / D365 Finance & Operations Developer,Futureal Shared Services Partnership,https://www.profession.hu/allas/dynamics-ax-d-finance-operations-developer-futureal-shared-services-partnership-budapest-2826388?sessionId=ed7061b1d89e7c95ce70868e0e3baa03,2026-03-04,2026-03-11,False,Budapest,,English: B2,Főiskola,X++,"DYNAMICS, D365 F&O",Hibrid,Teljes munkaidő,3-5 év tapasztalat,,
2822480,Meteorológiai fejlesztő - rádiószonda,HungaroMet Nonprofit Zrt.,https://www.profession.hu/allas/meteorologiai-fejleszto-radioszonda-hungaromet-nonprofit-zrt-budapest-2822480?sessionId=ed7061b1d89e7c95ce70868e0e3baa03,2026-03-04,2026-03-05,False,Budapest,,English: B2,Főiskola,"UNIX, LINUX, C, C++, PYTHON, PHP, JAVA",,Általános munkarend,Teljes munkaidő Alkalmazotti jogviszony,,,
2826227,Product Owner,MOHU MOL Hulladékgazdálkodási Zrt.,https://www.profession.hu/allas/product-owner-mohu-mol-hulladekgazdalkodasi-zrt-budapest-2826227?sessionId=ed7061b1d89e7c95ce70868e0e3baa03,2026-03-04,2026-03-11,False,Budapest,,English: B2,Bachelor,,,On-site with home office,Full-time,6-8 years,,
2823567,Junior Azure Cloud Operations Engineer/Cloud Intern,Getronics Global Service Centre,https://www.profession.hu/allas/junior-azure-cloud-operations-engineer-cloud-intern-getronics-global-service-centre-budapest-2823567?sessionId=ed7061b1d89e7c95ce70868e0e3baa03,2026-03-04,2026-03-05,False,Budapest,,English: B2,"Bachelor's Degree in Computer Science, Information Technology, or a related field","Python, PowerShell, Bash","Azure, AWS, Terraform",,Internship/Probation,Pályakezdő/friss diplomás,,
2822677,Devops mérnök,Multi Alarm Zrt.,https://www.profession.hu/allas/devops-mernok-multi-alarm-zrt-2822677?sessionId=ed7061b1d89e7c95ce70868e0e3baa03,2026-03-04,2026-03-05,False,Magyarország,,English: B2,Főiskola,"Python, C","ANSIBLE, POSTGRESQL, DEVOPS, LINUX, BACKUP, DEBIAN",Home-Office,Full-time,5+ years,,
2822672,Adatbázis adminisztrátor (DBA),Multi Alarm Zrt.,https://www.profession.hu/allas/adatbazis-adminisztrator-dba-multi-alarm-zrt-2822672?sessionId=ed7061b1d89e7c95ce70868e0e3baa03,2026-03-04,2026-03-05,False,Magyarországon belül bárhonnan,,English: B2,Főiskola,"MYSQL, SQL, NOSQL, PYTHON, POSTGRESQL, LINUX, MSSQL, C, BACKEND, FRONTEND, BACKUP, WINDOWS, MONGODB",PostgreSQL,Home-Office,Full-time,3-5 years,,
2824377,Global IT Category Manager,Louis Dreyfus Company Hungary Kft.,https://www.profession.hu/allas/global-it-category-manager-louis-dreyfus-company-hungary-kft-budapest-2824377?sessionId=ed7061b1d89e7c95ce70868e0e3baa03,2026-03-04,2026-03-11,False,Budapest,,{'English': 'C1'},Master,,"SAP, Ariba",Full-time,Full-time,10+ years,,
2822573,Meteorológiai fejlesztő - adatelemző,HungaroMet Nonprofit Zrt.,https://www.profession.hu/allas/meteorologiai-fejleszto-adatelemzo-hungaromet-nonprofit-zrt-budapest-2822573?sessionId=ed7061b1d89e7c95ce70868e0e3baa03,2026-03-04,2026-03-05,False,Budapest,,English: B2,Főiskola,"C, C++, PYTHON, PHP","UNIX, LINUX",Általános munkarend,Teljes munkaidő,,,
2822347,Early Talent Program-Engineering,Coca-Cola HBC Magyarország Kft.,https://www.profession.hu/allas/early-talent-program-engineering-coca-cola-hbc-magyarorszag-kft-dunaharaszti-2822347?sessionId=ed7061b1d89e7c95ce70868e0e3baa03,2026-03-04,2026-03-05,False,Dunaharaszti,,English: B2,Bachelor,,,Full-time,Full-time,,,
2821155,IT Business Analyst,Minds IT Solutions Zrt.,https://www.profession.hu/allas/it-business-analyst-minds-it-solutions-zrt-budapest-2821155/pro?sessionId=ed7061b1d89e7c95ce70868e0e3baa03,2026-03-04,2026-03-05,False,Budapest,,English: B2,Középiskola,,"Openshift, Kafka, Jenkins",Hybrid,Full-time,5-10 év tapasztalat,,
2831947,O2C Process Development Expert,MOL Nyrt.,https://www.profession.hu/allas/o-c-process-development-expert-mol-nyrt-budapest-2831947?sessionId=ed7061b1d89e7c95ce70868e0e3baa03,2026-03-04,2026-03-23,False,Budapest,,English: B2,Bachelor's/University degree,,"MS Office/O365, ERP systems, process mining systems",,Full-time,3-5 years,,
2826239,Business Intelligence Engineer,MOHU MOL Hulladékgazdálkodási Zrt.,https://www.profession.hu/allas/business-intelligence-engineer-mohu-mol-hulladekgazdalkodasi-zrt-budapest-2826239?sessionId=ed7061b1d89e7c95ce70868e0e3baa03,2026-03-04,2026-03-11,False,Budapest,,English: B2,Bachelor,"Python, SQL","ETL, BI rendszerek, Felhőplatformok",Full-time,Full-time,6-8 years,,
2822252,IT Üzleti Intelligencia menedzser,L.A.C. Zrt.,https://www.profession.hu/allas/it-uzleti-intelligencia-menedzser-l-a-c-zrt-budapest-2822252?sessionId=ed7061b1d89e7c95ce70868e0e3baa03,2026-03-04,2026-03-11,False,Budapest,,English: B2,Bachelor,"BI, SQL, NOSQL, POWER BI","Laptop, Mobiltelefon",Home-Office,Full-time,5-10 years,,
2817989,Üzleti intelligencia szakértő,L.A.C. Zrt.,https://www.profession.hu/allas/uzleti-intelligencia-szakerto-l-a-c-zrt-budapest-2817989?sessionId=ed7061b1d89e7c95ce70868e0e3baa03,2026-03-04,2026-03-05,False,Budapest,,English: B2,Bachelor,,"SQL, Microsoft Excel, Microsoft SQL, MS Power BI, Microsoft Azure, SharePoint",Hybrid,Full-time,3-5 years,,
2826131,Linux rendszer fejlesztő (C/C++),PROTECTA Kft,https://www.profession.hu/allas/linux-rendszer-fejleszto-c-c-protecta-kft-budapest-2826131?sessionId=ed7061b1d89e7c95ce70868e0e3baa03,2026-03-04,2026-03-11,False,Budapest,,English: B2,Főiskola,"C, C++, JavaScript","Linux, Git",Általános munkarend (Hybrid),Teljes munkaidő (Full-time),3-5 years,,
2822149,PHP programozó (Symfony),NetHotelBooking Kft.,https://www.profession.hu/allas/php-programozo-symfony-nethotelbooking-kft-veszprem-2822149?sessionId=ed7061b1d89e7c95ce70868e0e3baa03,2026-03-04,2026-03-05,False,Veszprém,,English: B2,Középiskola,"PHP, Symfony","Git, GitHub, AWS CodePipeline, Asana, Docker",Hibrid,Teljes munkaidő,3-5 év tapasztalat,,
2822491,Java Developer,ShiwaForce.com Zrt,https://www.profession.hu/allas/java-developer-shiwaforce-com-zrt-budapest-2822491?sessionId=ed7061b1d89e7c95ce70868e0e3baa03,2026-03-04,2026-03-05,False,Budapest,,English: B2,Főiskola,"Java 17+, Spring Boot, J2EE, SQL, Maven, REST, JSON","Docker, Kubernetes, cloud technologies",Hybrid,Full-time,3-5 years,,
2822490,Data scientist,QUADRON Analitika és Kiberbiztonság,https://www.profession.hu/allas/data-scientist-quadron-analitika-es-kiberbiztonsag-budapest-2822490?sessionId=ed7061b1d89e7c95ce70868e0e3baa03,2026-03-04,2026-03-05,False,Budapest,,English: B2,Egyetem (Bachelor),"Python, SQL","Laptop, Mobiltelefon",Hibrid,Teljes munkaidő (Full-time),3-5 év tapasztalat,,
2822238,"Senior Java Developer (AWS Cloud, ML Platform)",X-Chem Zrt.,https://www.profession.hu/allas/senior-java-developer-aws-cloud-ml-platform-x-chem-zrt-budapest-2822238?sessionId=ed7061b1d89e7c95ce70868e0e3baa03,2026-03-04,2026-03-05,False,Budapest,,English: B2,Főiskola,"Java, Python, C#","Kubernetes, AWS, Docker",Hybrid,Full-time,5-10 év tapasztalat,,
2837533,"Indirekt beszerzés, IT Beszerző",MOL Nyrt.,https://www.profession.hu/allas/indirekt-beszerzes-it-beszerzo-mol-nyrt-budapest-2837533?sessionId=ed7061b1d89e7c95ce70868e0e3baa03,2026-03-04,2026-03-25,True,Budapest,,English: B2,Főiskola (Bachelor),,,Általános munkarend (On-site with home office),Teljes munkaidő (Full-time),3-5 év tapasztalat (3-5 years),,
2840795,IT Specialist,Grafton Recruitment,https://www.profession.hu/allas/it-specialist-grafton-recruitment-fuzesabony-2840795?sessionId=ed7061b1d89e7c95ce70868e0e3baa03,2026-03-04,2026-03-23,False,Füzesabony,,English: B2,Középiskola,,"DYNAMICS ERP, PC, BI, LAN, WAN, POWER BI",Hybrid,Full-time,Pályakezdő/friss diplomás,,
2840593,Senior BI Business Analyst,Kőröstej kft.,https://www.profession.hu/allas/senior-bi-business-analyst-korostej-kft-budapest-2840593?sessionId=ed7061b1d89e7c95ce70868e0e3baa03,2026-03-04,2026-03-25,True,Budapest,,,Főiskola,"Power BI, DAX, SQL","BI, ERP, SAP, EXCEL",Általános munkarend,Teljes munkaidő,5-10 év tapasztalat,,
2840481,Medior Full Stack Fejlesztő (Backend fókuszú),Dartsee Kft.,https://www.profession.hu/allas/medior-full-stack-fejleszto-backend-fokuszu-dartsee-kft-budapest-2840481?sessionId=ed7061b1d89e7c95ce70868e0e3baa03,2026-03-04,2026-03-17,False,Budapest,"1,190,000 - 1,650,000 Ft / month","English: C1, Hungarian: B2",Bachelor,"Node.js, PostgreSQL, React 19",,Hybrid or fully remote,Full-time,3-5 years,,
2838739,Webmaster,BP Party Boat Kft.,https://www.profession.hu/allas/webmaster-bp-party-boat-kft-budapest-2838739?sessionId=ed7061b1d89e7c95ce70868e0e3baa03,2026-03-04,2026-03-25,True,Budapest,,"English: B2, Hungarian: C1",Bachelor,"Laravel, Django, React, Vue.js","WordPress CMS, DNS SECURITY ANALYTICS DATABASES DEBUGGING TROUBLESHOOTING, Google Analytics, Tag Manager, Google Search Console",Hybrid,Full-time,5+ years,,
2840470,PLC és SCADA specialista,HRCV Kft.,https://www.profession.hu/allas/plc-es-scada-specialista-hrcv-kft-szekesfehervar-2840470?sessionId=ed7061b1d89e7c95ce70868e0e3baa03,2026-03-04,2026-03-25,True,Székesfehérvár,,English: B2,Egyetem,,"Ignition SCADA, PLC, SCADA AUTOMATIZÁLÁS",Full-time,Teljes munkaidő Alkalmazotti jogviszony,1-3 év tapasztalat,,
2840326,Diákmunka - Software Developer trainee,MŰISZ Iskolaszövetkezet,https://www.profession.hu/allas/diakmunka-software-developer-trainee-muisz-iskolaszovetkezet-budapest-2840326?sessionId=ed7061b1d89e7c95ce70868e0e3baa03,2026-03-04,2026-03-22,False,Budapest XI.,2200-2800 Ft/hour,"English: B2, German",Főiskola (College),"C#, .Net development environment","TESTING HARDWARE, DEVOPS SECURITY TEST AUTOMATION, SOFTWARE TESTING",Hybrid,Diákmunka (Student job),,,
2840253,FULL-STACK JAVA DEVELOPER (Vállalati digtális megoldások),Raiffeisen Bank Zrt.,https://www.profession.hu/allas/full-stack-java-developer-vallalati-digtalis-megoldasok-raiffeisen-bank-zrt-budapest-2840253?sessionId=ed7061b1d89e7c95ce70868e0e3baa03,2026-03-04,2026-03-25,True,Budapest,,English: B2,Főiskola,"JAVA, ANGULAR, HTML5, CSS, JAVASCRIPT","AWS, DOCKER, BAMBOO, GITHUB, KUBERNETES",Hibrid,Teljes munkaidő,1-3 év tapasztalat,,
2828754,SENIOR RENDSZERSZERVEZŐ (Bankkártyás rendszerek),Raiffeisen Bank Zrt.,https://www.profession.hu/allas/senior-rendszerszervezo-bankkartyas-rendszerek-raiffeisen-bank-zrt-budapest-2828754?sessionId=ed7061b1d89e7c95ce70868e0e3baa03,2026-03-04,2026-03-14,False,Budapest,,English: B2,Főiskola (Bachelor),,,Hibrid (Hybrid),Teljes munkaidő (Full-time),1-3 years,,
2820951,Adatszakértő | Data Scientist,Robert Bosch Elektronika Kft.,https://www.profession.hu/allas/adatszakerto-data-scientist-robert-bosch-elektronika-kft-hatvan-2820951?sessionId=ed7061b1d89e7c95ce70868e0e3baa03,2026-03-04,2026-03-05,False,Hatvan,,English: B2,Főiskola,"Python, SQL, GIT","Linux, Windows",Home-Office,Full-time,1-3 years,,
2828722,"Szoftverfejlesztő (.NET, Core rendszer; SIG 122)",SIGNAL IDUNA Biztosító Zártkörűen,https://www.profession.hu/allas/szoftverfejleszto-net-core-rendszer-sig-signal-iduna-biztosito-zartkoruen-budapest-2828722?sessionId=ed7061b1d89e7c95ce70868e0e3baa03,2026-03-04,2026-03-14,False,Budapest,,,Középiskola,".NET, C#, ASP.NET","MS SQL, T-SQL, Windows Server",Hibrid,Teljes munkaidő,5-10 év tapasztalat,,
2820156,Data & BI Specialist,Visit Hungary Nonprofit Zrt.,https://www.profession.hu/allas/data-bi-specialist-visit-hungary-nonprofit-zrt-budapest-2820156?sessionId=ed7061b1d89e7c95ce70868e0e3baa03,2026-03-04,2026-03-05,False,Budapest,,English: B2,Főiskola,"SQL, DAX, M","Power BI, MS Office",Teljes munkaidő Alkalmazotti jogviszony,Full-time,1-3 years,,
2820832,CAD-CAM szoftver támogató mérnök,CAD-CAM SOLUTIONS KFT.,https://www.profession.hu/allas/cad-cam-szoftver-tamogato-mernok-cad-cam-solutions-kft-szekesfehervar-2820832?sessionId=ed7061b1d89e7c95ce70868e0e3baa03,2026-03-04,2026-03-04,False,Székesfehérvár,"{'gross': 784, 'currency': 'Ft'}","{'language': 'English', 'level': 'B1'}",Bachelor,,,On-site,Full-time,0-1 years,,
2833004,Medior Full Stack PHP Fejlesztő,ROBIBU Kft.,https://www.profession.hu/allas/medior-full-stack-php-fejleszto-robibu-kft-szeged-2833004?sessionId=ed7061b1d89e7c95ce70868e0e3baa03,2026-03-04,2026-03-20,False,Szeged,,English: B2,Főiskola,"PHP, JAVASCRIPT, MYSQL, ANGULAR, DOCKER","API, GIT",Általános munkarend,Teljes munkaidő,3-5 év tapasztalat,,
2828936,AI Research & Development Gyakornok,Fürge Diák Iskolaszövetkezet,https://www.profession.hu/allas/ai-research-development-gyakornok-furge-diak-iskolaszovetkezet-budapest-2828936?sessionId=ed7061b1d89e7c95ce70868e0e3baa03,2026-03-04,2026-03-14,False,Budapest,2300 Ft/hour gross,English: B2,Középiskola (High School with Diploma),,,On-site,Full-time,,,
2828918,IT ServiceNow Fejlesztő Gyakornok,Fürge Diák Iskolaszövetkezet,https://www.profession.hu/allas/it-servicenow-fejleszto-gyakornok-furge-diak-iskolaszovetkezet-budapest-2828918?sessionId=ed7061b1d89e7c95ce70868e0e3baa03,2026-03-04,2026-03-14,False,Budapest,2300 Ft/hour gross,English: B2,High School with Diploma,,ServiceNow platform,On-site,Full-time,0-1 years,,
2839837,IT megoldástervező (IT Solution Architect),NISZ Zrt.,https://www.profession.hu/allas/it-megoldastervezo-it-solution-architect-nisz-zrt-budapest-2839837?sessionId=ed7061b1d89e7c95ce70868e0e3baa03,2026-03-04,2026-03-25,True,Budapest,,,Felsőoktatási szakképzés,,AZURE CLOUD,Hybrid,Full-time,3-5 years,,
2839367,Data Analyst Intern (Python / VBA),Fürge Diák Iskolaszövetkezet,https://www.profession.hu/allas/data-analyst-intern-python-vba-furge-diak-iskolaszovetkezet-budapest-2839367?sessionId=ed7061b1d89e7c95ce70868e0e3baa03,2026-03-04,2026-03-25,True,Budapest,2800 HUF/hour,English: B2,Középiskola,"Python, VBA","SAP ARIBA, EPM data platform, Power BI",Rugalmas munkaidő (20–40 óra/hét),Szakmai gyakorlat,,,
2828063,Senior IT Infrastruktúra Architect,BECK AND PARTNERS Kft.,https://www.profession.hu/allas/senior-it-infrastruktura-architect-beck-and-partners-kft-vac-2828063?sessionId=ed7061b1d89e7c95ce70868e0e3baa03,2026-03-04,2026-03-13,False,Budapest,,,Középiskola,"Windows Server, VMware, Hyper-V, RedHat Linux","DNS, DHCP, VISIO, CLOUD, AZURE, AWS, DEVOPS, SECURITY, ITIL",Hibrid,Teljes munkaidő,5-10 év tapasztalat,,
2827935,Lead Backend Developer (Node.js),BECK AND PARTNERS Kft.,https://www.profession.hu/allas/lead-backend-developer-node-js-beck-and-partners-kft-vac-2827935?sessionId=ed7061b1d89e7c95ce70868e0e3baa03,2026-03-04,2026-03-13,False,Budapest,,English: B2,Középiskola,"Node.js, TypeScript","Docker, AWS, Azure, Agilis, Scrum, Kanban",Hybrid,Full-time,5-10 év,,
2827811,JIS koordinátor,"""Rudolph Autóipari"" Kft.",https://www.profession.hu/allas/jis-koordinator-rudolph-autoipari-kft-ujhartyan-2827811?sessionId=ed7061b1d89e7c95ce70868e0e3baa03,2026-03-04,2026-03-13,False,Újhartyán,,"English: B2, German: B2",Középiskola,,,Általános munkarend,Teljes munkaidő,1-3 év tapasztalat,,
2838782,Fullstack fejlesztő,I.T.C. Kft.,https://www.profession.hu/allas/fullstack-fejleszto-i-t-c-kft-szeged-2838782?sessionId=ed7061b1d89e7c95ce70868e0e3baa03,2026-03-04,2026-03-25,True,Szeged,,English: B2,Felsőoktatási szakképzés,"PHP, ANGULAR, JAVASCRIPT, CD, API, BACKEND JAVA, DOCKER, ADATBÁZIS KEZELÉS MYSQL, FRONTEND HTML CSS REACT VUE GIT LINUX REST CI AGILIS SCRUM KANBAN","Laptop, Monitor (2 db), Windows Linux Mobiltelefon Céges autó",Teljes munkaidő Alkalmazotti jogviszony Általános munkarend,Határozatlan idejű munkalehetőség,1-3 év tapasztalat,,
2838646,"Diákmunka - Data Scientist – QLab (Validation, Integration Total Vehicle)",MŰISZ Iskolaszövetkezet,https://www.profession.hu/allas/diakmunka-data-scientist-qlab-validation-integration-total-vehicle-muisz-iskolaszovetkezet-debrecen-2838646?sessionId=ed7061b1d89e7c95ce70868e0e3baa03,2026-03-04,2026-03-25,True,Hajdú-Bihar megye,2145 Ft/óra,English: B2,Középiskola,"Python, SQL, React, C++","Docker, APIs/microservices, containers",,Diákmunka,,,
2838631,IT fejlesztő,CE Glass Zrt.,https://www.profession.hu/allas/it-fejleszto-ce-glass-zrt-szeged-2838631?sessionId=ed7061b1d89e7c95ce70868e0e3baa03,2026-03-04,2026-03-25,True,Szeged,,English: B2,Főiskola,"Angular, Java",Desktop PC,Hybrid,Full-time,3-5 years,,
2838542,Kontroller,CE Glass Zrt.,https://www.profession.hu/allas/kontroller-ce-glass-zrt-szeged-2838542?sessionId=ed7061b1d89e7c95ce70868e0e3baa03,2026-03-04,2026-03-25,True,Szeged,,English: B2,Főiskola,"MS SQL, Power BI",,Hybrid,Full-time,3-5 years,,
2838486,IT projekt koordinátor,BECK AND PARTNERS Kft.,https://www.profession.hu/allas/it-projekt-koordinator-beck-and-partners-kft-budapest-2838486?sessionId=ed7061b1d89e7c95ce70868e0e3baa03,2026-03-04,2026-03-23,False,Budapest,,,Középiskola,,"JIRA, ERP",Hybrid,Full-time,1-3 years,,
2826213,Diákmunka - Szoftvertesztelő gyakornok,MŰISZ Iskolaszövetkezet,https://www.profession.hu/allas/diakmunka-szoftvertesztelo-gyakornok-muisz-iskolaszovetkezet-budapest-2826213?sessionId=ed7061b1d89e7c95ce70868e0e3baa03,2026-03-04,2026-03-11,False,Budapest,,"English: B2, Hungarian",Középiskola,,MICROSOFT OFFICE,Diákmunka Általános munkarend,Full-time,,,
2826415,Backup Admin – System engineer,BECK AND PARTNERS Kft.,https://www.profession.hu/allas/backup-admin-system-engineer-beck-and-partners-kft-2826415?sessionId=ed7061b1d89e7c95ce70868e0e3baa03,2026-03-04,2026-03-10,False,Budapest,,English: B2,Középiskola,"Python, Powershell","BACKUP, WINDOWS, LINUX, DATABASES, ITIL",Hybrid,Full-time,3-5 years,,
2826641,C++ Software Engineer,Grafton Recruitment,https://www.profession.hu/allas/c-software-engineer-grafton-recruitment-2826641?sessionId=ed7061b1d89e7c95ce70868e0e3baa03,2026-03-04,2026-03-09,False,Budapest,,"English: C1, Hungarian: C1",Egyetem,C++,"UNIX, LINUX",Hybrid,Full-time,3-5 years,,
2837644,IT Business Analyst,SIGNAL IDUNA Biztosító Zártkörűen,https://www.profession.hu/allas/it-business-analyst-signal-iduna-biztosito-zartkoruen-budapest-2837644?sessionId=ed7061b1d89e7c95ce70868e0e3baa03,2026-03-04,2026-03-25,True,Budapest,,English: B2,Főiskola,"MS Office, Jira/Confluence/Azure DevOps, SQL","UML, BPMN, MS Visio/Miro, Microsoft Power BI, Enterprise Architect",Hibrid,Teljes munkaidő,3-5 év tapasztalat,,
2837541,SAP-ABAP fejlesztő,Grafton Recruitment,https://www.profession.hu/allas/sap-abap-fejleszto-grafton-recruitment-2837541?sessionId=ed7061b1d89e7c95ce70868e0e3baa03,2026-03-04,2026-03-22,False,Budapest,,"English: B2, German: B2",Egyetem (Bachelor),ABAP/ABAP OO,"SAP HCM, ServiceNow, JIRA, CPI, RFC, IDoc, API",Hybrid,Full-time,5-10 years,,
2835629,"Software Engineer – Backend Focus (.NET, AWS)",WeShop Kft.,https://www.profession.hu/allas/software-engineer-backend-focus-net-aws-weshop-kft-budapest-2835629?sessionId=ed7061b1d89e7c95ce70868e0e3baa03,2026-03-04,2026-03-25,True,Budapest,"1,000,000 - 1,800,000 Ft gross/month",English: B2,Főiskola (College),.NET Core / ASP.NET Core,"AWS, Docker, Entity Framework Core, Angular, Redis",Home-Office,Full-time,4–8+ év szoftverfejlesztési tapasztalat,,
2837307,Informatikai fejlesztő,Állami Számvevőszék,https://www.profession.hu/allas/informatikai-fejleszto-allami-szamvevoszek-budapest-2837307?sessionId=ed7061b1d89e7c95ce70868e0e3baa03,2026-03-04,2026-03-25,True,Budapest,,,Felsőoktatási szakképzés,"SQL, LINUX, DOCKER, TESTING, PHP, POSTGRESQL, MYSQL, HTML, CSS, JAVASCRIPT, LARAVEL, ADATTÁRHÁZ, PANDAS R, GIT, VUE, PYTHON, ANSIBLE","SQL, LINUX, DOCKER, TESTING, PHP, POSTGRESQL, MYSQL, HTML, CSS, JAVASCRIPT, LARAVEL, ADATTÁRHÁZ, PANDAS R, GIT, VUE, PYTHON, ANSIBLE",Home-Office,Full-time,1-3 years,,
2835556,Osztályvezető (Informatikai Rendszertámogató Osztály),Semmelweis Egyetem Informatikai Főigazgatóság,https://www.profession.hu/allas/osztalyvezeto-informatikai-rendszertamogato-osztaly-semmelweis-egyetem-informatikai-foigazgatosag-budapest-2835556?sessionId=ed7061b1d89e7c95ce70868e0e3baa03,2026-03-04,2026-03-25,True,Budapest,,English: B2,Főiskola,,Microsoft 365,Full-time,Alkalmazotti jogviszony,3-5 év tapasztalat,,
2820871,Senior IT Rendszerszervező (MobilApp),Alfa Vienna Insurance Group Biztosító Zrt.,https://www.profession.hu/allas/senior-it-rendszerszervezo-mobilapp-alfa-vienna-insurance-group-biztosito-zrt-budapest-2820871?sessionId=ed7061b1d89e7c95ce70868e0e3baa03,2026-03-04,2026-03-04,False,Budapest,,"{'Language': 'Magyar', 'Level': 'felsőfok'}",Főiskola,,"BACKEND, SQL, UML, ENTERPRISE ARCHITECT, AGILIS, BPMN, CONFLUENCE, JIRA",Hibrid (részben otthonról),Teljes munkaidő,5+ év,,
2825295,Senior Business Analyst (ERP – termelés / sütőipar),PAROLA KFT,https://www.profession.hu/allas/senior-business-analyst-erp-termeles-sutoipar-parola-kft-budapest-2825295?sessionId=ed7061b1d89e7c95ce70868e0e3baa03,2026-03-04,2026-03-09,False,Budapest,,English: B2,Főiskola 'B' kat.,,"ERP, Windows, Atlassian, Miro, Office, Figma, AI, SaaS",Hybrid,Full-time,3-5 years,,
2824863,Adattárház programozó,Abroncs Kereskedőház Kft,https://www.profession.hu/allas/adattarhaz-programozo-abroncs-kereskedohaz-kft-budapest-2824863?sessionId=ed7061b1d89e7c95ce70868e0e3baa03,2026-03-04,2026-03-09,False,Budapest,660000 Ft éves,,Középiskola,"SQL, QlikSense Script / SQL","ERP, ADATTÁRHÁZ DYNAMICS EXCEL",Teljes munkaidő,Full-time,1-3 év tapasztalat,,
2836538,IT Project Manager,Grafton Recruitment,https://www.profession.hu/allas/it-project-manager-grafton-recruitment-2836538?sessionId=ed7061b1d89e7c95ce70868e0e3baa03,2026-03-04,2026-03-18,False,Budapest,,"English: B2, Hungarian: Native",Egyetem,,AGILIS,Hybrid,Full-time,5-10 years,,
2836473,Senior/Mid-Level Full Stake Developer (Full/Part-Time),Dentalprices Kft.,https://www.profession.hu/allas/senior-mid-level-full-stake-developer-full-part-time-dentalprices-kft-2836473?sessionId=ed7061b1d89e7c95ce70868e0e3baa03,2026-03-04,2026-03-23,False,,2000-3000 EUR gross/month,English: C1,Főiskola (College),"NODE.JS, PYTHON, TYPESCRIPT","GIT, AWS, POSTGRESQL, DOCKER, MACHINE LEARNING",Home-Office,Full-time,5+ years,,
2836024,Back-End Developer gyakornok,Fürge Diák Iskolaszövetkezet,https://www.profession.hu/allas/back-end-developer-gyakornok-furge-diak-iskolaszovetkezet-budapest-2836024?sessionId=ed7061b1d89e7c95ce70868e0e3baa03,2026-03-04,2026-03-23,False,Budapest,2500 HUF/hour,English: B2,Bachelor,"Java, Python, C++, Go (Golang)","Laptop, Mobiltelefon",Hybrid,Full-time,,,
2835028,Senior .net fejlesztő,Oktatási Hivatal,https://www.profession.hu/allas/senior-net-fejleszto-oktatasi-hivatal-budapest-2835028?sessionId=ed7061b1d89e7c95ce70868e0e3baa03,2026-03-04,2026-03-22,False,Budapest,,,Középiskola,"C#, .NET, React","Microsoft SQL Server, MySQL, Gitlab, SonarQube, Atlassian JIRA",Teljes munkaidő (40 óra),Alkalmazotti jogviszony,5-10 év,,
2834628,.Net (full-stack) vezetőfejlesztő,Oktatási Hivatal,https://www.profession.hu/allas/net-full-stack-vezetofejleszto-oktatasi-hivatal-budapest-2834628?sessionId=ed7061b1d89e7c95ce70868e0e3baa03,2026-03-04,2026-03-22,False,Budapest,,,Középiskola,"C#, .NET, React","Microsoft SQL Server, MySQL, Gitlab, SonarQube, Atlassian JIRA",Teljes munkaidő (40 óra),Alkalmazotti jogviszony,5-10 év,,
2835306,Diákmunka - Projektasszisztens,MŰISZ Iskolaszövetkezet,https://www.profession.hu/allas/diakmunka-projektasszisztens-muisz-iskolaszovetkezet-budapest-2835306?sessionId=ed7061b1d89e7c95ce70868e0e3baa03,2026-03-04,2026-03-09,False,Budapest,2900 Ft/hour,"English: B2, German: B2",High School with Diploma,Python,"MS OFFICE, EXCEL",On-site,Full-time,,,
2835263,Szoftverfejlesztő,HM ARZENÁL Zrt.,https://www.profession.hu/allas/szoftverfejleszto-hm-arzenal-zrt-nyirtelek-2835263?sessionId=ed7061b1d89e7c95ce70868e0e3baa03,2026-03-04,2026-03-22,False,Nyírtelek,,English: B1,Bachelor,"Python, Linux",HARDWARE,Full-time,Full-time,1-3 years,,
2835013,Diákmunka - IT PMO Intern,MŰISZ Iskolaszövetkezet,https://www.profession.hu/allas/diakmunka-it-pmo-intern-muisz-iskolaszovetkezet-budapest-2835013?sessionId=ed7061b1d89e7c95ce70868e0e3baa03,2026-03-04,2026-03-18,False,Budapest,2400 Ft/hour,"English: B2, Hungarian",University studies,,"MS OFFICE, AZURE DEVOPS, AGILE PROJECT MANAGEMENT, JIRA, CONFLUENCE, TESTING, UAT, ERP, CRM",Flexible working conditions,,,,
2823663,Full stack fejlesztő,GamiTradingHU Kft,https://www.profession.hu/allas/full-stack-fejleszto-gamitradinghu-kft-2823663?sessionId=ed7061b1d89e7c95ce70868e0e3baa03,2026-03-04,2026-03-07,False,Magyarország,,English: B2,Általános iskola,"React, Typescript, NodeJS","Docker, Kubernetes, RabbitMQ, Redis, Git, PostgreSQL, MySQL, AWS, Kafka, WebSocket",Home-Office,Full-time,5-10 év,,
2834649,NPD Project Manager (Supporting the Soft Flow NPD Programs),BECK AND PARTNERS Kft.,https://www.profession.hu/allas/npd-project-manager-supporting-the-soft-flow-npd-programs-beck-and-partners-kft-pecs-2834649?sessionId=ed7061b1d89e7c95ce70868e0e3baa03,2026-03-04,2026-03-18,False,Pécs,,English: B2,Bachelor,,"HARDWARE R, AGILE",Hybrid,Full-time,3-5 years,,
2834475,Senior szoftvertesztelő,Oktatási Hivatal,https://www.profession.hu/allas/senior-szoftvertesztelo-oktatasi-hivatal-budapest-2834475?sessionId=ed7061b1d89e7c95ce70868e0e3baa03,2026-03-04,2026-03-20,False,Budapest,,,Középiskola,,"JIRA, MS SQL, MySQL, SOAPUI","Teljes munkaidő, Alkalmazotti jogviszony, Általános munkarend",Full-time,5+ év,,
2834024,Diákmunka - Villamosmérnök gyakornok (német nyelvtudás szükséges),MŰISZ Iskolaszövetkezet,https://www.profession.hu/allas/diakmunka-villamosmernok-gyakornok-nemet-nyelvtudas-szukseges-muisz-iskolaszovetkezet-budapest-2834024?sessionId=ed7061b1d89e7c95ce70868e0e3baa03,2026-03-04,2026-03-20,False,Budapest XI. kerület,2700 Ft/óra,"Német középfok, Magyar anyanyelvi szint",Egyetem,,"HARDWARE ECLIPSE, Simatic Step7",Diákmunka Általános munkarend,Full-time,,,
2834021,Diákmunka - Software Developer Graduate,MŰISZ Iskolaszövetkezet,https://www.profession.hu/allas/diakmunka-software-developer-graduate-muisz-iskolaszovetkezet-budapest-2834021?sessionId=ed7061b1d89e7c95ce70868e0e3baa03,2026-03-04,2026-03-04,False,Budapest XI.,2200-2800 Ft/óra,"English: B2, Hungarian",Főiskola,"Java, Spring Boot, Python, Angular, JavaScript/TypeScript","Git, SQL, AWS cloud services, Docker, IntelliJ IDEA, Visual Studio",Hybrid,Full-time,,,
2834015,Diákmunka - Test engineer trainee - Simotion project,MŰISZ Iskolaszövetkezet,https://www.profession.hu/allas/diakmunka-test-engineer-trainee-simotion-project-muisz-iskolaszovetkezet-budapest-2834015?sessionId=ed7061b1d89e7c95ce70868e0e3baa03,2026-03-04,2026-03-08,False,Szeged,2200-2800 Ft/óra,"English: B2, Hungarian",Egyetem (ongoing specialized higher education),C#,"WINDOWS, TFS, AUTOMATED TESTS SOFTWARE TESTING, ISTQB, TEST AUTOMATION",Hybrid,Diákmunka (student job),,,
2821003,Alkalmazásfejlesztő,Nemzeti Filmintézet Közhasznú Nonprofit Zrt.,https://www.profession.hu/allas/alkalmazasfejleszto-nemzeti-filmintezet-kozhasznu-nonprofit-zrt-budapest-2821003?sessionId=ed7061b1d89e7c95ce70868e0e3baa03,2026-03-04,2026-03-05,False,Budapest,,"{'Language': 'English', 'Level': None}",Felsőoktatási szakképzés,"PHP, JAVASCRIPT","GIT, DOCKER, LARAVEL, MYSQL, SQL, CMS, WORDPRESS, API, MVC, HTML5, CSS3, LINUX, DEVOPS, REST",,Teljes munkaidő,1-3 év tapasztalat,,
2824015,Junior Vue.js fejlesztő diákmunka,Tudatos Diák Iskolaszövetkezet,https://www.profession.hu/allas/junior-vue-js-fejleszto-diakmunka-tudatos-diak-iskolaszovetkezet-budapest-2824015?sessionId=ed7061b1d89e7c95ce70868e0e3baa03,2026-03-04,2026-03-08,False,Budapest,,"English: B2, Hungarian",Középiskola,"Vue.js, React.js, PHP (Laravel)","VUE, Git",Home-Office,Full-time,1-3 years,,
2824013,Junior React.js fejlesztő diákmunka,Tudatos Diák Iskolaszövetkezet,https://www.profession.hu/allas/junior-react-js-fejleszto-diakmunka-tudatos-diak-iskolaszovetkezet-budapest-2824013?sessionId=ed7061b1d89e7c95ce70868e0e3baa03,2026-03-04,2026-03-08,False,Budapest,,"English: B2, Hungarian",Középiskola,"REACT, Vue.JS, PHP (Laravel)","Git, TypeScript, TailWindCSS, Bootstrap, Next.js",Home-Office,Full-time,1-3 years,,
2846568,Senior SAP Lead Developer (S/4HANA) (m/f/x),ZEISS,https://www.profession.hu/allas/senior-sap-lead-developer-s-hana-m-f-x-zeiss-2846568?sessionId=ed7061b1d89e7c95ce70868e0e3baa03,2026-03-04,2026-03-09,False,Németország,,"English: B2, German: B2",Középiskola,"SAP, ABAP, CLOUD, PROJECT MANAGEMENT, JIRA","SAP SECURITY, ABAP, CLOUD, PROJECT MANAGEMENT, JIRA",,Teljes munkaidő,1-3 év tapasztalat,,
2846565,Product Designer II,Mollie B.V.,https://www.profession.hu/allas/product-designer-ii-mollie-b-v-2846565?sessionId=ed7061b1d89e7c95ce70868e0e3baa03,2026-03-04,2026-03-25,True,Németország,,English: B2,Középiskola,,,On-site with home office,Full-time,1-3 years,,
2846563,Working Student in (Gen)AI Transformation Management (m|f|d),MEAG MUNICH ERGO AssetManagement GmbH,https://www.profession.hu/allas/working-student-in-gen-ai-transformation-management-m-f-d-meag-munich-ergo-assetmanagement-gmbh-2846563?sessionId=ed7061b1d89e7c95ce70868e0e3baa03,2026-03-04,2026-03-25,True,Munich,,"English: B2, German: B2","Bachelor's or Master's in Business Administration, Economics, Computer Science, Data Science, Engineering, or a comparable field",,,Hybrid,Full-time,0-1 years,,
2846545,Working Student IT J-SOX EMENA,Grohe AG,https://www.profession.hu/allas/working-student-it-j-sox-emena-grohe-ag-2846545?sessionId=ed7061b1d89e7c95ce70868e0e3baa03,2026-03-04,2026-03-25,True,Germany,,"English: B2, German: B2",Bachelor,"SAP, SQL","JIRA, Google Workspace",Hybrid,Full-time,0-1 years,,
2846518,(Senior) Cyber Detection Engineer (m/f/d) - SAP Global Security & Cloud Compliance,SAP SE,https://www.profession.hu/allas/senior-cyber-detection-engineer-m-f-d-sap-global-security-cloud-compliance-sap-se-2846518?sessionId=ed7061b1d89e7c95ce70868e0e3baa03,2026-03-04,2026-03-17,False,Németország,,English: B2,Egyetem,"Python, PowerShell","SAP SECURITY CLOUD, AWS, AZURE",Full-time,Regular Full Time,1-3 years,,
2846497,ICT GRC - Firewall Governance Manager,N26 GmbH,https://www.profession.hu/allas/ict-grc-firewall-governance-manager-n-gmbh-2846497?sessionId=ed7061b1d89e7c95ce70868e0e3baa03,2026-03-04,2026-03-25,True,Germany,,"English, German",Bachelor,,"FIREWALL, NETWORK SECURITY TESTING, ISO, VPN, AWS, CHANGE MANAGEMENT",Hybrid,Full-time,3-5 years,,
2846482,Senior AI Platform Engineer (f/m/x),BMW Group,https://www.profession.hu/allas/senior-ai-platform-engineer-f-m-x-bmw-group-2846482?sessionId=ed7061b1d89e7c95ce70868e0e3baa03,2026-03-04,2026-03-25,True,Németország,,English: B2,Egyetem,"Python, Node.js/Nest.js, Java/Kotlin, Go","CLOUD, PYTHON, NODE.JS, JAVA, KOTLIN, API, AWS, DOCKER, SECURITY. MACHINE LEARNING",,Full-time,5+ years,,
2846479,Product Manager - AI Products,N26 GmbH,https://www.profession.hu/allas/product-manager-ai-products-n-gmbh-2846479?sessionId=ed7061b1d89e7c95ce70868e0e3baa03,2026-03-04,2026-03-05,False,Germany,,English: B2,Bachelor,,SECURITY ACCESS MACHINE LEARNING AGILE,Hybrid,Full-time,1-3 years,,
2846463,Senior UX Designer (m/f/d),azeti GmbH,https://www.profession.hu/allas/senior-ux-designer-m-f-d-azeti-gmbh-2846463?sessionId=ed7061b1d89e7c95ce70868e0e3baa03,2026-03-04,2026-03-25,True,Berlin,2500 EUR annual,"English: C1, German: C1",Bachelor,,"ADOBE XD, HTML, CSS, JAVASCRIPT, AGILE SCRUM, KANBAN",Hybrid,Full-time,5+ years,,
2846455,Research Engineer - Vision Language Action Models for Intelligent Cyber Physical Systems (f/m/div.),Bosch Gruppe,https://www.profession.hu/allas/research-engineer-vision-language-action-models-for-intelligent-cyber-physical-systems-f-m-div-bosch-gruppe-2846455?sessionId=ed7061b1d89e7c95ce70868e0e3baa03,2026-03-04,2026-03-25,True,Renningen,,"English: fluent, German: optional","Master's degree in Computer Science, Machine Learning, Robotics or related technical fields","Python, PyTorch, TensorFlow, JAX","Docker, CI/CD, multi-GPU/cloud infrastructure, Isaac Sim, CARLA, MuJoCo, Habitat",,Full-time,1-3 years,,
2846454,Research Engineer - Reinforcement Learning and Agentic AI (f/m/div.),Bosch Gruppe,https://www.profession.hu/allas/research-engineer-reinforcement-learning-and-agentic-ai-f-m-div-bosch-gruppe-2846454?sessionId=ed7061b1d89e7c95ce70868e0e3baa03,2026-03-04,2026-03-25,True,,,"{'Language': 'English', 'Level': 'B2'}",PhD,"Python, C++","Confluence, PyTorch, Hugging Face, JAX, TensorFlow",Hybrid,Full-time,3-5 years,,
2846452,ORBIS Pilot & Rollout Manager (m/w/d),Dedalus HealthCare GmbH,https://www.profession.hu/allas/orbis-pilot-rollout-manager-m-w-d-dedalus-healthcare-gmbh-2846452?sessionId=ed7061b1d89e7c95ce70868e0e3baa03,2026-03-04,2026-03-25,True,Trier,,"{'English': 'B2'}, {'German': 'C1'}",Bachelor's degree in (Medical) Informatics or Computer Engineering or studies in healthcare with an IT focus,"ANDROID, IOS",,Hybrid,Full-time,3+ years,,
2846449,Senior System Engineer (m/f/d) for European Space-based Defence Projects,OHB System AG,https://www.profession.hu/allas/senior-system-engineer-m-f-d-for-european-space-based-defence-projects-ohb-system-ag-2846449?sessionId=ed7061b1d89e7c95ce70868e0e3baa03,2026-03-04,2026-03-25,True,Németország,,English: B2,"Bachelor, Master",,,On-site,Full-time,1-3 years,,
2846424,Business Analyst Client Lifecycle (m/f/d),ODDO BHF SE,https://www.profession.hu/allas/business-analyst-client-lifecycle-m-f-d-oddo-bhf-se-2846424?sessionId=ed7061b1d89e7c95ce70868e0e3baa03,2026-03-04,2026-03-25,True,Magyarországon belül bárhonnan,,"{'English': 'B2'}, {'German': 'B2'}, {'French': 'B2'}",Főiskola,,,Home-Office,Full-time,1-3 years,,
2846031,IT Manager  - 100%,SFO Global Services AG,https://www.profession.hu/allas/it-manager-sfo-global-services-ag-2846031?sessionId=ed7061b1d89e7c95ce70868e0e3baa03,2026-03-04,2026-03-25,True,Biel-Bienne,,English: B2,"Bachelor's degree in computer science, information technology, or a related field.",,"Microsoft Dynamics 365, Power BI, Power Apps, Power Automate",On-site,Full-time,3-5 years,,
2846021,Head of Global Business Process Excellence 80-100%,dormakaba Schweiz AG,https://www.profession.hu/allas/head-of-global-business-process-excellence-dormakaba-schweiz-ag-2846021?sessionId=ed7061b1d89e7c95ce70868e0e3baa03,2026-03-04,2026-03-05,False,Rümlang,,English: B2,"Master's or Bachelor's degree in Computer Science, Engineering, Systems Analysis, or a related field",,"SAP, Salesforce",Full-time,Full-time,5-10 years,,
2846019,Security Engineer,LHH,https://www.profession.hu/allas/security-engineer-lhh-2846019?sessionId=ed7061b1d89e7c95ce70868e0e3baa03,2026-03-04,2026-03-05,False,Zürich,,English: B2,"Bachelor's degree in Computer Science, Software Engineering, Cybersecurity / Information Security, or a related technical field.",,SECURITY HARDWARE VIRTUALIZATION,On-site,Full-time,5+ years,,
2845744,Legal Technology Training Specialist,GITMAX IT Services Zrt.,https://www.profession.hu/allas/legal-technology-training-specialist-gitmax-it-services-zrt-2845744?sessionId=ed7061b1d89e7c95ce70868e0e3baa03,2026-03-04,2026-03-25,True,Hackensack,,,Főiskola (Associate's or bachelor's degree),,"Articulate, Captivate",Hybrid,Full-time,1-3 years,,
2845743,Principal Soc Architect,ARM Hungary Kft.,https://www.profession.hu/allas/principal-soc-architect-arm-hungary-kft-2845743?sessionId=ed7061b1d89e7c95ce70868e0e3baa03,2026-03-04,2026-03-17,False,Budapest,,,Bachelor's or Master’s degrees in Electrical or Computer Engineering,,,Hybrid,Full-time,>10 years,,
2845741,Technical Solutions Engineer,GITMAX IT Services Zrt.,https://www.profession.hu/allas/technical-solutions-engineer-gitmax-it-services-zrt-2845741?sessionId=ed7061b1d89e7c95ce70868e0e3baa03,2026-03-04,2026-03-25,True,,,English: B2+,Bachelor,Python,"Pandas, API Testing, Machine Learning",Remote or Hybrid,Full-time,3-5 years,,
2845740,Architect & Sr. Pre-Sales Engineer (Servers),GITMAX IT Services Zrt.,https://www.profession.hu/allas/architect-sr-pre-sales-engineer-servers-gitmax-it-services-zrt-2845740?sessionId=ed7061b1d89e7c95ce70868e0e3baa03,2026-03-04,2026-03-25,True,,,"{'Language': 'English', 'Level': 'B2'}",Főiskola,,,On-site,Full-time,5+ years,,
2845736,Software Engineer in Test,ARM Hungary Kft.,https://www.profession.hu/allas/software-engineer-in-test-arm-hungary-kft-2845736?sessionId=ed7061b1d89e7c95ce70868e0e3baa03,2026-03-04,2026-03-25,True,Budapest,,,High School with Diploma,Python,"GIT, DOCKER, TESTING, LINUX, HARDWARE, CI, TEST MANAGEMENT",Hybrid,Full-time,,,
2823013,Oracle expert,BSCE Tanácsadó és Informatikai Kft.,https://www.profession.hu/allas/oracle-expert-bsce-tanacsado-es-informatikai-kft-2823013?sessionId=ed7061b1d89e7c95ce70868e0e3baa03,2026-03-04,2026-03-04,False,Budapest,,,Egyetem,"ORACLE, SQL",ODI,Általános munkarend,Teljes munkaidő,1-3 év tapasztalat,,
2845731,Senior Researcher,GITMAX IT Services Zrt.,https://www.profession.hu/allas/senior-researcher-gitmax-it-services-zrt-2845731?sessionId=ed7061b1d89e7c95ce70868e0e3baa03,2026-03-04,2026-03-18,False,,Competitive salary and benefits aligned with experience,English: B2,"PhD (or equivalent) in Computer Science, AI, Machine Learning, or a related field.","Python, PyTorch, TensorFlow, Docker","Linux, GitHub/GitLab",,Full-time,3-5 years,,
2824652,"Investment Data Automation Specialist, Associate",BlackRock Hungary Kft.,https://www.profession.hu/allas/investment-data-automation-specialist-associate-blackrock-hungary-kft-2824652?sessionId=ed7061b1d89e7c95ce70868e0e3baa03,2026-03-04,2026-03-07,False,Budapest,,English: B2,"Bachelor's degree in Finance, Economics, IT or an equivalent combination of education","VBA, Python, Power Automate","Excel, SQL/Alteryx, Power Apps",Hybrid,Full-time,1-3 years,,
2845728,Staff Software Engineer (iOS),Diligent Governance Hungary Kft.,https://www.profession.hu/allas/staff-software-engineer-ios-diligent-governance-hungary-kft-2845728?sessionId=ed7061b1d89e7c95ce70868e0e3baa03,2026-03-04,2026-03-25,True,Budapest,,,Középiskola,"Swift, C","IOS SECURITY, DEVOPS, SWIFT, C NETWORK API BACKEND TESTING ANALYTICS XCODE CLOUD ACCESS DEBUGGING REST",Hybrid,Full-time,5-10 év tapasztalat,,
2845727,Senior Backend Engineer Go/Python (Payments),GITMAX IT Services Zrt.,https://www.profession.hu/allas/senior-backend-engineer-go-python-payments-gitmax-it-services-zrt-2845727?sessionId=ed7061b1d89e7c95ce70868e0e3baa03,2026-03-04,2026-03-25,True,"Limassol, Cyprus",,English: Upper-Intermediate or higher,Bachelor,"Go, Python","SQL, PostgreSQL, Kafka, JSON, REST, ACCESS",Hybrid,Full-time,5+ years,,
2845724,Cloud Solution Architect,GITMAX IT Services Zrt.,https://www.profession.hu/allas/cloud-solution-architect-gitmax-it-services-zrt-2845724?sessionId=ed7061b1d89e7c95ce70868e0e3baa03,2026-03-04,2026-03-25,True,,,,Bachelor,,"CLOUD, AWS, AZURE, SECURITY, DEVOPS, DOCKER",Hybrid,Full-time,5+ years,,
2845718,Senior Data Engineer,GITMAX IT Services Zrt.,https://www.profession.hu/allas/senior-data-engineer-gitmax-it-services-zrt-2845718?sessionId=ed7061b1d89e7c95ce70868e0e3baa03,2026-03-04,2026-03-18,False,Indianapolis,,,Bachelor,"{'Python': 'Advanced'}, {'SQL': 'Expert'}","DATABASES, AWS, AZURE, POSTGRESQL, PYTHON, DATABASE, BI ANALYTICS, SCRUM, AGILE, ORACLE, MYSQL, GIT, DYNAMICS, PANDAS, DOCKER, GDPR, SOX, POWER BI",Hybrid,Full-time,5+ years,,
2827340,Pénzügy BI konzulens,BSCE Tanácsadó és Informatikai Kft.,https://www.profession.hu/allas/penzugy-bi-konzulens-bsce-tanacsado-es-informatikai-kft-2827340?sessionId=ed7061b1d89e7c95ce70868e0e3baa03,2026-03-04,2026-03-13,False,Budapest,,English,Középiskola,,"BI, ADATTÁRHÁZ",Full-time,Full-time,,,
2821960,"Python Financial Engineering Platform Lead, Vice President",BlackRock Hungary Kft.,https://www.profession.hu/allas/python-financial-engineering-platform-lead-vice-president-blackrock-hungary-kft-2821960?sessionId=ed7061b1d89e7c95ce70868e0e3baa03,2026-03-04,2026-03-05,False,Budapest,,"{'Language': 'English', 'CEFR Level': None}",Bachelor's (BSc) or higher degree in Computer Science or equivalent field,"Python, Pandas, Apache Arrow, Snowflake, Prefect","Azure DevOps, git, CI/CD",Hybrid,Full-time,5+ years,,
2845711,"Manager, Database Administration",GITMAX IT Services Zrt.,https://www.profession.hu/allas/manager-database-administration-gitmax-it-services-zrt-2845711?sessionId=ed7061b1d89e7c95ce70868e0e3baa03,2026-03-04,2026-03-25,True,Los Angeles,,"{'Language': 'English', 'CEFR Level': None}","Bachelor's degree in Computer Science, IT, or related field","SQL, PostgreSQL, PowerShell, Bash, Python","DATABASE, DATABASES, CLOUD, AZURE, AWS",Hybrid,Full-time,>10 years,,
2845710,Senior Cloud Data Engineer,GITMAX IT Services Zrt.,https://www.profession.hu/allas/senior-cloud-data-engineer-gitmax-it-services-zrt-2845710?sessionId=ed7061b1d89e7c95ce70868e0e3baa03,2026-03-04,2026-03-25,True,Indianapolis,$135k gross/year,,Bachelor,"Python, SQL","Azure, AWS, Power BI",Hybrid,Full-time,5+ years,,
2845709,L2 Support Engineer,GITMAX IT Services Zrt.,https://www.profession.hu/allas/l-support-engineer-gitmax-it-services-zrt-2845709?sessionId=ed7061b1d89e7c95ce70868e0e3baa03,2026-03-04,2026-03-25,True,,,English: B2,Középiskola,,"NETWORK API, MYSQL, TESTING, TROUBLESHOOTING, INCIDENT MANAGEMENT, REST, JIRA, CONFLUENCE",Home-Office,Full-time,1-3 years,,
2822944,"Quantitative Modeler, Vice President",BlackRock Hungary Kft.,https://www.profession.hu/allas/quantitative-modeler-vice-president-blackrock-hungary-kft-2822944?sessionId=ed7061b1d89e7c95ce70868e0e3baa03,2026-03-04,2026-03-05,False,Budapest,,,Master's degree in a Quantitative field,"Python, C++","Git, LINUX","Hybrid (4 days in office, 1 day remote)",Full-time,5+ years,,
2821992,"UX/UI Design Lead, Vice President",BlackRock Hungary Kft.,https://www.profession.hu/allas/ux-ui-design-lead-vice-president-blackrock-hungary-kft-2821992?sessionId=ed7061b1d89e7c95ce70868e0e3baa03,2026-03-04,2026-03-05,False,Budapest,,,Főiskola (Bachelor),,TESTING ACCESS,Hybrid,Full-time,5+ years,,
2845691,Staff Program Delivery Manager – Site Reliability Engineering,Diligent Governance Hungary Kft.,https://www.profession.hu/allas/staff-program-delivery-manager-site-reliability-engineering-diligent-governance-hungary-kft-2845691?sessionId=ed7061b1d89e7c95ce70868e0e3baa03,2026-03-04,2026-03-25,True,Budapest,,,"Bachelor's degree in business, IT, computer science or related field (or pursuit of advance degree in a related field)",,"AWS, CLOUD SECURITY, NETWORK, AZURE, POWERBI, TABLEAU, PROJECT MANAGEMENT, PMI",Hybrid,Full-time,7+ years,,
2839212,Financial System Administrator,IPACKCHEM Kft.,https://www.profession.hu/allas/financial-system-administrator-ipackchem-kft-2839212?sessionId=ed7061b1d89e7c95ce70868e0e3baa03,2026-03-04,2026-03-16,False,Budapest,,,Főiskola (Bachelor),"SQL, Excel, Word, Access, PowerPoint","TESTING, ORACLE CLOUD BACKUP, ERP",Általános munkarend (Full-time),Teljes munkaidő (Full-time),1-3 év tapasztalat (1-3 years),,
2845684,Lead Data Scientist,GITMAX IT Services Zrt.,https://www.profession.hu/allas/lead-data-scientist-gitmax-it-services-zrt-2845684?sessionId=ed7061b1d89e7c95ce70868e0e3baa03,2026-03-04,2026-03-18,False,,,,Bachelor,SQL,TESTING MACHINE LEARNING ANALYTICS DATABASE PROJECT MANAGEMENT,Full-time,Full-time,7+ years,,
2845679,Senior Data Scientist,GITMAX IT Services Zrt.,https://www.profession.hu/allas/senior-data-scientist-gitmax-it-services-zrt-2845679?sessionId=ed7061b1d89e7c95ce70868e0e3baa03,2026-03-04,2026-03-18,False,San Francisco,,,Középiskola,"SQL, PYTHON",,Hibrid,Teljes munkaidő,5+ years,,
2845677,QA Specialist (Odoo),GITMAX IT Services Zrt.,https://www.profession.hu/allas/qa-specialist-odoo-gitmax-it-services-zrt-2845677?sessionId=ed7061b1d89e7c95ce70868e0e3baa03,2026-03-04,2026-03-25,True,,,,Középiskola,,"TESTING, ERP, API",Teljes munkaidő Általános munkarend,Full-time,3-5 év tapasztalat,,
2843998,Lecturer AI Reinforcement Learning (m/f/d),IU Internationale Hochschule,https://www.profession.hu/allas/lecturer-ai-reinforcement-learning-m-f-d-iu-internationale-hochschule-2843998?sessionId=ed7061b1d89e7c95ce70868e0e3baa03,2026-03-04,2026-03-22,False,Berlin,,English: C1,Bachelor,,,Freelance,Full-time,3-5 years,,
2843995,Lecturer Business Administration SAP S/4HANA Business Processes (m/f/d),IU Internationale Hochschule,https://www.profession.hu/allas/lecturer-business-administration-sap-s-hana-business-processes-m-f-d-iu-internationale-hochschule-2843995?sessionId=ed7061b1d89e7c95ce70868e0e3baa03,2026-03-04,2026-03-09,False,Bad Honnef,,English: C1,"Bachelor, Master, PhD",,SAP,Freelance,Full-time,3-5 years,,
2844001,Lecturer Cyber Security Theoretical Computer Science for IT Security (m/f/d),IU Internationale Hochschule,https://www.profession.hu/allas/lecturer-cyber-security-theoretical-computer-science-for-it-security-m-f-d-iu-internationale-hochschule-2844001?sessionId=ed7061b1d89e7c95ce70868e0e3baa03,2026-03-04,2026-03-09,False,Berlin,,English: C1,Bachelor,,SECURITY MACHINE LEARNING,Freelance,Full-time,1-3 years,,
2844000,Lecturer Cyber Security Artificial Intelligence (m/f/d),IU Internationale Hochschule,https://www.profession.hu/allas/lecturer-cyber-security-artificial-intelligence-m-f-d-iu-internationale-hochschule-2844000?sessionId=ed7061b1d89e7c95ce70868e0e3baa03,2026-03-04,2026-03-22,False,Berlin,,English: C1,Bachelor,,SECURITY,Freelance,Full-time,1-3 years,,
2845560,In-house Dynamics 365 CRM Consultant / Analyst (m/f/d),Golding Capital Partners GmbH,https://www.profession.hu/allas/in-house-dynamics-crm-consultant-analyst-m-f-d-golding-capital-partners-gmbh-2845560?sessionId=ed7061b1d89e7c95ce70868e0e3baa03,2026-03-04,2026-03-25,True,Munich,,English: B2,"Bachelor's degree in Computer Science, Information Technology, or a related field","Microsoft Dynamics 365 CRM on-premises, Power BI, SSRS","DYNAMICS CRM, TESTING, BI ACCESS, POWER BI, TROUBLESHOOTING",Hybrid,Full-time,1-3 years,,
2845557,Customer Success Partner Senior Advisor (f/m/d),SAP SE,https://www.profession.hu/allas/customer-success-partner-senior-advisor-f-m-d-sap-se-2845557?sessionId=ed7061b1d89e7c95ce70868e0e3baa03,2026-03-04,2026-03-13,False,Németország,,English: B2,Középiskola,,"SAP CLOUD @SAP, SAP Signavio, SAP LeanIX, SAP Cloud ALM, Tricentis, Syniti",Full-time,"Vollzeit, unbefristet",5+ years,,
2843969,Vice President (m|w|d) / Senior Manager (m|w|d) - Corporate Strategy,Voith GmbH & Co. KGaA,https://www.profession.hu/allas/vice-president-m-w-d-senior-manager-m-w-d-corporate-strategy-voith-gmbh-co-kgaa-2843969?sessionId=ed7061b1d89e7c95ce70868e0e3baa03,2026-03-04,2026-03-25,True,Heidenheim,,"English: B2, German","Master's degree, MBA or equivalent qualification",,,Hybrid,Full-time,4+ years,,
2845547,Senior Frontend Developer (all genders welcome),Rosenxt Group,https://www.profession.hu/allas/senior-frontend-developer-all-genders-welcome-rosenxt-group-2845547?sessionId=ed7061b1d89e7c95ce70868e0e3baa03,2026-03-04,2026-03-25,True,Wietmarschen-Lohne,,English: B2,Bachelor,"Angular, JavaScript, TypeScript, HTML, CSS","Azure Cloud, CI/CD pipelines, Automated testing frameworks",Hybrid,Full-time,3-5 years,,
2845543,Development Engineer - Software for Manufacturing (m/w/x),Thorlabs GmbH,https://www.profession.hu/allas/development-engineer-software-for-manufacturing-m-w-x-thorlabs-gmbh-2845543?sessionId=ed7061b1d89e7c95ce70868e0e3baa03,2026-03-04,2026-03-09,False,Németország,,English: B2,"Bachelor's or Master's degree in Software Engineering, Computer Science, or a comparable technical field",,,Flexible working hours (arranged individually),Full-time,1-3 years,,
2845541,Agentic AI Engineer (f/m/x),BMW Group,https://www.profession.hu/allas/agentic-ai-engineer-f-m-x-bmw-group-2845541?sessionId=ed7061b1d89e7c95ce70868e0e3baa03,2026-03-04,2026-03-25,True,München,,English: B2,Bachelor,"Python, DATABASE, DEVOPS, TESTING, AWS, AZURE, SECURITY, MACHINE LEARNING, CLEAN CODE",,Full-time,Full-time,1-3 years,,
2845536,Data Platform Engineer,Circonomit GmbH,https://www.profession.hu/allas/data-platform-engineer-circonomit-gmbh-2845536?sessionId=ed7061b1d89e7c95ce70868e0e3baa03,2026-03-04,2026-03-25,True,Cologne,,"{'English': 'C1'}, {'German': 'C1'}",Bachelor,Python,"AWS, Apache Spark, GIT",Hybrid,Full-time,5+ years,,
2845535,Senior Backend Engineer,Circonomit GmbH,https://www.profession.hu/allas/senior-backend-engineer-circonomit-gmbh-2845535?sessionId=ed7061b1d89e7c95ce70868e0e3baa03,2026-03-04,2026-03-25,True,Cologne,,"{'English': 'C1'}, {'German': 'C1'}",Bachelor,"TypeScript, SQL","Solid.js, Tantstack Start",,Full-time,5+ years,,
2845534,Senior Full Stack Data Engineer,Circonomit GmbH,https://www.profession.hu/allas/senior-full-stack-data-engineer-circonomit-gmbh-2845534?sessionId=ed7061b1d89e7c95ce70868e0e3baa03,2026-03-04,2026-03-25,True,Cologne,,"{'English': 'C1'}, {'German': 'C1'}","Bachelor, Master, PhD",Python,"SQL, AWS, Cloud DATABASES, POSTGRESQL, APACHE SPARK",On-site with home office,Full-time,5+ years,,
2845526,Thesis in Charging Interfaces Team starting April 2026,Daimler Truck AG,https://www.profession.hu/allas/thesis-in-charging-interfaces-team-starting-april-daimler-truck-ag-2845526?sessionId=ed7061b1d89e7c95ce70868e0e3baa03,2026-03-04,2026-03-18,False,Németország,,{'English': 'B2'},Főiskola,"C, C++, PYTHON","HARDWARE, NETWORK",Általános munkarend,Teljes munkaidő,1-3 év tapasztalat,,
2845521,Senior CAE & AI Engineer (f/m/x),BMW Group,https://www.profession.hu/allas/senior-cae-ai-engineer-f-m-x-bmw-group-2845521?sessionId=ed7061b1d89e7c95ce70868e0e3baa03,2026-03-04,2026-03-25,True,Németország,,English: B2,"Master's degree in the field of Engineering, Computer Science, Math or related area",,"CAD, geometry processing systems, 3D kernels",Full-time,Full-time,Several years of industrial experience,,
2845518,Senior Backend Engineer - Engagement,N26 GmbH,https://www.profession.hu/allas/senior-backend-engineer-engagement-n-gmbh-2845518?sessionId=ed7061b1d89e7c95ce70868e0e3baa03,2026-03-04,2026-03-25,True,Németország,,English: B2,Egyetem,"Spring, Kotlin","AWS, Postgres",Full-time,Teljes munkaidő,1-3 years,,
2845517,Senior Full-Stack Engineer,N26 GmbH,https://www.profession.hu/allas/senior-full-stack-engineer-n-gmbh-2845517?sessionId=ed7061b1d89e7c95ce70868e0e3baa03,2026-03-04,2026-03-04,False,Magyarországon belül bárhonnan,,English: B2,Egyetem,"REACT, NODE.JS, API, DEVOPS, POSTGRESQL, KOTLIN, SPRING, PYTHON","SECURITY, CLEAN CODE, REST",Távmunka / Remote,Teljes munkaidő,1-3 years,,
2845510,Senior Manager Business Process Excellence - Lead to Cash | EMEA Hub (m/f/x),ZEISS,https://www.profession.hu/allas/senior-manager-business-process-excellence-lead-to-cash-emea-hub-m-f-x-zeiss-2845510?sessionId=ed7061b1d89e7c95ce70868e0e3baa03,2026-03-04,2026-03-25,True,Németország,,"English: B2, German: B2",Bachelor,"SAP software (preferably SD, S/4 HANA or CRM)",SAP CRM CHANGE MANAGEMENT,Full-time,Full-time,1-3 years,,
2845464,Internship or Working Student in 3D Computer Vision (f/m/x),ZEISS,https://www.profession.hu/allas/internship-or-working-student-in-d-computer-vision-f-m-x-zeiss-2845464?sessionId=ed7061b1d89e7c95ce70868e0e3baa03,2026-03-04,2026-03-25,True,Magyarországon belül bárhonnan,,English: B2,Bachelor,"Python, C++",,Hybrid,Full-time,1-3 years,,
2845399,Solution Engineer (m/f/d),NTT Global Data Centers EMEA GmbH,https://www.profession.hu/allas/solution-engineer-m-f-d-ntt-global-data-centers-emea-gmbh-2845399?sessionId=ed7061b1d89e7c95ce70868e0e3baa03,2026-03-04,2026-03-25,True,EMEA,,English: B2,Bachelor,,"MS Office suite, Salesforce, AutoCAD, Bluebeam, CFD Modeling, AI tools",Hybrid,Full-time,1-3 years,,
2844952,Data Engineer,ITech Consult AG,https://www.profession.hu/allas/data-engineer-itech-consult-ag-2844952?sessionId=ed7061b1d89e7c95ce70868e0e3baa03,2026-03-04,2026-03-05,False,Basel,,English: B2,Bachelor,Python,"MongoDB, ETL orchestration tools (e.g., Airflow), GraphQL API",Full-time,Short-term,1-3 years,,
2844944,Product Owner  - Scrum / Backlog & Roadmap,ITech Consult AG,https://www.profession.hu/allas/product-owner-scrum-backlog-roadmap-itech-consult-ag-2844944?sessionId=ed7061b1d89e7c95ce70868e0e3baa03,2026-03-04,2026-03-04,False,Remote / Europe,,English: B2,Középiskola,,"Jira, Azure DevOps, Confluence",Remote,Full-time,5-10 év tapasztalat,,
2844935,"Senior Director – Delivery / Client Partner CRM & Tech BU, Enterprise Data, AI and Engagement Platforms – Healthcare & Life Sciences",Indegene Europe LLC,https://www.profession.hu/allas/senior-director-delivery-client-partner-crm-tech-bu-enterprise-data-ai-and-engagement-platforms-healthcare-life-sciences-indegene-europe-llc-2844935?sessionId=ed7061b1d89e7c95ce70868e0e3baa03,2026-03-04,2026-03-25,True,"Binningen/ Basel, Switzerland / EU",,,"Bachelor’s or Master’s in Engineering, Computer Science, Data Science, or related field",,"Veeva Vault CRM, Salesforce Health Cloud, Data Cloud, Omnichannel",Full-time,Full-time,15+ years,,
2844654,Full Stack & AI Developer,immopac operations ag,https://www.profession.hu/allas/full-stack-ai-developer-immopac-operations-ag-2844654?sessionId=ed7061b1d89e7c95ce70868e0e3baa03,2026-03-04,2026-03-16,False,Svájc,,"English: B2, German: B2, Italian: B2",Master's degree in Computer Science / Information Technology or a related field,"Java, Python",JAVA,"Full-time, flexible work environment",Full-time,,,
2844640,Senior DevOps Engineer / DevOps csapatvezető,META-INF Szolgáltató Kft.,https://www.profession.hu/allas/senior-devops-engineer-devops-csapatvezeto-meta-inf-szolgaltato-kft-2844640?sessionId=ed7061b1d89e7c95ce70868e0e3baa03,2026-03-04,2026-03-25,True,,,English: B2,Középiskola,"Python, Node.js, Java","AWS, CLOUD DEVOPS, DOCKER, BASH, MAVEN, JIRA, CONFLUENCE, BITBUCKET",,Full-time,5-10 év tapasztalat,,
2844636,PRODUCT MANAGER,Credit Management Solution Üzletviteli Tanácsadó és Szolgáltató Kft.,https://www.profession.hu/allas/product-manager-credit-management-solution-uzletviteli-tanacsado-es-szolgaltato-kft-2844636?sessionId=ed7061b1d89e7c95ce70868e0e3baa03,2026-03-04,2026-03-23,False,,,English: B2,Főiskola,"UAT, SQL",,Hybrid,Full-time,1-3 years,,
2844629,ARCHITECT,Credit Management Solution Üzletviteli Tanácsadó és Szolgáltató Kft.,https://www.profession.hu/allas/architect-credit-management-solution-uzletviteli-tanacsado-es-szolgaltato-kft-2844629?sessionId=ed7061b1d89e7c95ce70868e0e3baa03,2026-03-04,2026-03-23,False,,,"{'Language': 'English', 'Level': 'B2'}",Főiskola,Node.js,"AWS, AZURE, CLOUD, CD, PYTHON, CI",Hybrid,Full-time,5-10 years,,
2844608,Applications Developer 2,Oracle Global Services Hungary Kft.,https://www.profession.hu/allas/applications-developer-oracle-global-services-hungary-kft-2844608?sessionId=ed7061b1d89e7c95ce70868e0e3baa03,2026-03-04,2026-03-05,False,,,{'English': 'B2'},"Bachelor, Master","JAVASCRIPT, SQL, JAVA, SPRING, NODEJS, ORACLE ERP CRM","Oracle CPQ Implementation, Oracle Applications, Fusion ERP or CRM implementation experience or SQL, PL/SQL development experience",,Full-time,1-3 years,,
2844606,BUSINESS ANALYST,Credit Management Solution Üzletviteli Tanácsadó és Szolgáltató Kft.,https://www.profession.hu/allas/business-analyst-credit-management-solution-uzletviteli-tanacsado-es-szolgaltato-kft-2844606?sessionId=ed7061b1d89e7c95ce70868e0e3baa03,2026-03-04,2026-03-23,False,,,English: B2,Főiskola,SQL,,"Home-Office, Remote",Full-time,1-3 years,,
2844602,FULL STACK FEJLESZTŐ,Credit Management Solution Üzletviteli Tanácsadó és Szolgáltató Kft.,https://www.profession.hu/allas/full-stack-fejleszto-credit-management-solution-uzletviteli-tanacsado-es-szolgaltato-kft-2844602?sessionId=ed7061b1d89e7c95ce70868e0e3baa03,2026-03-04,2026-03-23,False,,,English: B2,Főiskola,"Python, Node.js, Typescript","Azure, AWS, CI/CD",Hybrid,Full-time,1-3 years,,
2844591,Kutató-fejlesztő,"KFIT Kutató, Fejlesztő és Innovációs Tanácsadó Kft.",https://www.profession.hu/allas/kutato-fejleszto-kfit-kutato-fejleszto-es-innovacios-tanacsado-kft-2844591?sessionId=ed7061b1d89e7c95ce70868e0e3baa03,2026-03-04,2026-03-25,True,,,,Főiskola,C/C++,"SPHINX, GPU (CUDA)",Általános munkarend,Teljes munkaidő,1-3 év tapasztalat,,
2844589,AI Performance Engineer,High Tech Engineering Center Kft.,https://www.profession.hu/allas/ai-performance-engineer-high-tech-engineering-center-kft-2844589?sessionId=ed7061b1d89e7c95ce70868e0e3baa03,2026-03-04,2026-03-25,True,,,English: B2,Középiskola,"Python, DOCKER, LINUX",,Teljes munkaidő Általános munkarend,Full-time,1-3 years,,
2844586,Full-stack fejlesztő / Tesztautomatizáló szakértő,META-INF Szolgáltató Kft.,https://www.profession.hu/allas/full-stack-fejleszto-tesztautomatizalo-szakerto-meta-inf-szolgaltato-kft-2844586?sessionId=ed7061b1d89e7c95ce70868e0e3baa03,2026-03-04,2026-03-25,True,,,,Középiskola,"Java, TypeScript","CLOUD DEVOPS, AWS, JIRA, CONFLUENCE, SCRUM, KANBAN, CLEAN CODE, JAVA TEST AUTOMATION",Hibrid,Teljes munkaidő,,,
2844572,Senior Java Developer,Accenture Korlátolt Felelősségű Társaság,https://www.profession.hu/allas/senior-java-developer-accenture-korlatolt-felelossegu-tarsasag-2844572?sessionId=ed7061b1d89e7c95ce70868e0e3baa03,2026-03-04,2026-03-25,True,Budapest,,English: B2,Középiskola,"JAVA, CLOUD, AGILE, SCRUM, SPRING, SQL, DATABASE, UML, HTML, CSS, JAVASCRIPT, API, DOCKER",,Hybrid,Full-time,5+ years,,
2844564,Senior C# Developer,Vertigo Technologies Hungary Kft.,https://www.profession.hu/allas/senior-c-developer-vertigo-technologies-hungary-kft-2844564?sessionId=ed7061b1d89e7c95ce70868e0e3baa03,2026-03-04,2026-03-25,True,,,"{'English': 'B2'}, {'Hungarian': 'B2'}",Középiskola,"C#, .NET","GIT, DOCKER, VISUAL STUDIO, POSTGRESQL, CLEAN CODE, REST, TEST AUTOMATION, KANBAN, AGILE, CONFLUENCE, JIRA",Hybrid,Full-time,1-3 years,,
2844550,Software Engineer Intern,ARM Hungary Kft.,https://www.profession.hu/allas/software-engineer-intern-arm-hungary-kft-2844550?sessionId=ed7061b1d89e7c95ce70868e0e3baa03,2026-03-04,2026-03-05,False,Budapest,,{'English': 'CEFR B2'},Bachelor,"C, C++","ANDROID, LINUX, MIDDLEWARE, HARDWARE, PYTHON, JAVA, TESTING, DEVOPS",Hybrid,Full-time,,,
2844536,Szoftver architekt,AgileXpert Szoftverfejlesztő és Tanácsadó Kft.,https://www.profession.hu/allas/szoftver-architekt-agilexpert-szoftverfejleszto-es-tanacsado-kft-2844536?sessionId=ed7061b1d89e7c95ce70868e0e3baa03,2026-03-04,2026-03-25,True,Budapest,,English: B2,Bachelor,"Java, SQL",Agilis,Hybrid,Full-time,5-10 years,,
2844530,Program Manager,Supercharge Kft.,https://www.profession.hu/allas/program-manager-supercharge-kft-2844530?sessionId=ed7061b1d89e7c95ce70868e0e3baa03,2026-03-04,2026-03-25,True,Budapest,,English: B2,Főiskola (Bachelor),,ACCESS AGILE PROJECT MANAGEMENT,Home-Office,Full-time,5+ years,,
2844529,Senior Backend Engineer (Java/Kotlin),Supercharge Kft.,https://www.profession.hu/allas/senior-backend-engineer-java-kotlin-supercharge-kft-szeged-2844529?sessionId=ed7061b1d89e7c95ce70868e0e3baa03,2026-03-04,2026-03-25,True,Szeged,,English: B2,Bachelor,"Java, Kotlin, Spring Boot","SQL, NoSQL databases (Postgres, Redis), Kubernetes, AWS, Terraform, Helm",On-site with home office,Full-time,5+ years,,
2844527,Beágyazott szoftverfejlesztő,Phiaro Technologies Kft.,https://www.profession.hu/allas/beagyazott-szoftverfejleszto-phiaro-technologies-kft-2844527?sessionId=ed7061b1d89e7c95ce70868e0e3baa03,2026-03-04,2026-03-25,True,Budapest,,English: B2,Bachelor,C,,Full-time,Full-time,0-1 years,,
2844523,Asset Technical Lead,Puppetworks Budapest Produkciós Kft.,https://www.profession.hu/allas/asset-technical-lead-puppetworks-budapest-produkcios-kft-2844523?sessionId=ed7061b1d89e7c95ce70868e0e3baa03,2026-03-04,2026-03-25,True,Budapest,,English: B2,"Bachelor's degree in Computer Science, Software Engineering, or equivalent",,,Full-time,Full-time,,,
2844487,Salesforce Developer,EF Information Services Kft.,https://www.profession.hu/allas/salesforce-developer-ef-information-services-kft-2844487?sessionId=ed7061b1d89e7c95ce70868e0e3baa03,2026-03-04,2026-03-18,False,Budapest,,,High School with Diploma,"Apex, JavaScript, Lightning Web Components (LWC), HTML, XML/JSON","Salesforce DX, scratch orgs/sandboxes, CI/CD pipelines, Platform Events, Change Data Capture, Pub/Sub API, AWS, Azure",On-site,Full-time,5+ years,,
2844485,Backend Python Developer,Puppetworks Budapest Produkciós Kft.,https://www.profession.hu/allas/backend-python-developer-puppetworks-budapest-produkcios-kft-2844485?sessionId=ed7061b1d89e7c95ce70868e0e3baa03,2026-03-04,2026-03-25,True,Budapest,,{'English': 'B2'},"Bachelor, Master","Python, C++, Java, SQL","GIT, MVC, WINDOWS, LINUX, AGILE",Full-time,Full-time,3-5 years,,
2844481,Graduate Hardware Designer - Solutions Engineering,ARM Hungary Kft.,https://www.profession.hu/allas/graduate-hardware-designer-solutions-engineering-arm-hungary-kft-2844481?sessionId=ed7061b1d89e7c95ce70868e0e3baa03,2026-03-04,2026-03-20,False,Budapest,,English: B2,"Bachelor, Master, PhD","System Verilog, Python, TCL, Perl, PHP",,Hybrid,Full-time,,,
2844478,Senior Atlassian Tanácsadó (Automatizálás & Scripting),META-INF Szolgáltató Kft.,https://www.profession.hu/allas/senior-atlassian-tanacsado-automatizalas-scripting-meta-inf-szolgaltato-kft-2844478?sessionId=ed7061b1d89e7c95ce70868e0e3baa03,2026-03-04,2026-03-25,True,Budapest,,English: B2,Középiskola,"PYTHON, JAVASCRIPT, API, POSTMAN, PHP, RUBY, JAVA","JIRA, CONFLUENCE, Nunjucks, Groovy",Általános munkarend,Teljes munkaidő,1-3 év tapasztalat,,
2844450,JAVA fejlesztő,SimpSec Kereskedelmi és Szolgáltató Kft.,https://www.profession.hu/allas/java-fejleszto-simpsec-kereskedelmi-es-szolgaltato-kft-miskolc-2844450?sessionId=ed7061b1d89e7c95ce70868e0e3baa03,2026-03-04,2026-03-25,True,Miskolc,,,Középiskola,"JAVA, SPRING, HIBERNATE, ANGULAR, MAVEN","JAVA/JEE, Spring, Maven, EJB, Hibernate, Swing, GWT, Angular JS",Általános munkarend,Teljes munkaidő,,,
2844448,SAP MM Senior Consultant,Accenture Korlátolt Felelősségű Társaság,https://www.profession.hu/allas/sap-mm-senior-consultant-accenture-korlatolt-felelossegu-tarsasag-2844448?sessionId=ed7061b1d89e7c95ce70868e0e3baa03,2026-03-04,2026-03-25,True,Budapest,,English: B2,Bachelor,"SAP MM, SAP SD, SAP FI/CO",SAP S/4HANA,Hybrid,Full-time,5+ years,,
2844440,ServiceNow Consultant/Developer,Accenture Korlátolt Felelősségű Társaság,https://www.profession.hu/allas/servicenow-consultant-developer-accenture-korlatolt-felelossegu-tarsasag-2844440?sessionId=ed7061b1d89e7c95ce70868e0e3baa03,2026-03-04,2026-03-25,True,Budapest,,,Középiskola,"JavaScript, HTML, CSS",ServiceNow,Full-time,Full-time,1-3 years,,
2844429,Junior Salesforce Developer,EF Information Services Kft.,https://www.profession.hu/allas/junior-salesforce-developer-ef-information-services-kft-2844429?sessionId=ed7061b1d89e7c95ce70868e0e3baa03,2026-03-04,2026-03-18,False,Budapest,,,Főiskola,"Apex, JavaScript, Lightning Web Components (LWC), HTML, CSS, XML/JSON","GIT, API REST, AWS CLOUD, CRM, TESTING, SECURITY, AZURE",On-site,Full-time,1-3 years,,
2844419,Energy Consultant,Supercharge Kft.,https://www.profession.hu/allas/energy-consultant-supercharge-kft-2844419?sessionId=ed7061b1d89e7c95ce70868e0e3baa03,2026-03-04,2026-03-25,True,London,,English: B2,Bachelor,,"MacOS, CHANGE MANAGEMENT",On-site with home office,Full-time,5-10 years,,
2844395,IT Business Analyst,Advocate Business Consulting Informatikai Kft.,https://www.profession.hu/allas/it-business-analyst-advocate-business-consulting-informatikai-kft-2844395?sessionId=ed7061b1d89e7c95ce70868e0e3baa03,2026-03-04,2026-03-25,True,Budapest,,English: B2,Bachelor,,"JIRA, AGILE TESTING, SQL, MS OFFICE, WORD, POWERPOINT, PROJECT MANAGEMENT, EXCEL, CONFLUENCE",Home-Office,Full-time,3-5 years,,
2844389,Senior ServiceNow Developer,Accenture Korlátolt Felelősségű Társaság,https://www.profession.hu/allas/senior-servicenow-developer-accenture-korlatolt-felelossegu-tarsasag-2844389?sessionId=ed7061b1d89e7c95ce70868e0e3baa03,2026-03-04,2026-03-25,True,Budapest,,{'English': 'B2'},Középiskola,ServiceNow,SERVICENOW,Hybrid,Full-time,3-5 years,,
2844383,Angular Developer,Accenture Korlátolt Felelősségű Társaság,https://www.profession.hu/allas/angular-developer-accenture-korlatolt-felelossegu-tarsasag-2844383?sessionId=ed7061b1d89e7c95ce70868e0e3baa03,2026-03-04,2026-03-25,True,Budapest,,English: B2,Középiskola,"NODE.JS, FRONTEND, HTML, CSS, JAVASCRIPT, ANGULAR, BOOTSTRAP, BACKEND, GIT, DOCKER, POSTGRESQL, JAVA, CD, CLOUD, TESTING, SPRING, JENKINS, CI, JUNIT, APACHE","NODE.JS, FRONTEND, HTML, CSS, JAVASCRIPT, ANGULAR, BOOTSTRAP, BACKEND, GIT, DOCKER, POSTGRESQL, JAVA, CD, CLOUD, TESTING, SPRING, JENKINS, CI, JUNIT, APACHE",,Full-time,3-5 years,,
2844369,Medior Azure Databricks Engineer,Accenture Korlátolt Felelősségű Társaság,https://www.profession.hu/allas/medior-azure-databricks-engineer-accenture-korlatolt-felelossegu-tarsasag-2844369?sessionId=ed7061b1d89e7c95ce70868e0e3baa03,2026-03-04,2026-03-25,True,Budapest,,,Bachelor,"Python, SQL","Azure Databricks, PySpark, SQL, Azure Data Factory (ADF), Azure Data Lake Storage (ADLS), Azure Synapse Analytics",Hybrid,Full-time,1-3 years,,
2844364,F# web developer,IntelliFactory Fejlesztő és Szolgáltató Kft.,https://www.profession.hu/allas/f-web-developer-intellifactory-fejleszto-es-szolgaltato-kft-2844364?sessionId=ed7061b1d89e7c95ce70868e0e3baa03,2026-03-04,2026-03-25,True,Budapest,,,High School with Diploma,F#,"ASP.NET CORE, WebSharper",On-site,Full-time,,,
2844353,Senior ServiceNow Business Process Consultant,Accenture Korlátolt Felelősségű Társaság,https://www.profession.hu/allas/senior-servicenow-business-process-consultant-accenture-korlatolt-felelossegu-tarsasag-2844353?sessionId=ed7061b1d89e7c95ce70868e0e3baa03,2026-03-04,2026-03-17,False,Budapest,,English: B2,Középiskola,,"ServiceNow, UAT, ITIL",Hybrid,Full-time,3-5 years,,
2844349,Senior Azure Databricks Platform Engineer,Accenture Korlátolt Felelősségű Társaság,https://www.profession.hu/allas/senior-azure-databricks-platform-engineer-accenture-korlatolt-felelossegu-tarsasag-2844349?sessionId=ed7061b1d89e7c95ce70868e0e3baa03,2026-03-04,2026-03-25,True,Budapest,,,Középiskola,Azure,"Terraform, Bicep, ARM templates, Azure DevOps, GitHub Actions",Hybrid,Full-time,1-3 years,,
2844342,Senior Azure Databricks Security Engineer,Accenture Korlátolt Felelősségű Társaság,https://www.profession.hu/allas/senior-azure-databricks-security-engineer-accenture-korlatolt-felelossegu-tarsasag-2844342?sessionId=ed7061b1d89e7c95ce70868e0e3baa03,2026-03-04,2026-03-25,True,Budapest,,,Középiskola,"{'Name': 'Azure'}, {'Name': 'Databricks'}","{'Name': 'NETWORK SECURITY'}, {'Name': 'CLOUD'}, {'Name': 'AZURE'}, {'Name': 'ACCESS'}, {'Name': 'ISO'}, {'Name': 'GDPR'}",Hybrid,Full-time,,,
2844330,Java Developer,Accenture Korlátolt Felelősségű Társaság,https://www.profession.hu/allas/java-developer-accenture-korlatolt-felelossegu-tarsasag-2844330?sessionId=ed7061b1d89e7c95ce70868e0e3baa03,2026-03-04,2026-03-25,True,Budapest,,English: B2,Középiskola,"Java, SQL, HTML, CSS, JAVASCRIPT","SQL, UML, CLOUD, JAVA, DOCKER, AGILE, SPRING, DATABASE, AZURE, API, SCRUM",Hybrid,Full-time,3-5 years,,
2844326,Medior Developer < Node.js/React >,DONE DIGITAL Kft.,https://www.profession.hu/allas/medior-developer-node-js-react-done-digital-kft-2844326?sessionId=ed7061b1d89e7c95ce70868e0e3baa03,2026-03-04,2026-03-25,True,Budapest,,English: B2,Középiskola,"NODE.JS, REACT","MYSQL, DEVOPS",Home-Office,Full-time,,,
2844325,Senior Data Engineer (Databricks),DATAPAO Kft.,https://www.profession.hu/allas/senior-data-engineer-databricks-datapao-kft-2844325?sessionId=ed7061b1d89e7c95ce70868e0e3baa03,2026-03-04,2026-03-25,True,Budapest,1700000 - 2300000 HUF gross/month,English: B2,Középiskola,"CLOUD SQL, NOSQL, SPARK, ACCESS, APACHE, UNIX, LINUX",MacOS,Hybrid,Full-time,3-5 years,,
2844323,Atlassian Consultant,META-INF Szolgáltató Kft.,https://www.profession.hu/allas/atlassian-consultant-meta-inf-szolgaltato-kft-2844323?sessionId=ed7061b1d89e7c95ce70868e0e3baa03,2026-03-04,2026-03-25,True,Budapest,,English: B2,Középiskola,,"Atlassian termékek, Laptop, Mobiltelefon",Általános munkarend,Teljes munkaidő,1-3 év tapasztalat,,
2844316,Senior Backend Engineer (Java/Kotlin),Supercharge Kft.,https://www.profession.hu/allas/senior-backend-engineer-java-kotlin-supercharge-kft-2844316?sessionId=ed7061b1d89e7c95ce70868e0e3baa03,2026-03-04,2026-03-25,True,Budapest,,English: B2,Középiskola,"Java, Spring Boot, Kotlin",BACKEND SPRING KOTLIN DATABASES CLOUD ACCESS JAVA SQL NOSQL AWS DEVOPS,,Full-time,5+ years,,
2844315,JavaScript / ServiceNow Developer,Accenture Korlátolt Felelősségű Társaság,https://www.profession.hu/allas/javascript-servicenow-developer-accenture-korlatolt-felelossegu-tarsasag-2844315?sessionId=ed7061b1d89e7c95ce70868e0e3baa03,2026-03-04,2026-03-25,True,Budapest,,English: B2,Középiskola,"JAVASCRIPT, SERVICENOW",ServiceNow,Hybrid,Full-time,1-3 years,,
2844314,Software Test Engineer,ARM Hungary Kft.,https://www.profession.hu/allas/software-test-engineer-arm-hungary-kft-2844314?sessionId=ed7061b1d89e7c95ce70868e0e3baa03,2026-03-04,2026-03-25,True,Budapest,,,High School with Diploma,"C, Python","JIRA, SECURITY TEST MANAGEMENT, LINUX, C GIT CI",Hybrid,Full-time,,,
2844313,"Senior Software Engineer (AI, Python)",Diligent Governance Hungary Kft.,https://www.profession.hu/allas/senior-software-engineer-ai-python-diligent-governance-hungary-kft-2844313?sessionId=ed7061b1d89e7c95ce70868e0e3baa03,2026-03-04,2026-03-25,True,Budapest,,,Középiskola,"Python, TypeScript","AWS, .C. CLOUD, AGILE SECURITY TESTING",Hybrid,Full-time,5+ years,,
2844305,SAP PP Consultant – S/4HANA Public Cloud,Accenture Korlátolt Felelősségű Társaság,https://www.profession.hu/allas/sap-pp-consultant-s-hana-public-cloud-accenture-korlatolt-felelossegu-tarsasag-2844305?sessionId=ed7061b1d89e7c95ce70868e0e3baa03,2026-03-04,2026-03-25,True,Budapest,,English: C1,Bachelor,,SAP S/4HANA (Public Cloud),Hybrid,Full-time,5+ years,,
2844303,F# intern,IntelliFactory Fejlesztő és Szolgáltató Kft.,https://www.profession.hu/allas/f-intern-intellifactory-fejleszto-es-szolgaltato-kft-2844303?sessionId=ed7061b1d89e7c95ce70868e0e3baa03,2026-03-04,2026-03-25,True,Budapest,,,High School with Diploma,,,On-site,Full-time,0-1 years,,
2844300,Senior Data Engineer (QA focus),Accenture Korlátolt Felelősségű Társaság,https://www.profession.hu/allas/senior-data-engineer-qa-focus-accenture-korlatolt-felelossegu-tarsasag-2844300?sessionId=ed7061b1d89e7c95ce70868e0e3baa03,2026-03-04,2026-03-25,True,Budapest,,,Bachelor,"Python, PySpark","AZURE, SQL, ACCESS, ANALYTICS, TESTING, BI, AGILE, JSON, XML, API, UAT, REGRESSION TESTING, REST, TEST AUTOMATION, JIRA",Hybrid,Full-time,3-5 years,,
2844287,Frontend Python Developer,Puppetworks Budapest Produkciós Kft.,https://www.profession.hu/allas/frontend-python-developer-puppetworks-budapest-produkcios-kft-2844287?sessionId=ed7061b1d89e7c95ce70868e0e3baa03,2026-03-04,2026-03-25,True,Budapest,,{'English': 'B2'},"Bachelor, Master","Python, C++, Java, SQL","GIT, MVC, WINDOWS, LINUX, AGILE",On-site,Full-time,3-5 years,,
2844270,BMC Helix/Remedy Developer,Accenture Korlátolt Felelősségű Társaság,https://www.profession.hu/allas/bmc-helix-remedy-developer-accenture-korlatolt-felelossegu-tarsasag-2844270?sessionId=ed7061b1d89e7c95ce70868e0e3baa03,2026-03-04,2026-03-25,True,Budapest,,,Bachelor,"Java, JavaScript, SQL","BMC Helix/Remedy, ServiceNow, Cherwell",Hybrid,Full-time,3-5 years,,
2844263,Energy Consultant,Supercharge Kft.,https://www.profession.hu/allas/energy-consultant-supercharge-kft-2844263?sessionId=ed7061b1d89e7c95ce70868e0e3baa03,2026-03-04,2026-03-25,True,Amsterdam,,English: B2,Főiskola (Bachelor),,"MacOS, Mobiltelefon",On-site with home office,Full-time,5-10 years,,
2824658,EMEA Wealth Client Data Analyst,BlackRock Hungary Kft.,https://www.profession.hu/allas/emea-wealth-client-data-analyst-blackrock-hungary-kft-2824658?sessionId=ed7061b1d89e7c95ce70868e0e3baa03,2026-03-04,2026-03-07,False,Budapest,,English: B2,University degree in a relevant field,"Python, SQL","Microsoft Dynamics CRM, ANALYTICS, ACCESS, DYNAMICS CRM",Hybrid,Full-time,1-3 years,,
2844241,AWS Cloud Architect,SnapSoft Informatikai és Szolgáltató Kft.,https://www.profession.hu/allas/aws-cloud-architect-snapsoft-informatikai-es-szolgaltato-kft-2844241?sessionId=ed7061b1d89e7c95ce70868e0e3baa03,2026-03-04,2026-03-25,True,Budapest,,English: B2,Bachelor,,"CLOUD, AWS, AZURE, SECURITY, API, ANSIBLE, DOCKER, DNS, VPN, ACCESS, BITBUCKET",On-site with home office,Full-time,5+ years,,
2844228,Senior Azure Databricks Engineer,Accenture Korlátolt Felelősségű Társaság,https://www.profession.hu/allas/senior-azure-databricks-engineer-accenture-korlatolt-felelossegu-tarsasag-2844228?sessionId=ed7061b1d89e7c95ce70868e0e3baa03,2026-03-04,2026-03-25,True,Budapest,,,Bachelor,"Python, SQL","Azure Databricks, Azure Data Factory, Azure Synapse Analytics",Hybrid,Full-time,5+ years,,
2844221,IT System Analyst,Advocate Business Consulting Informatikai Kft.,https://www.profession.hu/allas/it-system-analyst-advocate-business-consulting-informatikai-kft-2844221?sessionId=ed7061b1d89e7c95ce70868e0e3baa03,2026-03-04,2026-03-25,True,Budapest,,English: B2,Bachelor,"SQL, UML, MS Office","JIRA, Confluence, Excel, Word, PowerPoint",Home-Office,Full-time,3-5 years,,
2844215,Tool Developer,Puppetworks Budapest Produkciós Kft.,https://www.profession.hu/allas/tool-developer-puppetworks-budapest-produkcios-kft-2844215?sessionId=ed7061b1d89e7c95ce70868e0e3baa03,2026-03-04,2026-03-25,True,Budapest,,{'English': 'B2'},"Bachelor, Master","Python, C++, JAVA, SQL, GIT, LINUX, AGILE, PYTHON, C, MVC","Windows, Linux",Full-time,Full-time,3-5 years,,
2844209,IT Project Manager,Advocate Strategic Consulting Kft.,https://www.profession.hu/allas/it-project-manager-advocate-strategic-consulting-kft-2844209?sessionId=ed7061b1d89e7c95ce70868e0e3baa03,2026-03-04,2026-03-25,True,Budapest,,English: B2,"College or University degree in IT, Engineering or Economics",,"MS PROJECT, AGILE, JIRA, PMI PROJECT MANAGEMENT, CONFLUENCE",Full-time with possibility of remote work,Full-time,3-5 years,,
2844208,Principal Software Engineer,Diligent Governance Hungary Kft.,https://www.profession.hu/allas/principal-software-engineer-diligent-governance-hungary-kft-2844208?sessionId=ed7061b1d89e7c95ce70868e0e3baa03,2026-03-04,2026-03-25,True,London,,,Bachelor,"NODE.JS, SECURITY, AWS, PYTHON",BACKEND,Hybrid,Full-time,>10 years,,
2844181,Perl fejlesztő,BC.HU Informatikai Kft.,https://www.profession.hu/allas/perl-fejleszto-bc-hu-informatikai-kft-budapest-2844181?sessionId=ed7061b1d89e7c95ce70868e0e3baa03,2026-03-04,2026-03-25,True,Budapest,,English: B2,Középiskola,"SQL, POSTGRESQL, HTML, CSS, JAVASCRIPT, BOOTSTRAP, PHP, LINUX, API, DOCKER","Subversion, Javascript, Bootstrap, Linux",Távmunka / Remote,Full-time,,,
2827280,"Graduate Engineer, System IP Engineering",ARM Hungary Kft.,https://www.profession.hu/allas/graduate-engineer-system-ip-engineering-arm-hungary-kft-2827280?sessionId=ed7061b1d89e7c95ce70868e0e3baa03,2026-03-04,2026-03-04,False,Budapest,,,Bachelor,"SystemVerilog, Perl, Python",Windows,Hybrid,Full-time,0-1 years,,
2844169,Senior Software Engineer (Node.js),Diligent Governance Hungary Kft.,https://www.profession.hu/allas/senior-software-engineer-node-js-diligent-governance-hungary-kft-2844169?sessionId=ed7061b1d89e7c95ce70868e0e3baa03,2026-03-04,2026-03-17,False,Budapest,,,Bachelor,"NodeJS, React","NODE.JS, REACT, API SECURITY DEVOPS GIT TESTING .C. ACCESS AGILE",Hybrid,Full-time,,,
2844161,Software Engineering Team Lead - Linux Kernel Drivers,ARM Hungary Kft.,https://www.profession.hu/allas/software-engineering-team-lead-linux-kernel-drivers-arm-hungary-kft-2844161?sessionId=ed7061b1d89e7c95ce70868e0e3baa03,2026-03-04,2026-03-25,True,Budapest,,,High School with Diploma,Linux,SECURITY HARDWARE TESTING,Hybrid,Full-time,,,
2844159,Software Test Engineer - Tech Lead,ARM Hungary Kft.,https://www.profession.hu/allas/software-test-engineer-tech-lead-arm-hungary-kft-2844159?sessionId=ed7061b1d89e7c95ce70868e0e3baa03,2026-03-04,2026-03-25,True,Budapest,,,High School with Diploma,"C, Python","TEST AUTOMATION HARDWARE LINUX C PYTHON CI, Linux",Hybrid,Full-time,,,
2844153,Software Engineer (Node.js),Diligent Governance Hungary Kft.,https://www.profession.hu/allas/software-engineer-node-js-diligent-governance-hungary-kft-2844153?sessionId=ed7061b1d89e7c95ce70868e0e3baa03,2026-03-04,2026-03-11,False,Budapest,,,Középiskola,"Node.js, TypeScript, React, Angular","GIT, AWS, DATABASES, DOCKER, AGILE, SECURITY TESTING, DEBUGGING",Hybrid,Full-time,3-5 years,,
2844135,Head of Product Strategy & Design,Supercharge Kft.,https://www.profession.hu/allas/head-of-product-strategy-design-supercharge-kft-2844135?sessionId=ed7061b1d89e7c95ce70868e0e3baa03,2026-03-04,2026-03-11,False,Budapest,,English: B2,Főiskola,,"Jira, Slack, Google Sheets, Figma, AI prototyping tools",Hybrid,Full-time,5-10 years,,
2844127,SAP eWM Consultant – S/4HANA Public Cloud,Accenture Korlátolt Felelősségű Társaság,https://www.profession.hu/allas/sap-ewm-consultant-s-hana-public-cloud-accenture-korlatolt-felelossegu-tarsasag-2844127?sessionId=ed7061b1d89e7c95ce70868e0e3baa03,2026-03-04,2026-03-25,True,Budapest,,"English: B2, German: A1",Bachelor,,"SAP eWM, S/4HANA Public Cloud",Hybrid,Full-time,5+ years,,
2844115,AWS Cloud Engineer,Cheppers Szolgáltató Zrt.,https://www.profession.hu/allas/aws-cloud-engineer-cheppers-szolgaltato-zrt-budapest-2844115?sessionId=ed7061b1d89e7c95ce70868e0e3baa03,2026-03-04,2026-03-18,False,Budapest,,English: B2,Középiskola,"Python, Terraform, AWS CloudFormation, Pulumi, Docker, Kubernetes","AWS, LINUX, ANSIBLE, CLOUD DOCKER ACCESS DEVOPS CI",Hybrid,Full-time,1-3 years,,
2844112,Lead ServiceNow Developer / Architect,Accenture Korlátolt Felelősségű Társaság,https://www.profession.hu/allas/lead-servicenow-developer-architect-accenture-korlatolt-felelossegu-tarsasag-2844112?sessionId=ed7061b1d89e7c95ce70868e0e3baa03,2026-03-04,2026-03-25,True,Budapest,,English: B2,Középiskola,ServiceNow,SERVICENOW,Hybrid,Full-time,5-10 years,,
2844109,IT teacher (part-time or hourly),Szegedi Nemzetközi Általános Iskola,https://www.profession.hu/allas/it-teacher-part-time-or-hourly-szegedi-nemzetkozi-altalanos-iskola-szeged-2844109?sessionId=ed7061b1d89e7c95ce70868e0e3baa03,2026-03-04,2026-03-25,True,Szeged,,English: B2,High School with Diploma,,,Part-time or hourly position,Részmunkaidő (part-time),Nem kell tapasztalat,,
2844108,Senior SW/System Test Engineer,ARM Hungary Kft.,https://www.profession.hu/allas/senior-sw-system-test-engineer-arm-hungary-kft-2844108?sessionId=ed7061b1d89e7c95ce70868e0e3baa03,2026-03-04,2026-03-25,True,Budapest,,English: B2,High School with Diploma,"Python, Linux",CI,Hybrid,Full-time,,,
2844106,AI Applications Engineer,Oracle Global Services Hungary Kft.,https://www.profession.hu/allas/ai-applications-engineer-oracle-global-services-hungary-kft-2844106?sessionId=ed7061b1d89e7c95ce70868e0e3baa03,2026-03-04,2026-03-05,False,,,{'English': None},Bachelor,"Python, Java","PYTHON, JAVA, ORACLE CLOUD DEVOPS, REST, MACHINE LEARNING",Full-time,Full-time,1-3 years,,
2844101,MS Dynamics 365 Developer,Accenture Korlátolt Felelősségű Társaság,https://www.profession.hu/allas/ms-dynamics-developer-accenture-korlatolt-felelossegu-tarsasag-2844101?sessionId=ed7061b1d89e7c95ce70868e0e3baa03,2026-03-04,2026-03-25,True,Budapest,,English: B2,Középiskola,"C#, .NET, HTML, CSS, JavaScript","DYNAMICS C, AZURE CLOUD, TESTING, SQL, CRM",Hybrid,Full-time,1-3 years,,
2844099,IT Business Analyst,Advocate Organization Development Kft.,https://www.profession.hu/allas/it-business-analyst-advocate-organization-development-kft-2844099?sessionId=ed7061b1d89e7c95ce70868e0e3baa03,2026-03-04,2026-03-25,True,Budapest,,English: B2,Egyetem (College or University degree in Informatics or Financial),"MS Office, Excel, Word, PowerPoint, JIRA, Confluence","SQL, Agile development tools",Home-Office,Full-time,3-5 years,,
2844095,"Intern, System IP Engineering",ARM Hungary Kft.,https://www.profession.hu/allas/intern-system-ip-engineering-arm-hungary-kft-2844095?sessionId=ed7061b1d89e7c95ce70868e0e3baa03,2026-03-04,2026-03-25,True,Budapest,,,Bachelor,"SystemVerilog, Perl, Python",,Hybrid,Internship,,,
2844087,Junior Python Developer,Puppetworks Budapest Produkciós Kft.,https://www.profession.hu/allas/junior-python-developer-puppetworks-budapest-produkcios-kft-2844087?sessionId=ed7061b1d89e7c95ce70868e0e3baa03,2026-03-04,2026-03-25,True,Budapest,,{'English': 'B2'},High School with Diploma,"Python, C++, Java","SQL, GIT, MVC, WINDOWS, LINUX",,Részmunkaidő (Part-time),,,
2844083,Graduate Software Engineer,ARM Hungary Kft.,https://www.profession.hu/allas/graduate-software-engineer-arm-hungary-kft-2844083?sessionId=ed7061b1d89e7c95ce70868e0e3baa03,2026-03-04,2026-03-25,True,Budapest,,{'English': 'B2'},"Bachelor, Master, PhD","JAVA, LINUX, TESTING, DEVOPS, C, C++, ASSEMBLY, ANDROID, DEBIAN, MIDDLEWARE, HARDWARE, PYTHON, EXCEL","JAVA, LINUX, TESTING, DEVOPS, C, C++, ASSEMBLY, ANDROID, DEBIAN, MIDDLEWARE, HARDWARE, PYTHON, EXCEL",Hybrid,Full-time,,,
2844082,AWS Cloud Engineer,SnapSoft Informatikai és Szolgáltató Kft.,https://www.profession.hu/allas/aws-cloud-engineer-snapsoft-informatikai-es-szolgaltato-kft-budapest-2844082?sessionId=ed7061b1d89e7c95ce70868e0e3baa03,2026-03-04,2026-03-25,True,Budapest,,English: B2,Bachelor,,"AWS, Terraform, OpenTofu with Terragrunt, CloudFormation, CI/CD pipelines, Docker, API Gateway, Ansible, DNS Security Access",On-site,Full-time,3-5 years,,
2844078,Senior Software Engineer,Digital Natives Szolgáltató Zrt.,https://www.profession.hu/allas/senior-software-engineer-digital-natives-szolgaltato-zrt-2844078?sessionId=ed7061b1d89e7c95ce70868e0e3baa03,2026-03-04,2026-03-25,True,Budapest,,English: B2,High School with Diploma,"React, TypeScript","REACT, TESTING, AGILE, CLEAN CODE, SCRUM",Home-Office,Full-time,,,
2844077,AI Applications Team - Internship,ARM Hungary Kft.,https://www.profession.hu/allas/ai-applications-team-internship-arm-hungary-kft-2844077?sessionId=ed7061b1d89e7c95ce70868e0e3baa03,2026-03-04,2026-03-11,False,Budapest,,English: B2,Bachelor,"C, C++, Python",HARDWARE DEVOPS NETWORK,Hybrid,Full-time,,,
2844068,Senior Software Engineer (Backend & Cloud Services),Accenture Korlátolt Felelősségű Társaság,https://www.profession.hu/allas/senior-software-engineer-backend-cloud-services-accenture-korlatolt-felelossegu-tarsasag-2844068?sessionId=ed7061b1d89e7c95ce70868e0e3baa03,2026-03-04,2026-03-25,True,Budapest,,,Bachelor,"Node.js, JavaScript, TypeScript","AWS, Jest, Mocha, Docker, React",Hybrid,Full-time,5+ years,,
2844066,Full-Stack Engineering Manager,SnapSoft Informatikai és Szolgáltató Kft.,https://www.profession.hu/allas/full-stack-engineering-manager-snapsoft-informatikai-es-szolgaltato-kft-2844066?sessionId=ed7061b1d89e7c95ce70868e0e3baa03,2026-03-04,2026-03-25,True,Budapest,,{'English': 'B2'},Bachelor,"Angular, React, Node.js, Java","AWS, AZURE, FRONTEND, BACKEND, SQL, NOSQL, DEVOPS, AGILE, SCRUM, SECURITY, DATABASES",On-site,Full-time,5+ years,,
2844063,AI/ML Solutions Architect,SnapSoft Informatikai és Szolgáltató Kft.,https://www.profession.hu/allas/ai-ml-solutions-architect-snapsoft-informatikai-es-szolgaltato-kft-2844063?sessionId=ed7061b1d89e7c95ce70868e0e3baa03,2026-03-04,2026-03-25,True,Budapest,,English: B2,"Bachelor's degree in Computer Science, Information Technology, or a related field","Python, pandas, numpy, sklearn, matplotlib","AWS, Azure, GCP, SageMaker, Bedrock, Glue, MWAA, EMR, RDS, Aurora, S3, OpenSearch, ElasticSearch",,Full-time,5-10 years,,
2844059,Backend Tech Lead (Java/Kotlin),Supercharge Kft.,https://www.profession.hu/allas/backend-tech-lead-java-kotlin-supercharge-kft-2844059?sessionId=ed7061b1d89e7c95ce70868e0e3baa03,2026-03-04,2026-03-25,True,Budapest,,English: B2,Középiskola,"Java, Kotlin, Spring, SQL, NoSQL","AZURE SECURITY BACKEND, JAVA, KOTLIN, SPRING, SQL, NOSQL DATABASES, CLOUD, AWS, ACCESS, CLEAN CODE",,Full-time,,,
2844057,AI/ML Engineer,SnapSoft Informatikai és Szolgáltató Kft.,https://www.profession.hu/allas/ai-ml-engineer-snapsoft-informatikai-es-szolgaltato-kft-2844057?sessionId=ed7061b1d89e7c95ce70868e0e3baa03,2026-03-04,2026-03-25,True,Budapest,,English: B2,Bachelor,"Python, SQL","AZURE, PYTHON, SQL, AWS, CLOUD, PANDAS, MACHINE LEARNING",On-site with home office,Full-time,1-3 years,,
2844039,"SAP pénzügyi és kontrolling (FI, CO) tanácsadó",SCHWARZ & TURNER CONSULTING Tanácsadó Kft.,https://www.profession.hu/allas/sap-penzugyi-es-kontrolling-fi-co-tanacsado-schwarz-turner-consulting-tanacsado-kft-2844039?sessionId=ed7061b1d89e7c95ce70868e0e3baa03,2026-03-04,2026-03-25,True,,,"English: B2, German: B2",Középiskola,,SAP,Általános munkarend,Teljes munkaidő,1-3 years,,
2844038,Energy Consultant,Supercharge Kft.,https://www.profession.hu/allas/energy-consultant-supercharge-kft-2844038?sessionId=ed7061b1d89e7c95ce70868e0e3baa03,2026-03-04,2026-03-25,True,Budapest,,English: B2,Főiskola (College),,"CHANGE MANAGEMENT, ACCESS REST",Full-time,Full-time,5-10 years,,
2844036,Success Manager,Cheppers Szolgáltató Zrt.,https://www.profession.hu/allas/success-manager-cheppers-szolgaltato-zrt-budapest-2844036?sessionId=ed7061b1d89e7c95ce70868e0e3baa03,2026-03-04,2026-03-11,False,Budapest,,"English: B2, Hungarian: B2",Középiskola,,"JIRA, HubSpot",Hybrid,Full-time,1-3 years,,
2843996,Program Manager,Utimaco GmbH,https://www.profession.hu/allas/program-manager-utimaco-gmbh-2843996?sessionId=ed7061b1d89e7c95ce70868e0e3baa03,2026-03-04,2026-03-25,True,Németország,,English: B2,Főiskola,,"MS PROJECT, SECURITY, ITIL, PROJECT MANAGEMENT, PMI, SCRUM, JIRA",Általános munkarend,Teljes munkaidő,1-3 év tapasztalat,,
2843993,Solution Consultant – Finance & Controlling Applications/SAP FI (m/f/d),Henkell & Co. Sektkellerei KG,https://www.profession.hu/allas/solution-consultant-finance-controlling-applications-sap-fi-m-f-d-henkell-co-sektkellerei-kg-2843993?sessionId=ed7061b1d89e7c95ce70868e0e3baa03,2026-03-04,2026-03-25,True,Wiesbaden,,"English: B2, German",Bachelor,,"SAP ECC, SAP S/4 HANA",Hybrid,Full-time,3-5 years,,
2843992,Solution Consultant – Data & Process Integration Services/Master Data Management (d/m/f),Henkell & Co. Sektkellerei KG,https://www.profession.hu/allas/solution-consultant-data-process-integration-services-master-data-management-d-m-f-henkell-co-sektkellerei-kg-2843992?sessionId=ed7061b1d89e7c95ce70868e0e3baa03,2026-03-04,2026-03-25,True,Germany,,"English: B2, German",Bachelor,,"SAP, Salesforce, S4/HANA",Hybrid,Full-time,5+ years,,
2843987,Security Architekt für Produkte in der industriellen Messtechnik (m/w/x),ZEISS,https://www.profession.hu/allas/security-architekt-fur-produkte-in-der-industriellen-messtechnik-m-w-x-zeiss-2843987?sessionId=ed7061b1d89e7c95ce70868e0e3baa03,2026-03-04,2026-03-23,False,Németország,,English: B2,"Master's degree in Computer Science, Information Security, or a related field",,CLOUD SECURITY ISO,On-site,Full-time,1-3 years,,
2843982,Student Worker IT Project Management and Process Support,Utimaco GmbH,https://www.profession.hu/allas/student-worker-it-project-management-and-process-support-utimaco-gmbh-2843982?sessionId=ed7061b1d89e7c95ce70868e0e3baa03,2026-03-04,2026-03-04,False,Germany,,English: B2,Középiskola,,"Microsoft Office, Project Management, Excel",Hybrid,Full-time,1-3 years,,
2843981,Quality Assurance Engineer,Utimaco GmbH,https://www.profession.hu/allas/quality-assurance-engineer-utimaco-gmbh-2843981?sessionId=ed7061b1d89e7c95ce70868e0e3baa03,2026-03-04,2026-03-11,False,Németország,,English: B2,Bachelor,"Python, LINUX","HARDWARE NETWORK SECURITY, TEST AUTOMATION, ISTQB, Squish",Full-time,Full-time,1-3 years,,
2843980,Senior C++ Development Engineer,Utimaco GmbH,https://www.profession.hu/allas/senior-c-development-engineer-utimaco-gmbh-2843980?sessionId=ed7061b1d89e7c95ce70868e0e3baa03,2026-03-04,2026-03-25,True,Germany,,English: B2,Bachelor,"C++, Python, Bash","Git, PostgreSQL, Agile, Testing",Hybrid,Full-time,1-3 years,,
2843978,Senior Robotics AI Engineer (f/m/x),BMW Group,https://www.profession.hu/allas/senior-robotics-ai-engineer-f-m-x-bmw-group-2843978?sessionId=ed7061b1d89e7c95ce70868e0e3baa03,2026-03-04,2026-03-23,False,Németország,,English: B2,"Master's or PhD in computer science, robotics, electrical engineering, or related field.","Python, C++","PyTorch, JAX, CUDA, ROS 2, Isaac Sim, MuJoCo",,Full-time,5+ years,,
2843977,Senior Agentic AI Engineer (f/m/x),BMW Group,https://www.profession.hu/allas/senior-agentic-ai-engineer-f-m-x-bmw-group-2843977?sessionId=ed7061b1d89e7c95ce70868e0e3baa03,2026-03-04,2026-03-25,True,Németország,,English: B2,"Master's or PhD in Computer Science, Business Informatics, Mathematics, Physics or comparable field.",Python,"AWS, Azure, DevOps, Testing, Security, Machine Learning, Clean Code",Full-time,Senior Agentic AI Engineer (f/m/x),5+ years,,
2843975,(Inhouse) Project Manager global IT Infrastructure (m/f/d),Leadec Automation & Engineering GmbH,https://www.profession.hu/allas/inhouse-project-manager-global-it-infrastructure-m-f-d-leadec-automation-engineering-gmbh-2843975?sessionId=ed7061b1d89e7c95ce70868e0e3baa03,2026-03-04,2026-03-25,True,Germany,,"English: B2, German: B1-B2",Bachelor,,"SECURITY HARDWARE, NETWORK ACCESS, PMP PROJECT MANAGEMENT, BPMN",Hybrid,Full-time,3-5 years,,
2843965,Student Research Assistant - Open-Source Experimental Design Platform Development (gn),Hertie School gGmbH,https://www.profession.hu/allas/student-research-assistant-open-source-experimental-design-platform-development-gn-hertie-school-ggmbh-2843965?sessionId=ed7061b1d89e7c95ce70868e0e3baa03,2026-03-04,2026-03-25,True,Berlin,,"{'Language': 'German', 'CEFR Level': 'B2'}",Bachelor,Python,"API, PYTHON, GIT, DOCKER, POSTGRESQL, SQL, AUTOMATED TESTS, TROUBLESHOOTING",Hybrid,Part-time,1-3 years,,
2841896,Data Analyst - Marketing Strategy and Intelligence,trivago N.V.,https://www.profession.hu/allas/data-analyst-marketing-strategy-and-intelligence-trivago-n-v-2841896?sessionId=ed7061b1d89e7c95ce70868e0e3baa03,2026-03-04,2026-03-25,True,Düsseldorf,,,Bachelor,"Python, R","Tableau, SQL",Hybrid,Full-time,5+ years,,
2843958,(Senior) Researcher (f/m/d) - Foundation and World Models on Structured Business Data,SAP SE,https://www.profession.hu/allas/senior-researcher-f-m-d-foundation-and-world-models-on-structured-business-data-sap-se-2843958?sessionId=ed7061b1d89e7c95ce70868e0e3baa03,2026-03-04,2026-03-25,True,,,"{'language': 'English', 'level': 'B2'}",PhD,Python,"SAP, PYTHON, ERP, @SAP. MACHINE LEARNING",Hybrid,Full-time,3-5 years,,
2843953,Backend Engineer - Customer Risk Lifecycle,N26 GmbH,https://www.profession.hu/allas/backend-engineer-customer-risk-lifecycle-n-gmbh-2843953?sessionId=ed7061b1d89e7c95ce70868e0e3baa03,2026-03-04,2026-03-25,True,Németország,,English: B2,Egyetem,"Spring, Kotlin",AWS,Full-time,Teljes munkaidő,1-3 év tapasztalat,,
2843947,AI Data Engineer - SAP-RPT Model Family (f/m/d),SAP SE,https://www.profession.hu/allas/ai-data-engineer-sap-rpt-model-family-f-m-d-sap-se-2843947?sessionId=ed7061b1d89e7c95ce70868e0e3baa03,2026-03-04,2026-03-11,False,Germany,,English: B2,"Master's degree in Computer Science, Artificial Intelligence, or other relevant disciplines.","Python, SQL","SAP BACKEND, PYTHON, SQL, CLOUD, AWS, AZURE, ABAP, @SAP. MACHINE LEARNING",Hybrid,Full-time,2+ years of professional experience,,
2843946,Lead Research Engineer (f/m/d): Foundation and World Models on Structured Data,SAP SE,https://www.profession.hu/allas/lead-research-engineer-f-m-d-foundation-and-world-models-on-structured-data-sap-se-2843946?sessionId=ed7061b1d89e7c95ce70868e0e3baa03,2026-03-04,2026-03-17,False,Germany,,English: B2,"Master's degree in computer science, artificial intelligence, physics, mathematics or other relevant disciplines.",Python,"SAP, @SAP. MACHINE LEARNING",Hybrid,Full-time,5+ years,,
2843934,(Senior) Research Engineer (f/m/d) - Foundation and World Models on Structured Data,SAP SE,https://www.profession.hu/allas/senior-research-engineer-f-m-d-foundation-and-world-models-on-structured-data-sap-se-2843934?sessionId=ed7061b1d89e7c95ce70868e0e3baa03,2026-03-04,2026-03-23,False,Germany,,English: B2,"Master's degree in computer science, artificial intelligence, physics, mathematics or other relevant disciplines.",Python,"SAP, @SAP. MACHINE LEARNING",Hybrid,Full-time,5+ years,,
2843923,Backend Engineer - Engagement,N26 GmbH,https://www.profession.hu/allas/backend-engineer-engagement-n-gmbh-2843923?sessionId=ed7061b1d89e7c95ce70868e0e3baa03,2026-03-04,2026-03-09,False,"Berlin, Barcelona",,['English: B2'],Bachelor,"Spring, Kotlin","AWS, Postgres",Hybrid,Full-time,1-3 years,,
2843920,Principal Researcher (f/m/d) - Foundation and World Models on Structured Business Data,SAP SE,https://www.profession.hu/allas/principal-researcher-f-m-d-foundation-and-world-models-on-structured-business-data-sap-se-2843920?sessionId=ed7061b1d89e7c95ce70868e0e3baa03,2026-03-04,2026-03-17,False,,,"{'Language': 'English', 'CEFR Level': 'B2'}",PhD,Python,"PyTorch, TensorFlow",Hybrid,Full-time,3-5 years,,
2843817,System Engineer (m/w/d),Randstad Deutschland GmbH & Co. KG,https://www.profession.hu/allas/system-engineer-m-w-d-randstad-deutschland-gmbh-co-kg-2843817?sessionId=ed7061b1d89e7c95ce70868e0e3baa03,2026-03-04,2026-03-16,False,Németország,,"English: B2, German: B2",Master / Diplom-Studiengang,Python,"MS OFFICE, JIRA, CONFLUENCE, GIT",,Full-time,1-3 years,,
2843775,Software Engineer (m/f/d) AIRBUS,"Orizon GmbH, Unit Aviation",https://www.profession.hu/allas/software-engineer-m-f-d-airbus-orizon-gmbh-unit-aviation-2843775?sessionId=ed7061b1d89e7c95ce70868e0e3baa03,2026-03-04,2026-03-18,False,Németország,,English: B2,Egyetem,"C++, FRONTEND, BACKEND, JAVA","MS OFFICE, QT Framework (QML, C++, CMake)",Teljes munkaidő Általános munkarend,Full-time,1-3 years,,
2843745,Softwareentwickler (m/w/d),Randstad Deutschland GmbH & Co. KG,https://www.profession.hu/allas/softwareentwickler-m-w-d-randstad-deutschland-gmbh-co-kg-2843745?sessionId=ed7061b1d89e7c95ce70868e0e3baa03,2026-03-04,2026-03-04,False,Németország,,"{'English': 'fluent'}, {'German': 'fluent'}",Bachelor-Studiengang über 4 Jahre,"C, C++, PYTHON, MATLAB","HARDWARE, CPPUnit framework, Xilinx ARM cortex SoC, Lauterbach Embedded Trace and debugger, Atlassian toolchain",,Full-time,5+ years,,
2843655,Senior Presales Consultant for HPC (High Performance Computing) & AI platforms (f/m/d),Fsas Technologies GmbH,https://www.profession.hu/allas/senior-presales-consultant-for-hpc-high-performance-computing-ai-platforms-f-m-d-fsas-technologies-gmbh-2843655?sessionId=ed7061b1d89e7c95ce70868e0e3baa03,2026-03-04,2026-03-25,True,Germany,,"{'English': 'B2'}, {'German': 'C1'}",Bachelor,,"TensorFlow, PyTorch",Hybrid,Full-time,1-3 years,,
2843645,Security Architect (m/w/x) - befristet für 2 Jahre,ZEISS,https://www.profession.hu/allas/security-architect-m-w-x-befristet-fur-jahre-zeiss-2843645?sessionId=ed7061b1d89e7c95ce70868e0e3baa03,2026-03-04,2026-03-23,False,Németország,,"English: B2, German: B2",Főiskola,,,Full-time,Teljes munkaidő,1-3 years,,
2843615,PLC Development and Support Engineer (f/m/d),European XFEL GmbH,https://www.profession.hu/allas/plc-development-and-support-engineer-f-m-d-european-xfel-gmbh-2843615?sessionId=ed7061b1d89e7c95ce70868e0e3baa03,2026-03-04,2026-03-17,False,Hamburg,,English: B2,"Bachelor, Master","TwinCAT3, Python, C#","Beckhoff PLC programs, TwinSAFE, GIT, Redmine",Hybrid,Full-time,1-3 years,,
2843608,Internship in Next-Generation System Interaction with Eye-Tracking (f/m/x),ZEISS,https://www.profession.hu/allas/internship-in-next-generation-system-interaction-with-eye-tracking-f-m-x-zeiss-2843608?sessionId=ed7061b1d89e7c95ce70868e0e3baa03,2026-03-04,2026-03-25,True,Magyarországon belül bárhonnan,,"English: B2, German",Bachelor's or Master's degree in Computer Science or similar,,"HARDWARE, sensors",Hybrid (remote workdays),Full-time,1-3 years,,
2843603,Full-Stack Developer Affiliate (m/w/d),Ströer Content Group Product & Tech GmbH,https://www.profession.hu/allas/full-stack-developer-affiliate-m-w-d-stroer-content-group-product-tech-gmbh-2843603?sessionId=ed7061b1d89e7c95ce70868e0e3baa03,2026-03-04,2026-03-22,False,Berlin,,English: B2,Bachelor,"Python, React, Django","AWS, Astro, SSR, CSR",On-site with home office,Full-time,3-5 years,,
2843587,Senior Networking Consultant for HPC (High Performance Computing) & AI platforms (f/m/d),Fsas Technologies GmbH,https://www.profession.hu/allas/senior-networking-consultant-for-hpc-high-performance-computing-ai-platforms-f-m-d-fsas-technologies-gmbh-2843587?sessionId=ed7061b1d89e7c95ce70868e0e3baa03,2026-03-04,2026-03-25,True,Germany,,"English: B2, German: C1",Bachelor,,"HARDWARE, NETWORK, CISCO, CLOUD",Hybrid,Full-time,1-3 years,,
2843582,Global Identity & Access Management Consultant,HDI Global,https://www.profession.hu/allas/global-identity-access-management-consultant-hdi-global-2843582?sessionId=ed7061b1d89e7c95ce70868e0e3baa03,2026-03-04,2026-03-25,True,Magyarországon belül bárhonnan,,"English: C1, German: C1",Főiskola (University degree),,"ACCESS, CLOUD, ISO",Home-Office,Full-time,1-3 years,,
2843577,Senior Presales Storage Consultant for HPC (High Performance Computing) & AI platforms (f/m/d),Fsas Technologies GmbH,https://www.profession.hu/allas/senior-presales-storage-consultant-for-hpc-high-performance-computing-ai-platforms-f-m-d-fsas-technologies-gmbh-2843577?sessionId=ed7061b1d89e7c95ce70868e0e3baa03,2026-03-04,2026-03-25,True,Germany,,"German: B2, English: B2",Bachelor,,"Parallel file systems (e.g. Lustre, BeeGFS, IBM Spectrum Scale/GPFS), AI Storage platforms (e.g. WekaIO, BeeGFS), Object storage (e.g. Ceph, DAOS), NVMe-based (e.g. NVMe-oF) solutions, DDN Exascaler Netapp E-Series",,Full-time,1-3 years,,
2843574,Embedded Software-Entwickler (m/w/x) befristet auf 24 Monate,ZEISS,https://www.profession.hu/allas/embedded-software-entwickler-m-w-x-befristet-auf-monate-zeiss-2843574?sessionId=ed7061b1d89e7c95ce70868e0e3baa03,2026-03-04,2026-03-25,True,Németország,,"English: B2, German: B2",Főiskola,"C, Python","GitHub, Azure DevOps, Jira, Axivion",Full-time,Full-time,1-3 years,,
2843559,System Transformation Manager (IT Project Management) f/m/d,The Stepstone Group GmbH,https://www.profession.hu/allas/system-transformation-manager-it-project-management-f-m-d-the-stepstone-group-gmbh-2843559?sessionId=ed7061b1d89e7c95ce70868e0e3baa03,2026-03-04,2026-03-09,False,Germany,,English: B2,Master's degree or equivalent university qualification,,"Agile delivery methods and tools (e.g., Scrum, Kanban, SAFe, Atlassian Suite)",Hybrid,Full-time,2-4 years,,
2842259,Senior Data Solution Engineer,LGT Capital Partners AG,https://www.profession.hu/allas/senior-data-solution-engineer-lgt-capital-partners-ag-2842259?sessionId=ed7061b1d89e7c95ce70868e0e3baa03,2026-03-04,2026-03-10,False,Pfäffikon SZ,,English: B2,Középiskola,"Python, SQL","Snowflake, dbt, Power BI, Azure Data Factory",Hybrid,Full-time,1-3 years,,
2842258,Business Analyst IT,CAISSE DES MEDECINS,https://www.profession.hu/allas/business-analyst-it-caisse-des-medecins-2842258?sessionId=ed7061b1d89e7c95ce70868e0e3baa03,2026-03-04,2026-03-09,False,Thônex,,"{'English': 'B1-B2'}, {'French': 'B2'}, {'German': 'B2'}","Bachelor's degree in Computer Science, Software Engineering, or a related field. Master's degree preferred.",,"JIRA, CONFLUENCE",Full-time,Full-time,1-3 years,,
2842246,Product Owner 80 - 100%,Neho,https://www.profession.hu/allas/product-owner-neho-2842246?sessionId=ed7061b1d89e7c95ce70868e0e3baa03,2026-03-04,2026-03-04,False,Lausanne or Zurich,,,Bachelor,,"CRM, EXCEL",Hybrid,Full-time,2+ years,,
2842242,E-Invoice Project Manager 100%,IQ Plus AG,https://www.profession.hu/allas/e-invoice-project-manager-iq-plus-ag-2842242?sessionId=ed7061b1d89e7c95ce70868e0e3baa03,2026-03-04,2026-03-05,False,Svájc,,,Középiskola,,"SAP, Coupa",Full-time,Temporary employment,5-10 év tapasztalat,,
2842231,Senior Data Solution Engineer,LGT Capital Partners AG,https://www.profession.hu/allas/senior-data-solution-engineer-lgt-capital-partners-ag-2842231?sessionId=ed7061b1d89e7c95ce70868e0e3baa03,2026-03-04,2026-03-10,False,Pfäffikon,,English: B2,Bachelor,"SQL, Python","Snowflake, dbt, Power BI, Azure DevOps",Hybrid,Full-time,1-3 years,,
2842228,Business Analyst IT,CAISSE DES MEDECINS,https://www.profession.hu/allas/business-analyst-it-caisse-des-medecins-2842228?sessionId=ed7061b1d89e7c95ce70868e0e3baa03,2026-03-04,2026-03-09,False,Thônex,,"{'English': 'B1-B2'}, {'French': 'B1-B2'}, {'German': 'B1-B2'}","Bachelor's degree in Computer Science, Software Engineering, or a related field. Master's degree preferred.",,"Confluence, JIRA",Full-time,Full-time,1-3 years,,
2842215,DSP Engineer,Mettler Toledo,https://www.profession.hu/allas/dsp-engineer-mettler-toledo-2842215?sessionId=ed7061b1d89e7c95ce70868e0e3baa03,2026-03-04,2026-03-18,False,Nänikon-Greifensee,,English: B2,"Master's or PhD degree in Physics, Mechanics, Robotics, Fluid Dynamics, or a related technical field","MATLAB, Simulink",MATLAB/Simulink,Hybrid,Full-time,1-3 years,,
2842207,Product Owner 80 - 100%,Neho,https://www.profession.hu/allas/product-owner-neho-2842207?sessionId=ed7061b1d89e7c95ce70868e0e3baa03,2026-03-04,2026-03-04,False,Lausanne or Zurich,,,Bachelor,,"CRM, EXCEL",Hybrid,Full-time,2+ years,,
2842203,E-Invoice Project Manager 100%,IQ Plus AG,https://www.profession.hu/allas/e-invoice-project-manager-iq-plus-ag-2842203?sessionId=ed7061b1d89e7c95ce70868e0e3baa03,2026-03-04,2026-03-05,False,Svájc,,,Középiskola,,"SAP, Coupa",Full-time,Temporary employment,5-10 év tapasztalat,,
2842084,"Principal Software Engineer (Python, AI)",Diligent Governance Hungary Kft.,https://www.profession.hu/allas/principal-software-engineer-python-ai-diligent-governance-hungary-kft-2842084?sessionId=ed7061b1d89e7c95ce70868e0e3baa03,2026-03-04,2026-03-25,True,Budapest,,,Középiskola,"NODE.JS, SECURITY, AWS, PYTHON",BACKEND,Hybrid,Full-time,>10 év tapasztalat,,
2828347,HRIS Specialist – Talent & Learning Technology,KOSTAL Global Business Services Center Kft.,https://www.profession.hu/allas/hris-specialist-talent-learning-technology-kostal-global-business-services-center-kft-2828347?sessionId=ed7061b1d89e7c95ce70868e0e3baa03,2026-03-04,2026-03-11,False,Budapest,,English: C1,Középiskola,,"Cornerstone, SAP SuccessFactors, Workday",Remote with occasional office presence,Full-time,3-5 years,,
2842078,Staff Software Engineer,Diligent Governance Hungary Kft.,https://www.profession.hu/allas/staff-software-engineer-diligent-governance-hungary-kft-2842078?sessionId=ed7061b1d89e7c95ce70868e0e3baa03,2026-03-04,2026-03-25,True,Budapest,,,Középiskola,".C., NODE.JS, PYTHON","SQL, AGILE, SECURITY, DEVOPS, ACCESS, CLOUD, REACT, NOSQL",Hybrid,Full-time,5-10 év tapasztalat,,
2828345,IT PLM Master Data Trainee,KOSTAL Global Business Services Center Kft.,https://www.profession.hu/allas/it-plm-master-data-trainee-kostal-global-business-services-center-kft-2828345?sessionId=ed7061b1d89e7c95ce70868e0e3baa03,2026-03-04,2026-03-11,False,Budapest,,English: B2,Középiskola,,"SAP, MS OFFICE, EXCEL, OUTLOOK",Home-Office,Részmunkaidő,,,
2835887,IT Trainee – Ticket Quality Monitoring,KOSTAL Global Business Services Center Kft.,https://www.profession.hu/allas/it-trainee-ticket-quality-monitoring-kostal-global-business-services-center-kft-2835887?sessionId=ed7061b1d89e7c95ce70868e0e3baa03,2026-03-04,2026-03-09,False,Budapest,,English: B2,Ongoing university studies,,,Remote with occasional in-person presence,Part-time,,,
2830286,Test Automation Engineer E-Mobility,KOSTAL Global Business Services Center Kft.,https://www.profession.hu/allas/test-automation-engineer-e-mobility-kostal-global-business-services-center-kft-2830286?sessionId=ed7061b1d89e7c95ce70868e0e3baa03,2026-03-04,2026-03-04,False,Budapest,,English: B2,Bachelor,"JavaScript, SQL","Selenium, Cypress, ISTQB, Agile Test Management, Scrum, Kanban, Database",Remote,Full-time,5+ years,,
2842049,iREMS Product Owner,iREMS Hungary Kft.,https://www.profession.hu/allas/irems-product-owner-irems-hungary-kft-2842049?sessionId=ed7061b1d89e7c95ce70868e0e3baa03,2026-03-04,2026-03-25,True,Budapest,,English: B2,Bachelor,,"Agile, Microsoft Office, Project Management",Remote,Full-time,1-3 years,,
2835888,Senior IT PLM Engineer,KOSTAL Global Business Services Center Kft.,https://www.profession.hu/allas/senior-it-plm-engineer-kostal-global-business-services-center-kft-2835888?sessionId=ed7061b1d89e7c95ce70868e0e3baa03,2026-03-04,2026-03-18,False,Budapest,,English: B2,Bachelor,Python,"R DATABASE, UAT TESTING, PYTHON, TROUBLESHOOTING, CHANGE MANAGEMENT, DATA MANAGEMENT, PROJECT MANAGEMENT. LEAN",Hybrid,Full-time,3-5 years,,
2828366,Wissenschaftliche*n Mitarbeiter*in (w/m/d) im Bereich Data Science,Budapesti Németnyelvű Távtanulási Központ Alapítvány,https://www.profession.hu/allas/wissenschaftliche-n-mitarbeiter-in-w-m-d-im-bereich-data-science-budapesti-nemetnyelvu-tavtanulasi-kozpont-alapitvany-2828366?sessionId=ed7061b1d89e7c95ce70868e0e3baa03,2026-03-04,2026-03-07,False,Budapest,,"English: B2, German: B2","Master or comparable degree in Computer Science, Data Science or related field","Python, Java",,Hybrid,Part-time,,,
2842010,Senior Consultant Business (f/m/d) Data Strategy & Advisory - Data Architect,SAP SE,https://www.profession.hu/allas/senior-consultant-business-f-m-d-data-strategy-advisory-data-architect-sap-se-2842010?sessionId=ed7061b1d89e7c95ce70868e0e3baa03,2026-03-04,2026-03-17,False,,,"{'Language': 'German', 'Level': 'B2'}, {'Language': 'English', 'Level': 'B2'}",Bachelor,,"SAP Datasphere, SAP Analytics Cloud, SAP BW",Hybrid,Full-time,5+ years,,
2842005,"Solution Consultant – Supply Chain Applications/SAP eWM, WM (m/f/d)",Henkell & Co. Sektkellerei KG,https://www.profession.hu/allas/solution-consultant-supply-chain-applications-sap-ewm-wm-m-f-d-henkell-co-sektkellerei-kg-2842005?sessionId=ed7061b1d89e7c95ce70868e0e3baa03,2026-03-04,2026-03-25,True,Wiesbaden,,"English: B2, German",Bachelor,,"SAP ECC, SAP S/4 HANA, SAP eWM/WM",Hybrid,Full-time,3-5 years,,
2842004,Solution Consultant – Data & Process Integration Services/SAP BW (m/f/d),Henkell & Co. Sektkellerei KG,https://www.profession.hu/allas/solution-consultant-data-process-integration-services-sap-bw-m-f-d-henkell-co-sektkellerei-kg-2842004?sessionId=ed7061b1d89e7c95ce70868e0e3baa03,2026-03-04,2026-03-25,True,"Barcelona, Spain",,"English: B2, German",Bachelor,ABAP,"SAP BI ANALYTICS, SAP ECC, SAP S/4 HANA",Hybrid,Full-time,3-5 years,,
2842001,Scrum Master (m/f/d),Utimaco GmbH,https://www.profession.hu/allas/scrum-master-m-f-d-utimaco-gmbh-2842001?sessionId=ed7061b1d89e7c95ce70868e0e3baa03,2026-03-04,2026-03-25,True,Németország,,English: B2,Főiskola,,"JIRA, CONFLUENCE",Full-time,Full-time,1-3 years,,
2841999,Business Processes Consultant (f/m/d) for SAP Enterprise Asset Management in CoE EMEA,SAP SE,https://www.profession.hu/allas/business-processes-consultant-f-m-d-for-sap-enterprise-asset-management-in-coe-emea-sap-se-2841999?sessionId=ed7061b1d89e7c95ce70868e0e3baa03,2026-03-04,2026-03-22,False,Magyarországon belül bárhonnan,,"English: B2, German",Középiskola,ABAP,SAP CLOUD ABAP @SAP. PROJECT MANAGEMENT,Hybrid,Full-time,1-3 years,,
2841996,Master Data Project Manager (f/m/x),ZEISS,https://www.profession.hu/allas/master-data-project-manager-f-m-x-zeiss-2841996?sessionId=ed7061b1d89e7c95ce70868e0e3baa03,2026-03-04,2026-03-11,False,Németország,,"English: B2, German: B2",Középiskola,,"SAP R/3, SAP S/4HANA, CRM, AGILE PROJECT MANAGEMENT",Teljes munkaidő Általános munkarend,Full-time,1-3 év tapasztalat,,
2841994,Solution Advisor Expert (f/m/d) Customer Experience,SAP SE,https://www.profession.hu/allas/solution-advisor-expert-f-m-d-customer-experience-sap-se-2841994?sessionId=ed7061b1d89e7c95ce70868e0e3baa03,2026-03-04,2026-03-10,False,"Berlin, Hamburg, Ratingen, Eschborn, Walldorf, Gerlingen, Garchingen",,"English, German",Bachelor,,,Hybrid,Full-time,3-5 years,,
2841992,Business Process Consultant SAP (f/m/x),ZEISS,https://www.profession.hu/allas/business-process-consultant-sap-f-m-x-zeiss-2841992?sessionId=ed7061b1d89e7c95ce70868e0e3baa03,2026-03-04,2026-03-05,False,Németország,,"English: B2, German: B2","Bachelor's degree in Business Informatics, Business Administration, Industrial Engineering, or related field",,SAP R/3 (and ideally SAP S/4HANA),Full-time,Full-time,4-6 years,,
2841987,Senior Solution Consultant / Content & Experience Management,Adobe Systems Europe Limited,https://www.profession.hu/allas/senior-solution-consultant-content-experience-management-adobe-systems-europe-limited-2841987?sessionId=ed7061b1d89e7c95ce70868e0e3baa03,2026-03-04,2026-03-25,True,Németország,,"English: B2, German: B2",Középiskola,"HTML5, CSS, Javascript",ADOBE C CLOUD,Általános munkarend,Teljes munkaidő,1-3 év tapasztalat,,
2841981,SAP S/4HANA RAR Consultant (m/f/d) – FSCM,Vaillant GmbH,https://www.profession.hu/allas/sap-s-hana-rar-consultant-m-f-d-fscm-vaillant-gmbh-2841981?sessionId=ed7061b1d89e7c95ce70868e0e3baa03,2026-03-04,2026-03-25,True,Remscheid,"NRW IG Metall collective wage agreement, including vacation pay and Christmas bonus",English: Fluent,Bachelor or comparable field,,"SAP, Salesforce",Hybrid,Full-time,4+ years,,
2841979,(Senior) Technical Consultant (m/w/d),SoftProject GmbH,https://www.profession.hu/allas/senior-technical-consultant-m-w-d-softproject-gmbh-2841979?sessionId=ed7061b1d89e7c95ce70868e0e3baa03,2026-03-04,2026-03-25,True,Ettlingen,,English: B2,Bachelor's degree in a technical field or equivalent professional experience,"Java, Python, PHP","JIRA, Confluence, Bitbucket, Microsoft Office",,Full-time,3-5 years,,
2841974,Senior Expert (m/f/d) Artificial Intelligence (AI),Diehl Defence GmbH & Co. KG,https://www.profession.hu/allas/senior-expert-m-f-d-artificial-intelligence-ai-diehl-defence-gmbh-co-kg-2841974?sessionId=ed7061b1d89e7c95ce70868e0e3baa03,2026-03-04,2026-03-17,False,Németország,,"English: B2, German: B2","PhD or advanced degree in AI / ML, computer science, systems engineering, or a related field","PyTorch, TensorFlow",,Flexible working hours,Full-time,10 years of professional experience,,
2841949,Senior Product Manager - Payments Rails,N26 GmbH,https://www.profession.hu/allas/senior-product-manager-payments-rails-n-gmbh-2841949?sessionId=ed7061b1d89e7c95ce70868e0e3baa03,2026-03-04,2026-03-25,True,Németország,,Angol középfok,Középiskola,,"SWIFT, BACKEND, AGILE ACCESS",Teljes munkaidő Általános munkarend,Full-time,5+ years,,
2841943,Engineer / PLC Programmer (m/f/d) - OT Network Architecture & Cyber Security,JAUSS HR-Consulting GmbH & Co. KG,https://www.profession.hu/allas/engineer-plc-programmer-m-f-d-ot-network-architecture-cyber-security-jauss-hr-consulting-gmbh-co-kg-2841943?sessionId=ed7061b1d89e7c95ce70868e0e3baa03,2026-03-04,2026-03-16,False,Wuerzburg area / Germany,,"English: Fluent, German: Fluent","Bachelor, Master, PhD (Computer Science, Automation Engineering, Electrical Engineering or comparable)","TIA Portal, Rockwell Studio 5000",PLC NETWORK SECURITY SCADA ACCESS TIA PORTAL TROUBLESHOOTING,Hybrid,Full-time,3-5 years,,
2841913,Global Business Process Manager – Finance & Controlling (m/f/d),Dynapac GmbH,https://www.profession.hu/allas/global-business-process-manager-finance-controlling-m-f-d-dynapac-gmbh-2841913?sessionId=ed7061b1d89e7c95ce70868e0e3baa03,2026-03-04,2026-03-25,True,Wardenburg,,English: B2,Bachelor,"SAP S/4HANA 2023, SAP ERP","SAP ERP, CHANGE MANAGEMENT PROJECT MANAGEMENT",Hybrid,Full-time,1-3 years,,
2841826,(Associate) Director Process Consulting (m/f/d),QIAGEN GmbH,https://www.profession.hu/allas/associate-director-process-consulting-m-f-d-qiagen-gmbh-2841826?sessionId=ed7061b1d89e7c95ce70868e0e3baa03,2026-03-04,2026-03-25,True,Németország,,English: B2,Középiskola,,"SAP S/4HANA, ECC",Hybrid,Full-time,1-3 years,,
2841818,Mobile Developer Digital Health (m/w/d),MEDIAN Unternehmensgruppe B.V. & Co. KG,https://www.profession.hu/allas/mobile-developer-digital-health-m-w-d-median-unternehmensgruppe-b-v-co-kg-2841818?sessionId=ed7061b1d89e7c95ce70868e0e3baa03,2026-03-04,2026-03-25,True,Németország,,"English: B2, German: A1",Középiskola,"Flutter, React Native, REST APIs, GraphQL, WebSockets","Firebase, Fastlane, Dockerized in a Kubernetes environment, Brwoserstack, GitHub",,Teljes munkaidő,1-3 év tapasztalat,,
2841772,Head of IT Delivery (m/f/x),Allane SE,https://www.profession.hu/allas/head-of-it-delivery-m-f-x-allane-se-2841772?sessionId=ed7061b1d89e7c95ce70868e0e3baa03,2026-03-04,2026-03-11,False,Munich,,"{'English': 'B2'}, {'German': 'Native'}",Bachelor,,"SERVICE MANAGEMENT, AGILE, EXCEL",Hybrid,Full-time,10+ years,,
2841348,Embedded Software Engineer,mylife Diabetes Care AG,https://www.profession.hu/allas/embedded-software-engineer-mylife-diabetes-care-ag-2841348?sessionId=ed7061b1d89e7c95ce70868e0e3baa03,2026-03-04,2026-03-23,False,Burgdorf,,,Bachelor,"C, C++",,Hybrid,Full-time,1-3 years,,
2841063,Full-Stack Engineer,SnapSoft Informatikai és Szolgáltató Kft.,https://www.profession.hu/allas/full-stack-engineer-snapsoft-informatikai-es-szolgaltato-kft-2841063?sessionId=ed7061b1d89e7c95ce70868e0e3baa03,2026-03-04,2026-03-23,False,Budapest,,English: B2,High School with Diploma,"Angular, React, Node.js, Java (Spring Boot), .NET","GIT, BACKEND, SQL, FRONTEND, DEVOPS, JAVA, ANGULAR, REACT, NODE.JS, CLOUD, POSTGRESQL, NOSQL DATABASES, SECURITY TESTING, SPRING, DOCKER, AWS API, AGILE",On-site,Full-time,1-3 years,,
2822950,Junior JavaScript fejlesztő,FIT Solutions Kft.,https://www.profession.hu/allas/junior-javascript-fejleszto-fit-solutions-kft-szeged-2822950?sessionId=ed7061b1d89e7c95ce70868e0e3baa03,2026-03-04,2026-03-05,False,Szeged,,"{'English': 'B2'}, {'Hungarian': 'B2'}",Középiskola,"PHP, LINUX, JAVASCRIPT, GIT, REST, MVC, LARAVEL, DOCKER, FRONTEND, VUE, JQUERY, ANGULAR, POSTGRESQL, NODE.JS, MONGODB","Linux, Git, Laravel, Docker",Hibrid,Teljes munkaidő,,,
2823015,Junior PHP fejlesztő,FIT Solutions Kft.,https://www.profession.hu/allas/junior-php-fejleszto-fit-solutions-kft-szeged-2823015?sessionId=ed7061b1d89e7c95ce70868e0e3baa03,2026-03-04,2026-03-07,False,Szeged,,"{'English': 'B2'}, {'Hungarian': 'B2'}",Középiskola,"PHP, SQL","Git, Linux, MVC, Laravel, Docker, Vue.js, PostgreSQL, API, Node.js, MongoDB, REST",Hibrid,Teljes munkaidő,,,
2841055,"Staff Software Engineer/Tech Lead (Node Js, AWS)",Diligent Governance Hungary Kft.,https://www.profession.hu/allas/staff-software-engineer-tech-lead-node-js-aws-diligent-governance-hungary-kft-2841055?sessionId=ed7061b1d89e7c95ce70868e0e3baa03,2026-03-04,2026-03-25,True,Budapest,,,Bachelor,"REACT, CLOUD, AGILE, AWS, SECURITY, DEVOPS, NODE.JS, AZURE, JAVASCRIPT","REACT, CLOUD, AGILE, AWS, SECURITY, DEVOPS, NODE.JS, AZURE, JAVASCRIPT",Hybrid,Full-time,5-10 years,,
2841019,C++ Softwareentwickler / C++ Development Engineer,Utimaco GmbH,https://www.profession.hu/allas/c-softwareentwickler-c-development-engineer-utimaco-gmbh-2841019?sessionId=ed7061b1d89e7c95ce70868e0e3baa03,2026-03-04,2026-03-11,False,Germany,,English: B2,Bachelor,"C++, PYTHON, BASH","GIT, DATABASE POSTGRESQL, AGILE TESTING",Hybrid,Full-time,1-3 years,,
2841017,Lead Developer Engineer - Application Platform (m/f/d),AP Sensing GmbH,https://www.profession.hu/allas/lead-developer-engineer-application-platform-m-f-d-ap-sensing-gmbh-2841017?sessionId=ed7061b1d89e7c95ce70868e0e3baa03,2026-03-04,2026-03-25,True,Böblingen bei Stuttgart,,"{'English': 'C1'}, {'German': 'C1'}",Egyetem (University),"C#, Angular","K8s, NATS, MQTT, Kafka",Hibrid (Hybrid),Teljes munkaidő (Full-time),1-3 év tapasztalat (1-3 years),,
2839984,Systems Engineer,trivago N.V.,https://www.profession.hu/allas/systems-engineer-trivago-n-v-2839984?sessionId=ed7061b1d89e7c95ce70868e0e3baa03,2026-03-04,2026-03-25,True,Düsseldorf,,,Bachelor,"Linux, UNIX","DEVOPS, CLOUD ACCESS, MACHINE LEARNING",Hybrid,Full-time,5-7+ years,,
2840976,Postdoc (f/m/d),Karlsruher Institut für Technologie (KIT) Campus Nord,https://www.profession.hu/allas/postdoc-f-m-d-karlsruher-institut-fur-technologie-kit-campus-nord-2840976?sessionId=ed7061b1d89e7c95ce70868e0e3baa03,2026-03-04,2026-03-16,False,Karlsruhe,,English: B2,PhD,pytorch,,Hybrid,Full-time,3-5 years,,
2840965,Working Student Web Crawling & Data Automation Engineer (m/f/d),Experteer GmbH,https://www.profession.hu/allas/working-student-web-crawling-data-automation-engineer-m-f-d-experteer-gmbh-2840965?sessionId=ed7061b1d89e7c95ce70868e0e3baa03,2026-03-04,2026-03-25,True,Munich,,English: B2,"Bachelor's or Master's program in Computer Science, Business Informatics, Media Informatics, or a related field","Ruby, Javascript",,Hybrid,Full-time,1-3 years,,
2840963,MS Dynamics BC / NAV– Technical Consultant (job for all genders),Metabowerke GmbH,https://www.profession.hu/allas/ms-dynamics-bc-nav-technical-consultant-job-for-all-genders-metabowerke-gmbh-2840963?sessionId=ed7061b1d89e7c95ce70868e0e3baa03,2026-03-04,2026-03-25,True,Hungary,,"{'English': 'B2'}, {'German': 'B2'}",Főiskola (College),"AL, C/AL","DYNAMICS ERP C, CLOUD DEVOPS, AZURE TEST AUTOMATION",Hybrid,Full-time,5+ years,,
2840959,SAP Planning & Analytics Solution Advisor Specialist (f/m/d),SAP SE,https://www.profession.hu/allas/sap-planning-analytics-solution-advisor-specialist-f-m-d-sap-se-2840959?sessionId=ed7061b1d89e7c95ce70868e0e3baa03,2026-03-04,2026-03-25,True,Germany,,"German, Business English",Bachelor,,,Full-time or part-time unlimited,Full time,1-3 years,,
2840958,System Engineer Tracker (all genders),FREQUENTIS COMSOFT GmbH,https://www.profession.hu/allas/system-engineer-tracker-all-genders-frequentis-comsoft-gmbh-2840958?sessionId=ed7061b1d89e7c95ce70868e0e3baa03,2026-03-04,2026-03-25,True,Karlsruhe,,English: B2,Bachelor,"Python, Java, C++, Bash, Ansible","Linux, Red Hat, Virtualization, Network Security",Hybrid,Full-time,1-3 years,,
2840956,Working Student Data Analyst (m/f/d),Experteer GmbH,https://www.profession.hu/allas/working-student-data-analyst-m-f-d-experteer-gmbh-2840956?sessionId=ed7061b1d89e7c95ce70868e0e3baa03,2026-03-04,2026-03-25,True,Munich,,"{'English': 'B2'}, {'German': 'B2'}, {'French': 'B2'}, {'Spanish': 'B2'}, {'Italian': 'B2'}, {'Dutch': 'B2'}",Bachelor,,"DATA MANAGEMENT, MACHINE LEARNING",Hybrid,Full-time,1-3 years,,
2840955,Business Intelligence & Reporting Specialist (m/f/d) in Renewable Energies,ENCAVIS Management GmbH & Co. KG,https://www.profession.hu/allas/business-intelligence-reporting-specialist-m-f-d-in-renewable-energies-encavis-management-gmbh-co-kg-2840955?sessionId=ed7061b1d89e7c95ce70868e0e3baa03,2026-03-04,2026-03-16,False,Hamburg,,English: B2,Bachelor,"Power BI, DAX, Power Query","BI DATABASES, POWER BI, OUTLOOK, EXCEL, DATA MANAGEMENT",Hybrid,Full-time,1-3 years,,
2840953,Sr. Lead Customer Partner (Sales) Financial Services & Insurance (m/w/d),Kyndryl,https://www.profession.hu/allas/sr-lead-customer-partner-sales-financial-services-insurance-m-w-d-kyndryl-2840953?sessionId=ed7061b1d89e7c95ce70868e0e3baa03,2026-03-04,2026-03-25,True,Germany,,"English: Fluent, German: Fluent","BA/BS or MA/MS in IT, Business Administration, Sales, or related field",,CRM tools and Microsoft 365,On-site,Full-time,5-10 years,,
2840946,Senior Product Manager - Runtime Platform,N26 GmbH,https://www.profession.hu/allas/senior-product-manager-runtime-platform-n-gmbh-2840946?sessionId=ed7061b1d89e7c95ce70868e0e3baa03,2026-03-04,2026-03-22,False,Németország,,Angol középfok,Középiskola,,"ANALYTICS, CLOUD, WINDOWS, ACCESS, REST, AGILE",Teljes munkaidő Általános munkarend,Full-time,1-3 év tapasztalat,,
2840934,Unit Head - System Development of Service Solutions (f/m/d),MAN Truck & Bus Group,https://www.profession.hu/allas/unit-head-system-development-of-service-solutions-f-m-d-man-truck-bus-group-2840934?sessionId=ed7061b1d89e7c95ce70868e0e3baa03,2026-03-04,2026-03-25,True,Munich,,English: B2,Bachelor,,,Hybrid,Full-time,3-5 years,,
2840837,(Senior) Data Scientist (f/m/x) Forecasting,suena GmbH,https://www.profession.hu/allas/senior-data-scientist-f-m-x-forecasting-suena-gmbh-2840837?sessionId=ed7061b1d89e7c95ce70868e0e3baa03,2026-03-04,2026-03-09,False,Hamburg,80000.0 EUR gross/year,English: B2,Bachelor,"Python, SQL","AWS, Grafana",Hybrid,Full-time,5+ years,,
2840824,Senior Fullstack Developer (m/w/d) Digital Health,MEDIAN Unternehmensgruppe B.V. & Co. KG,https://www.profession.hu/allas/senior-fullstack-developer-m-w-d-digital-health-median-unternehmensgruppe-b-v-co-kg-2840824?sessionId=ed7061b1d89e7c95ce70868e0e3baa03,2026-03-04,2026-03-17,False,Németország,,"{'English': 'B2'}, {'German': 'C1'}",Középiskola,"JAVA, KOTLIN, SPRING, REACT","AZURE, BACKEND, POSTGRESQL, DATABASES, FRONTEND, DEVOPS, CLOUD, GIT, ISO, ACCESS, AGILE, GDPR",Általános munkarend,Teljes munkaidő,1-3 év tapasztalat,,
2840803,Senior Project Delivery Manager (m/f/d),Sybilla Technologies Sp. z o. o.,https://www.profession.hu/allas/senior-project-delivery-manager-m-f-d-sybilla-technologies-sp-z-o-o-2840803?sessionId=ed7061b1d89e7c95ce70868e0e3baa03,2026-03-04,2026-03-25,True,Bydgoszcz,"{'min': 6000, 'max': 7000, 'currency': 'EUR', 'gross': True}","{'language': 'English', 'level': 'C1'}, {'language': 'German', 'level': 'C1'}",MSc or PhD degree,,,Remote-first work model,Full-time,3-5 years,,
2840567,C# / .NET Fullstack fejlesztő (m/f/d),Riedel Communications Hungary Kft.,https://www.profession.hu/allas/c-net-fullstack-fejleszto-m-f-d-riedel-communications-hungary-kft-budapest-2840567?sessionId=ed7061b1d89e7c95ce70868e0e3baa03,2026-03-04,2026-03-25,True,Budapest,,"English: B2, Hungarian: C1",Bachelor,"C#, .NET, ASP.NET, TypeScript, React","Linux, Azure DevOps, Kubernetes",Full-time,Full-time,3-5 years,,
2840505,Senior Backend Engineer | Golang  | 80-100% | Hybrid working model | Zurich Switzerland,SMG Swiss Marketplace Group,https://www.profession.hu/allas/senior-backend-engineer-golang-hybrid-working-model-zurich-switzerland-smg-swiss-marketplace-group-2840505?sessionId=ed7061b1d89e7c95ce70868e0e3baa03,2026-03-04,2026-03-23,False,Zurich,,,Bachelor,Go,"AWS, PostgreSQL, Elasticsearch, Redis, SendGrid, Auth0",Hybrid,Full-time,5+ years,,
2840059,IT Developer Adjustments and Consistency Check (f/m/d),MAN Truck & Bus Group,https://www.profession.hu/allas/it-developer-adjustments-and-consistency-check-f-m-d-man-truck-bus-group-2840059?sessionId=ed7061b1d89e7c95ce70868e0e3baa03,2026-03-04,2026-03-25,True,Magyarországon belül bárhonnan,,English: B2,Főiskola,"C#, .NET Core, Angular","AWS, Azure, NOSQL DATABASES, SQL, MYSQL, DOCKER, TROUBLESHOOTING",Teljes munkaidő,Full-time,1-3 years,,
2840037,IT Software Engineer in RPG (m/f/d),AND-E,https://www.profession.hu/allas/it-software-engineer-in-rpg-m-f-d-and-e-2840037?sessionId=ed7061b1d89e7c95ce70868e0e3baa03,2026-03-04,2026-03-25,True,Németország,,English: B2,Egyetem,"RPG III, RPG/ILE, RPG/Free",DB2 SQL DATABASE ITIL,Általános munkarend,Teljes munkaidő,1-3 év tapasztalat,,
2840022,IT Developer Shared Services (f/m/d),MAN Truck & Bus Group,https://www.profession.hu/allas/it-developer-shared-services-f-m-d-man-truck-bus-group-2840022?sessionId=ed7061b1d89e7c95ce70868e0e3baa03,2026-03-04,2026-03-25,True,Magyarországon belül bárhonnan,,English: B2,Főiskola,"C#, .NET Core, Angular, React, TypeScript","AWS, DOCKER, SERVICENOW, SERVICE MANAGEMENT, DATA DOG, CLOUD WATCH, GRAFANA",Távmunka / Remote,Teljes munkaidő,1-3 év tapasztalat,,
2840012,Senior Vehicle AI Architect (f/m/x),BMW Group,https://www.profession.hu/allas/senior-vehicle-ai-architect-f-m-x-bmw-group-2840012?sessionId=ed7061b1d89e7c95ce70868e0e3baa03,2026-03-04,2026-03-25,True,Németország,,English: B2,Bachelor,"C++, Kotlin","API, HARDWARE SECURITY",Full-time,Full-time,5+ years,,
2840000,Application Specialist eCommerce (f/m/x) – 2-Year Fixed-Term Contract,ZEISS,https://www.profession.hu/allas/application-specialist-ecommerce-f-m-x-year-fixed-term-contract-zeiss-2840000?sessionId=ed7061b1d89e7c95ce70868e0e3baa03,2026-03-04,2026-03-17,False,Németország,,English: B2,Egyetem,,"SAP ERP, JIRA, Confluence",Full-time,Short-term,1-3 years,,
2839999,Machine Learning Engineer (m/f/x),ZEISS,https://www.profession.hu/allas/machine-learning-engineer-m-f-x-zeiss-2839999?sessionId=ed7061b1d89e7c95ce70868e0e3baa03,2026-03-04,2026-03-25,True,Németország,,English: B2,Egyetem,"Python, C++","PYTHON, C++, TESTING, CLOUD, ANSIBLE, GIT, DOCKER, HARDWARE C, DEVOPS, AZURE, MACHINE LEARNING, CLEAN CODE",,Teljes munkaidő,1-3 év tapasztalat,,
2839991,Test Manager (f/m/x) Sales & Service CRM,Sysmex Europe SE,https://www.profession.hu/allas/test-manager-f-m-x-sales-service-crm-sysmex-europe-se-2839991?sessionId=ed7061b1d89e7c95ce70868e0e3baa03,2026-03-04,2026-03-25,True,Hamburg,,English: B2,Bachelor,"Microsoft Dynamics 365, Azure DevOps","CRM, DEVOPS, TESTING, ISO, DYNAMICS, AZURE, REGRESSION TESTING",Hybrid,Full-time,1-3 years,,
2839986,IT Developer Diagnostics (f/m/d),MAN Truck & Bus Group,https://www.profession.hu/allas/it-developer-diagnostics-f-m-d-man-truck-bus-group-2839986?sessionId=ed7061b1d89e7c95ce70868e0e3baa03,2026-03-04,2026-03-11,False,Germany,,English: B2,Bachelor,"JS, .net, Python",,"Hybrid (80% remote, 20 days/year abroad)",Full-time,1-3 years,,
2839976,Director (f/m/d) Finance Technology & AI,BMG RIGHTS MANAGEMENT GmbH - Corporate,https://www.profession.hu/allas/director-f-m-d-finance-technology-ai-bmg-rights-management-gmbh-corporate-2839976?sessionId=ed7061b1d89e7c95ce70868e0e3baa03,2026-03-04,2026-03-25,True,Berlin,,English: B2,Bachelor,,"ANALYTICS, SECURITY, CHANGE MANAGEMENT",Hybrid,Full-time,3-5 years,,
2839536,Field System Engineer,Dectris AG,https://www.profession.hu/allas/field-system-engineer-dectris-ag-2839536?sessionId=ed7061b1d89e7c95ce70868e0e3baa03,2026-03-04,2026-03-05,False,Baden-Daettwil,,English: B2,Főiskola (Bachelor),Python,Linux,Hybrid,Full-time,3-5 years,,
2839532,DevSecOps Engineer 80-100%,BÜCHI Labortechnik AG,https://www.profession.hu/allas/devsecops-engineer-buchi-labortechnik-ag-2839532?sessionId=ed7061b1d89e7c95ce70868e0e3baa03,2026-03-04,2026-03-25,True,Flawil,,English: B2,University degree in computer science or similar,,"SECURITY, CLOUD, AZURE, DEVOPS",Hybrid,Full-time,1-3 years,,
2839527,Senior DevSecOps Engineer in the region of Basel,Albedis AG,https://www.profession.hu/allas/senior-devsecops-engineer-in-the-region-of-basel-albedis-ag-2839527?sessionId=ed7061b1d89e7c95ce70868e0e3baa03,2026-03-04,2026-03-11,False,Basel,,English: C1,Bachelor,,"API, AZURE, DEVOPS, MONGODB",On-site,Full-time,3-5 years,,
2839514,Senior Avaloq Developer in the region of Basel,Albedis AG,https://www.profession.hu/allas/senior-avaloq-developer-in-the-region-of-basel-albedis-ag-2839514?sessionId=ed7061b1d89e7c95ce70868e0e3baa03,2026-03-04,2026-03-14,False,Basel,,English: B2,Bachelor,Avaloq,"SWIFT, Finastra payment gateway",On-site,Full-time,3-5 years,,
2825858,Intern as AI/Cloud Engineer - part time for student,Oracle Global Services Hungary Kft.,https://www.profession.hu/allas/intern-as-ai-cloud-engineer-part-time-for-student-oracle-global-services-hungary-kft-2825858?sessionId=ed7061b1d89e7c95ce70868e0e3baa03,2026-03-04,2026-03-08,False,,,"{'Language': 'English', 'Level': 'B2'}",High School with Diploma,"Python, SQL (Oracle), Bash","Terraform, Ansible, Git, OpenSearch, Grafana, Prometheus, Podman, Kubernetes, OCI, AWS, Azure, GCP",,Full-time,0-1 years,,
2839215,Senior Applied Scientist,Diligent Governance Hungary Kft.,https://www.profession.hu/allas/senior-applied-scientist-diligent-governance-hungary-kft-2839215?sessionId=ed7061b1d89e7c95ce70868e0e3baa03,2026-03-04,2026-03-25,True,Budapest,,,Bachelor,Python,"AWS, PANDAS, CLOUD DATABASES",Hybrid,Full-time,1-3 years,,
2827315,AI Engineer,IPACKCHEM Kft.,https://www.profession.hu/allas/ai-engineer-ipackchem-kft-2827315?sessionId=ed7061b1d89e7c95ce70868e0e3baa03,2026-03-04,2026-03-10,False,Budapest,,,"Bachelor's or master's degree in AI, computer science, Engineering, mathematics or a related field",Python,"Azure, Power Platform, SQL, PostgreSQL, Access, Agile",,Full-time,2-4 years,,
2839207,LN Technical Analyst,IPACKCHEM Kft.,https://www.profession.hu/allas/ln-technical-analyst-ipackchem-kft-2839207?sessionId=ed7061b1d89e7c95ce70868e0e3baa03,2026-03-04,2026-03-25,True,Budapest,,,Bachelor's Degree,"Linux, Unix","ERP, LINUX, UNIX, ORACLE DATABASE",Full-time,Full-time,,,
2839163,Principal Consultant (f/m/d) Business Data Strategy & Advisory - Data Architect (f/m/d),SAP SE,https://www.profession.hu/allas/principal-consultant-f-m-d-business-data-strategy-advisory-data-architect-f-m-d-sap-se-2839163?sessionId=ed7061b1d89e7c95ce70868e0e3baa03,2026-03-04,2026-03-17,False,"Walldorf, Berlin, Eschborn, Gerlingen, Hamburg, Garchingen (near Munich), Dresden, Ratingen, Hannover",,"German: B2, English: B2",Bachelor,,,Hybrid,Full-time,1-3 years,,
2839162,Development Expert (f/m/d),SAP SE,https://www.profession.hu/allas/development-expert-f-m-d-sap-se-2839162?sessionId=ed7061b1d89e7c95ce70868e0e3baa03,2026-03-04,2026-03-17,False,Germany,,English: B2,Bachelor,"Go, Rust, Python","CLOUD, SAP NETWORK, LINUX, PYTHON, DOCKER, AWS, AZURE, SECURITY @SAP",Hybrid,"Part-time or Full-time, unbefristet",8+ years,,
2839161,(Senior) Developer (f/m/d) for Sovereign Cloud Onsite / ApeiroRA / EU AI Projects,SAP SE,https://www.profession.hu/allas/senior-developer-f-m-d-for-sovereign-cloud-onsite-apeirora-eu-ai-projects-sap-se-2839161?sessionId=ed7061b1d89e7c95ce70868e0e3baa03,2026-03-04,2026-03-17,False,,,English: B2,Bachelor,"Go, Python","Kubernetes, OpenStack, Ceph, Helm, Prometheus, Flux, Istio, Linux, AWS, Azure, GCP, Git",Hybrid,Part Time or Regular Full Time,,,
2839160,Senior DevOps Engineer (f/m/d),SAP SE,https://www.profession.hu/allas/senior-devops-engineer-f-m-d-sap-se-2839160?sessionId=ed7061b1d89e7c95ce70868e0e3baa03,2026-03-04,2026-03-17,False,Munich,,English: B2,Bachelor,"Go, Python, Bash","AWS, AZURE, CLOUD, PYTHON, BASH, DEVOPS, SAP SECURITY, ANSIBLE",Hybrid,Full-time,5+ years,,
2839159,"(Senior) Cloud-Native Developer (f/m/d) SAP BTP Fabric, Central Cloud Services Team",SAP SE,https://www.profession.hu/allas/senior-cloud-native-developer-f-m-d-sap-btp-fabric-central-cloud-services-team-sap-se-2839159?sessionId=ed7061b1d89e7c95ce70868e0e3baa03,2026-03-04,2026-03-17,False,,,"{'Language': 'English', 'Level': 'B2'}",Bachelor,"C++, Node.JS, Java","Docker, AWS, AZURE, JENKINS, @SAP. AGILE, DEBUGGING",Hybrid,Full-time,1-3 years,,
2839151,Product Manager – Agentic AI & LLMs (f/m/x),ING Deutschland,https://www.profession.hu/allas/product-manager-agentic-ai-llms-f-m-x-ing-deutschland-2839151?sessionId=ed7061b1d89e7c95ce70868e0e3baa03,2026-03-04,2026-03-25,True,Frankfurt,,English: B2,Bachelor,,TESTING ANALYTICS API CLOUD,Hybrid,Full-time,1-3 years,,
2839144,SAP AI Engineering Architect (f/m/d),SAP SE,https://www.profession.hu/allas/sap-ai-engineering-architect-f-m-d-sap-se-2839144?sessionId=ed7061b1d89e7c95ce70868e0e3baa03,2026-03-04,2026-03-16,False,,,"{'English': 'B2'}, {'German': 'B2'}","Bachelor, Master","Python, Java, JavaScript, HTML","SAP ANALYTICS SECURITY, CLOUD, JAVASCRIPT, HTML, @SAP. MACHINE LEARNING",Hybrid,Full-time,1-3 years,,
2839143,Site Reliability Engineer - Observability,N26 GmbH,https://www.profession.hu/allas/site-reliability-engineer-observability-n-gmbh-2839143?sessionId=ed7061b1d89e7c95ce70868e0e3baa03,2026-03-04,2026-03-11,False,Németország,,English: B2,Egyetem,"Python, GoLang","Prometheus, StatsD, OpenTelemetry libraries, Vector, Beats, FluentBit, OpenSearch, Grafana, Datadog, Terraform, AWS CDK",,Full-time,1-3 years,,
2839142,Senior Consultant (f/m/d) Business Data Strategy & Advisory - Data Architect (f/m/d),SAP SE,https://www.profession.hu/allas/senior-consultant-f-m-d-business-data-strategy-advisory-data-architect-f-m-d-sap-se-2839142?sessionId=ed7061b1d89e7c95ce70868e0e3baa03,2026-03-04,2026-03-17,False,Germany,,"English: B2, German: B2",Bachelor,,"SAP Business Data Cloud, Clean Core principles, SAP RISE incl. Clean Core principles and SAP BTP",Hybrid,Full-time,1-3 years,,
2839141,Senior Consultant (f/m/d) Business Data Strategy & Advisory - Data Architect (f/m/d),SAP SE,https://www.profession.hu/allas/senior-consultant-f-m-d-business-data-strategy-advisory-data-architect-f-m-d-sap-se-2839141?sessionId=ed7061b1d89e7c95ce70868e0e3baa03,2026-03-04,2026-03-17,False,MEE,,"English: B2, German: B2",Bachelor,,,Hybrid,Full-time,1-3 years,,
2839137,SAP AI Engineering Architect (f/m/d),SAP SE,https://www.profession.hu/allas/sap-ai-engineering-architect-f-m-d-sap-se-2839137?sessionId=ed7061b1d89e7c95ce70868e0e3baa03,2026-03-04,2026-03-05,False,,,"{'English': 'B2'}, {'German': 'B2'}","Bachelor, Master","Python, Java, JavaScript","SAP ANALYTICS SECURITY, CLOUD, JAVASCRIPT, HTML, @SAP. MACHINE LEARNING",Hybrid,Full-time,1-3 years,,
2839135,SAP AI Engineering Architect (f/m/d),SAP SE,https://www.profession.hu/allas/sap-ai-engineering-architect-f-m-d-sap-se-2839135?sessionId=ed7061b1d89e7c95ce70868e0e3baa03,2026-03-04,2026-03-16,False,,,"{'English': 'B2'}, {'German': 'B2'}","Bachelor, Master","Python, Java","SAP BTP services, TensorFlow, PyTorch",,Full-time,1-3 years,,
2839133,Product Security Engineer,N26 GmbH,https://www.profession.hu/allas/product-security-engineer-n-gmbh-2839133?sessionId=ed7061b1d89e7c95ce70868e0e3baa03,2026-03-04,2026-03-17,False,Magyarországon belül bárhonnan,,English: B2,Egyetem,"Python, REST","SECURITY TESTING, CLOUD ACCESS",Távmunka / Remote,Teljes munkaidő,1-3 év tapasztalat,,
2839131,SAP AI Engineering Architect (f/m/d),SAP SE,https://www.profession.hu/allas/sap-ai-engineering-architect-f-m-d-sap-se-2839131?sessionId=ed7061b1d89e7c95ce70868e0e3baa03,2026-03-04,2026-03-04,False,,,"{'English': 'B2'}, {'German': 'B2'}","Bachelor, Master","Python, Java, JavaScript, HTML","SAP ANALYTICS SECURITY, CLOUD, JAVASCRIPT, HTML, @SAP. MACHINE LEARNING",Hybrid,Full-time,1-3 years,,
2839128,"Lead Solutions Engineer, Global Accounts",Shopify,https://www.profession.hu/allas/lead-solutions-engineer-global-accounts-shopify-2839128?sessionId=ed7061b1d89e7c95ce70868e0e3baa03,2026-03-04,2026-03-09,False,Németország,,"English, German",Egyetem,,CLOUD EXCEL,Full-time,Full-time,7+ years,,
2839127,Full-Stack Security Automation Engineer,N26 GmbH,https://www.profession.hu/allas/full-stack-security-automation-engineer-n-gmbh-2839127?sessionId=ed7061b1d89e7c95ce70868e0e3baa03,2026-03-04,2026-03-13,False,,,English: B2,Bachelor,"Python, Java, Kotlin","AWS, Docker",Hybrid,Full-time,5+ years,,
2839124,Senior Consultant (f/m/d) Business Data Strategy & Advisory - Data Architect (f/m/d),SAP SE,https://www.profession.hu/allas/senior-consultant-f-m-d-business-data-strategy-advisory-data-architect-f-m-d-sap-se-2839124?sessionId=ed7061b1d89e7c95ce70868e0e3baa03,2026-03-04,2026-03-25,True,Germany,,"English: B2, German: B2",Bachelor,,SAP ANALYTICS CLOUD @SAP. CHANGE MANAGEMENT,Hybrid,Full-time,1-3 years,,
2839123,(Senior) Specialist (f/m/d) Transformation Advisory Center - Digital Architect (f/m/d),SAP SE,https://www.profession.hu/allas/senior-specialist-f-m-d-transformation-advisory-center-digital-architect-f-m-d-sap-se-2839123?sessionId=ed7061b1d89e7c95ce70868e0e3baa03,2026-03-04,2026-03-17,False,Walldorf or Barcelona,,"English: Fluency (spoken and written), German: Fluency (spoken and written)","Bachelor's or Master's degree in business, computer science, engineering, mathematics, or a related discipline",,CLOUD SAP ERP @SAP,Hybrid,Full-time,1-3 years,,
2839118,(Senior) Gardener Core Engineer (f/m/d),SAP SE,https://www.profession.hu/allas/senior-gardener-core-engineer-f-m-d-sap-se-2839118?sessionId=ed7061b1d89e7c95ce70868e0e3baa03,2026-03-04,2026-03-17,False,Németország,,English: B2,Bachelor,"Go, Kubernetes","CLOUD API, LINUX, AWS, AZURE, SAP @SAP",,"Part-Time, or Vollzeit, unbefristet",1-3 years,,
2839116,SAP AI Engineering Architect (f/m/d),SAP SE,https://www.profession.hu/allas/sap-ai-engineering-architect-f-m-d-sap-se-2839116?sessionId=ed7061b1d89e7c95ce70868e0e3baa03,2026-03-04,2026-03-16,False,,,"{'language': 'English', 'level': 'B2'}, {'language': 'German', 'level': 'B2'}","Bachelor's or Master's degree in Computer Science, Engineering, or related field","Python, Java, JavaScript","SAP BTP services, TensorFlow, PyTorch",,Full-time,1-3 years,,
2839115,Senior SOC Engineer,N26 GmbH,https://www.profession.hu/allas/senior-soc-engineer-n-gmbh-2839115?sessionId=ed7061b1d89e7c95ce70868e0e3baa03,2026-03-04,2026-03-25,True,Berlin or Barcelona,,English: B2,Bachelor,"Python, Bash","AWS, SIEM, JSON, BASH, ACCESS, SIEM– SERVICE MANAGEMENT SIEM",Hybrid,Full-time,5+ years,,
2839114,SAP AI Engineering Architect (f/m/d),SAP SE,https://www.profession.hu/allas/sap-ai-engineering-architect-f-m-d-sap-se-2839114?sessionId=ed7061b1d89e7c95ce70868e0e3baa03,2026-03-04,2026-03-16,False,,,"{'English': 'B2'}, {'German': 'B2'}","Bachelor, Master","Python, Java, JavaScript, HTML","SAP ANALYTICS SECURITY, CLOUD, JAVASCRIPT, HTML, @SAP. MACHINE LEARNING",Hybrid,Full-time,1-3 years,,
2839110,Principal BTP AI Development Consultant (f/m/d),SAP SE,https://www.profession.hu/allas/principal-btp-ai-development-consultant-f-m-d-sap-se-2839110?sessionId=ed7061b1d89e7c95ce70868e0e3baa03,2026-03-04,2026-03-17,False,Garching or Walldorf,,"English: B2, German: C1","Bachelor's degree or higher in Information Technology, Computer Science, or a related field","ABAP, Java, JavaScript","SAP CLOUD, ABAP, JAVA, JAVASCRIPT, @SAP. AGILE PROJECT MANAGEMENT PMI",Hybrid,Full-time,1-3 years,,
2839109,SAP AI Engineering Architect (f/m/d),SAP SE,https://www.profession.hu/allas/sap-ai-engineering-architect-f-m-d-sap-se-2839109?sessionId=ed7061b1d89e7c95ce70868e0e3baa03,2026-03-04,2026-03-16,False,,,"{'English': 'B2'}, {'German': 'B2'}","Bachelor, Master","Python, Java","SAP BTP services, TensorFlow, PyTorch",,Full-time,1-3 years,,
2839108,Data Platform Solution Architect,Adobe Systems Europe Limited,https://www.profession.hu/allas/data-platform-solution-architect-adobe-systems-europe-limited-2839108?sessionId=ed7061b1d89e7c95ce70868e0e3baa03,2026-03-04,2026-03-25,True,Németország,,"English: B2, German",Középiskola,,ADOBE DATABASE CMS ANALYTICS POWERPOINT CLOUD @ADOBE,Teljes munkaidő Általános munkarend,Full-time,1-3 év tapasztalat,,
2839105,SAP AI Engineering Architect (f/m/d),SAP SE,https://www.profession.hu/allas/sap-ai-engineering-architect-f-m-d-sap-se-2839105?sessionId=ed7061b1d89e7c95ce70868e0e3baa03,2026-03-04,2026-03-16,False,,,"{'Language': 'English', 'Level': 'B2'}, {'Language': 'German', 'Level': 'B2'}","Bachelor's or Master's degree in Computer Science, Engineering, or related field","Python, Java, JavaScript","SAP BTP services, SAP AI Core, SAP AI Business Services, SAP Integration Suite, SAP Extension Suite",,Full-time,1-3 years,,
2839096,Product Security Expert (f/m/d) for the SAP BTP Multi Channel Delivery & DC Buildout team,SAP SE,https://www.profession.hu/allas/product-security-expert-f-m-d-for-the-sap-btp-multi-channel-delivery-dc-buildout-team-sap-se-2839096?sessionId=ed7061b1d89e7c95ce70868e0e3baa03,2026-03-04,2026-03-11,False,Németország,,"English: B2, German: B2",Bachelor's degree or higher in computer science or related field,,"AWS, Azure, SAP Hana Cloud, SAP Analytic Cloud, Cloud Foundry, SAP Cloud Integration","Part-Time, or Vollzeit",Full-time,10+ years,,
2839095,SAP AI Engineering Architect (f/m/d),SAP SE,https://www.profession.hu/allas/sap-ai-engineering-architect-f-m-d-sap-se-2839095?sessionId=ed7061b1d89e7c95ce70868e0e3baa03,2026-03-04,2026-03-16,False,,,"{'language': 'English', 'level': 'B2'}, {'language': 'German', 'level': 'B2'}","Bachelor's or Master's degree in Computer Science, Engineering, or related field","Python, Java, JavaScript","SAP BTP services, TensorFlow, PyTorch",,Full-time,1-3 years,,
2839094,Senior Consultant (f/m/d) Business Data Strategy & Advisory - Data Architect (f/m/d),SAP SE,https://www.profession.hu/allas/senior-consultant-f-m-d-business-data-strategy-advisory-data-architect-f-m-d-sap-se-2839094?sessionId=ed7061b1d89e7c95ce70868e0e3baa03,2026-03-04,2026-03-17,False,MEE,,"English: B2, German: B2",Bachelor,,"SAP Business Data Cloud, Clean Core principles, SAP RISE incl. Clean Core principles and SAP BTP",Hybrid,Full-time,1-3 years,,
2839093,SAP AI Engineering Architect (f/m/d),SAP SE,https://www.profession.hu/allas/sap-ai-engineering-architect-f-m-d-sap-se-2839093?sessionId=ed7061b1d89e7c95ce70868e0e3baa03,2026-03-04,2026-03-16,False,,,"{'English': 'B2'}, {'German': 'B2'}","Bachelor, Master","Python, Java","SAP BTP services, TensorFlow, PyTorch",,Full-time,1-3 years,,
2839091,Principal Consultant (f/m/d) Business Data Strategy & Advisory - Data Architect (f/m/d),SAP SE,https://www.profession.hu/allas/principal-consultant-f-m-d-business-data-strategy-advisory-data-architect-f-m-d-sap-se-2839091?sessionId=ed7061b1d89e7c95ce70868e0e3baa03,2026-03-04,2026-03-17,False,"Walldorf, Berlin, Eschborn, Gerlingen, Hamburg, Garchingen (near Munich), Dresden, Ratingen, Hannover",,"German: B2, English: B2",Bachelor,,"SAP Data & Analytics portfolio (SAP Datasphere, SAP Analytics Cloud, SAP BW), SAP BusinessAI, SAP RISE incl. Clean Core principles and SAP BTP",Hybrid,Full-time,1-3 years,,
2839090,Principal Consultant (f/m/d) Business Data Strategy & Advisory - Data Architect (f/m/d),SAP SE,https://www.profession.hu/allas/principal-consultant-f-m-d-business-data-strategy-advisory-data-architect-f-m-d-sap-se-2839090?sessionId=ed7061b1d89e7c95ce70868e0e3baa03,2026-03-04,2026-03-17,False,"Walldorf, Berlin, Eschborn, Gerlingen, Hamburg, Garchingen (near Munich), Dresden, Ratingen, Hannover",,"German: B2, English: B2",Bachelor,,,Hybrid,Full-time,1-3 years,,
2839089,Chief Expert Enterprise Architect (f/m/d) - MU Germany,SAP SE,https://www.profession.hu/allas/chief-expert-enterprise-architect-f-m-d-mu-germany-sap-se-2839089?sessionId=ed7061b1d89e7c95ce70868e0e3baa03,2026-03-04,2026-03-17,False,Hibrid,,"English: B2, German: B2","Bachelor or Master's degree in Business Administration, Informatics or any comparable education",,,Hybrid,Full-time,14+ years,,
2839088,Principal BTP AI Development Consultant (f/m/d),SAP SE,https://www.profession.hu/allas/principal-btp-ai-development-consultant-f-m-d-sap-se-2839088?sessionId=ed7061b1d89e7c95ce70868e0e3baa03,2026-03-04,2026-03-17,False,Garching or Walldorf,,"English: B2, German: C1","Bachelor's degree or higher in Information Technology, Computer Science, or a related field","ABAP, Java, JavaScript",SAP CLOUD ABAP JAVA JAVASCRIPT @SAP. AGILE PROJECT MANAGEMENT PMI,Hybrid,Full-time,1-3 years,,
2839087,Senior Consultant (f/m/d) Business Data Strategy & Advisory - Data Architect (f/m/d),SAP SE,https://www.profession.hu/allas/senior-consultant-f-m-d-business-data-strategy-advisory-data-architect-f-m-d-sap-se-2839087?sessionId=ed7061b1d89e7c95ce70868e0e3baa03,2026-03-04,2026-03-17,False,,,"{'English': 'B2'}, {'German': 'B2'}",Bachelor,,"SAP Datasphere, SAP Analytics Cloud, SAP BW",Hybrid,Full-time,1-3 years,,
2839086,Customer Success Partner Expert/Chief Expert- Integrated Toolchain (f/m/d),SAP SE,https://www.profession.hu/allas/customer-success-partner-expert-chief-expert-integrated-toolchain-f-m-d-sap-se-2839086?sessionId=ed7061b1d89e7c95ce70868e0e3baa03,2026-03-04,2026-03-17,False,Németország,,English: B2,Középiskola,,,Full-time,Regular Full Time,8+ years,,
2839083,Senior BTP AI Development Consultant (f/m/d),SAP SE,https://www.profession.hu/allas/senior-btp-ai-development-consultant-f-m-d-sap-se-2839083?sessionId=ed7061b1d89e7c95ce70868e0e3baa03,2026-03-04,2026-03-17,False,Garching or Walldorf,,"English: B2, German: C1","Bachelor's degree or higher in Information Technology, Computer Science, or a related field","ABAP, Java, JavaScript","SAP ABAP, CLOUD, JAVA, JAVASCRIPT, HTML5, REACT, @SAP. AGILE",Hybrid,Full-time,1-3 years,,
2839082,Senior Technical Product Marketing Manager,commercetools GmbH,https://www.profession.hu/allas/senior-technical-product-marketing-manager-commercetools-gmbh-2839082?sessionId=ed7061b1d89e7c95ce70868e0e3baa03,2026-03-04,2026-03-25,True,,2000 EUR gross/month,{'English': 'B2'},Bachelor,,,Hybrid,Full-time,1-3 years,,
2839081,Principal Consultant (f/m/d) Business Data Strategy & Advisory - Data Architect (f/m/d),SAP SE,https://www.profession.hu/allas/principal-consultant-f-m-d-business-data-strategy-advisory-data-architect-f-m-d-sap-se-2839081?sessionId=ed7061b1d89e7c95ce70868e0e3baa03,2026-03-04,2026-03-17,False,"Walldorf, Berlin, Eschborn, Gerlingen, Hamburg, Garchingen (near Munich), Dresden, Ratingen, Hannover",,"German: B2, English: B2",Bachelor,,"SAP Datasphere, SAP Analytics Cloud, SAP BW, SAP BusinessAI, SAP RISE incl. Clean Core principles and SAP BTP",Hybrid,Full-time,1-3 years,,
2839079,SAP AI Engineering Architect (f/m/d),SAP SE,https://www.profession.hu/allas/sap-ai-engineering-architect-f-m-d-sap-se-2839079?sessionId=ed7061b1d89e7c95ce70868e0e3baa03,2026-03-04,2026-03-04,False,,,"{'Language': 'English', 'Level': 'B2'}, {'Language': 'German', 'Level': 'B2'}","Bachelor's or Master's degree in Computer Science, Engineering, or related field","Python, Java, JavaScript","SAP BTP services, SAP HANA Cloud, SAP Data Intelligence, SAP Analytics Cloud",,Full-time,3-5 years,,
2839078,Software Developer / Rust Developer – Embedded Audio (all genders),Fraunhofer-Institut für Integrierte Schaltungen IIS,https://www.profession.hu/allas/software-developer-rust-developer-embedded-audio-all-genders-fraunhofer-institut-fur-integrierte-schaltungen-iis-2839078?sessionId=ed7061b1d89e7c95ce70868e0e3baa03,2026-03-04,2026-03-25,True,Erlangen,,English: B2,"University degree in Electrical Engineering , Computer Science , Engineering Sciences , Media Technologies , or a related field","C, C++, Rust","Python, GitLab CI/CD, Docker, VS Code, clang",Hybrid,Full-time,1-3 years,,
2839074,Senior Backend Engineer - TypeScript,commercetools GmbH,https://www.profession.hu/allas/senior-backend-engineer-typescript-commercetools-gmbh-2839074?sessionId=ed7061b1d89e7c95ce70868e0e3baa03,2026-03-04,2026-03-17,False,Berlin,,English: B2,Bachelor,TypeScript,"MongoDB, Postman",Hybrid,Full-time,1-3 years,,
2839073,Working student testing & networking (f/m/d),Volkswagen Infotainment GmbH,https://www.profession.hu/allas/working-student-testing-networking-f-m-d-volkswagen-infotainment-gmbh-2839073?sessionId=ed7061b1d89e7c95ce70868e0e3baa03,2026-03-04,2026-03-25,True,Németország,,"English, German",Középiskola,Python,"Robotframework, Linux, Windows",Teljes munkaidő Általános munkarend,Full-time,1-3 év tapasztalat,,
2839069,SAP AI Engineering Architect (f/m/d),SAP SE,https://www.profession.hu/allas/sap-ai-engineering-architect-f-m-d-sap-se-2839069?sessionId=ed7061b1d89e7c95ce70868e0e3baa03,2026-03-04,2026-03-16,False,,,"{'Language': 'English', 'Level': 'B2'}, {'Language': 'German', 'Level': 'B2'}",Bachelor,"Python, Java","SAP ANALYTICS SECURITY, CLOUD JAVASCRIPT, HTML @SAP. MACHINE LEARNING",Hybrid,Full-time,1-3 years,,
2839064,Industry Solution Consultant EMEA Central,Adobe Systems Europe Limited,https://www.profession.hu/allas/industry-solution-consultant-emea-central-adobe-systems-europe-limited-2839064?sessionId=ed7061b1d89e7c95ce70868e0e3baa03,2026-03-04,2026-03-25,True,Németország,,"English: B2, German: B2",Középiskola,,@ADOBE,Általános munkarend,Teljes munkaidő,1-3 év tapasztalat,,
2839061,SAP AI Engineering Architect (f/m/d),SAP SE,https://www.profession.hu/allas/sap-ai-engineering-architect-f-m-d-sap-se-2839061?sessionId=ed7061b1d89e7c95ce70868e0e3baa03,2026-03-04,2026-03-16,False,,,"{'English': 'B2'}, {'German': 'B2'}","Bachelor, Master","Python, Java, JavaScript, HTML","SAP ANALYTICS SECURITY, CLOUD, JAVASCRIPT, HTML, @SAP. MACHINE LEARNING",Hybrid,Full-time,1-3 years,,
2839059,Senior BTP AI Development Consultant (f/m/d),SAP SE,https://www.profession.hu/allas/senior-btp-ai-development-consultant-f-m-d-sap-se-2839059?sessionId=ed7061b1d89e7c95ce70868e0e3baa03,2026-03-04,2026-03-17,False,Garching or Walldorf,,"English: B2, German: C1","Bachelor's degree or higher in Information Technology, Computer Science, or a related field","ABAP, Java, JavaScript","SAP CAP, SAP RAP, HTML5, SAPUI5, Fiori Elements, React",Hybrid,Full-time,1-3 years,,
2839056,"Principal Engineer, Product Security",commercetools GmbH,https://www.profession.hu/allas/principal-engineer-product-security-commercetools-gmbh-2839056?sessionId=ed7061b1d89e7c95ce70868e0e3baa03,2026-03-04,2026-03-25,True,"Berlin, London, Valencia",,['English: B2'],,"JavaScript, Go","Linux systems, Kubernetes, Terraform, Vault, API, web application security",Hybrid,Full-time,5+ years,,
2839050,Senior Backend Engineer - Scala,commercetools GmbH,https://www.profession.hu/allas/senior-backend-engineer-scala-commercetools-gmbh-2839050?sessionId=ed7061b1d89e7c95ce70868e0e3baa03,2026-03-04,2026-03-25,True,Berlin,,English: B2,Bachelor,TypeScript,"MongoDB, Postman",Hybrid,Full-time,1-3 years,,
2839048,(Senior) Developer (f/m/d) for Gardener Dashboard,SAP SE,https://www.profession.hu/allas/senior-developer-f-m-d-for-gardener-dashboard-sap-se-2839048?sessionId=ed7061b1d89e7c95ce70868e0e3baa03,2026-03-04,2026-03-17,False,Németország,,English: B2,Főiskola,"Go, JavaScript","CLOUD VUE, JAVASCRIPT, SAP @SAP",,"Part-Time, or Vollzeit",1-3 years,,
2839046,AI Data Lead - SAP-RPT Model Family (f/m/d),SAP SE,https://www.profession.hu/allas/ai-data-lead-sap-rpt-model-family-f-m-d-sap-se-2839046?sessionId=ed7061b1d89e7c95ce70868e0e3baa03,2026-03-04,2026-03-17,False,,,"{'Language': 'English', 'CEFR Level': 'B2'}","Master's degree in Computer Science, AI, or a relevant field",Python,"SAP ACCESS DATABASES, SQL, CLOUD, @SAP. MACHINE LEARNING EXCEL",Hybrid,Full-time,7+ years,,
2839044,Senior Consultant (f/m/d) Business Data Strategy & Advisory - Data Architect (f/m/d),SAP SE,https://www.profession.hu/allas/senior-consultant-f-m-d-business-data-strategy-advisory-data-architect-f-m-d-sap-se-2839044?sessionId=ed7061b1d89e7c95ce70868e0e3baa03,2026-03-04,2026-03-17,False,MEE,,"English: B2, German: B2",Bachelor,,"SAP Business Data Cloud, Clean Core principles, SAP RISE incl. Clean Core principles and SAP BTP",Hybrid,Full-time,1-3 years,,
2839042,Software Consultant (m/w/d) French Market,INGENTIS Group,https://www.profession.hu/allas/software-consultant-m-w-d-french-market-ingentis-group-2839042?sessionId=ed7061b1d89e7c95ce70868e0e3baa03,2026-03-04,2026-03-25,True,Nuremberg,,"French: C1, German: B2",Bachelor,,"SAP SuccessFactors, Workday, Oracle HCM",Hybrid (50% office/ 50% remote),Full-time,1-3 years,,
2839041,Senior/Expert Gardener Networking Engineer (f/m/d),SAP SE,https://www.profession.hu/allas/senior-expert-gardener-networking-engineer-f-m-d-sap-se-2839041?sessionId=ed7061b1d89e7c95ce70868e0e3baa03,2026-03-04,2026-03-17,False,Germany,,English: B2,Bachelor,Go,"Calico, Cilium, Istio, eBPF","Part-Time, or Vollzeit, unbefristet",Full-time,1-3 years,,
2839040,Senior People Tech Specialist,N26 GmbH,https://www.profession.hu/allas/senior-people-tech-specialist-n-gmbh-2839040?sessionId=ed7061b1d89e7c95ce70868e0e3baa03,2026-03-04,2026-03-17,False,Németország,,English: B2,Középiskola,,"JIRA, Workday",Home-Office,Full-time,1-3 years,,
2839039,SAP AI Engineering Architect (f/m/d),SAP SE,https://www.profession.hu/allas/sap-ai-engineering-architect-f-m-d-sap-se-2839039?sessionId=ed7061b1d89e7c95ce70868e0e3baa03,2026-03-04,2026-03-16,False,,,"{'Language': 'English', 'Level': 'B2'}, {'Language': 'German', 'Level': 'B2'}","Bachelor's or Master's degree in Computer Science, Engineering, or related field","Python, Java, JavaScript","SAP BTP services, SAP AI Core, SAP AI Business Services, SAP Integration Suite, SAP Extension Suite",,Full-time,1-3 years,,
2839037,Principal Consultant (f/m/d) Business Data Strategy & Advisory - Data Architect (f/m/d),SAP SE,https://www.profession.hu/allas/principal-consultant-f-m-d-business-data-strategy-advisory-data-architect-f-m-d-sap-se-2839037?sessionId=ed7061b1d89e7c95ce70868e0e3baa03,2026-03-04,2026-03-25,True,"Walldorf, Berlin, Eschborn, Gerlingen, Hamburg, Garchingen (near Munich), Dresden, Ratingen, Hannover",,"German: B2, English: B2",Bachelor,,,Hybrid,Full-time,1-3 years,,
2839036,SAP AI Engineering Architect (f/m/d),SAP SE,https://www.profession.hu/allas/sap-ai-engineering-architect-f-m-d-sap-se-2839036?sessionId=ed7061b1d89e7c95ce70868e0e3baa03,2026-03-04,2026-03-16,False,,,"{'English': 'B2'}, {'German': 'B2'}","Bachelor, Master","Python, Java, JavaScript","SAP ANALYTICS SECURITY, CLOUD JAVASCRIPT, HTML @SAP. MACHINE LEARNING",,Full-time,1-3 years,,
2839034,SAP AI Engineering Architect (f/m/d),SAP SE,https://www.profession.hu/allas/sap-ai-engineering-architect-f-m-d-sap-se-2839034?sessionId=ed7061b1d89e7c95ce70868e0e3baa03,2026-03-04,2026-03-04,False,,,"{'language': 'English', 'level': 'B2'}, {'language': 'German', 'level': 'B2'}","Bachelor's or Master's degree in Computer Science, Engineering, or related field","Python, Java, JavaScript","SAP BTP services, TensorFlow, PyTorch",,Full-time,1-3 years,,
2839032,"Principal Engineer, Product Security",commercetools GmbH,https://www.profession.hu/allas/principal-engineer-product-security-commercetools-gmbh-2839032?sessionId=ed7061b1d89e7c95ce70868e0e3baa03,2026-03-04,2026-03-25,True,"Berlin, London, Valencia",,['English: B2'],,"JavaScript, Go","Linux systems, Kubernetes, Terraform, Vault, API, web application security",Hybrid,Full-time,5+ years,,
2839031,Associate Engineering Manager - Product Security,N26 GmbH,https://www.profession.hu/allas/associate-engineering-manager-product-security-n-gmbh-2839031?sessionId=ed7061b1d89e7c95ce70868e0e3baa03,2026-03-04,2026-03-16,False,Barcelona or Berlin,,English: B2,Bachelor,,SECURITY DEVOPS ACCESS REST,Hybrid,Full-time,1-3 years,,
2839030,Principal Consultant (f/m/d) Business Data Strategy & Advisory - Data Architect (f/m/d),SAP SE,https://www.profession.hu/allas/principal-consultant-f-m-d-business-data-strategy-advisory-data-architect-f-m-d-sap-se-2839030?sessionId=ed7061b1d89e7c95ce70868e0e3baa03,2026-03-04,2026-03-17,False,"Walldorf, Berlin, Eschborn, Gerlingen, Hamburg, Garchingen (near Munich), Dresden, Ratingen, Hannover",,"German: B2, English: B2",Bachelor,,,Hybrid,Full-time,1-3 years,,
2839029,Senior Technical Product Marketing Manager,commercetools GmbH,https://www.profession.hu/allas/senior-technical-product-marketing-manager-commercetools-gmbh-2839029?sessionId=ed7061b1d89e7c95ce70868e0e3baa03,2026-03-04,2026-03-25,True,,2000 EUR gross/month,{'English': 'B2'},High School with Diploma,,,Hybrid,Full-time,1-3 years,,
2839028,(Senior) Principal Enterprise Architect (f/m/d) - MU Germany,SAP SE,https://www.profession.hu/allas/senior-principal-enterprise-architect-f-m-d-mu-germany-sap-se-2839028?sessionId=ed7061b1d89e7c95ce70868e0e3baa03,2026-03-04,2026-03-17,False,"Berlin, München-Garching, Hamburg, Ratingen, Eschborn, Gerlingen, Walldorf",,"{'English': 'B2'}, {'German': 'B2'}","Bachelor, Master",,"SAP Enterprise Architecture Framework featured by LeanIX EAM, SAP Certified Professional-Enterprise Architect [P_SAPEA_2023], TOGAF",Hybrid,Full-time,9-11+ years,,
2839024,SAP AI Engineering Architect (f/m/d),SAP SE,https://www.profession.hu/allas/sap-ai-engineering-architect-f-m-d-sap-se-2839024?sessionId=ed7061b1d89e7c95ce70868e0e3baa03,2026-03-04,2026-03-05,False,,,"{'English': 'B2'}, {'German': 'B2'}","Bachelor, Master","Python, Java","SAP BTP services, TensorFlow, PyTorch",,Full-time,1-3 years,,
2839021,Principal Consultant (f/m/d) Business Data Strategy & Advisory - Data Architect (f/m/d),SAP SE,https://www.profession.hu/allas/principal-consultant-f-m-d-business-data-strategy-advisory-data-architect-f-m-d-sap-se-2839021?sessionId=ed7061b1d89e7c95ce70868e0e3baa03,2026-03-04,2026-03-25,True,"Walldorf, Berlin, Eschborn, Gerlingen, Hamburg, Garchingen (near Munich), Dresden, Ratingen, Hannover",,"German: B2, English: B2",Bachelor,,"SAP Data & Analytics portfolio (SAP Datasphere, SAP Analytics Cloud, SAP BW), SAP BusinessAI, SAP RISE incl. Clean Core principles and SAP BTP",Hybrid,Full-time,1-3 years,,
2839016,Architecture Advisor Expert (f/m/d) Discrete Manufacturing,SAP SE,https://www.profession.hu/allas/architecture-advisor-expert-f-m-d-discrete-manufacturing-sap-se-2839016?sessionId=ed7061b1d89e7c95ce70868e0e3baa03,2026-03-04,2026-03-17,False,Németország,,"English: B2, German: B2",Bachelor's degree (or equivalent),,,Full-time,"Vollzeit, unbefristet",10+ years,,
2839015,SAP AI Engineering Architect (f/m/d),SAP SE,https://www.profession.hu/allas/sap-ai-engineering-architect-f-m-d-sap-se-2839015?sessionId=ed7061b1d89e7c95ce70868e0e3baa03,2026-03-04,2026-03-16,False,,,"{'language': 'English', 'level': 'B2'}, {'language': 'German', 'level': 'B2'}","Bachelor's or Master's degree in Computer Science, Engineering, or related field","Python, Java, JavaScript","SAP BTP services, TensorFlow, PyTorch",,Full-time,3-5 years,,
2839014,Principal Consultant (f/m/d) Business Data Strategy & Advisory - Data Architect (f/m/d),SAP SE,https://www.profession.hu/allas/principal-consultant-f-m-d-business-data-strategy-advisory-data-architect-f-m-d-sap-se-2839014?sessionId=ed7061b1d89e7c95ce70868e0e3baa03,2026-03-04,2026-03-17,False,"Walldorf, Berlin, Eschborn, Gerlingen, Hamburg, Garchingen (near Munich), Dresden, Ratingen, Hannover",,"German: B2, English: B2",Bachelor,,,Hybrid,Full-time,1-3 years,,
2839012,iOS Engineer - Engagement,N26 GmbH,https://www.profession.hu/allas/ios-engineer-engagement-n-gmbh-2839012?sessionId=ed7061b1d89e7c95ce70868e0e3baa03,2026-03-04,2026-03-16,False,Germany,,English: B2,Bachelor,"Swift, iOS","JIRA, TestRail",Hybrid,Full-time,1-3 years,,
2839011,Senior Consultant (f/m/d) Business Data Strategy & Advisory - Data Architect (f/m/d),SAP SE,https://www.profession.hu/allas/senior-consultant-f-m-d-business-data-strategy-advisory-data-architect-f-m-d-sap-se-2839011?sessionId=ed7061b1d89e7c95ce70868e0e3baa03,2026-03-04,2026-03-17,False,MEE,,"English: B2, German: B2",Bachelor,,,Hybrid,Full-time,1-3 years,,
2838512,Student UX Researcher  | 20-30% | Hybrid working model | Zurich Switzerland,SMG Swiss Marketplace Group,https://www.profession.hu/allas/student-ux-researcher-hybrid-working-model-zurich-switzerland-smg-swiss-marketplace-group-2838512?sessionId=ed7061b1d89e7c95ce70868e0e3baa03,2026-03-04,2026-03-25,True,Zurich,,"English: B2, German: B2",Bachelor's or Master's program,"R, SPSS","Notion, Miro, Lookback, Caplena, Qualtrics, Zapier",Hybrid,Full-time,,,
2838509,Quantitative Trader,JK Advisory Sàrl,https://www.profession.hu/allas/quantitative-trader-jk-advisory-s-rl-2838509?sessionId=ed7061b1d89e7c95ce70868e0e3baa03,2026-03-04,2026-03-22,False,Geneva,,English: B2,Bachelor,"Python, Rust",,On-site,Full-time,3-5 years,,
2838508,AI Technical Leader & Head of Business Development,JK Advisory Sàrl,https://www.profession.hu/allas/ai-technical-leader-head-of-business-development-jk-advisory-s-rl-2838508?sessionId=ed7061b1d89e7c95ce70868e0e3baa03,2026-03-04,2026-03-25,True,Geneva,,English: B2,"Master's degree or above in Computer Science, Computer Engineering, or a closely related technical discipline",,"Solidity/EVM, FPGA/GPU acceleration",On-site,Full-time,>10 years,,
2838504,Senior Security Engineer / DevSecOps Engineer,Mettler Toledo,https://www.profession.hu/allas/senior-security-engineer-devsecops-engineer-mettler-toledo-2838504?sessionId=ed7061b1d89e7c95ce70868e0e3baa03,2026-03-04,2026-03-11,False,Nänikon-Greifensee,,English: B2,"Master's degree in Computer Science, Information Security, or a related technical field","C#, JavaScript (Vue), SQL Server, Kubernetes, Docker, Azure DevOps","ACCESS, SECURITY, AZURE, TESTING, NETWORK, C, SQL, ANALYTICS, JAVASCRIPT, VUE, DOCKER, DEVOPS",Hybrid,Full-time,5+ years,,
2838503,Senior Software UI / FrontEnd TechLead,Flexis AG,https://www.profession.hu/allas/senior-software-ui-frontend-techlead-flexis-ag-2838503?sessionId=ed7061b1d89e7c95ce70868e0e3baa03,2026-03-04,2026-03-25,True,Svájc,,English: B2,Főiskola,"React, C++","Electron, Tauri",Általános munkarend,Teljes munkaidő,1-3 év tapasztalat,,
2838216,Senior Software Engineer (Python),Diligent Governance Hungary Kft.,https://www.profession.hu/allas/senior-software-engineer-python-diligent-governance-hungary-kft-2838216?sessionId=ed7061b1d89e7c95ce70868e0e3baa03,2026-03-04,2026-03-25,True,Budapest,,,Középiskola,"Python, SQL","AWS, POSTGRESQL, DATABASES, REACT",Hybrid,Full-time,3-5 years,,
2838192,"Associate, Application Engineer",BlackRock Hungary Kft.,https://www.profession.hu/allas/associate-application-engineer-blackrock-hungary-kft-2838192?sessionId=ed7061b1d89e7c95ce70868e0e3baa03,2026-03-04,2026-03-04,False,Budapest,,,Bachelor,"Python, SQL","Airflow, DBT, Azure, API frameworks",Hybrid,Full-time,3-5 years,,
2838167,Software Developer (m/f/d) Aerospace & Defence,FERCHAU – Connecting People and Technologies,https://www.profession.hu/allas/software-developer-m-f-d-aerospace-defence-ferchau-connecting-people-and-technologies-2838167?sessionId=ed7061b1d89e7c95ce70868e0e3baa03,2026-03-04,2026-03-25,True,Garching bei München,,English: B2,Bachelor,"Java, C++, Python","PYTHON, JAVA, SECURITY, HARDWARE, TEST AUTOMATION",Hybrid,Full-time,1-3 years,,
2838153,Security Incident Process Owner (m/f/d),Knorr-Bremse Services GmbH,https://www.profession.hu/allas/security-incident-process-owner-m-f-d-knorr-bremse-services-gmbh-2838153?sessionId=ed7061b1d89e7c95ce70868e0e3baa03,2026-03-04,2026-03-16,False,Munich,,"{'Language': 'German', 'Level': 'CEFR B2'}, {'Language': 'English', 'Level': 'CEFR B2'}",Bachelor,,SIEM,Hybrid,Full-time,1-3 years,,
2838147,Working Student AI-Powered Test Automation (m/f/d),Rohde & Schwarz GmbH & Co. KG,https://www.profession.hu/allas/working-student-ai-powered-test-automation-m-f-d-rohde-schwarz-gmbh-co-kg-2838147?sessionId=ed7061b1d89e7c95ce70868e0e3baa03,2026-03-04,2026-03-16,False,Chemnitz,,"English: C1, German: C1",Bachelor,Python,"GIT, TEST AUTOMATION",Remote,Full-time,0-1 years,,
2838137,IT Business Partner Finance & Controlling (m/f/d),Liebherr-IT Services GmbH,https://www.profession.hu/allas/it-business-partner-finance-controlling-m-f-d-liebherr-it-services-gmbh-2838137?sessionId=ed7061b1d89e7c95ce70868e0e3baa03,2026-03-04,2026-03-23,False,Németország,,"{'Language': 'German', 'Level': 'B2'}, {'Language': 'English', 'Level': 'B2'}",Bachelor,,,Hybrid,Full-time,1-3 years,,
2838135,Domain Architect - Quality Management (m/f/d),Liebherr-IT Services GmbH,https://www.profession.hu/allas/domain-architect-quality-management-m-f-d-liebherr-it-services-gmbh-2838135?sessionId=ed7061b1d89e7c95ce70868e0e3baa03,2026-03-04,2026-03-23,False,Németország,,"{'Language': 'German', 'Level': 'B2'}, {'Language': 'English', 'Level': 'B2'}",Bachelor,,,Hybrid,Full-time,3-5 years,,
2838134,Internship - EEG & fNIRS Data Acquisition and (Pre-)Processing,ZEISS,https://www.profession.hu/allas/internship-eeg-fnirs-data-acquisition-and-pre-processing-zeiss-2838134?sessionId=ed7061b1d89e7c95ce70868e0e3baa03,2026-03-04,2026-03-17,False,Németország,,English: B2,"Bachelor's or Master's program in biomedical engineering, electrical engineering, neuroscience, computer science, AI, or related fields","Python, NumPy",,Hybrid,Full-time,1-3 years,,
2838104,Cybersecurity Engineer (m/f/d),KROHNE Messtechnik GmbH,https://www.profession.hu/allas/cybersecurity-engineer-m-f-d-krohne-messtechnik-gmbh-2838104?sessionId=ed7061b1d89e7c95ce70868e0e3baa03,2026-03-04,2026-03-25,True,Duisburg,,"English: B2, German",Bachelor,,"SECURITY TESTING, DATABASES, DEVOPS, INCIDENT MANAGEMENT",Hybrid,Full-time,1-3 years,,
2838094,CRM Application Manager (m/f/d),ELANTAS GmbH,https://www.profession.hu/allas/crm-application-manager-m-f-d-elantas-gmbh-2838094?sessionId=ed7061b1d89e7c95ce70868e0e3baa03,2026-03-04,2026-03-25,True,Wesel,,English: B2,"Bachelor or Master in IT, project management, or related field",,Microsoft Dynamics CRM (Sales),,Full-time,7+ years,,
2838088,SAP MDG Global Implementation Lead (m/f/x),Liebherr-IT Services GmbH,https://www.profession.hu/allas/sap-mdg-global-implementation-lead-m-f-x-liebherr-it-services-gmbh-2838088?sessionId=ed7061b1d89e7c95ce70868e0e3baa03,2026-03-04,2026-03-05,False,Oberopfingen,,"English: B2, German: unknown",Középiskola,,SAP ERP,Hybrid,Full-time,1-3 years,,
2838077,Embedded Systems Internship: Zephyr RTOS & Microcontroller Platforms (f/m/x),ZEISS,https://www.profession.hu/allas/embedded-systems-internship-zephyr-rtos-microcontroller-platforms-f-m-x-zeiss-2838077?sessionId=ed7061b1d89e7c95ce70868e0e3baa03,2026-03-04,2026-03-25,True,Németország,,English: B2,Középiskola,"C, C++, Python","LINUX, GIT, HARDWARE. NETWORK",Teljes munkaidő Általános munkarend,Full-time,1-3 év tapasztalat,,
2838061,License Compliance Expert (m/f/d),Riverty,https://www.profession.hu/allas/license-compliance-expert-m-f-d-riverty-2838061?sessionId=ed7061b1d89e7c95ce70868e0e3baa03,2026-03-04,2026-03-23,False,,,"English: B2, German: B2",Főiskola,,"CLOUD, ORACLE, VMWARE, ADOBE",Hybrid,Full-time,1-3 years,,
2838054,Group Lead (f/m/d) for our activities in the field of Quantum Technologies,Leibniz-Rechenzentrum (LRZ) der Bayerischen Akademie der Wissenschaften,https://www.profession.hu/allas/group-lead-f-m-d-for-our-activities-in-the-field-of-quantum-technologies-leibniz-rechenzentrum-lrz-der-bayerischen-akademie-der-wissenschaften-2838054?sessionId=ed7061b1d89e7c95ce70868e0e3baa03,2026-03-04,2026-03-25,True,Munich,up to E 14 gross/month,"English: C1, German: C1","PhD, Master's, or equivalent degree in computer science, engineering, mathematics, physics, or another natural or technical science",,,Full-time (40 hrs) / part-time possible flexible working model with electronic time recording,Full-time,5+ years,,
2838036,Program Manager - Digital Transformation Projects (f/m/x),ZEISS,https://www.profession.hu/allas/program-manager-digital-transformation-projects-f-m-x-zeiss-2838036?sessionId=ed7061b1d89e7c95ce70868e0e3baa03,2026-03-04,2026-03-13,False,Németország,,"English: B2, German: B2",Egyetem,,ANALYTICS CLOUD AGILE CHANGE MANAGEMENT,Teljes munkaidő Általános munkarend,Full-time,5+ years,,
2838030,Embedded Systems Engineer with focus on FPGA/SoC firmware development and motion control,Deutsches Elektronen-Synchrotron DESY,https://www.profession.hu/allas/embedded-systems-engineer-with-focus-on-fpga-soc-firmware-development-and-motion-control-deutsches-elektronen-synchrotron-desy-2838030?sessionId=ed7061b1d89e7c95ce70868e0e3baa03,2026-03-04,2026-03-18,False,Hamburg,,English: B2,"Bachelor, Master","C/C++, Python, VHDL","Linux, Yocto project, EtherCAT",Remote with flexible working hours,Full-time,1-3 years,,
2837976,Internship for Innovative Miniaturized Scanning Solutions (f/m/x),ZEISS,https://www.profession.hu/allas/internship-for-innovative-miniaturized-scanning-solutions-f-m-x-zeiss-2837976?sessionId=ed7061b1d89e7c95ce70868e0e3baa03,2026-03-04,2026-03-25,True,Magyarországon belül bárhonnan,,"English: B2, German","Bachelor, Master",Python,,Partial remote work is possible,Full-time,1-3 years,,
2837965,Internship / Thesis on Algorithms and Image Processing in Dynamic mOCT (f/m/x),ZEISS,https://www.profession.hu/allas/internship-thesis-on-algorithms-and-image-processing-in-dynamic-moct-f-m-x-zeiss-2837965?sessionId=ed7061b1d89e7c95ce70868e0e3baa03,2026-03-04,2026-03-18,False,Magyarországon belül bárhonnan,,English: B2,Bachelor,Python,,Hybrid,Full-time,1-3 years,,
2837724,Junior tanácsadó,Unitalent Kft.,https://www.profession.hu/allas/junior-tanacsado-unitalent-kft-gyor-2837724?sessionId=ed7061b1d89e7c95ce70868e0e3baa03,2026-03-04,2026-03-25,True,Győr,,English: B2,Főiskola 'B' kat. jogosítvány,,,Általános munkarend,Teljes munkaidő Alkalmazotti jogviszony,1-3 év tapasztalat,,
2837089,Full Stack Developer & Database Specialist,Fédération Internationale de Gymnastique,https://www.profession.hu/allas/full-stack-developer-database-specialist-federation-internationale-de-gymnastique-2837089?sessionId=ed7061b1d89e7c95ce70868e0e3baa03,2026-03-04,2026-03-22,False,Lausanne,,"English: B2, French: B2","University degree in Computer Science, Information Systems or similar","Java, SQL, PostgreSQL, MySQL","MVC frameworks, Play Framework, Database testing tools",Full-time,Full-time,7+ years,,
2837087,Senior Cloud DevOps Engineer,mylife Diabetes Care AG,https://www.profession.hu/allas/senior-cloud-devops-engineer-mylife-diabetes-care-ag-2837087?sessionId=ed7061b1d89e7c95ce70868e0e3baa03,2026-03-04,2026-03-25,True,Burgdorf,,"English: B2, German: B2",Bachelor,,"Terraform, Azure DevOps, GitHub, GitLab",Hybrid,Full-time,5+ years,,
2837081,"Postdoctoral researcher: Combining AI, adaptive control, and digital twins to optimize advanced manufacturing 100 %",ZHAW,https://www.profession.hu/allas/postdoctoral-researcher-combining-ai-adaptive-control-and-digital-twins-to-optimize-advanced-manufacturing-zhaw-2837081?sessionId=ed7061b1d89e7c95ce70868e0e3baa03,2026-03-04,2026-03-04,False,Svájc,,English: B2,PhD,Python,,Full-time,Short-term,1-3 years,,
2837077,Data Architect Space C5I,C5I,https://www.profession.hu/allas/data-architect-space-c-i-c-i-2837077?sessionId=ed7061b1d89e7c95ce70868e0e3baa03,2026-03-04,2026-03-22,False,"Bern,Thun",,English: B2,Főiskola,,SECURITY ACCESS AGILE,Full-time,Full-time,1-3 years,,
2837075,Lead Software Architect,Zühlke Engineering AG,https://www.profession.hu/allas/lead-software-architect-zuhlke-engineering-ag-2837075?sessionId=ed7061b1d89e7c95ce70868e0e3baa03,2026-03-04,2026-03-08,False,Schlieren,,"English: C1, German: C1",Bachelor,"Java, Spring Boot, SQL/NoSQL databases, Apache Kafka","UML, Arc42, Docker, Kubernetes, monitoring, security (OAuth2, OIDC and authentication and authorization)",,Full-time,5-10 years,,
2837074,Java Fullstack Engineer,Zühlke Engineering AG,https://www.profession.hu/allas/java-fullstack-engineer-zuhlke-engineering-ag-2837074?sessionId=ed7061b1d89e7c95ce70868e0e3baa03,2026-03-04,2026-03-08,False,Schlieren,,"English: C1, German: C1",Bachelor,"Java, JavaScript, TypeScript","Spring Boot, JPA/Hibernate, Angular, React, AWS, Azure",Hybrid,Full-time,1-3 years,,
2837066,Senior SAP Consultant PP/SFC/ME,Rieter,https://www.profession.hu/allas/senior-sap-consultant-pp-sfc-me-rieter-2837066?sessionId=ed7061b1d89e7c95ce70868e0e3baa03,2026-03-04,2026-03-05,False,Winterthur,,English: B2,"University degree in engineering, computer sciences, business administration or similar",,"SAP ECC 6.0, S/4HANA, LSMW",Full-time,Full-time,7+ years,,
2822966,Project manager,W5 Informatikai Kft.,https://www.profession.hu/allas/project-manager-w-informatikai-kft-pecs-2822966?sessionId=ed7061b1d89e7c95ce70868e0e3baa03,2026-03-04,2026-03-05,False,Pécs,,English: B2,Középiskola,,,Általános munkarend,Teljes munkaidő,,,
2836880,Senior-Software-Entwickler/in (m/w/d),Buena,https://www.profession.hu/allas/senior-software-entwickler-in-m-w-d-buena-2836880?sessionId=ed7061b1d89e7c95ce70868e0e3baa03,2026-03-04,2026-03-23,False,Magyarországon belül bárhonnan,,English: B2,Középiskola,"TypeScript, React, Node.js","REACT, NODE.JS, DATABASE, FRONTEND",Hybrid,Full-time,1-3 years,,
2836872,Hardware Quality Assurance Engineer,Utimaco GmbH,https://www.profession.hu/allas/hardware-quality-assurance-engineer-utimaco-gmbh-2836872?sessionId=ed7061b1d89e7c95ce70868e0e3baa03,2026-03-04,2026-03-05,False,Németország,,{'English': 'B2'},Egyetem,"C, C++, Python, Java","Make, CMake, Git, Jira, Jenkins, CI/CD workflows, Yocto, PetaLinux, LinuxFromScratch (LFS) OS",,Teljes munkaidő,1-3 év tapasztalat,,
2836868,Senior C++ Development Engineer,Utimaco GmbH,https://www.profession.hu/allas/senior-c-development-engineer-utimaco-gmbh-2836868?sessionId=ed7061b1d89e7c95ce70868e0e3baa03,2026-03-04,2026-03-11,False,Németország,,English: B2,Egyetem,"C++, PYTHON","GIT, DATABASE POSTGRESQL",Teljes munkaidő Általános munkarend,Full-time,1-3 év tapasztalat,,
2835775,Regional Delivery Assurance Manager (f/m/d),NTT DATA Business Solutions AG,https://www.profession.hu/allas/regional-delivery-assurance-manager-f-m-d-ntt-data-business-solutions-ag-2835775?sessionId=ed7061b1d89e7c95ce70868e0e3baa03,2026-03-04,2026-03-23,False,Continental Europe,,English: B2,Bachelor,,SAP,Full-time,Full-time,5+ years,,
2836846,"Internship / Working Student - Brand, Marketing, UI & GTM Strategy",Caplend Technologies GmbH,https://www.profession.hu/allas/internship-working-student-brand-marketing-ui-gtm-strategy-caplend-technologies-gmbh-2836846?sessionId=ed7061b1d89e7c95ce70868e0e3baa03,2026-03-04,2026-03-22,False,Berlin,,Lengyel középfok,Középiskola,,"Figma, Webflow/Framer, Canva, AI tools",On-site,Full-time,1-3 years,,
2836826,(Senior) Data Privacy Engineer (m/f/d) / (Senior) Expert (m/f/d) – Technical Privacy,Fresenius Medical Care Deutschland GmbH,https://www.profession.hu/allas/senior-data-privacy-engineer-m-f-d-senior-expert-m-f-d-technical-privacy-fresenius-medical-care-deutschland-gmbh-2836826?sessionId=ed7061b1d89e7c95ce70868e0e3baa03,2026-03-04,2026-03-22,False,Németország,,Angol középfok,Egyetem,,"ACCESS, SECURITY, CLOUD, ISO, GDPR",Teljes munkaidő Általános munkarend,Full-time,1-3 év tapasztalat,,
2836637,Working Student (f/m/d) - Program / Project Management,Coriolis Pharma Research GmbH,https://www.profession.hu/allas/working-student-f-m-d-program-project-management-coriolis-pharma-research-gmbh-2836637?sessionId=ed7061b1d89e7c95ce70868e0e3baa03,2026-03-04,2026-03-22,False,Martinsried,,English: B2,"Bachelor's or Master's degree program in Business Administration, Project Management, IT, Engineering, Sustainability, or a related field",,"SharePoint, Microsoft Dynamics 365, Confluence, Wiki, PowerPoint, Excel, Word",10–20 hours per week (part-time),Working Student,1-3 years,,
2836635,Intern Software Development and Automation (m/f/d),Rohde & Schwarz GmbH & Co. KG,https://www.profession.hu/allas/intern-software-development-and-automation-m-f-d-rohde-schwarz-gmbh-co-kg-2836635?sessionId=ed7061b1d89e7c95ce70868e0e3baa03,2026-03-04,2026-03-18,False,München (Germany),,English: B2,"Bachelor's or Master's degree in Computer Science, Software Engineering, Information Technology, or a related field",Python,"GIT, DEBUGGING",,Internship (mandatory),0-1 years,,
2836632,Intern DevOps Automation (m/f/d),Rohde & Schwarz GmbH & Co. KG,https://www.profession.hu/allas/intern-devops-automation-m-f-d-rohde-schwarz-gmbh-co-kg-2836632?sessionId=ed7061b1d89e7c95ce70868e0e3baa03,2026-03-04,2026-03-18,False,München (Germany),,"{'English': 'B2'}, {'German': 'B2'}",Bachelor,Python,"Jenkins, GitLab",Full-time,Full-time,1-3 years,,
2836628,Internship Opportunity in AI/ML with Master Thesis Potential (m/f/d),Rohde & Schwarz GmbH & Co. KG,https://www.profession.hu/allas/internship-opportunity-in-ai-ml-with-master-thesis-potential-m-f-d-rohde-schwarz-gmbh-co-kg-2836628?sessionId=ed7061b1d89e7c95ce70868e0e3baa03,2026-03-04,2026-03-18,False,München (Germany),,English: B2,Bachelor,Python,"PyTorch, TensorFlow, Git, Jira",On-site with home office,Full-time,1-3 years,,
2836622,"Senior Manager, Strategy & Tech Projects (f/m/d)",applike group GmbH,https://www.profession.hu/allas/senior-manager-strategy-tech-projects-f-m-d-applike-group-gmbh-2836622?sessionId=ed7061b1d89e7c95ce70868e0e3baa03,2026-03-04,2026-03-22,False,Hamburg,,"English: C1, German: C1",Bachelor,,DATABASES ACCESS,"Remote, Flexible hours, remote Fridays and 30 vacation days",Full-time,3-4 years,,
2836620,Content & Support Specialist (m/f/d),MED-EL Medical Electronics,https://www.profession.hu/allas/content-support-specialist-m-f-d-med-el-medical-electronics-2836620?sessionId=ed7061b1d89e7c95ce70868e0e3baa03,2026-03-04,2026-03-23,False,Innsbruck,47810.14 EUR gross/month,"English: B2, German: B2",Bachelor,,,Full-time,Full-time,1-3 years,,
2835899,Infrastructure & Platform Automation Engineer,Silurus Software Korlátolt Felelősségű Társaság,https://www.profession.hu/allas/infrastructure-platform-automation-engineer-silurus-software-korlatolt-felelossegu-tarsasag-budapest-2835899?sessionId=ed7061b1d89e7c95ce70868e0e3baa03,2026-03-04,2026-03-23,False,Budapest,,English: B2,Középiskola,"Terraform, PowerShell, Bash, Ansible, Azure DevOps","POWERSHELL, BASH, ANSIBLE, AZURE DEVOPS, CLOUD, WINDOWS, LINUX, VMWARE, AUTOMATIZÁLÁS, PROJECT MANAGEMENT",Hybrid,Full-time,Mid-Senior level,,
2835859,Java Engineer (all genders),ParshipMeet Group,https://www.profession.hu/allas/java-engineer-all-genders-parshipmeet-group-2835859?sessionId=ed7061b1d89e7c95ce70868e0e3baa03,2026-03-04,2026-03-22,False,Németország,,"English: B2, German: B2",Egyetem,"Java, Spring","Git, CI/CD pipelines (GitLab), Container-based deployments","Part-time opportunities, Central office",Full-time,1-3 years,,
2835852,Senior Data Engineer (all genders) Video,ParshipMeet Group,https://www.profession.hu/allas/senior-data-engineer-all-genders-video-parshipmeet-group-2835852?sessionId=ed7061b1d89e7c95ce70868e0e3baa03,2026-03-04,2026-03-22,False,Németország,,English: B2,Egyetem,"Python, Airflow/Cloud Composer","BigQuery, Cloud Spanner, Docker, MongoDB, PostgreSQL, GDPR CI",,Teljes munkaidő,1-3 év tapasztalat,,
2835845,.Net Engineer (all genders),ParshipMeet Group,https://www.profession.hu/allas/net-engineer-all-genders-parshipmeet-group-2835845?sessionId=ed7061b1d89e7c95ce70868e0e3baa03,2026-03-04,2026-03-22,False,Németország,,"English: B2, German: B2+",Egyetem,.NET,"BACKEND TESTING, CLEAN CODE, AGILE, KANBAN, SCRUM",Full-time,Teljes munkaidő,1-3 years,,
2835791,Intern AI Research – Defect identification and Root Cause Analysis,Mercedes-Benz AG,https://www.profession.hu/allas/intern-ai-research-defect-identification-and-root-cause-analysis-mercedes-benz-ag-2835791?sessionId=ed7061b1d89e7c95ce70868e0e3baa03,2026-03-04,2026-03-18,False,,,"{'Language': 'English', 'CEFR Level': 'B2'}",Bachelor,,"DATABASE TESTING, MACHINE LEARNING",Hybrid,Internship,0-1 years,,
2835787,Product Manager - Application Management Services (f/m/d),NTT DATA Business Solutions AG,https://www.profession.hu/allas/product-manager-application-management-services-f-m-d-ntt-data-business-solutions-ag-2835787?sessionId=ed7061b1d89e7c95ce70868e0e3baa03,2026-03-04,2026-03-22,False,"Germany, Romania, Bulgaria",,"{'English': 'C1'}, {'German': 'B2'}",Bachelor,,SAP CLOUD ERP NETWORK SAP,Hybrid,Full-time,3-5 years,,
2835777,Working Student Software Support (m/f/d),Rohde & Schwarz GmbH & Co. KG,https://www.profession.hu/allas/working-student-software-support-m-f-d-rohde-schwarz-gmbh-co-kg-2835777?sessionId=ed7061b1d89e7c95ce70868e0e3baa03,2026-03-04,2026-03-18,False,München (Germany),,"English: B2, German: B2",Középiskola,,"MS OFFICE, WORD, PROJECT MANAGEMENT, JIRA, EXCEL, CONFLUENCE",Általános munkarend (General work arrangement),Teljes munkaidő (Full-time),1-3 years,,
2835774,User Researcher (all genders),Union Tank Eckstein Gmbh & Co KG,https://www.profession.hu/allas/user-researcher-all-genders-union-tank-eckstein-gmbh-co-kg-2835774?sessionId=ed7061b1d89e7c95ce70868e0e3baa03,2026-03-04,2026-03-22,False,Kleinostheim near Frankfurt,,"English: C1, German: C1",Bachelor,,,Hybrid,Full-time,3-5 years,,
2835773,(Senior) Cybersecurity Specialist – IT Resilience & Threat Intelligence (m/f/d),EOS Holding,https://www.profession.hu/allas/senior-cybersecurity-specialist-it-resilience-threat-intelligence-m-f-d-eos-holding-2835773?sessionId=ed7061b1d89e7c95ce70868e0e3baa03,2026-03-04,2026-03-22,False,Magyarországon belül bárhonnan,,"English: C1, German: B2",Középiskola,,BACKUP SECURITY TESTING ISO NETWORK CLOUD DEVOPS INCIDENT MANAGEMENT,Hybrid,Full-time,5+ years,,
2835769,Business Development Manager (all genders) Asia – Smart Metering mioty® LPWAN,Fraunhofer-Institut für Integrierte Schaltungen IIS,https://www.profession.hu/allas/business-development-manager-all-genders-asia-smart-metering-mioty-lpwan-fraunhofer-institut-fur-integrierte-schaltungen-iis-2835769?sessionId=ed7061b1d89e7c95ce70868e0e3baa03,2026-03-04,2026-03-05,False,Nuremberg,,"English: B2, German","University degree in Business, Engineering, Telecommunications, Computer Science or a related field.",,,Hybrid,Full-time,1-3 years,,
2835755,Head of Global Integration Platform (m/w/d),Berner SE,https://www.profession.hu/allas/head-of-global-integration-platform-m-w-d-berner-se-2835755?sessionId=ed7061b1d89e7c95ce70868e0e3baa03,2026-03-04,2026-03-22,False,Cologne or Künzelsau,,English: B2,Bachelor,,"Workato, SAP BTP, ServiceNow, DevOps",Hybrid,Full-time,3-5 years,,
2835752,Product Manager - Managed Cloud Services (f/m/d),NTT DATA Business Solutions AG,https://www.profession.hu/allas/product-manager-managed-cloud-services-f-m-d-ntt-data-business-solutions-ag-2835752?sessionId=ed7061b1d89e7c95ce70868e0e3baa03,2026-03-04,2026-03-22,False,"Germany, Romania or Bulgaria",,"English: fluent, German: fluent",Bachelor,,"SAP S/4HANA, SAP Netweaver, SAP ECC, Azure, AWS, GCP",Hybrid,Full-time,3-5 years,,
2835563,Senior IT business analyst,Peerson,https://www.profession.hu/allas/senior-it-business-analyst-peerson-budapest-2835563?sessionId=ed7061b1d89e7c95ce70868e0e3baa03,2026-03-04,2026-03-22,False,Budapest,,English: B2,Főiskola,,,Általános munkarend,Teljes munkaidő Alkalmazotti jogviszony,5-10 év tapasztalat,,
2835473,Manuális tesztelő (medior),Peerson,https://www.profession.hu/allas/manualis-tesztelo-medior-peerson-budapest-2835473?sessionId=ed7061b1d89e7c95ce70868e0e3baa03,2026-03-04,2026-03-22,False,Budapest,,English: B2,Főiskola,,,Hybrid,Full-time,3-5 years,,
2835231,Sitebuilder,REVISOL TECHNOLOGIES Kft.,https://www.profession.hu/allas/sitebuilder-revisol-technologies-kft-nyiregyhaza-2835231?sessionId=ed7061b1d89e7c95ce70868e0e3baa03,2026-03-04,2026-03-22,False,Nyíregyháza,,English: B2,Felsőoktatási szakképzés,,"WordPress, WooCommerce, HTML, CSS, PHP",On-site,Full-time,1-3 years,,
2835210,SAP EWM Consultant  – Solution Design & Project Management Remote,Aequor Consulting GmbH,https://www.profession.hu/allas/sap-ewm-consultant-solution-design-project-management-remote-aequor-consulting-gmbh-2835210?sessionId=ed7061b1d89e7c95ce70868e0e3baa03,2026-03-04,2026-03-10,False,Magyarországon belül bárhonnan,,English: B2,Középiskola,,"SAP ANALYTICS, TESTING PROJECT MANAGEMENT, ACCESS UAT",Távmunka / Remote,Teljes munkaidő,1-3 év tapasztalat,,
2835208,Intern System Engineer - ACAS X,RUAG AG,https://www.profession.hu/allas/intern-system-engineer-acas-x-ruag-ag-2835208?sessionId=ed7061b1d89e7c95ce70868e0e3baa03,2026-03-04,2026-03-09,False,Emmen,,English: B2,Középiskola,"Python, C/C++, Julia",Git,,Internship,,,
2835194,Finance IT Expert,Abbott AG,https://www.profession.hu/allas/finance-it-expert-abbott-ag-2835194?sessionId=ed7061b1d89e7c95ce70868e0e3baa03,2026-03-04,2026-03-22,False,Allschwil,,English: B2,"Bachelor's or Master's degree in Information Technology, Finance, or a related field.","SAP Analytics Cloud (SAC), JavaScript","SAP Analytics Cloud, Power BI, Tableau, AWS, SAP ERP",,Full-time,5+ years,,
2834950,Projektmenedzser BA/QA fókusszal,Alias Innovations Kft.,https://www.profession.hu/allas/projektmenedzser-ba-qa-fokusszal-alias-innovations-kft-2834950?sessionId=ed7061b1d89e7c95ce70868e0e3baa03,2026-03-04,2026-03-22,False,Országos lefedettség,600k - 900k bruttó + 15% bónusz EUR gross/month,"English: B2, German: B2",Középiskola,,"AGILIS, SCRUM, JIRA, KANBAN, API, ClickUp, Monday",Rugalmas munkarend,Teljes munkaidő,,,
2834949,"Folyamatelemző, ClickUp szakértő",Alias Innovations Kft.,https://www.profession.hu/allas/folyamatelemzo-clickup-szakerto-alias-innovations-kft-2834949?sessionId=ed7061b1d89e7c95ce70868e0e3baa03,2026-03-04,2026-03-22,False,Országos lefedettség,600k - 700k bruttó + 15% bónusz EUR gross/month,English: B2,Középiskola,,"CRM, API, ClickUp, n8n",On-site with home office,Full-time,,,
2834947,Szenior full-stack szoftverfejlesztő,Alias Innovations Kft.,https://www.profession.hu/allas/szenior-full-stack-szoftverfejleszto-alias-innovations-kft-2834947?sessionId=ed7061b1d89e7c95ce70868e0e3baa03,2026-03-04,2026-03-22,False,Magyarország,1.2M - 1.5M HUF brutto/month + 15% bónusz,Német: középfok,Középiskola,"Python, PHP, Vue, React, Docker, Cypress","AWS, Azure, GitLab CI/CD, Kubernetes, Cursor, Claude",Rugalmas munkavégzés (remote / hibrid),Teljes munkaidő,5-10 év tapasztalat,,
2821999,Frontend Developer,Wysio Informatikai és Szoftverfejlesztő Kft.,https://www.profession.hu/allas/frontend-developer-wysio-informatikai-es-szoftverfejleszto-kft-szeged-2821999?sessionId=ed7061b1d89e7c95ce70868e0e3baa03,2026-03-04,2026-03-05,False,Szeged,,English: B2,Középiskola,"TypeScript, JavaScript, HTML, CSS, Angular","Agile, Clean Code",Home-Office,Full-time,1-3 years,,
2821942,Java Backend Developer,Wysio Informatikai és Szoftverfejlesztő Kft.,https://www.profession.hu/allas/java-backend-developer-wysio-informatikai-es-szoftverfejleszto-kft-szeged-2821942?sessionId=ed7061b1d89e7c95ce70868e0e3baa03,2026-03-04,2026-03-05,False,Szeged,,English: B2,Középiskola,"JAVA, SPRING BACKEND, WORD, HIBERNATE, CLEAN CODE",AGILE,Hybrid,Full-time,1-3 years,,
2834837,Academic Researcher: Research Software Engineer (f/m/d),Universität Heidelberg,https://www.profession.hu/allas/academic-researcher-research-software-engineer-f-m-d-universit-t-heidelberg-2834837?sessionId=ed7061b1d89e7c95ce70868e0e3baa03,2026-03-04,2026-03-17,False,Heidelberg,,English: B2,Master,"C++, C, Python, R","C++, C, PYTHON, R, TESTING, NETWORK ACCESS",Full-time,Full-time,1-3 years,,
2834830,CX Design Researcher (m/f/d),MANN+HUMMEL GmbH,https://www.profession.hu/allas/cx-design-researcher-m-f-d-mann-hummel-gmbh-2834830?sessionId=ed7061b1d89e7c95ce70868e0e3baa03,2026-03-04,2026-03-04,False,Ludwigsburg,,"English: C1, German: B2",Bachelor,,,Hybrid,Full-time,5+ years,,
2834813,Head of AI Competence Center & Analytics Enabling Functions (m/f/d),MB Energy Holding GmbH & Co. KG,https://www.profession.hu/allas/head-of-ai-competence-center-analytics-enabling-functions-m-f-d-mb-energy-holding-gmbh-co-kg-2834813?sessionId=ed7061b1d89e7c95ce70868e0e3baa03,2026-03-04,2026-03-20,False,Hamburg,,"English: B2, German: B2",Bachelor,,"Power Platform, Copilot, Power BI, M365 ecosystem",Hybrid,Full-time,3-5 years,,
2834798,PhD Position – Representation and Active Learning for Multi-Scale Scientific Imaging,Forschungszentrum Jülich GmbH,https://www.profession.hu/allas/phd-position-representation-and-active-learning-for-multi-scale-scientific-imaging-forschungszentrum-julich-gmbh-2834798?sessionId=ed7061b1d89e7c95ce70868e0e3baa03,2026-03-04,2026-03-16,False,Jülich/Aachen,pay group 13 (80%) of the TVöD Bund,English: B2,"Master's or equivalent in computer science, data science, applied mathematics, physics, materials science, or a related field","Python, PyTorch, TensorFlow",,Full-time,PhD Position – Representation and Active Learning for Multi-Scale Scientific Imaging,1-3 years,,
2834766,"Deutsche Bank Internship (f/m/x) in Technology, Data & Innovation 2026 Berlin",Deutsche Bank AG,https://www.profession.hu/allas/deutsche-bank-internship-f-m-x-in-technology-data-innovation-berlin-deutsche-bank-ag-2834766?sessionId=ed7061b1d89e7c95ce70868e0e3baa03,2026-03-04,2026-03-20,False,Berlin,,English: B2,Bachelor,,"HARDWARE, BACKEND, FRONTEND, DEVOPS, AGILE",Home-Office,Full-time,1-3 years,,
2834757,Senior IT Product Manager – ERP-Systems / Marketing & Sales (m/f/d),MB Energy Holding GmbH & Co. KG,https://www.profession.hu/allas/senior-it-product-manager-erp-systems-marketing-sales-m-f-d-mb-energy-holding-gmbh-co-kg-2834757?sessionId=ed7061b1d89e7c95ce70868e0e3baa03,2026-03-04,2026-03-20,False,Hamburg,,"English: B2, German: C1",Bachelor,,"SAP, Implico, OTIS, CODAS",Hybrid,Full-time,3-5 years,,
2834297,Solution Architect,Rieter,https://www.profession.hu/allas/solution-architect-rieter-2834297?sessionId=ed7061b1d89e7c95ce70868e0e3baa03,2026-03-04,2026-03-20,False,Winterthur,,"English: C1, German: C1",Master,"Java, Kotlin, Rust, React, Javascript, Typescript","API, CLOUD, REACT, JAVA, AZURE, REST, JAVASCRIPT, DEVOPS, ANALYTICS, KOTLIN, NOSQL, LINUX, CYPRESS",,Full-time,7-10 years,,
2834287,OT Development Lead,Rieter,https://www.profession.hu/allas/ot-development-lead-rieter-2834287?sessionId=ed7061b1d89e7c95ce70868e0e3baa03,2026-03-04,2026-03-20,False,Winterthur,,"{'English': 'B2'}, {'German': 'B2'}","Bachelor's or Master's degree in Computer Science, Electrical Engineering, Industrial Automation, or related field","C, C++","Linux, Jira, Confluence, Azure DevOps",,Full-time,7-10 years,,
2834276,ICT Global technical coordinator,United Machining,https://www.profession.hu/allas/ict-global-technical-coordinator-united-machining-2834276?sessionId=ed7061b1d89e7c95ce70868e0e3baa03,2026-03-04,2026-03-17,False,Meyrin,,,Bachelor,,,On-site with home office,Full-time,1-3 years,,
2834273,Information Security Specialist IT,Ronal AG,https://www.profession.hu/allas/information-security-specialist-it-ronal-ag-2834273?sessionId=ed7061b1d89e7c95ce70868e0e3baa03,2026-03-04,2026-03-20,False,Härkingen,,English: B2,Főiskola (Bachelor),,"SIEM, EDR, IDS/IPS, firewalls",Hybrid,Full-time,5+ years,,
2828434,Open Application - Technology Specialist,Islet Group Kft.,https://www.profession.hu/allas/open-application-technology-specialist-islet-group-kft-2828434?sessionId=ed7061b1d89e7c95ce70868e0e3baa03,2026-03-04,2026-03-09,False,Budapest,,,Középiskola,SAP,"NETWORK, SAP",Hybrid,Full-time,,,
2833909,IT Business Analyst,ShareLine Informatikai Szolgáltató Zrt.,https://www.profession.hu/allas/it-business-analyst-shareline-informatikai-szolgaltato-zrt-2833909?sessionId=ed7061b1d89e7c95ce70868e0e3baa03,2026-03-04,2026-03-20,False,Budapest,,,Középiskola,,,On-site with home office,Full-time,1-3 years,,
2831440,Intern as Application Developer - part time for student,Oracle Global Services Hungary Kft.,https://www.profession.hu/allas/intern-as-application-developer-part-time-for-student-oracle-global-services-hungary-kft-2831440?sessionId=ed7061b1d89e7c95ce70868e0e3baa03,2026-03-04,2026-03-08,False,Budapest,,,,"SQL, PL/SQL",ORACLE ERP DATABASES,Hybrid,Részmunkaidő (Part-time),,,
2833905,Change Coordinator,Silurus Software Korlátolt Felelősségű Társaság,https://www.profession.hu/allas/change-coordinator-silurus-software-korlatolt-felelossegu-tarsasag-budapest-2833905?sessionId=ed7061b1d89e7c95ce70868e0e3baa03,2026-03-04,2026-03-05,False,Budapest,,English: B2,Középiskola,,"TESTING, ITIL, SERVICENOW, CI",Hibrid,Teljes munkaidő,1-3 év tapasztalat,,
2833904,MES Developer,Accenture Korlátolt Felelősségű Társaság,https://www.profession.hu/allas/mes-developer-accenture-korlatolt-felelossegu-tarsasag-2833904?sessionId=ed7061b1d89e7c95ce70868e0e3baa03,2026-03-04,2026-03-14,False,Budapest,,English: B2,Középiskola,"VB.NET, C#","Windows, Oracle, SQL",Hybrid,Full-time,1-3 years,,
2828401,Lead Cloud Architect,Islet Group Kft.,https://www.profession.hu/allas/lead-cloud-architect-islet-group-kft-2828401?sessionId=ed7061b1d89e7c95ce70868e0e3baa03,2026-03-04,2026-03-11,False,Budapest,,English: B2,Középiskola,"Tableau, Qlik, Power BI, SQL","CLOUD ANALYTICS, BI, SAP, NETWORK PROJECT MANAGEMENT",Hybrid,Full-time,5-10 years,,
2828350,Cloud Data Engineer,Islet Group Kft.,https://www.profession.hu/allas/cloud-data-engineer-islet-group-kft-2828350?sessionId=ed7061b1d89e7c95ce70868e0e3baa03,2026-03-04,2026-03-11,False,Budapest,,English: B2,Középiskola,"SQL, Tableau, Power BI","BI, CRM, AZURE, SQL ANALYTICS, CLOUD TABLEAU POWER BI NETWORK ERP SAP",Hybrid,Full-time,3-5 years,,
2833895,Junior Data Engineer (Azure / Databricks),Accenture Korlátolt Felelősségű Társaság,https://www.profession.hu/allas/junior-data-engineer-azure-databricks-accenture-korlatolt-felelossegu-tarsasag-2833895?sessionId=ed7061b1d89e7c95ce70868e0e3baa03,2026-03-04,2026-03-17,False,Budapest,,English: B2,Középiskola,"Python, SQL","Azure, Jira, Agile, Scrum",Hybrid,Full-time,1-3 years,,
2833875,Expert Sovereign Cloud Architect & Advisor (f/m/d),SAP SE,https://www.profession.hu/allas/expert-sovereign-cloud-architect-advisor-f-m-d-sap-se-2833875?sessionId=ed7061b1d89e7c95ce70868e0e3baa03,2026-03-04,2026-03-17,False,Germany,,English: B2,Bachelor,,"SAP HANA, S/4 HANA, SAP NetWeaver, OS/DB migration",Hybrid,Part Time or Regular Full Time,8+ years,,
2833872,Senior Sovereign Cloud Architect & Advisor (f/m/d),SAP SE,https://www.profession.hu/allas/senior-sovereign-cloud-architect-advisor-f-m-d-sap-se-2833872?sessionId=ed7061b1d89e7c95ce70868e0e3baa03,2026-03-04,2026-03-11,False,Germany,,English: B2,Bachelor,,"SAP HANA, S/4 HANA, SAP NetWeaver, OS/DB migration",Hybrid,Part Time or Regular Full Time,6+ years,,
2833867,ServiceNow Developer (m/f/d),Moch.IT GmbH,https://www.profession.hu/allas/servicenow-developer-m-f-d-moch-it-gmbh-2833867?sessionId=ed7061b1d89e7c95ce70868e0e3baa03,2026-03-04,2026-03-20,False,Hannover,"€55,000 gross/year",German: B2,Bachelor,"JavaScript, Glide, Flow Designer, IntegrationHub",ServiceNow,On-site,Full-time,2-5 years,,
2833865,Lead Product Analyst (all genders),ParshipMeet Group,https://www.profession.hu/allas/lead-product-analyst-all-genders-parshipmeet-group-2833865?sessionId=ed7061b1d89e7c95ce70868e0e3baa03,2026-03-04,2026-03-20,False,Németország,,English: B2,Középiskola,"SQL, PYTHON, R, BI, TABLEAU, POWER BI","Snowflake, dbt, Looker/Sigma, Amplitude",,Full-time,5+ years,,
2833861,Senior Backend Engineer (f/m/x),ING Deutschland,https://www.profession.hu/allas/senior-backend-engineer-f-m-x-ing-deutschland-2833861?sessionId=ed7061b1d89e7c95ce70868e0e3baa03,2026-03-04,2026-03-17,False,Frankfurt,,English: B2,Bachelor,"Java, Spring Boot, Kotlin","Oracle databases, SQL, API management, Azure DevOps, JUnit, Mockito, Git",Hybrid,Full-time,1-3 years,,
2833860,(Senior) Speech Developer Spanish (m/f/x)*,Solventum GmbH,https://www.profession.hu/allas/senior-speech-developer-spanish-m-f-x-solventum-gmbh-2833860?sessionId=ed7061b1d89e7c95ce70868e0e3baa03,2026-03-04,2026-03-17,False,Munich/Germany,,"{'English': 'B2'}, {'German': 'B2'}, {'Spanish': 'B2'}",Master,"LINUX, BASH, PYTHON, JAVA","TensorFlow, PyTorch, fairseq, Kaldi, K2/Icefall, ESPNET, ONNX, kenlm",On-site,Full-time,1-3 years,,
2833855,Security Business Partner - Hotels (m/f/x),Liebherr-IT Services GmbH,https://www.profession.hu/allas/security-business-partner-hotels-m-f-x-liebherr-it-services-gmbh-2833855?sessionId=ed7061b1d89e7c95ce70868e0e3baa03,2026-03-04,2026-03-17,False,Oberopfingen,,"{'English': 'B2'}, {'German': 'B2'}, {'French': 'B2'}","Bachelor's/Master's in Cybersecurity, Computer Science, Information Technology or related field such as Engineering",,"ISO/IEC 27001, NIST",Hybrid,Full-time,3-5 years,,
2833820,SAP Solution Architect (m/f/d) [Full-time / part-time] - Tieto Tech Consulting,Tieto Germany GmbH,https://www.profession.hu/allas/sap-solution-architect-m-f-d-full-time-part-time-tieto-tech-consulting-tieto-germany-gmbh-2833820?sessionId=ed7061b1d89e7c95ce70868e0e3baa03,2026-03-04,2026-03-20,False,"Vienna, Linz, Graz, Berlin, Regensburg",,"['English'], ['German']",High School with Diploma,"SAP S/4HANA, SAP BTP, SAP Cloud",CLOUD SAP,Hybrid,Full-time,1-3 years,,
2833817,(Senior) Web Developer (m/f/d) - Tieto Tech Consulting,Tieto Germany GmbH,https://www.profession.hu/allas/senior-web-developer-m-f-d-tieto-tech-consulting-tieto-germany-gmbh-2833817?sessionId=ed7061b1d89e7c95ce70868e0e3baa03,2026-03-04,2026-03-20,False,"Vienna, Linz, Graz, Berlin",,"{'English': 'B2'}, {'German': 'B2'}",Bachelor,"React, Angular","Azure, C ASP.NET",Hybrid,Full-time,3-5 years,,
2833795,Senior Sales Manager for Financial Services (m/f/d) - Tieto Tech Consulting,Tieto Germany GmbH,https://www.profession.hu/allas/senior-sales-manager-for-financial-services-m-f-d-tieto-tech-consulting-tieto-germany-gmbh-2833795?sessionId=ed7061b1d89e7c95ce70868e0e3baa03,2026-03-04,2026-03-20,False,Berlin,,"{'Language': 'German', 'Level': 'B2'}, {'Language': 'English', 'Level': 'B2'}",Bachelor,,,On-site with home office,Full-time,10+ years,,
2833774,Senior Contact Center Solution Architect / Pre-Sales Lead (m/f/d) - Tieto Tech Consulting,Tieto Germany GmbH,https://www.profession.hu/allas/senior-contact-center-solution-architect-pre-sales-lead-m-f-d-tieto-tech-consulting-tieto-germany-gmbh-2833774?sessionId=ed7061b1d89e7c95ce70868e0e3baa03,2026-03-04,2026-03-20,False,"Vienna, Linz, Graz, Berlin, Regensburg",,"English: C1, German: B2",Bachelor,,"DYNAMICS CRM CLOUD, Genesys (Cloud or Engage), Novomind",Hybrid,Full-time,3-5 years,,
2833769,(Senior) Data Engineer (m/f/d) - Tieto Tech Consulting,Tieto Germany GmbH,https://www.profession.hu/allas/senior-data-engineer-m-f-d-tieto-tech-consulting-tieto-germany-gmbh-2833769?sessionId=ed7061b1d89e7c95ce70868e0e3baa03,2026-03-04,2026-03-17,False,"Vienna, Linz, Graz, Berlin",3843 EUR gross/month,"English: C1, German: C1",Bachelor,,"AZURE CLOUD, GIT, AGILE",Hybrid,Full-time,3-5 years,,
2833759,Technical SAP Consultant - SAP BTP / SAP Build (m/f/d) - Tieto Tech Consulting,Tieto Germany GmbH,https://www.profession.hu/allas/technical-sap-consultant-sap-btp-sap-build-m-f-d-tieto-tech-consulting-tieto-germany-gmbh-2833759?sessionId=ed7061b1d89e7c95ce70868e0e3baa03,2026-03-04,2026-03-17,False,"Vienna, Linz, Graz, Berlin, Regensburg",,"['German: B2'], ['English']",High School with Diploma,"SAP ABAP, ANALYTICS CLOUD",SAP Build,Hybrid,Full-time,1-3 years,,
2833752,SAP S/4HANA Public Cloud Finance Consultant (m/f/d) [Full-time / part-time] - Tieto Tech Consulting,Tieto Germany GmbH,https://www.profession.hu/allas/sap-s-hana-public-cloud-finance-consultant-m-f-d-full-time-part-time-tieto-tech-consulting-tieto-germany-gmbh-2833752?sessionId=ed7061b1d89e7c95ce70868e0e3baa03,2026-03-04,2026-03-20,False,"Vienna, Linz, Graz, Berlin, Regensburg",,"English: C1, German: C1",Bachelor,,SAP S/4HANA Public Cloud,Hybrid,Full-time,3-5 years,,
2833750,(Senior) Backend Developer Java & .NET (m/f/d) – Tieto Tech Consulting,Tieto Germany GmbH,https://www.profession.hu/allas/senior-backend-developer-java-net-m-f-d-tieto-tech-consulting-tieto-germany-gmbh-2833750?sessionId=ed7061b1d89e7c95ce70868e0e3baa03,2026-03-04,2026-03-17,False,"Vienna, Linz, Graz, Berlin",,"{'English': 'B2'}, {'German': 'B2'}",Bachelor,"Java, C#, Angular, React","SQL, AGILE, BACKEND, FRONTEND, NOSQL DATABASES, C SECURITY",Hybrid,Full-time,3-5 years,,
2833739,PhD Position (m/f/d) Else Kröner Fresenius Center for Digital Health,Universitätsklinikum Carl Gustav Carus Dresden,https://www.profession.hu/allas/phd-position-m-f-d-else-kroner-fresenius-center-for-digital-health-universit-tsklinikum-carl-gustav-carus-dresden-2833739?sessionId=ed7061b1d89e7c95ce70868e0e3baa03,2026-03-04,2026-03-17,False,Dresden,,English: B2,Bachelor,Python,,Hybrid,Full-time,1-3 years,,
2833733,Senior Consultant SAP SuccessFactors (m/f/d),KraussMaffei Group GmbH,https://www.profession.hu/allas/senior-consultant-sap-successfactors-m-f-d-kraussmaffei-group-gmbh-2833733?sessionId=ed7061b1d89e7c95ce70868e0e3baa03,2026-03-04,2026-03-18,False,Germany,,"English: Fluent, German: Good",Bachelor,,"SAP SuccessFactors cloud solution environment, Jira, Confluence",Hybrid,Full-time,8+ years,,
2833724,(Senior) Fullstack Developer (m/f/d) - Tieto Tech Consulting,Tieto Germany GmbH,https://www.profession.hu/allas/senior-fullstack-developer-m-f-d-tieto-tech-consulting-tieto-germany-gmbh-2833724?sessionId=ed7061b1d89e7c95ce70868e0e3baa03,2026-03-04,2026-03-20,False,"Vienna, Linz, Graz, Berlin",,"{'English': 'B2'}, {'German': 'B2'}",Bachelor,"React, Angular, Java, C#","GitHub Copilot, CI/CD pipelines, cloud-based deployment workflows",Hybrid,Full-time,4+ years,,
2833723,Embedded Software Developer / Embedded C Developer (m/f/d),HAPEKO Deutschland GmbH,https://www.profession.hu/allas/embedded-software-developer-embedded-c-developer-m-f-d-hapeko-deutschland-gmbh-2833723?sessionId=ed7061b1d89e7c95ce70868e0e3baa03,2026-03-04,2026-03-18,False,Germany,,"English: B2, German: B2",Főiskola,C,"HARDWARE TROUBLESHOOTING, Vectorcast, Simulink",Hybrid,Full-time,1-3 years,,
2833719,Bid Manager (m/f/d) - Tieto Tech Consulting,Tieto Germany GmbH,https://www.profession.hu/allas/bid-manager-m-f-d-tieto-tech-consulting-tieto-germany-gmbh-2833719?sessionId=ed7061b1d89e7c95ce70868e0e3baa03,2026-03-04,2026-03-20,False,Germany,,German: B2,Bachelor,,,Hybrid,Full-time,1-3 years,,
2833716,Intern Procurement (f/m/x),Capri Sun GmbH,https://www.profession.hu/allas/intern-procurement-f-m-x-capri-sun-gmbh-2833716?sessionId=ed7061b1d89e7c95ce70868e0e3baa03,2026-03-04,2026-03-11,False,Eppelheim,,English: B2,Bachelor,,,On-site,Internship,0-1 years,,
2833715,(Senior) SAP Reporting & Analytics Consultant (m/f/d) - Tieto Tech Consulting,Tieto Germany GmbH,https://www.profession.hu/allas/senior-sap-reporting-analytics-consultant-m-f-d-tieto-tech-consulting-tieto-germany-gmbh-2833715?sessionId=ed7061b1d89e7c95ce70868e0e3baa03,2026-03-04,2026-03-17,False,"Vienna, Linz, Graz, Berlin, Regensburg",,"German: native, English: fluent",Bachelor,,"SAP Analytics Cloud, Databricks, SAP Business Data Cloud, SAP Datasphere, SAP S/4HANA Embedded Analytics",Hybrid,Full-time,1-3 years,,
2833713,SAP Integration Architect (m/f/d),Heraeus Consulting & IT Solutions GmbH,https://www.profession.hu/allas/sap-integration-architect-m-f-d-heraeus-consulting-it-solutions-gmbh-2833713?sessionId=ed7061b1d89e7c95ce70868e0e3baa03,2026-03-04,2026-03-18,False,Hanau,,English: B2,"Bachelor's or Master's degree in Computer Science, Information Technology, or a related field",,"SAP Middleware, SAP Integration Suite",Hybrid,Full-time,1-3 years,,
2833709,(Senior) IT Project Manager (m/f/d) – Tieto Tech Consulting,Tieto Germany GmbH,https://www.profession.hu/allas/senior-it-project-manager-m-f-d-tieto-tech-consulting-tieto-germany-gmbh-2833709?sessionId=ed7061b1d89e7c95ce70868e0e3baa03,2026-03-04,2026-03-17,False,"Berlin, Regensburg",,"{'English': 'B2'}, {'German': 'B2'}",Bachelor,,"PROJECT MANAGEMENT, TESTING, SCRUM, PMI",Hybrid,Full-time,5+ years,,
2833702,FullStack Developer (m/f/d),TorAlarm GmbH,https://www.profession.hu/allas/fullstack-developer-m-f-d-toralarm-gmbh-2833702?sessionId=ed7061b1d89e7c95ce70868e0e3baa03,2026-03-04,2026-03-20,False,Németország,,English: B2,Középiskola,"JS/Typescript, Go","AWS, MySQL, Redis, Mongo",On-site,Full-time,3-5 years,,
2833698,Product Manager – Smart Attachments m/f/d,Construction Tools GmbH,https://www.profession.hu/allas/product-manager-smart-attachments-m-f-d-construction-tools-gmbh-2833698?sessionId=ed7061b1d89e7c95ce70868e0e3baa03,2026-03-04,2026-03-18,False,Essen,,English: B2,Bachelor,,,Full-time,Full-time,1-3 years,,
2833220,ACCOUNTANT with Business Intelligence and software development background,CIM BANQUE SA,https://www.profession.hu/allas/accountant-with-business-intelligence-and-software-development-background-cim-banque-sa-2833220?sessionId=ed7061b1d89e7c95ce70868e0e3baa03,2026-03-04,2026-03-18,False,Geneva,,"English: B2, French: B2",Középiskola,"C#, SQL, HTML/CSS, JSPython","PowerBI, Tableau, SQL, Microsoft tools, Excel",Full time permanent employment,Full-time,1-3 years,,
2833217,Senior SAP BTP & Cloud Integration Developer  100%,Franke Group,https://www.profession.hu/allas/senior-sap-btp-cloud-integration-developer-franke-group-2833217?sessionId=ed7061b1d89e7c95ce70868e0e3baa03,2026-03-04,2026-03-17,False,Aarburg,,English: B2,"Bachelor's or Master's degree in Computer Science, Business Informatics or a related field (or equivalent practical experience)","ABAP, Python, JavaScript/TypeScript, SQL","SAP S/4HANA, SAP BTP, CLOUD AZURE ANALYTICS TESTING API SPARK",On-site,Full-time,3-5 years,,
2833207,Senior DevOps Engineer 100%,BX Digital AG,https://www.profession.hu/allas/senior-devops-engineer-bx-digital-ag-2833207?sessionId=ed7061b1d89e7c95ce70868e0e3baa03,2026-03-04,2026-03-05,False,Zürich,,English: B2,"University degree in computer science, information security, or a related technical field (or equivalent practical experience)",,"Terraform, Ansible, Docker, Kubernetes, GitLab",Hybrid,Full-time,5+ years,,
2832856,Self-Sovereign Identity Software Engineer,High Tech Engineering Center Kft.,https://www.profession.hu/allas/self-sovereign-identity-software-engineer-high-tech-engineering-center-kft-2832856?sessionId=ed7061b1d89e7c95ce70868e0e3baa03,2026-03-04,2026-03-20,False,,,,High School with Diploma,Rust,"Hyperledger Aries, DIF, Identity Wallets, W3C Verifiable Credentials",Full-time,Full-time,,,
2832815,Staff Software Engineer,ARM Hungary Kft.,https://www.profession.hu/allas/staff-software-engineer-arm-hungary-kft-2832815?sessionId=ed7061b1d89e7c95ce70868e0e3baa03,2026-03-04,2026-03-18,False,Budapest,,"{'Language': 'C', 'CEFR Level': None}, {'Language': 'C++', 'CEFR Level': None}",High School with Diploma,"C, C++","LINUX, ANDROID, VIRTUALIZATION, ASSEMBLY",Hybrid,Full-time,,,
2832765,Senior Cyber Security Engineer (m/f/d),Clarios Germany GmbH & Co. KG,https://www.profession.hu/allas/senior-cyber-security-engineer-m-f-d-clarios-germany-gmbh-co-kg-2832765?sessionId=ed7061b1d89e7c95ce70868e0e3baa03,2026-03-04,2026-03-18,False,Germany,,"English: fluent, German: nice to have","Bachelor's or Master's degree in Systems Engineering, Software Engineering, Electrical Engineering, or a related field",,"DOORS, Jama, UL Stages",Hybrid,Full-time,10+ years,,
2832764,Intern/Working Student (m/f/d) in Generative AI,Clarios Germany GmbH & Co. KG,https://www.profession.hu/allas/intern-working-student-m-f-d-in-generative-ai-clarios-germany-gmbh-co-kg-2832764?sessionId=ed7061b1d89e7c95ce70868e0e3baa03,2026-03-04,2026-03-10,False,Hanover,,English: B2,Bachelor,Python,"TensorFlow, PyTorch",Hybrid,Intern/Working Student (m/f/d),0-1 years,,
2832756,Senior Cloud Architect & Advisor (f/m/d) for RISE with SAP and BDC in MEE,SAP SE,https://www.profession.hu/allas/senior-cloud-architect-advisor-f-m-d-for-rise-with-sap-and-bdc-in-mee-sap-se-2832756?sessionId=ed7061b1d89e7c95ce70868e0e3baa03,2026-03-04,2026-03-17,False,Germany,,"English: B2, German",Bachelor,,"SAP, AWS, AZURE, VIRTUALIZATION, HARDWARE",Hybrid,"Part-Time, or Vollzeit, unbefristet",3-5 years,,
2832733,Security and Compliance Engineer (m/f/d) – Developer Platform,Secunet Security Networks AG,https://www.profession.hu/allas/security-and-compliance-engineer-m-f-d-developer-platform-secunet-security-networks-ag-2832733?sessionId=ed7061b1d89e7c95ce70868e0e3baa03,2026-03-04,2026-03-16,False,Magyarországon belül bárhonnan,,English: B2,Egyetem,"Python, Go, Rust","Nix / NixOS, Terraform, GitLab, OpenStack + Kubernetes + GitOps, OpenTelemetry + Grafana Stack (LGTM), Policy-as-code, Secrets Automation, and security-as-code everywhere",Remote,Full-time,1-3 years,,
2832732,Senior Microsoft Power Platform Engineer (m/f/d),EOS Technology Solutions GmbH,https://www.profession.hu/allas/senior-microsoft-power-platform-engineer-m-f-d-eos-technology-solutions-gmbh-2832732?sessionId=ed7061b1d89e7c95ce70868e0e3baa03,2026-03-04,2026-03-16,False,Magyarországon belül bárhonnan,,English: B2,Egyetem,,"AZURE, ACTIVE DIRECTORY, CLOUD BI, DYNAMICS POWER BI",Home-Office,Full-time,1-3 years,,
2832727,Dynamics 365 CRM Solution Engineer (m/f/d),MED-EL Medical Electronics,https://www.profession.hu/allas/dynamics-crm-solution-engineer-m-f-d-med-el-medical-electronics-2832727?sessionId=ed7061b1d89e7c95ce70868e0e3baa03,2026-03-04,2026-03-16,False,Innsbruck,47810.14 EUR gross/month,English: B2,Bachelor,"DYNAMICS CRM, SQL","DYNAMICS CRM, SQL, SECURITY TROUBLESHOOTING",Full-time,Full-time,3-5 years,,
2832718,Software Architect (all genders welcome) for cloud based solutions in the field of Water Line Integrity Solutions,Rosenxt Group,https://www.profession.hu/allas/software-architect-all-genders-welcome-for-cloud-based-solutions-in-the-field-of-water-line-integrity-solutions-rosenxt-group-2832718?sessionId=ed7061b1d89e7c95ce70868e0e3baa03,2026-03-04,2026-03-18,False,Wietmarschen-Lohne or Osnabrück,,"English (B2), German",Bachelor,"Python, PowerShell, Bash","Azure, DevOps, Cloud Security, Ansible, MLOps",Hybrid,Full-time,1-3 years,,
2832710,(Senior) Technical Business Analyst (m/f/d) - Supply Tech - Hamburg (hybrid),About You SE & Co. KG,https://www.profession.hu/allas/senior-technical-business-analyst-m-f-d-supply-tech-hamburg-hybrid-about-you-se-co-kg-2832710?sessionId=ed7061b1d89e7c95ce70868e0e3baa03,2026-03-04,2026-03-11,False,Germany,,English: B2,Bachelor,,ACCESS,Hybrid,Full-time,3-5 years,,
2832709,Senior Technical Project/Process Manager (m/f/d) - Supply Tech Enabling (Merchant Integrations) - Hamburg (hybrid),About You SE & Co. KG,https://www.profession.hu/allas/senior-technical-project-process-manager-m-f-d-supply-tech-enabling-merchant-integrations-hamburg-hybrid-about-you-se-co-kg-2832709?sessionId=ed7061b1d89e7c95ce70868e0e3baa03,2026-03-04,2026-03-16,False,Germany,,English: B2,Bachelor,"SQL, PROJECT MANAGEMENT","TESTING DATABASES, ACCESS",Hybrid,Full-time,3-5 years,,
2832703,Delta V Engineer (m/w/d) Muttenz,Syngenta,https://www.profession.hu/allas/delta-v-engineer-m-w-d-muttenz-syngenta-2832703?sessionId=ed7061b1d89e7c95ce70868e0e3baa03,2026-03-04,2026-03-17,False,Németország,,"{'English': 'B2'}, {'German': 'B2'}",Egyetem,"DeltaV, SIS, Simatic S5/S7","MS Office, SAP-PM, COMOS",,Teljes munkaidő,5+ years,,
2832694,ASIC Verification Engineer (f/m/div.),Bosch Gruppe,https://www.profession.hu/allas/asic-verification-engineer-f-m-div-bosch-gruppe-2832694?sessionId=ed7061b1d89e7c95ce70868e0e3baa03,2026-03-04,2026-03-17,False,Dresden,,English: B2,"Bachelor, Master",,,Hybrid,Full-time,5+ years,,
2832619,Group Lead (f/m/d) for our activities in the field of Quantum Technologies,Leibniz-Rechenzentrum (LRZ) der Bayerischen Akademie der Wissenschaften,https://www.profession.hu/allas/group-lead-f-m-d-for-our-activities-in-the-field-of-quantum-technologies-leibniz-rechenzentrum-lrz-der-bayerischen-akademie-der-wissenschaften-2832619?sessionId=ed7061b1d89e7c95ce70868e0e3baa03,2026-03-04,2026-03-18,False,Bavaria,E14 gross/month,"English: C1, German: C1","PhD, Master's, or equivalent degree in computer science, engineering, mathematics, physics, or another natural or technical science",,,"Full-time (40 h per week), Flexible working model with electronic time recording",Full-time,3-5 years,,
2832589,Director (m/w/d) E-Compliance/ IT Governance,Daiichi Sankyo Europe GmbH,https://www.profession.hu/allas/director-m-w-d-e-compliance-it-governance-daiichi-sankyo-europe-gmbh-2832589?sessionId=ed7061b1d89e7c95ce70868e0e3baa03,2026-03-04,2026-03-17,False,Németország,,English: B2,Bachelor's degree in a scientific or technical discipline is required; Master's degree preferred.,,"SAP S/4 HANA, ALTOS, eQMS, QualityDocs, VLM",Full-time,Full-time,10+ years,,
2832574,Working Student Software Development (m/f/d),"Mitsubishi Heavy Industries EMEA, Ltd., Erlangen Branch",https://www.profession.hu/allas/working-student-software-development-m-f-d-mitsubishi-heavy-industries-emea-ltd-erlangen-branch-2832574?sessionId=ed7061b1d89e7c95ce70868e0e3baa03,2026-03-04,2026-03-09,False,Erlangen City Center and remote,,English: B2,Középiskola (High School with Diploma),,"SECURITY, SCRUM, AGILE",Home-Office,Half-time,1-3 years,,
2832490,PostDoc position (f/m/d) Distributed AI algorithms development for 3D synchrotron imaging,Karlsruher Institut für Technologie (KIT) Campus Nord,https://www.profession.hu/allas/postdoc-position-f-m-d-distributed-ai-algorithms-development-for-d-synchrotron-imaging-karlsruher-institut-fur-technologie-kit-campus-nord-2832490?sessionId=ed7061b1d89e7c95ce70868e0e3baa03,2026-03-04,2026-03-17,False,Karlsruhe,,English: B2,"Master, PhD","Python, .PHP",AGILE,Hybrid,Full-time,1-3 years,,
2832484,Program Manager Transformation m/w/d,Miele & Cie. KG,https://www.profession.hu/allas/program-manager-transformation-m-w-d-miele-cie-kg-2832484?sessionId=ed7061b1d89e7c95ce70868e0e3baa03,2026-03-04,2026-03-18,False,Gütersloh,,English: B2,Bachelor,,"SAP S/4HANA, Teamcenter X",Hybrid,Full-time,3-5 years,,
2832472,Group IT Security Consultant (m/f/d),Vaillant GmbH,https://www.profession.hu/allas/group-it-security-consultant-m-f-d-vaillant-gmbh-2832472?sessionId=ed7061b1d89e7c95ce70868e0e3baa03,2026-03-04,2026-03-09,False,Remscheid near Düsseldorf,,English: B2,Bachelor or comparable qualification,,"ACCESS, SECURITY, ISO, TESTING, API, JSON, EXCEL",Hybrid,Full-time,1-3 years,,
2832462,Partner Acquisition Manager (m/f/d),Nexi Germany GmbH,https://www.profession.hu/allas/partner-acquisition-manager-m-f-d-nexi-germany-gmbh-2832462?sessionId=ed7061b1d89e7c95ce70868e0e3baa03,2026-03-04,2026-03-09,False,Németország,,Angol középfok,Egyetem,,ERP,Teljes munkaidő Általános munkarend,Full-time,5-8 years,,
2831604,"Junior webfejlesztő és tesztelő (heti 10 óra, full remote)",MolnarCodes,https://www.profession.hu/allas/junior-webfejleszto-es-tesztelo-heti-ora-full-remote-molnarcodes-2831604?sessionId=ed7061b1d89e7c95ce70868e0e3baa03,2026-03-04,2026-03-18,False,Magyarország,2000-2200 Ft/óra (gross),English: A1,Középiskola,,Google Workspace,Full remote,Full-time,Pályakezdő/friss diplomás,,
2831595,Software developer for embedded systems 80-100%,SWAN Analytische Instrumente AG,https://www.profession.hu/allas/software-developer-for-embedded-systems-swan-analytische-instrumente-ag-2831595?sessionId=ed7061b1d89e7c95ce70868e0e3baa03,2026-03-04,2026-03-14,False,Hinwil,,English: B2,Bachelor,"C, JAVA","PC, ASSEMBLY, ANALYTICS",Full-time,Full-time,1-3 years,,
2831587,Senior AI Engineer – Practice Systems & Clinical Intelligence,Ärztekasse Genossenschaft,https://www.profession.hu/allas/senior-ai-engineer-practice-systems-clinical-intelligence-rztekasse-genossenschaft-2831587?sessionId=ed7061b1d89e7c95ce70868e0e3baa03,2026-03-04,2026-03-13,False,Zurich area,,English: B2,Bachelor,,SECURITY BACKEND,Full-time,Full-time,1-3 years,,
2831583,Senior SAP Solution Architect Variant Configuration,BELIMO Automation AG,https://www.profession.hu/allas/senior-sap-solution-architect-variant-configuration-belimo-automation-ag-2831583?sessionId=ed7061b1d89e7c95ce70868e0e3baa03,2026-03-04,2026-03-14,False,Svájc,,English: B2,Főiskola,"ABAP, Java","SAP ABAP, CRM CLOUD, JAVA ERP",Teljes munkaidő Általános munkarend,Full-time,1-3 years,,
2831579,Data Engineer – Data Warehouse & Re-porting,Ärztekasse Genossenschaft,https://www.profession.hu/allas/data-engineer-data-warehouse-re-porting-rztekasse-genossenschaft-2831579?sessionId=ed7061b1d89e7c95ce70868e0e3baa03,2026-03-04,2026-03-13,False,Urdorf,,English: B2,Középiskola,"SQL, dbt, Apache NiFi","JMIX reporting, Apache NiFi, dbt",Hybrid,Full-time,1-3 years,,
2831578,"Head of Software Development, Microsoft 365 Apps",BPA Solutions SA,https://www.profession.hu/allas/head-of-software-development-microsoft-apps-bpa-solutions-sa-2831578?sessionId=ed7061b1d89e7c95ce70868e0e3baa03,2026-03-04,2026-03-18,False,Yverdon-les-Bains,,English: C1,Bachelor,"C#, .NET Core, SPFx, React, SharePoint REST, CSOM, PnP","Microsoft AppSource, Azure DevOps",Hybrid,Full-time,3-5 years,,
2831575,Lead Back-End Engineer - TypeScript/Rust,Finders SA,https://www.profession.hu/allas/lead-back-end-engineer-typescript-rust-finders-sa-2831575?sessionId=ed7061b1d89e7c95ce70868e0e3baa03,2026-03-04,2026-03-09,False,Lausanne,,"English: B2, French: B2",Bachelor,"TypeScript, Rust","BACKEND TESTING, DEVOPS, API, NOSQL, AWS, DOCKER, FRONTEND, REACT, CLEAN CODE, LEAN AGILE",Hybrid,Permanent,1-3 years,,
2831573,Platform Engineer  *,Ringier AG,https://www.profession.hu/allas/platform-engineer-ringier-ag-2831573?sessionId=ed7061b1d89e7c95ce70868e0e3baa03,2026-03-04,2026-03-14,False,Svájc,,,Főiskola,Python,"Palantir Foundry, AWS, REST APIs",Általános munkarend,Teljes munkaidő,3-5 év,,
2831414,Group Associate Engineer MS 365,Octapharma AG,https://www.profession.hu/allas/group-associate-engineer-ms-octapharma-ag-2831414?sessionId=ed7061b1d89e7c95ce70868e0e3baa03,2026-03-04,2026-03-05,False,Lachen,,English: B2,Bachelor,,"MS 365, PowerApps/Automate, Cisco Webex",Full-time,Full-time,3-5 years,,
2831412,IT Manager  100 %,Ophtapharm AG,https://www.profession.hu/allas/it-manager-ophtapharm-ag-2831412?sessionId=ed7061b1d89e7c95ce70868e0e3baa03,2026-03-04,2026-03-10,False,Hettlingen,,"{'English': 'C1'}, {'German': 'Native'}","Bachelor, Master, PhD",,"ERP, SECURITY ACCESS",On-site,Full-time,>10 years,,
2831408,IT Manager  100 %,Ophtapharm AG,https://www.profession.hu/allas/it-manager-ophtapharm-ag-2831408?sessionId=ed7061b1d89e7c95ce70868e0e3baa03,2026-03-04,2026-03-10,False,Hettlingen,,"English: B2, German: Native",Bachelor,,"ERP, ACCESS NETWORK SECURITY, BACKUP",On-site,Full-time,10+ years,,
2831405,Senior Embedded Software Engineer,Zurich Instruments AG,https://www.profession.hu/allas/senior-embedded-software-engineer-zurich-instruments-ag-2831405?sessionId=ed7061b1d89e7c95ce70868e0e3baa03,2026-03-04,2026-03-16,False,Zürich,,English: B2,Master,"C++, VHDL/Verilog/SystemVerilog",Linux,On-site,Full-time,1-3 years,,
2831368,IT Manager  100 %,Ophtapharm AG,https://www.profession.hu/allas/it-manager-ophtapharm-ag-2831368?sessionId=ed7061b1d89e7c95ce70868e0e3baa03,2026-03-04,2026-03-10,False,Hettlingen,,"English: B2, German: Native",Bachelor,,"ERP, ACCESS NETWORK SECURITY, BACKUP",On-site,Full-time,10+ years,,
2831349,Senior Embedded Software Engineer,Zurich Instruments AG,https://www.profession.hu/allas/senior-embedded-software-engineer-zurich-instruments-ag-2831349?sessionId=ed7061b1d89e7c95ce70868e0e3baa03,2026-03-04,2026-03-16,False,Zürich,,English: B2,Master,"C++, R","LINUX, HARDWARE",On-site,Full-time,1-3 years,,
2831327,Software Developer (m/f/d) Simulation Defence,FERCHAU – Connecting People and Technologies,https://www.profession.hu/allas/software-developer-m-f-d-simulation-defence-ferchau-connecting-people-and-technologies-2831327?sessionId=ed7061b1d89e7c95ce70868e0e3baa03,2026-03-04,2026-03-16,False,Manching,,English: B2,Bachelor,"C, C++","LINUX, WINDOWS, UNIX, SECURITY",Hybrid,Full-time,1-3 years,,
2831325,Master Data Project Manager (f/m/x),ZEISS,https://www.profession.hu/allas/master-data-project-manager-f-m-x-zeiss-2831325?sessionId=ed7061b1d89e7c95ce70868e0e3baa03,2026-03-04,2026-03-16,False,Németország,,"English: B2, German: B2",Középiskola,,"AGILE PROJECT MANAGEMENT, SAP R ERP CRM",Teljes munkaidő Általános munkarend,Full-time,1-3 years,,
2831323,Requirements Engineer Aviation (m/f/d),FERCHAU – Connecting People and Technologies,https://www.profession.hu/allas/requirements-engineer-aviation-m-f-d-ferchau-connecting-people-and-technologies-2831323?sessionId=ed7061b1d89e7c95ce70868e0e3baa03,2026-03-04,2026-03-16,False,Garching bei München,,English: B2,Bachelor,,DOORS,Hybrid,Full-time,1-3 years,,
2831322,System Engineer (m/f/d) Aerospace,FERCHAU – Connecting People and Technologies,https://www.profession.hu/allas/system-engineer-m-f-d-aerospace-ferchau-connecting-people-and-technologies-2831322?sessionId=ed7061b1d89e7c95ce70868e0e3baa03,2026-03-04,2026-03-16,False,Immenstaad am Bodensee,,English: B2,Bachelor,"MATLAB, SysML/UML","DOORS, CAMEO",Hybrid,Full-time,1-3 years,,
2831320,Software Developer (m/f/d) Space,FERCHAU – Connecting People and Technologies,https://www.profession.hu/allas/software-developer-m-f-d-space-ferchau-connecting-people-and-technologies-2831320?sessionId=ed7061b1d89e7c95ce70868e0e3baa03,2026-03-04,2026-03-16,False,Immenstaad am Bodensee,,English: B2,Bachelor,"Python, Java, C++","Linux, Windows",Hybrid,Full-time,1-3 years,,
2831318,System Engineer (m/f/d) Helicopter / UAV,FERCHAU – Connecting People and Technologies,https://www.profession.hu/allas/system-engineer-m-f-d-helicopter-uav-ferchau-connecting-people-and-technologies-2831318?sessionId=ed7061b1d89e7c95ce70868e0e3baa03,2026-03-04,2026-03-16,False,Donauwörth,,English: B2,Bachelor,,"DOORS, Unity",Hybrid,Full-time,1-3 years,,
2831317,Verification Engineer (m/f/d) Helicopter / UAV,FERCHAU – Connecting People and Technologies,https://www.profession.hu/allas/verification-engineer-m-f-d-helicopter-uav-ferchau-connecting-people-and-technologies-2831317?sessionId=ed7061b1d89e7c95ce70868e0e3baa03,2026-03-04,2026-03-16,False,Donauwörth,,English: B2,Bachelor,"C, C++",,Hybrid,Full-time,1-3 years,,
2831309,Principal AI Architect (f/m/d) & Adivsor (f/m/d) (Region CEE),SAP SE,https://www.profession.hu/allas/principal-ai-architect-f-m-d-adivsor-f-m-d-region-cee-sap-se-2831309?sessionId=ed7061b1d89e7c95ce70868e0e3baa03,2026-03-04,2026-03-16,False,Germany,,"{'Language': 'German', 'CEFR Level': 'B2'}, {'Language': 'English', 'CEFR Level': 'B2'}","Bachelor's or Master's degree in Artificial Intelligence, Computer Science, Information Systems, or a related field",,"SAP Business AI, SAP Business Technology Platform, GenAI Hub",Full-time,Permanent,Several years of experience in an AI focused role,,
2831306,"Senior Business Process Consultant (f/m/d) for Business Data Cloud, Data & Analytics",SAP SE,https://www.profession.hu/allas/senior-business-process-consultant-f-m-d-for-business-data-cloud-data-analytics-sap-se-2831306?sessionId=ed7061b1d89e7c95ce70868e0e3baa03,2026-03-04,2026-03-16,False,Németország,,"English: B2, German: B2",Bachelor,,SAP CLOUD @SAP. SECURITY ANALYTICS DATA MANAGEMENT,Full-time,"Vollzeit, unbefristet",5+ years,,
2831285,SAP SuccessFactors Senior Consultant (f/m/d) - German speaker,SAP SE,https://www.profession.hu/allas/sap-successfactors-senior-consultant-f-m-d-german-speaker-sap-se-2831285?sessionId=ed7061b1d89e7c95ce70868e0e3baa03,2026-03-04,2026-03-10,False,Magyarországon belül,,"English: B2, German: B2",Bachelor's or Master's degree,,SAP SuccessFactors,Remote,"Full-time, unbefristet",7+ years,,
2831283,Lead Embedded Linux Engineer (m/f/d),Secunet Security Networks AG,https://www.profession.hu/allas/lead-embedded-linux-engineer-m-f-d-secunet-security-networks-ag-2831283?sessionId=ed7061b1d89e7c95ce70868e0e3baa03,2026-03-04,2026-03-16,False,"Berlin, Bonn, Borchen, Dresden, Eschborn, Essen, Hamburg, Hanover, Ilmenau, Munich, Siegen, Stuttgart",,['English: B2'],Bachelor,"Rust, C","Nix, NixOS, GitLab, DPDK, U-Boot",Remote,Full-time,3-5 years,,
2831281,Lead Frontend Engineer – Embedded Application (m/f/d),Secunet Security Networks AG,https://www.profession.hu/allas/lead-frontend-engineer-embedded-application-m-f-d-secunet-security-networks-ag-2831281?sessionId=ed7061b1d89e7c95ce70868e0e3baa03,2026-03-04,2026-03-16,False,"Berlin, Bonn, Borchen, Dresden, Eschborn, Essen, Hamburg, Hanover, Ilmenau, Munich, Siegen, Stuttgart",,['English: B2'],Bachelor,"Rust, React","Nix, NixOS, GitLab, Figma",Remote,Full-time,3-5 years,,
2831277,IoT Developer (m/f/x),Magna,https://www.profession.hu/allas/iot-developer-m-f-x-magna-2831277?sessionId=ed7061b1d89e7c95ce70868e0e3baa03,2026-03-04,2026-03-16,False,Németország,,{'English': 'B2'},Főiskola,"Python, JavaScript","Siemens controllers, Ignition SCADA software",Full-time,Teljes munkaidő,3-5 years,,
2831272,SAP Security Expert (f/d/m),Susonity Production GmbH,https://www.profession.hu/allas/sap-security-expert-f-d-m-susonity-production-gmbh-2831272?sessionId=ed7061b1d89e7c95ce70868e0e3baa03,2026-03-04,2026-03-16,False,Németország,,English: B2,Főiskola (Bachelor),,"CLOUD ACCESS SECURITY, SAP TROUBLESHOOTING",Teljes munkaidő Általános munkarend,Full-time,8+ years,,
2831271,SAP Integration Expert (f/d/m),Susonity Production GmbH,https://www.profession.hu/allas/sap-integration-expert-f-d-m-susonity-production-gmbh-2831271?sessionId=ed7061b1d89e7c95ce70868e0e3baa03,2026-03-04,2026-03-16,False,Németország,,English: B2,Főiskola (Bachelor),,"SAP CPI, API Management, SAP Cloud Integration Suite, REST, SOAP, OData, IDoc",Teljes munkaidő Általános munkarend,Full-time,5+ years,,
2831270,SAP FI/CO Expert (w/d/m),Susonity Production GmbH,https://www.profession.hu/allas/sap-fi-co-expert-w-d-m-susonity-production-gmbh-2831270?sessionId=ed7061b1d89e7c95ce70868e0e3baa03,2026-03-04,2026-03-16,False,Németország,,English: B2,Középiskola,,"SAP S/4HANA, FI and CO",On-site,Full-time,1-3 years,,
2831247,Senior Product Designer (m/f/d) – UX/UI Travel & Booking,PiNCAMP GmbH,https://www.profession.hu/allas/senior-product-designer-m-f-d-ux-ui-travel-booking-pincamp-gmbh-2831247?sessionId=ed7061b1d89e7c95ce70868e0e3baa03,2026-03-04,2026-03-16,False,Berlin,,"English: B2, German: B2",Bachelor,,"Figma, Agile",Hybrid,Full-time,4+ years,,
2831243,Senior UX/UI Designer for Leica FOTOS/LUX App (all genders),Leica Camera AG,https://www.profession.hu/allas/senior-ux-ui-designer-for-leica-fotos-lux-app-all-genders-leica-camera-ag-2831243?sessionId=ed7061b1d89e7c95ce70868e0e3baa03,2026-03-04,2026-03-16,False,"Cologne, Wetzlar, or Munich",,English: B2,Master's degree in Digital Design or equivalent,,"Figma, ProtoPie, Jira, Slack",Fully remote work or from Leica offices,Full-time,5+ years,,
2831238,Senior Enterprise Architect,Matrix42 GmbH,https://www.profession.hu/allas/senior-enterprise-architect-matrix-gmbh-2831238?sessionId=ed7061b1d89e7c95ce70868e0e3baa03,2026-03-04,2026-03-16,False,Magyarországon belül,,"English: B2, German: B2",Középiskola,"JavaScript, SQL","ENTERPRISE ARCHITECT C, SECURITY, ITIL, API ACCESS, REST",Távmunka / Remote,Teljes munkaidő,1-3 years,,
2831237,(Senior) Product Designer UX/UI (m/f/d) in Berlin,PiNCAMP GmbH,https://www.profession.hu/allas/senior-product-designer-ux-ui-m-f-d-in-berlin-pincamp-gmbh-2831237?sessionId=ed7061b1d89e7c95ce70868e0e3baa03,2026-03-04,2026-03-16,False,Berlin,,{'English': 'B2'},Bachelor,"Figma, prototyping tools",AI-assisted prototyping tools,Hybrid,Full-time,5+ years,,
2831217,Working student DevOps in Product Configuration & Documentation Quality,Mercedes-Benz AG,https://www.profession.hu/allas/working-student-devops-in-product-configuration-documentation-quality-mercedes-benz-ag-2831217?sessionId=ed7061b1d89e7c95ce70868e0e3baa03,2026-03-04,2026-03-13,False,Böblingen,,"{'English': 'B2'}, {'German': 'C1'}","Master's degree program in Computer Science, Mathematics, Physics or a comparable Master's program with a focus on IT",at least one programming language,"GitHub Actions, Kubernetes cluster technology, Azure",Hybrid,Full-time,1-3 years,,
2831206,Business Process & Digital Transformation Manager,Safran Helicopter Engines Germany GmbH,https://www.profession.hu/allas/business-process-digital-transformation-manager-safran-helicopter-engines-germany-gmbh-2831206?sessionId=ed7061b1d89e7c95ce70868e0e3baa03,2026-03-04,2026-03-16,False,Németország,,"{'English': 'B2'}, {'German': 'B2'}, {'French': 'B2'}","Master's degree in Business Administration, Engineering (e.g., Industrial / Systems Engineering) or a related field",,"Visio, MS Project",Full-time,Full-time,1-3 years,,
2831198,Data Architect (m/f/d) – Focus on Operations,Freudenberg Technology Innovation SE & Co. KG,https://www.profession.hu/allas/data-architect-m-f-d-focus-on-operations-freudenberg-technology-innovation-se-co-kg-2831198?sessionId=ed7061b1d89e7c95ce70868e0e3baa03,2026-03-04,2026-03-16,False,Németország,,English: B2,Főiskola,"CLOUD, AZURE, SECURITY, DEVOPS, DATABASE, NOSQL, SQL","CLOUD, AZURE, SECURITY, DEVOPS, DATABASE, NOSQL, SQL",,Teljes munkaidő,1-3 év tapasztalat,,
2828368,SAP Business Consultant,DXC Technology Magyarország Kft.,https://www.profession.hu/allas/sap-business-consultant-dxc-technology-magyarorszag-kft-2828368?sessionId=ed7061b1d89e7c95ce70868e0e3baa03,2026-03-04,2026-03-13,False,Budapest,,,Bachelor's degree is required,,SAP,Hybrid,Full-time,7+ years,,
2828387,ServiceNow Senior Technical Consultant,DXC Technology Magyarország Kft.,https://www.profession.hu/allas/servicenow-senior-technical-consultant-dxc-technology-magyarorszag-kft-2828387?sessionId=ed7061b1d89e7c95ce70868e0e3baa03,2026-03-04,2026-03-13,False,Budapest,,"{'English': 'B2'}, {'Hungarian': 'B2'}",Bachelor,JavaScript,"ServiceNow, DATABASES, REST, SOAP, JDBC, LDAP",Full-time,Full-time,3-5 years,,
2830298,Staff Software Performance Engineer - Team Lead,ARM Hungary Kft.,https://www.profession.hu/allas/staff-software-performance-engineer-team-lead-arm-hungary-kft-2830298?sessionId=ed7061b1d89e7c95ce70868e0e3baa03,2026-03-04,2026-03-11,False,Budapest,,,Középiskola,"C, C++","DATABASES, REST, ASSEMBLY",Hybrid,Full-time,1-3 years,,
2828443,Software Tester,DXC Technology Magyarország Kft.,https://www.profession.hu/allas/software-tester-dxc-technology-magyarorszag-kft-2828443?sessionId=ed7061b1d89e7c95ce70868e0e3baa03,2026-03-04,2026-03-14,False,Budapest,,English: B2,Középiskola,"SQL, C++, PLSQL, UNIX",,Általános munkarend,Teljes munkaidő,,,
2828403,BI Developer,DXC Technology Magyarország Kft.,https://www.profession.hu/allas/bi-developer-dxc-technology-magyarorszag-kft-2828403?sessionId=ed7061b1d89e7c95ce70868e0e3baa03,2026-03-04,2026-03-14,False,Budapest,,English: B2,Középiskola,,BI AGILIS,Hybrid,Full-time,7+ years,,
2827322,"Python Financial Model Engineer, Associate",BlackRock Hungary Kft.,https://www.profession.hu/allas/python-financial-model-engineer-associate-blackrock-hungary-kft-2827322?sessionId=ed7061b1d89e7c95ce70868e0e3baa03,2026-03-04,2026-03-11,False,Budapest,,English: B2,Bachelor's (BSc) or higher degree in Computer Science or related field,"Python, Pandas, Apache Arrow, Snowflake","Azure DevOps, git, CI/CD",Hybrid,Full-time,3-5 years,,
2828439,Scrum Master,DXC Technology Magyarország Kft.,https://www.profession.hu/allas/scrum-master-dxc-technology-magyarorszag-kft-2828439?sessionId=ed7061b1d89e7c95ce70868e0e3baa03,2026-03-04,2026-03-14,False,Budapest,,"{'Language': 'English', 'Level': 'CEFR B2'}",Bachelor,"C++, PLSQL","AGILIS, SCRUM, UNIX",On-site with home office,Full-time,,,
2828373,ServiceNow Hungary Senior Developer,DXC Technology Magyarország Kft.,https://www.profession.hu/allas/servicenow-hungary-senior-developer-dxc-technology-magyarorszag-kft-2828373?sessionId=ed7061b1d89e7c95ce70868e0e3baa03,2026-03-04,2026-03-13,False,Budapest,,"English: B2, Hungarian: B2",Bachelor,JavaScript,"ServiceNow, SOAP, REST Webservices, JDBC, LDAP",On-site with home office,Full-time,3-5 years,,
2830278,Senior Technical Product Manager – Risk & Audit CORE,Diligent Governance Hungary Kft.,https://www.profession.hu/allas/senior-technical-product-manager-risk-audit-core-diligent-governance-hungary-kft-2830278?sessionId=ed7061b1d89e7c95ce70868e0e3baa03,2026-03-04,2026-03-14,False,Budapest,,,Bachelor,,"SECURITY, DEVOPS, ANALYTICS, CLOUD, ACCESS, REST",Hybrid,Full-time,5+ years,,
2830200,Working Student for Test Automation in Playwright - Berlin/Remote in Germany,azeti GmbH,https://www.profession.hu/allas/working-student-for-test-automation-in-playwright-berlin-remote-in-germany-azeti-gmbh-2830200?sessionId=ed7061b1d89e7c95ce70868e0e3baa03,2026-03-04,2026-03-14,False,Berlin,2500 EUR annual,"English: B2, German: B2",Bachelor,"JavaScript, TypeScript","Playwright, Jira, Git, React",Hybrid,Part-time,1-3 years,,
2830139,Strategic Transformation Lead - OPEn Core (w/m/d),TÜV SÜD,https://www.profession.hu/allas/strategic-transformation-lead-open-core-w-m-d-tuv-sud-2830139?sessionId=ed7061b1d89e7c95ce70868e0e3baa03,2026-03-04,2026-03-14,False,Munich,,English: B2,"University degree in Business, Technology, or related field",SAP S/4 HANA,SAP,Flexible working hours,Full-time,More than 7 years,,
2830082,Intern – Front-End Developer (all gender) (Fleet Energy Performance),TUI Cruises GmbH,https://www.profession.hu/allas/intern-front-end-developer-all-gender-fleet-energy-performance-tui-cruises-gmbh-2830082?sessionId=ed7061b1d89e7c95ce70868e0e3baa03,2026-03-04,2026-03-14,False,Németország,,English: B2,"Bachelor's or Master's degree in Computer Science, Business Analytics, Engineering, or a related quantitative field","JavaScript, React, Python, SQL","Git, VS Code, Power BI",Full-time,Internship,1-3 years,,
2830069,Dynamics 365 Inhouse Consultant (m/w/d),Richter Färberei- und Ausrüstungs GmbH,https://www.profession.hu/allas/dynamics-inhouse-consultant-m-w-d-richter-f-rberei-und-ausrustungs-gmbh-2830069?sessionId=ed7061b1d89e7c95ce70868e0e3baa03,2026-03-04,2026-03-14,False,Németország,,English: B2,Főiskola,,DYNAMICS TROUBLESHOOTING,Teljes munkaidő Általános munkarend,Full-time,1-3 év tapasztalat,,
2830060,Professional Java Developer (m/f/d),AirPlus International GmbH,https://www.profession.hu/allas/professional-java-developer-m-f-d-airplus-international-gmbh-2830060?sessionId=ed7061b1d89e7c95ce70868e0e3baa03,2026-03-04,2026-03-14,False,Neu-Isenburg bei Frankfurt am Main,,"English: B2, German",Főiskola,"Spring, MONGODB, JAVA","SCRUM, AGILE",Hybrid,Full-time,1-3 years,,
2830001,Lead Business Analyst,Datlan Trade Kft.,https://www.profession.hu/allas/lead-business-analyst-datlan-trade-kft-budapest-2830001?sessionId=ed7061b1d89e7c95ce70868e0e3baa03,2026-03-04,2026-03-14,False,Budapest,,English: B2,Egyetem,,MacOS,Általános munkarend,Teljes munkaidő,5+ years,,
2829449,Agentic AI Engineer,Accenture Korlátolt Felelősségű Társaság,https://www.profession.hu/allas/agentic-ai-engineer-accenture-korlatolt-felelossegu-tarsasag-2829449?sessionId=ed7061b1d89e7c95ce70868e0e3baa03,2026-03-04,2026-03-14,False,Budapest,,English: B2,Középiskola,Python,"PYTHON, LLMs, RAG pipelines, external APIs/tools",On-site,Full-time,,,
2829413,Personalized Internet Assessor - German,Telus Digital,https://www.profession.hu/allas/personalized-internet-assessor-german-telus-digital-2829413?sessionId=ed7061b1d89e7c95ce70868e0e3baa03,2026-03-04,2026-03-13,False,Switzerland,,German: B2,High School with Diploma,,"Gmail, Google+, Web browsers",Home-Office,Part-time,0-1 years,,
2829363,Head of Data Center (f/m/d),Max-Planck-Institut für Geoanthropologie,https://www.profession.hu/allas/head-of-data-center-f-m-d-max-planck-institut-fur-geoanthropologie-2829363?sessionId=ed7061b1d89e7c95ce70868e0e3baa03,2026-03-04,2026-03-13,False,Germany,,"{'Language': 'English', 'CEFR Level': 'B2'}",PhD,,"Docker, Kubernetes, MariaDB, PostgreSQL, Apache Cassandra, Neo4J, RDF, XML, JSON-LD, Linked Open Data (LOD), RESTful API, GraphQL, Apache Camel, Apache Hadoop, Apache Spark, Apache NiFi",Hybrid,Full-time,5+ years,,
2829320,Domain Architect Purchasing & Procurement (m/w/d),Liebherr-IT Services GmbH,https://www.profession.hu/allas/domain-architect-purchasing-procurement-m-w-d-liebherr-it-services-gmbh-2829320?sessionId=ed7061b1d89e7c95ce70868e0e3baa03,2026-03-04,2026-03-13,False,Germany,,"{'Language': 'German', 'Level': 'B2'}, {'Language': 'English', 'Level': 'B2'}",Bachelor,,,Hybrid,Full-time,1-3 years,,
2829307,Senior Software Engineer (m/f/d),auxmoney GmbH,https://www.profession.hu/allas/senior-software-engineer-m-f-d-auxmoney-gmbh-2829307?sessionId=ed7061b1d89e7c95ce70868e0e3baa03,2026-03-04,2026-03-14,False,Düsseldorf,,English: C1,Bachelor,"PHP, Symfony","DOCKER, KUBERNETES, AWS",Hybrid,Full-time,3-5 years,,
2829305,Senior Product Manager - Partner Platform (all genders),Aroundhome,https://www.profession.hu/allas/senior-product-manager-partner-platform-all-genders-aroundhome-2829305?sessionId=ed7061b1d89e7c95ce70868e0e3baa03,2026-03-04,2026-03-14,False,Berlin,,"English: B2, German: B2",Bachelor,,API C LEAN,Hybrid,Full-time,1-3 years,,
2829296,Android/iOS Mobile Engineer (m/f/x),Travelcircus GmbH,https://www.profession.hu/allas/android-ios-mobile-engineer-m-f-x-travelcircus-gmbh-2829296?sessionId=ed7061b1d89e7c95ce70868e0e3baa03,2026-03-04,2026-03-14,False,Németország,,"English: C1, German: C1",Egyetem,"Kotlin, Swift","IOS, ANDROID, TESTING, CLEAN CODE",,Teljes munkaidő,1-3 év tapasztalat,,
2829291,Expert R&D Automation and Data Management (m/f/d),Octapharma Biopharmaceuticals GmbH,https://www.profession.hu/allas/expert-r-d-automation-and-data-management-m-f-d-octapharma-biopharmaceuticals-gmbh-2829291?sessionId=ed7061b1d89e7c95ce70868e0e3baa03,2026-03-04,2026-03-14,False,Németország,,"English: C1, German: B2",PhD in Life Sciences or a related field,"Python, R","PYTHON, R, CLOUD, LINUX, DATA MANAGEMENT",Full-time (40 hrs./week),Full-time,1-3 years,,
2829282,Software Engineering Lead (MS Dynamics & CRM) (m/f/d),Riverty,https://www.profession.hu/allas/software-engineering-lead-ms-dynamics-crm-m-f-d-riverty-2829282?sessionId=ed7061b1d89e7c95ce70868e0e3baa03,2026-03-04,2026-03-14,False,"Verl, Baden-Baden or Berlin",,"English, German",Bachelor,,"Microsoft Dynamics 365 CRM, Power Platform (Power Apps, Power Automate, Dataverse, Power BI), Azure",Hybrid,Full-time,7+ years,,
2829277,Business Analyst,HDI Global,https://www.profession.hu/allas/business-analyst-hdi-global-2829277?sessionId=ed7061b1d89e7c95ce70868e0e3baa03,2026-03-04,2026-03-14,False,Magyarországon belül bárhonnan,,English: C1,Középiskola,,,Home-Office (up to 60% mobile),Full-time,1-3 years,,
2829272,Payment Operations Specialist (m/w/d),meinestadt.de,https://www.profession.hu/allas/payment-operations-specialist-m-w-d-meinestadt-de-2829272?sessionId=ed7061b1d89e7c95ce70868e0e3baa03,2026-03-04,2026-03-09,False,Speyer,,English: B2,Bachelor,,"JIRA, Confluence, SQL",Full-time,Full-time,1-3 years,,
2829244,UX Designer (m/f/d),TOPdesk Deutschland GmbH,https://www.profession.hu/allas/ux-designer-m-f-d-topdesk-deutschland-gmbh-2829244?sessionId=ed7061b1d89e7c95ce70868e0e3baa03,2026-03-04,2026-03-14,False,Kaiserslautern,,English: B2,Bachelor,,Figma,Remote,Full-time,5+ years,,
2829239,Software Architect (m/f/d),sentronics metrology GmbH,https://www.profession.hu/allas/software-architect-m-f-d-sentronics-metrology-gmbh-2829239?sessionId=ed7061b1d89e7c95ce70868e0e3baa03,2026-03-04,2026-03-14,False,Mannheim,,"{'English': 'B2'}, {'German': 'B2'}","Bachelor's or Master's degree in computer science, Physics, or a related technical field","C#, .NET (ideally .NET 8), Entity Framework Core, Microsoft SQL Server, C++",,Hybrid,Full-time,1-3 years,,
2823884,Beágyazott Szoftverfejlesztő,"Európai Tudásközpont Fejlesztő, Szolgáltató és Kereskedelmi Kft.",https://www.profession.hu/allas/beagyazott-szoftverfejleszto-europai-tudaskozpont-fejleszto-szolgaltato-es-kereskedelmi-kft-2823884?sessionId=ed7061b1d89e7c95ce70868e0e3baa03,2026-03-04,2026-03-07,False,,N. e Ft/hó,English,Középiskola,C,,Home Office,Full-time,,,
2828441,Presales Solution Architect (AI/ML Focus),SnapSoft Informatikai és Szolgáltató Kft.,https://www.profession.hu/allas/presales-solution-architect-ai-ml-focus-snapsoft-informatikai-es-szolgaltato-kft-2828441?sessionId=ed7061b1d89e7c95ce70868e0e3baa03,2026-03-04,2026-03-14,False,Budapest,,English: B2,"Bachelor's degree in Computer Science, Information Technology, or a related field",,"AWS, DOCKER, AZURE",Hybrid/Remote,Full-time,1-3 years,,
2828428,SAP Functional Consultant,NTT Magyarország Kft.,https://www.profession.hu/allas/sap-functional-consultant-ntt-magyarorszag-kft-2828428?sessionId=ed7061b1d89e7c95ce70868e0e3baa03,2026-03-04,2026-03-05,False,Budapest,,"English: B2, Hungarian: B2",Bachelor,ABAP,"SAP S/4 HANA, SAP ABAP PROJECT MANAGEMENT TESTING ACCESS DEBUGGING",Hybrid,Full-time,,,
2828417,Software Engineer (Python and AWS),Diligent Governance Hungary Kft.,https://www.profession.hu/allas/software-engineer-python-and-aws-diligent-governance-hungary-kft-2828417?sessionId=ed7061b1d89e7c95ce70868e0e3baa03,2026-03-04,2026-03-14,False,Budapest,,,Középiskola,Python,"TESTING, PYTHON, AWS, SECURITY, DEVOPS, DOCKER, SQL, POSTGRESQL, NOSQL DATABASES, API, DEBUGGING, AGILE, REST",Hybrid,Full-time,5-10 év tapasztalat,,
2828411,Business Analyst – projektvezetési felelősséggel,Mint Consulting Kft.,https://www.profession.hu/allas/business-analyst-projektvezetesi-felelosseggel-mint-consulting-kft-budapest-2828411?sessionId=ed7061b1d89e7c95ce70868e0e3baa03,2026-03-04,2026-03-04,False,Budapest,,English: B2,Középiskola,Salesforce,,Hybrid,Full-time,5+ years,,
2828303,RISE Enterprise Architect Driving Adoption and Business Outcomes - EMEA (f/m/d),SAP SE,https://www.profession.hu/allas/rise-enterprise-architect-driving-adoption-and-business-outcomes-emea-f-m-d-sap-se-2828303?sessionId=ed7061b1d89e7c95ce70868e0e3baa03,2026-03-04,2026-03-05,False,,,"{'Language': 'English', 'Level': 'B2'}","Bachelor, Master",,,Hybrid,Full-time,10+ years,,
2828299,Senior AI Platform Security Engineer (f/m/x),BMW Group,https://www.profession.hu/allas/senior-ai-platform-security-engineer-f-m-x-bmw-group-2828299?sessionId=ed7061b1d89e7c95ce70868e0e3baa03,2026-03-04,2026-03-13,False,Németország,,English: B2,"University degree in computer science, mathematics, or a comparable field with an IT focus, or equivalent qualification.","Python, C# or TypeScript","Azure, AWS, CI/CD pipelines, GitOps, Infrastructure as Code, service mesh, SLOs, high availability, disaster recovery",Full-time,Unlimited,8+ years,,
2828297,Junior Managers Program - Information Technology - Trainee Program (f/m/div.),Bosch Gruppe,https://www.profession.hu/allas/junior-managers-program-information-technology-trainee-program-f-m-div-bosch-gruppe-2828297?sessionId=ed7061b1d89e7c95ce70868e0e3baa03,2026-03-04,2026-03-13,False,Gerlingen-Schillerhöhe,,"English: B2, German: B2","Master's or Diploma degree in (business) computer science, (technical) business administration, industrial engineering or comparable","Java, C, Python, Matlab","Cloud technologies, web services, IoT, big data, AI, software and/or data analytics",,Full-time,1-3 years,,
2828296,Junior Managers Program - Research & Development Software and Application - Trainee Program (m/f/div.),Bosch Gruppe,https://www.profession.hu/allas/junior-managers-program-research-development-software-and-application-trainee-program-m-f-div-bosch-gruppe-2828296?sessionId=ed7061b1d89e7c95ce70868e0e3baa03,2026-03-04,2026-03-13,False,Gerlingen-Schillerhöhe,,"English: B2, German: B2","Master's or Diploma degree, preferably with a PhD or initial work experience","C++, C, Python, Matlab","VIRTUALIZATION, CLOUD MACHINE LEARNING",,Full-time,1-3 years,,
2828294,Junior Managers Program - Research & Development Corporate Research - Trainee program (m/f/div.),Bosch Gruppe,https://www.profession.hu/allas/junior-managers-program-research-development-corporate-research-trainee-program-m-f-div-bosch-gruppe-2828294?sessionId=ed7061b1d89e7c95ce70868e0e3baa03,2026-03-04,2026-03-13,False,Gerlingen,,"English: B2, German: B2",PhD,"Java, C++, C, Python, Matlab","Agile, Data Management, Machine Learning",Hybrid,Full-time,1-3 years,,
2828213,Working Student (m/w/d) Power BI & Reporting,Atotech Deutschland GmbH & Co. KG,https://www.profession.hu/allas/working-student-m-w-d-power-bi-reporting-atotech-deutschland-gmbh-co-kg-2828213?sessionId=ed7061b1d89e7c95ce70868e0e3baa03,2026-03-04,2026-03-13,False,Németország,,English: B2,Főiskola,"Power BI, SQL, Azure","ANALYTICS, AZURE BI, SQL, POWER BI, ACCESS DATABASE",Általános munkarend,Teljes munkaidő,1-3 év tapasztalat,,
2828212,Android/iOS Mobile Engineer (m/f/x),Travelcircus GmbH,https://www.profession.hu/allas/android-ios-mobile-engineer-m-f-x-travelcircus-gmbh-2828212?sessionId=ed7061b1d89e7c95ce70868e0e3baa03,2026-03-04,2026-03-13,False,Németország,,"English: C1, German: C1",Egyetem,"Kotlin, Swift","IOS, ANDROID, TESTING, CLEAN CODE",,Teljes munkaidő,1-3 év tapasztalat,,
2828194,Fullstack-Ingenieur (Java/Kotlin + TypeScript/JavaScript) – Berlin/Remote in Deutschland,azeti GmbH,https://www.profession.hu/allas/fullstack-ingenieur-java-kotlin-typescript-javascript-berlin-remote-in-deutschland-azeti-gmbh-2828194?sessionId=ed7061b1d89e7c95ce70868e0e3baa03,2026-03-04,2026-03-13,False,Germany,,"{'English': 'B2'}, {'German': 'C1'}",Bachelor,"Kotlin, Java, JavaScript, TypeScript","Spring Boot, React, Git, PostgreSQL, MongoDB",Hybrid,Full-time,5+ years,,
2828172,SAP Business Analyst Finance & Controlling (m/f/x),Capri Sun GmbH,https://www.profession.hu/allas/sap-business-analyst-finance-controlling-m-f-x-capri-sun-gmbh-2828172?sessionId=ed7061b1d89e7c95ce70868e0e3baa03,2026-03-04,2026-03-13,False,Eppelheim,,"English: B2, German: B2",Bachelor,ABAP,"SAP S/4HANA, SAP BW",On-site,Full-time,3-5 years,,
2828167,Pflichtpraktikum manual QA,montamo GmbH,https://www.profession.hu/allas/pflichtpraktikum-manual-qa-montamo-gmbh-2828167?sessionId=ed7061b1d89e7c95ce70868e0e3baa03,2026-03-04,2026-03-13,False,Németország,,"English: B2, German: B2",Középiskola,,"CYPRESS, Maestro",Általános munkarend,Teljes munkaidő,1-3 év tapasztalat,,
2828159,Technical Documentation Engineer,Utimaco GmbH,https://www.profession.hu/allas/technical-documentation-engineer-utimaco-gmbh-2828159?sessionId=ed7061b1d89e7c95ce70868e0e3baa03,2026-03-04,2026-03-13,False,Németország,,"English: B2, German",Egyetem,,HARDWARE R,Full-time,Teljes munkaidő,1-3 years,,
2828151,Junior Software Developer,Utimaco GmbH,https://www.profession.hu/allas/junior-software-developer-utimaco-gmbh-2828151?sessionId=ed7061b1d89e7c95ce70868e0e3baa03,2026-03-04,2026-03-13,False,Németország,,English: B2,Főiskola,"DEVOPS, FRONTEND, ANGULAR, SECURITY, DATABASE ACCESS, TESTING, DATA MANAGEMENT",,Általános munkarend,Teljes munkaidő,1-3 év tapasztalat,,
2828104,Senior AI Software Engineer (f/m/x),BMW Group,https://www.profession.hu/allas/senior-ai-software-engineer-f-m-x-bmw-group-2828104?sessionId=ed7061b1d89e7c95ce70868e0e3baa03,2026-03-04,2026-03-04,False,Németország,,English: B2,"University degree in computer science, mathematics, software engineering, or a comparable field.","Python, Java","AGILE MACHINE LEARNING JAVA PYTHON SECURITY, Claude Code, GitHub Copilot, Cursor",Full-time,Unlimited,5+ years,,
2827953,Database Engineer,Mettler Toledo,https://www.profession.hu/allas/database-engineer-mettler-toledo-2827953?sessionId=ed7061b1d89e7c95ce70868e0e3baa03,2026-03-04,2026-03-13,False,Urdorf,,"English: B2, German: B2",Bachelor,,"SQL, Azure, DevOps, Network, Databases, ERP, SAP, MS SQL, MS Access, Git",Hybrid,Full-time,1-3 years,,
2827376,AWS Cloud DevOps Engineer,Total Felhő Informatikai Szolgáltató és Tanácsadó Kft.,https://www.profession.hu/allas/aws-cloud-devops-engineer-total-felho-informatikai-szolgaltato-es-tanacsado-kft-2827376?sessionId=ed7061b1d89e7c95ce70868e0e3baa03,2026-03-04,2026-03-13,False,,,"English: B2, Magyar: B2",Középiskola,"Python, Node.js","AWS, DOCKER, DEVOPS",Hibrid,Teljes munkaidő,,,
2827375,Cloud architect,Total Felhő Informatikai Szolgáltató és Tanácsadó Kft.,https://www.profession.hu/allas/cloud-architect-total-felho-informatikai-szolgaltato-es-tanacsado-kft-2827375?sessionId=ed7061b1d89e7c95ce70868e0e3baa03,2026-03-04,2026-03-13,False,,,,Középiskola,,"AWS, CLOUD",Teljes munkaidő Általános munkarend,Teljes munkaidő,,,
2827370,Cloud Engineer,Total Felhő Informatikai Szolgáltató és Tanácsadó Kft.,https://www.profession.hu/allas/cloud-engineer-total-felho-informatikai-szolgaltato-es-tanacsado-kft-2827370?sessionId=ed7061b1d89e7c95ce70868e0e3baa03,2026-03-04,2026-03-13,False,Országos lefedettség,,"English: B2, Magyar: B2",Középiskola,"Python, Node.js","AWS, DOCKER",Általános munkarend,Teljes munkaidő,3-5 év tapasztalat,,
2822953,Senior frontend developer,W5 Informatikai Kft.,https://www.profession.hu/allas/senior-frontend-developer-w-informatikai-kft-pecs-2822953?sessionId=ed7061b1d89e7c95ce70868e0e3baa03,2026-03-04,2026-03-05,False,Pécs,,English: B2,Bachelor,"CSS, HTML5, ANGULAR, REACT, VUE, AGILIS, SCRUM",webpack,On-site with home office,Full-time,3-5 years,,
2827341,Senior Product Designer (UX/UI),Diligent Governance Hungary Kft.,https://www.profession.hu/allas/senior-product-designer-ux-ui-diligent-governance-hungary-kft-2827341?sessionId=ed7061b1d89e7c95ce70868e0e3baa03,2026-03-04,2026-03-13,False,Budapest,,English: B2,Középiskola,,Figma,Hybrid,Full-time,5+ years,,
2827335,Senior SAP Developer,Accenture Korlátolt Felelősségű Társaság,https://www.profession.hu/allas/senior-sap-developer-accenture-korlatolt-felelossegu-tarsasag-2827335?sessionId=ed7061b1d89e7c95ce70868e0e3baa03,2026-03-04,2026-03-13,False,Budapest,,English: B2,Középiskola,"SAP ABAP, ACCESS, DEBUGGING",SAP,Hybrid,Full-time,5-10 years,,
2827309,Staff Software Engineer,Diligent Governance Hungary Kft.,https://www.profession.hu/allas/staff-software-engineer-diligent-governance-hungary-kft-2827309?sessionId=ed7061b1d89e7c95ce70868e0e3baa03,2026-03-04,2026-03-07,False,Budapest,,,Bachelor,"TypeScript, Angular",.C. ACCESS FRONTEND ANGULAR BACKEND,Hybrid,Full-time,5-10 years,,
2827307,Flutter Developer,FF Next Technologies Kft.,https://www.profession.hu/allas/flutter-developer-ff-next-technologies-kft-2827307?sessionId=ed7061b1d89e7c95ce70868e0e3baa03,2026-03-04,2026-03-11,False,Budapest,,English: B2,Bachelor,,"ACCESS, JIRA",Hybrid,Full-time,1-3 years,,
2827297,Business Consultant,Quickborn Consulting Hungary Kft.,https://www.profession.hu/allas/business-consultant-quickborn-consulting-hungary-kft-2827297?sessionId=ed7061b1d89e7c95ce70868e0e3baa03,2026-03-04,2026-03-11,False,,,"{'Language': 'English', 'Level': 'B2'}",Főiskola,SQL,MS Office framework,Általános munkarend,Teljes munkaidő,,,
2827282,Senior UX/UI Designer,FF Next Technologies Kft.,https://www.profession.hu/allas/senior-ux-ui-designer-ff-next-technologies-kft-2827282?sessionId=ed7061b1d89e7c95ce70868e0e3baa03,2026-03-04,2026-03-11,False,Budapest,,English: B2,Középiskola,"Bootstrap, Figma","Material Design, Human Interface Guidelines, Tailwind, Framer, Webflow",Hybrid,Full-time,5+ years,,
2827253,BIM/ CAD Developer,Innovative Software Solutions Kft.,https://www.profession.hu/allas/bim-cad-developer-innovative-software-solutions-kft-dunakeszi-2827253?sessionId=ed7061b1d89e7c95ce70868e0e3baa03,2026-03-04,2026-03-11,False,Dunakeszi,,English: B2,Középiskola,"C#, C++","AUTODESK, AUTOCAD, API, DEVOPS, AGILIS, CI",Távmunka / Remote,Teljes munkaidő,1-3 év tapasztalat,,
2827250,PHP programozó,EVERENGINE Kft.,https://www.profession.hu/allas/php-programozo-everengine-kft-2827250?sessionId=ed7061b1d89e7c95ce70868e0e3baa03,2026-03-04,2026-03-11,False,Budapest,,,Középiskola,PHP,,Rugalmas munkaidő,Teljes munkaidő,,,
2822955,Senior backend developer,W5 Informatikai Kft.,https://www.profession.hu/allas/senior-backend-developer-w-informatikai-kft-pecs-2822955?sessionId=ed7061b1d89e7c95ce70868e0e3baa03,2026-03-04,2026-03-05,False,Pécs,,English: B2,Középiskola,"PHP, MYSQL, Laravel, Symfony","Agilis, Clean Code, SCRUM",Home-Office,Full-time,3-5 years,,
2827236,Technical Consultant,Quickborn Consulting Hungary Kft.,https://www.profession.hu/allas/technical-consultant-quickborn-consulting-hungary-kft-2827236?sessionId=ed7061b1d89e7c95ce70868e0e3baa03,2026-03-04,2026-03-11,False,Budapest,,English: B2,Főiskola (College degree),"Java, SQL, PL/SQL, Pro*C","Oracle Retail, Windows, Linux, Unix",On-site,Full-time,3-5 years,,
2827232,Project Manager in Energy Infrastructure,Accenture Korlátolt Felelősségű Társaság,https://www.profession.hu/allas/project-manager-in-energy-infrastructure-accenture-korlatolt-felelossegu-tarsasag-2827232?sessionId=ed7061b1d89e7c95ce70868e0e3baa03,2026-03-04,2026-03-11,False,Budapest,,"English: B2, German: B2",Bachelor,,,Hybrid,Full-time,0-1 years,,
2827199,Senior Site Reliability Engineer - Infrastructure,N26 GmbH,https://www.profession.hu/allas/senior-site-reliability-engineer-infrastructure-n-gmbh-2827199?sessionId=ed7061b1d89e7c95ce70868e0e3baa03,2026-03-04,2026-03-11,False,Németország,,English: B2,Egyetem,"Go, Linux","AWS Cloud infrastructure and Services, Kubernetes Clusters, Terraform, CD solutions (Argo or similars), Mesh solutions (Istio or similars)",,Full-time,1-3 years,,
2827182,Senior Consultant Business (f/m/d) Data Strategy & Advisory - Data Architect (f/m/d),SAP SE,https://www.profession.hu/allas/senior-consultant-business-f-m-d-data-strategy-advisory-data-architect-f-m-d-sap-se-2827182?sessionId=ed7061b1d89e7c95ce70868e0e3baa03,2026-03-04,2026-03-11,False,,,"{'Language': 'German', 'Level': 'B2'}, {'Language': 'English', 'Level': 'B2'}",Bachelor,,"SAP Datasphere, SAP Analytics Cloud, SAP BW",Hybrid,Full-time,5+ years,,
2827180,Senior Consultant Business (f/m/d) Data Strategy & Advisory - Data Architect (f/m/d),SAP SE,https://www.profession.hu/allas/senior-consultant-business-f-m-d-data-strategy-advisory-data-architect-f-m-d-sap-se-2827180?sessionId=ed7061b1d89e7c95ce70868e0e3baa03,2026-03-04,2026-03-11,False,,,"{'Language': 'German', 'Level': 'B2'}, {'Language': 'English', 'Level': 'B2'}",Bachelor,,"SAP Datasphere, SAP Analytics Cloud, SAP BW",Hybrid,Full-time,5+ years,,
2827171,IAM Integration Consultant / Senior Specialist IT Security (m/f/d),ista SE,https://www.profession.hu/allas/iam-integration-consultant-senior-specialist-it-security-m-f-d-ista-se-2827171?sessionId=ed7061b1d89e7c95ce70868e0e3baa03,2026-03-04,2026-03-09,False,Essen,,"English: B2, German: B2",Középiskola,,"SailPoint Identity Security Cloud, Keycloak, Microsoft Entra ID Privileged Access Management (PAM) solutions",Hybrid,Full-time,1-3 years,,
2827167,Senior Data Scientist* in Braunschweig,NEW YORKER,https://www.profession.hu/allas/senior-data-scientist-in-braunschweig-new-yorker-2827167?sessionId=ed7061b1d89e7c95ce70868e0e3baa03,2026-03-04,2026-03-09,False,NEW YORKER,,"English: C1, German: C1","University degree in a relevant field, e.g. computer science, statistics or physics","Python, SQL, PANDAS, SPARK, MACHINE LEARNING","TESTING, CI/CD, JUPITER, AIRFLOW",,Full-time,3+ years,,
2827164,Project Lead Embedded Software (m/w/x),ZEISS,https://www.profession.hu/allas/project-lead-embedded-software-m-w-x-zeiss-2827164?sessionId=ed7061b1d89e7c95ce70868e0e3baa03,2026-03-04,2026-03-11,False,Németország,,"English: B2, German: B2",Főiskola,"C/C++, Python","Zephyr, Linux-based real-time operating systems, GitHub, Azure DevOps, Jira",,Full-time,1-3 years,,
2827162,Senior SRE - Database Operations,N26 GmbH,https://www.profession.hu/allas/senior-sre-database-operations-n-gmbh-2827162?sessionId=ed7061b1d89e7c95ce70868e0e3baa03,2026-03-04,2026-03-09,False,Magyarországon belül bárhonnan,,English: B2,Középiskola,Python,"CLOUD, PYTHON, DATABASE, SECURITY, AWS, POSTGRESQL, DOCKER, BACKUP, ACCESS, INCIDENT MANAGEMENT, TROUBLESHOOTING, JENKINS, REST",Home-Office,Full-time,1-3 years,,
2827160,Product Lead – Core Platform (m/f/d),Secunet Security Networks AG,https://www.profession.hu/allas/product-lead-core-platform-m-f-d-secunet-security-networks-ag-2827160?sessionId=ed7061b1d89e7c95ce70868e0e3baa03,2026-03-04,2026-03-10,False,Magyarországon belül bárhonnan,,"English: B2, German: B2",Egyetem (University degree),,,Távmunka / Remote,Teljes munkaidő (Full-time),1-3 év tapasztalat,,
2827157,Working Student Software Development for Electronic Intelligence (ELINT) Software Systems (m/f/d),Rohde & Schwarz GmbH & Co. KG,https://www.profession.hu/allas/working-student-software-development-for-electronic-intelligence-elint-software-systems-m-f-d-rohde-schwarz-gmbh-co-kg-2827157?sessionId=ed7061b1d89e7c95ce70868e0e3baa03,2026-03-04,2026-03-09,False,München (Germany),,English: B2,Középiskola,"Python, C++","TESTING AGILE, XML, Qt, RabbitMQ, Protocol Buffers, Wireshark, SCPI, ZeroMQ",Teljes munkaidő Általános munkarend,Full-time,1-3 years,,
2827156,Master Thesis on Reliable Post‑Quantum VPN Tunnels,Rohde & Schwarz GmbH & Co. KG,https://www.profession.hu/allas/master-thesis-on-reliable-post-quantum-vpn-tunnels-rohde-schwarz-gmbh-co-kg-2827156?sessionId=ed7061b1d89e7c95ce70868e0e3baa03,2026-03-04,2026-03-09,False,Stuttgart,,"English: B2, German",Főiskola,,"NETWORK, VPN, SECURITY",Full-time,Full-time,1-3 years,,
2827153,Senior Digital Solution Advisor (f/m/d) - SAP BTP Business Technology Platform,SAP SE,https://www.profession.hu/allas/senior-digital-solution-advisor-f-m-d-sap-btp-business-technology-platform-sap-se-2827153?sessionId=ed7061b1d89e7c95ce70868e0e3baa03,2026-03-04,2026-03-11,False,Németország,,"English: B2, German: B2","Bachelor's degree in business administration, engineering, computer science, or a related field",,,Full-time,Regular Full Time,1-3 years,,
2827131,SAP Enterprise Architect (m/f/d),Bruker Physik GmbH,https://www.profession.hu/allas/sap-enterprise-architect-m-f-d-bruker-physik-gmbh-2827131?sessionId=ed7061b1d89e7c95ce70868e0e3baa03,2026-03-04,2026-03-11,False,Ettlingen,,"{'English': 'Excellent'}, {'German': 'Intermediate'}","University degree, ideally in (Business) Informatics, Engineering, or Business Administration.",,SAP,Hybrid,Full-time,10+ years,,
2827127,IT Business Consultant Customer Service (m/f/d),Liebherr-IT Services GmbH,https://www.profession.hu/allas/it-business-consultant-customer-service-m-f-d-liebherr-it-services-gmbh-2827127?sessionId=ed7061b1d89e7c95ce70868e0e3baa03,2026-03-04,2026-03-11,False,Oberopfingen,,"{'English': 'B2'}, {'German': 'Fluent'}",Bachelor,BPMN,BPMN,Hybrid,Full-time,1-3 years,,
2827123,"Student for Perception & Scene Understanding, ADAS",Mercedes-Benz AG,https://www.profession.hu/allas/student-for-perception-scene-understanding-adas-mercedes-benz-ag-2827123?sessionId=ed7061b1d89e7c95ce70868e0e3baa03,2026-03-04,2026-03-10,False,Sindelfingen,,English: B2,Master,Python,,Hybrid,Full-time,1-3 years,,
2827117,SAP ABAP + Fiori Developer Inhouse (m/f/d),Bruker Physik GmbH,https://www.profession.hu/allas/sap-abap-fiori-developer-inhouse-m-f-d-bruker-physik-gmbh-2827117?sessionId=ed7061b1d89e7c95ce70868e0e3baa03,2026-03-04,2026-03-11,False,"Ettlingen, Porto, Warsaw",,"{'English': 'B2'}, {'German': 'B2'}",Bachelor,"SAP ABAP, Fiori/UI5","SAP S/4HANA, SAP Fiori Launchpad, SAP Gateway, SAP Cloud Platform",Hybrid,Full-time,3-5 years,,
2827116,IT Business Consultant Production (m/f/x),Liebherr-IT Services GmbH,https://www.profession.hu/allas/it-business-consultant-production-m-f-x-liebherr-it-services-gmbh-2827116?sessionId=ed7061b1d89e7c95ce70868e0e3baa03,2026-03-04,2026-03-11,False,Oberopfingen,,"{'English': 'B2'}, {'German': 'Fluent'}",Bachelor,BPMN,BPMN,Hybrid,Full-time,1-3 years,,
2827109,"Working student in the field AI Applications, Software Development & Social Intranet of starting from March 2026",Daimler Truck AG,https://www.profession.hu/allas/working-student-in-the-field-ai-applications-software-development-social-intranet-of-starting-from-march-daimler-truck-ag-2827109?sessionId=ed7061b1d89e7c95ce70868e0e3baa03,2026-03-04,2026-03-05,False,Németország,,"English: B2, German: B2",Középiskola,"Python, JavaScript/TypeScript, C#","Microsoft Copilot, NotebookLM, SharePoint-based platforms, Microsoft Viva Engage",,Teljes munkaidő,1-3 év tapasztalat,,
2827093,Product Manager / Sales Engineer (m/f/x),A3 Soft s.r.o.,https://www.profession.hu/allas/product-manager-sales-engineer-m-f-x-a-soft-s-r-o-2827093?sessionId=ed7061b1d89e7c95ce70868e0e3baa03,2026-03-04,2026-03-11,False,Németország,,English: B2,Egyetem,,TESTING,Teljes munkaidő Általános munkarend,Full-time,1-3 év tapasztalat,,
2826603,Backend Lead,Profidata AG,https://www.profession.hu/allas/backend-lead-profidata-ag-2826603?sessionId=ed7061b1d89e7c95ce70868e0e3baa03,2026-03-04,2026-03-11,False,"Zürich, Switzerland",,"English: B2, German: B2",Bachelor,"Java, Spring Boot","Docker, Kubernetes",On-site with home office,Full-time,1-3 years,,
2826276,Manager –Ai Data Architect  Zürich/basel/geneva,Aequor Consulting GmbH,https://www.profession.hu/allas/manager-ai-data-architect-zurich-basel-geneva-aequor-consulting-gmbh-2826276?sessionId=ed7061b1d89e7c95ce70868e0e3baa03,2026-03-04,2026-03-11,False,Zürich/Basel/Geneva,,English: B2,Bachelor,"Python, SQL","AWS, Azure, CRM, ERP, DEVOPS, DATABASE, NOSQL",,Full-time,4-5 years,,
2825980,Csv Manager,Teoxane SA,https://www.profession.hu/allas/csv-manager-teoxane-sa-2825980?sessionId=ed7061b1d89e7c95ce70868e0e3baa03,2026-03-04,2026-03-08,False,Geneva,,"English: B2, French: B2","University degree in Engineering, Computer Science, or related field",,,Full-time,Full-time,>10 years,,
2825848,Software Engineer Summer Intern,ARM Hungary Kft.,https://www.profession.hu/allas/software-engineer-summer-intern-arm-hungary-kft-2825848?sessionId=ed7061b1d89e7c95ce70868e0e3baa03,2026-03-04,2026-03-10,False,Budapest,,{'English': 'CEFR: B2'},Bachelor,"C, Python, BASH",VIRTUALIZATION,Hybrid,Full-time,,,
2825804,"Python fejlesztő (Python, Django)",Innovative Software Solutions Kft.,https://www.profession.hu/allas/python-fejleszto-python-django-innovative-software-solutions-kft-dunakeszi-2825804?sessionId=ed7061b1d89e7c95ce70868e0e3baa03,2026-03-04,2026-03-09,False,Dunakeszi,,English: B2,Középiskola,"Python, React, C","PostgreSQL, MSSQL, Entity Framework, Laravel, Django",Távmunka / Remote,Teljes munkaidő,1-3 év tapasztalat,,
2825800,Senior GCP Data Engineer,Accenture Korlátolt Felelősségű Társaság,https://www.profession.hu/allas/senior-gcp-data-engineer-accenture-korlatolt-felelossegu-tarsasag-2825800?sessionId=ed7061b1d89e7c95ce70868e0e3baa03,2026-03-04,2026-03-09,False,Budapest,,English: B2+,"Bachelor's or Master's degree in Computer Science, Engineering, or a related technical field","Python, SQL","BI ACCESS, AWS, TESTING, GIT, AZURE, SQL, PYTHON, MACHINE LEARNING ANALYTICS, CLOUD SECURITY, DEVOPS, TABLEAU, DOCKER, POWER BI",,Full-time,5+ years,,
2825742,Solution Architect,Mammut Sports Group AG,https://www.profession.hu/allas/solution-architect-mammut-sports-group-ag-2825742?sessionId=ed7061b1d89e7c95ce70868e0e3baa03,2026-03-04,2026-03-09,False,Svájc,,"English: B2, Német: középfok",Főiskola,,"Microsoft Dynamics 365 F&O, Power BI, ISV solutions, Middleware & integration solutions (like Lobster, API-Mgmt), Confluence / Jira, Scrum and SAFe",Hybrid,Full-time,5-10 év tapasztalat,,
2825727,Senior Product Manager - Onboarding & KYC,N26 GmbH,https://www.profession.hu/allas/senior-product-manager-onboarding-kyc-n-gmbh-2825727?sessionId=ed7061b1d89e7c95ce70868e0e3baa03,2026-03-04,2026-03-09,False,Magyarországon belül bárhonnan,,English: B2,Középiskola,"ACCESS, AGILE, SQL, DATABASES, REST",,Távmunka / Remote,Teljes munkaidő,1-3 év tapasztalat,,
2825718,NIS2 Integration Expert (f/m/d),SAP SE,https://www.profession.hu/allas/nis-integration-expert-f-m-d-sap-se-2825718?sessionId=ed7061b1d89e7c95ce70868e0e3baa03,2026-03-04,2026-03-09,False,Németország,,"English: B2, German: B2","Bachelor's or Master's degree in Cybersecurity, Information Technology, Risk Management, Computer Science, or a related technical field.",,AZURE SECURITY ISO SAP CLOUD AWS ACCESS @SAP,Full-time,"Vollzeit, unbefristet",7-10+ years,,
2825711,Field Applications Engineer (FAE) - Central Europe,GigaDevice Semiconductor Germany GmbH,https://www.profession.hu/allas/field-applications-engineer-fae-central-europe-gigadevice-semiconductor-germany-gmbh-2825711?sessionId=ed7061b1d89e7c95ce70868e0e3baa03,2026-03-04,2026-03-05,False,Munich,,"English: B2, German","Bachelor's or Master's degree in Electrical Engineering, Computer Engineering, or a related technical field (equivalent to a 4-year college degree)",C/C++,,On-site,Full-time,1-3 years,,
2825699,Senior Product Manager Adaptation & Resilience (m/f/d)*,Munich Re Service GmbH,https://www.profession.hu/allas/senior-product-manager-adaptation-resilience-m-f-d-munich-re-service-gmbh-2825699?sessionId=ed7061b1d89e7c95ce70868e0e3baa03,2026-03-04,2026-03-09,False,Munich,,English: B2,Bachelor,Python,,Hybrid,Full-time,5+ years,,
2825683,"Systems Development Engineer, Managed Operations",Amazon Workforce Staffing,https://www.profession.hu/allas/systems-development-engineer-managed-operations-amazon-workforce-staffing-2825683?sessionId=ed7061b1d89e7c95ce70868e0e3baa03,2026-03-04,2026-03-09,False,Németország,,English: B2,Egyetem,"Java, Python, Ruby","AWS, ANSIBLE, CLOUD",On-site with home office,Full-time,1-3 years,,
2825651,Senior AI & Data Architect (f/m/x),BMW Group,https://www.profession.hu/allas/senior-ai-data-architect-f-m-x-bmw-group-2825651?sessionId=ed7061b1d89e7c95ce70868e0e3baa03,2026-03-04,2026-03-09,False,Németország,,"English: B2, German: B2",Egyetem,,,Full-time,Full-time,5+ years,,
2825642,BI & Analytics Engineer (all genders),Schleich GmbH,https://www.profession.hu/allas/bi-analytics-engineer-all-genders-schleich-gmbh-2825642?sessionId=ed7061b1d89e7c95ce70868e0e3baa03,2026-03-04,2026-03-09,False,Munich,75 EUR net/month,"English: Fluent, German: Good",Bachelor,,"Power BI, Azure Data Factory, Microsoft Fabric, SQL Server, SSAS","Hybrid (3 days in the office, 2 days remote)",Full-time,1-3 years,,
2825547,Cyber Threat Intelligence Analyst (f/m/div.) (Salary: ~118.000 EUR p.a.*),Bosch Gruppe,https://www.profession.hu/allas/cyber-threat-intelligence-analyst-f-m-div-salary-eur-p-a-bosch-gruppe-2825547?sessionId=ed7061b1d89e7c95ce70868e0e3baa03,2026-03-04,2026-03-09,False,Stuttgart,,"{'English': 'B2'}, {'German': 'B2'}",University studies in Cybersecurity or a comparable subject,"Python, REST APIs","Git, Docker",Hybrid,Full-time,3-5 years,,
2825520,Senior AI & Data Platform Engineer (f/m/x),BMW Group,https://www.profession.hu/allas/senior-ai-data-platform-engineer-f-m-x-bmw-group-2825520?sessionId=ed7061b1d89e7c95ce70868e0e3baa03,2026-03-04,2026-03-09,False,Németország,,English: B2,Egyetem,"Python, Java","AWS, AZURE, MACHINE LEARNING API SECURITY CLOUD DOCKER",Full-time,Unlimited,5+ years,,
2825466,Research Software Engineer / HIFIS Consultant,Deutsches Krebsforschungszentrum DKFZ,https://www.profession.hu/allas/research-software-engineer-hifis-consultant-deutsches-krebsforschungszentrum-dkfz-2825466?sessionId=ed7061b1d89e7c95ce70868e0e3baa03,2026-03-04,2026-03-04,False,Germany,,English: B2,"Master's degree in computer science, scientific computing, medical informatics, physics, mathematics, engineering, or a related discipline; or equivalent professional experience in software engineering","C++, Python","Git, PROJECT MANAGEMENT",Hybrid,Full-time,1-3 years,,
2825248,Lead Data Scientist  | 100% | Hybrid Working Model | Zurich Switzerland,SMG Swiss Marketplace Group,https://www.profession.hu/allas/lead-data-scientist-hybrid-working-model-zurich-switzerland-smg-swiss-marketplace-group-2825248?sessionId=ed7061b1d89e7c95ce70868e0e3baa03,2026-03-04,2026-03-09,False,Zurich,,English: B2,Bachelor,"Python, SQL","Agile, Windows Network",Hybrid,Full-time,5+ years,,
2824694,Software Engineer,Anansi Solutions SA,https://www.profession.hu/allas/software-engineer-anansi-solutions-sa-2824694?sessionId=ed7061b1d89e7c95ce70868e0e3baa03,2026-03-04,2026-03-08,False,Vevey,,English: B2,Master's degree in Computer Science or Cyber Security,"C#, Python, TypeScript / React / Angular, HTML, CSS","Git, Terraform, Kubernetes, Bash, Powershell",Hybrid (2-3 days remote per week),Full-time,1-3 years,,
2824673,Salesforce Developer,Accenture Korlátolt Felelősségű Társaság,https://www.profession.hu/allas/salesforce-developer-accenture-korlatolt-felelossegu-tarsasag-2824673?sessionId=ed7061b1d89e7c95ce70868e0e3baa03,2026-03-04,2026-03-09,False,Budapest,,{'English': 'B2'},Középiskola,"Apex, Java, C#, HTML, JavaScript, CSS","CRM, CLOUD DEVOPS, JAVA, SQL, MIDDLEWARE C, GIT, TESTING, TROUBLESHOOTING, REST",,Full-time,,,
2824645,Senior Scrum Master – Cloud Solutions területre,Mint Consulting Kft.,https://www.profession.hu/allas/senior-scrum-master-cloud-solutions-teruletre-mint-consulting-kft-2824645?sessionId=ed7061b1d89e7c95ce70868e0e3baa03,2026-03-04,2026-03-04,False,Budapest,,"English: B2, Hungarian: B2",Középiskola,,"AGILE, AZURE, DEVOPS, SCRUM, CLOUD, AWS, PMI, KANBAN",Hibrid,Teljes munkaidő,3-5 év tapasztalat,,
2824477,Business Analyst Industrial Insurance,HDI Global,https://www.profession.hu/allas/business-analyst-industrial-insurance-hdi-global-2824477?sessionId=ed7061b1d89e7c95ce70868e0e3baa03,2026-03-04,2026-03-08,False,Magyarországon belül bárhonnan,,English: C1,Középiskola,,,Home-Office (up to 60% mobile),Full-time,1-3 years,,
2824473,Postdoc Bioinformatics / Research Software Engineer (f/m/x),Deutsches Zentrum für Neurodegenerative Erkrankungen e.V. (DZNE),https://www.profession.hu/allas/postdoc-bioinformatics-research-software-engineer-f-m-x-deutsches-zentrum-fur-neurodegenerative-erkrankungen-e-v-dzne-2824473?sessionId=ed7061b1d89e7c95ce70868e0e3baa03,2026-03-04,2026-03-08,False,Németország,,English: B2,Egyetem,"Python, R",BACKUP IT SUPPORT,Teljes munkaidő Általános munkarend,Full-time,1-3 év tapasztalat,,
2824449,SAP Project Manager (m/f/d),Agile Robots SE,https://www.profession.hu/allas/sap-project-manager-m-f-d-agile-robots-se-2824449?sessionId=ed7061b1d89e7c95ce70868e0e3baa03,2026-03-04,2026-03-08,False,Munich,,"German: B2, English: B2","Bachelor's or master's degree in information technology, business, or a related field",,"SAP S/4HANA, SAP Activate",On-site with home office,Full-time,8-12+ years,,
2824445,Software Engineer / Developer (m/f/d) Python,Nanoscribe GmbH & Co. KG,https://www.profession.hu/allas/software-engineer-developer-m-f-d-python-nanoscribe-gmbh-co-kg-2824445?sessionId=ed7061b1d89e7c95ce70868e0e3baa03,2026-03-04,2026-03-08,False,Karlsruhe area,,English: B2,"Bachelor, Master, PhD (Computer Science, Mathematics, Physics or Engineering)",Python,"R, LINUX, NETWORK, CI, CLEAN CODE",Hybrid,Full-time,1-3 years,,
2824338,Lead Data Science  | 100% | Hybrid Working Model | Zurich Switzerland,SMG Swiss Marketplace Group,https://www.profession.hu/allas/lead-data-science-hybrid-working-model-zurich-switzerland-smg-swiss-marketplace-group-2824338?sessionId=ed7061b1d89e7c95ce70868e0e3baa03,2026-03-04,2026-03-08,False,Zurich,,English: B2,Bachelor,"Python, SQL","Agile Network, Windows Machine Learning",Hybrid,Full-time,5+ years,,
2824336,Senior Frontend Engineer,MF Group AG,https://www.profession.hu/allas/senior-frontend-engineer-mf-group-ag-2824336?sessionId=ed7061b1d89e7c95ce70868e0e3baa03,2026-03-04,2026-03-08,False,Chiasso,,"English: B2, Italian: B2",Középiskola,"React, TypeScript, JavaScript, CSS","REACT TESTING, JAVASCRIPT, FRONTEND, BACKEND, CSS. AGILE",Hybrid,Full-time,5+ years,,
2824229,Data & Application Specialist  80%,SLSP Swiss Library Service Platform AG,https://www.profession.hu/allas/data-application-specialist-slsp-swiss-library-service-platform-ag-2824229?sessionId=ed7061b1d89e7c95ce70868e0e3baa03,2026-03-04,2026-03-05,False,Zürich,,English: B2,Bachelor,,"JIRA, Alma Letters (including XSLT)",Hybrid,Full-time,1-3 years,,
2824119,Business Process System Engineer 80 - 100 %,Hamilton Bonaduz AG,https://www.profession.hu/allas/business-process-system-engineer-hamilton-bonaduz-ag-2824119?sessionId=ed7061b1d89e7c95ce70868e0e3baa03,2026-03-04,2026-03-08,False,Switzerland,,"English: B2, German: B2",Bachelor,,"SAP S/4HANA, DATABASE, PROJECT MANAGEMENT, CHANGE MANAGEMENT",Full-time,Full-time,1-3 years,,
2823948,Senior Software Engineer 80 - 100 %,Hamilton Bonaduz AG,https://www.profession.hu/allas/senior-software-engineer-hamilton-bonaduz-ag-2823948?sessionId=ed7061b1d89e7c95ce70868e0e3baa03,2026-03-04,2026-03-08,False,Bonaduz,,"English: B2, German: B2","Bachelor's or Master's degree in computer science, software engineering, or a related technical field","C#, .NET, Python, JavaScript, TypeScript, Angular","AI-assisted tools and methods, Scrum team",,Full-time,1-3 years,,
2823904,Embedded Test Engineer - Tech Lead,ARM Hungary Kft.,https://www.profession.hu/allas/embedded-test-engineer-tech-lead-arm-hungary-kft-2823904?sessionId=ed7061b1d89e7c95ce70868e0e3baa03,2026-03-04,2026-03-08,False,Budapest,,,High School with Diploma,"C, Python","GitLab, Linux, HARDWARE, SOFTWARE TESTING, DEBUGGING, CI C",Hybrid,Full-time,,,
2823899,Principal Engineer (.Net and AWS),Diligent Governance Hungary Kft.,https://www.profession.hu/allas/principal-engineer-net-and-aws-diligent-governance-hungary-kft-2823899?sessionId=ed7061b1d89e7c95ce70868e0e3baa03,2026-03-04,2026-03-07,False,Budapest,,,"Bachelor's degree in Computer Science, Engineering, Math, or related field","NodeJS, Angular/React","AWS, Terraform, CDK, CloudFormation, Docker, SQL databases",Hybrid,Full-time,>10 years,,
2823879,Senior Python Engineer,Accenture Korlátolt Felelősségű Társaság,https://www.profession.hu/allas/senior-python-engineer-accenture-korlatolt-felelossegu-tarsasag-2823879?sessionId=ed7061b1d89e7c95ce70868e0e3baa03,2026-03-04,2026-03-07,False,Budapest,,,Középiskola,Python,"Flask, Django, Docker, API, SQL, NoSQL, CI/CD pipelines",Hybrid,Full-time,5+ years,,
2823871,Senior QA Automation Engineer,High Tech Engineering Center Kft.,https://www.profession.hu/allas/senior-qa-automation-engineer-high-tech-engineering-center-kft-budapest-2823871?sessionId=ed7061b1d89e7c95ce70868e0e3baa03,2026-03-04,2026-03-07,False,Budapest,,English: B2,Bachelor,"C, JAVA, SELENIUM, POSTMAN, GIT, CUCUMBER, JIRA, DOCKER, PYTHON, JAVASCRIPT, JUNIT, INTELLIJ, HTML, CSS, VIRTUALIZATION, CYPRESS, MAVEN, JMETER, SVN","SELENIUM, POSTMAN, GIT, CUCUMBER, JIRA, DOCKER, PYTHON, JAVASCRIPT, JUNIT, INTELLIJ, HTML, CSS, VIRTUALIZATION, CYPRESS, MAVEN, JMETER, SVN",,Full-time,5+ years,,
2822777,Product Marketing Manager (gn) - ESN,The Quality Group GmbH,https://www.profession.hu/allas/product-marketing-manager-gn-esn-the-quality-group-gmbh-2822777?sessionId=ed7061b1d89e7c95ce70868e0e3baa03,2026-03-04,2026-03-05,False,Germany,,"English: Fluent, German: Fluent","Bachelor's degree in Marketing, Business Administration, or a related field",,,Remote with monthly on-site days at Hamburg HQ,Full-time,3+ years,,
2822768,Account Executive (m|f|d) - Voith Digital Solutions - DACH,Voith GmbH & Co. KGaA,https://www.profession.hu/allas/account-executive-m-f-d-voith-digital-solutions-dach-voith-gmbh-co-kgaa-2822768?sessionId=ed7061b1d89e7c95ce70868e0e3baa03,2026-03-04,2026-03-07,False,Germany or Austria,,"English, German","Bachelor's or Master's degree in Industrial Engineering, Business Administration with a focus on Sales or Marketing, Business Informatics, Digital Business, or a related field",,ANALYTICS C DYNAMICS CRM,Full-time,Full-time,1-3 years,,
2823754,"Specialist, Innovation & Emerging Tech (m/f/d)",Belden Deutschland GmbH,https://www.profession.hu/allas/specialist-innovation-emerging-tech-m-f-d-belden-deutschland-gmbh-2823754?sessionId=ed7061b1d89e7c95ce70868e0e3baa03,2026-03-04,2026-03-07,False,Neckartenzlingen,,"English: Fluent, German: Beneficial","Master's in Computer Science, Electrical/Electronic Engineering, or a related discipline.",,SECURITY,On-site with home office,Full-time,2-3 years,,
2823622,Webfejlesztő/ programozó,Csaba Kalocsányi,https://www.profession.hu/allas/webfejleszto-programozo-csaba-kalocsanyi-nyiregyhaza-2823622?sessionId=ed7061b1d89e7c95ce70868e0e3baa03,2026-03-04,2026-03-07,False,Nyíregyháza,,English: B2,Felsőoktatási szakképzés,"HTML, CSS, JavaScript, JQuery, Bootstrap, Grid / Flex, PHP, Twig, .NET5+, Angular 2+","Shoprenter, Unas",Teljes munkaidő,Alkalmazotti jogviszony,1-3 év tapasztalat,,
2823548,Ux Researcher  | 80-100% | Hybrid Working Model | Zurich Switzerland,SMG Swiss Marketplace Group,https://www.profession.hu/allas/ux-researcher-hybrid-working-model-zurich-switzerland-smg-swiss-marketplace-group-2823548?sessionId=ed7061b1d89e7c95ce70868e0e3baa03,2026-03-04,2026-03-07,False,Zurich,,"English: B2, French: Native, German: Native",Bachelor,,"R, SPSS, Windows, Mac, iPhone, Samsung, Pixel mobile",Hybrid,Full-time,1-3 years,,
2823041,C#.net fejlesztő - Távoli munkavégzés,OZEKI Informatikai Kft.,https://www.profession.hu/allas/c-net-fejleszto-tavoli-munkavegzes-ozeki-informatikai-kft-2823041?sessionId=ed7061b1d89e7c95ce70868e0e3baa03,2026-03-04,2026-03-07,False,,N. e Ft/hó,English: B2,Főiskola,"C, JAVA",,Home-Office,Full-time,Pályakezdő/friss diplomás,,
2823039,C#.net fejlesztő - Távoli munkavégzés,OZEKI Informatikai Kft.,https://www.profession.hu/allas/c-net-fejleszto-tavoli-munkavegzes-ozeki-informatikai-kft-2823039?sessionId=ed7061b1d89e7c95ce70868e0e3baa03,2026-03-04,2026-03-07,False,,,English: B2,Főiskola,"C#, Java",,Home-Office,Full-time,Pályakezdő/friss diplomás,,
2823030,Medior Mobile Software Engineer,Digital Natives Szolgáltató Zrt.,https://www.profession.hu/allas/medior-mobile-software-engineer-digital-natives-szolgaltato-zrt-2823030?sessionId=ed7061b1d89e7c95ce70868e0e3baa03,2026-03-04,2026-03-07,False,Budapest,,English: B2,Középiskola,"Flutter, React, Nest.js, Elixir","REACT, IOS, ANDROID, ACCESS, AGILE, TESTING, HTML5, CSS, CLEAN CODE, SCRUM",Home-Office,Full-time,1-3 years,,
2823006,Robotics Engineer – Digital Twin & Simulation,High Tech Engineering Center Kft.,https://www.profession.hu/allas/robotics-engineer-digital-twin-simulation-high-tech-engineering-center-kft-budapest-2823006?sessionId=ed7061b1d89e7c95ce70868e0e3baa03,2026-03-04,2026-03-05,False,Budapest,,,"Bachelor's or Master's degree in Robotics, Computer Science, Mechanical Engineering, or a related field.","Python, C++","NVIDIA Omniverse, Isaac Sim, Isaac Lab, OpenUSD, ROS2",,Full-time,,,
2822989,"Rendszerparaméterező, riport-és szövegszerkesztő",Multilogic Tanácsadó és Informatikai Kft.,https://www.profession.hu/allas/rendszerparameterezo-riport-es-szovegszerkeszto-multilogic-tanacsado-es-informatikai-kft-2822989?sessionId=ed7061b1d89e7c95ce70868e0e3baa03,2026-03-04,2026-03-05,False,Budapest,,,Főiskola,,"Microsoft Word, Microsoft Office",Általános munkarend,Teljes munkaidő,,,
2822972,Medior Software Engineer,Digital Natives Szolgáltató Zrt.,https://www.profession.hu/allas/medior-software-engineer-digital-natives-szolgaltato-zrt-2822972?sessionId=ed7061b1d89e7c95ce70868e0e3baa03,2026-03-04,2026-03-05,False,Budapest,,English: B2,Középiskola,"React, TypeScript",TESTING AGILE CLEAN CODE REACT SCRUM HTML5 CSS SASS GIT,Home-Office,Full-time,1-3 years,,
2822957,GIS Consultant,Accenture Korlátolt Felelősségű Társaság,https://www.profession.hu/allas/gis-consultant-accenture-korlatolt-felelossegu-tarsasag-2822957?sessionId=ed7061b1d89e7c95ce70868e0e3baa03,2026-03-04,2026-03-05,False,Budapest,,"English: B2, German: B2",Középiskola,"ARCGIS, AGILE, SCRUM, JIRA, CONFLUENCE","ARCGIS, AGILE, SCRUM, JIRA, CONFLUENCE",Hybrid,Full-time,,,
2822954,Identity management developer,CDSYS Nyrt.,https://www.profession.hu/allas/identity-management-developer-cdsys-nyrt-2822954?sessionId=ed7061b1d89e7c95ce70868e0e3baa03,2026-03-04,2026-03-05,False,Budapest,,English: B2,Középiskola,"JAVA, SQL, ANGULAR, C","BACKEND, FRONTEND, REST, SOAP, LDAP",Hybrid,Full-time,3-5 years,,
2822893,Senior Product Manager,The Stepstone Group GmbH,https://www.profession.hu/allas/senior-product-manager-the-stepstone-group-gmbh-2822893?sessionId=ed7061b1d89e7c95ce70868e0e3baa03,2026-03-04,2026-03-05,False,Germany,,German: C1,Bachelor,,AGILE,Hybrid,Full-time,1-3 years,,
2822891,Lead Product Manager,The Stepstone Group GmbH,https://www.profession.hu/allas/lead-product-manager-the-stepstone-group-gmbh-2822891?sessionId=ed7061b1d89e7c95ce70868e0e3baa03,2026-03-04,2026-03-05,False,Germany,,German: C1,Bachelor,,AGILE,Hybrid,Full-time,1-3 years,,
2822886,System Engineer (m/f/d) Defence,FERCHAU – Connecting People and Technologies,https://www.profession.hu/allas/system-engineer-m-f-d-defence-ferchau-connecting-people-and-technologies-2822886?sessionId=ed7061b1d89e7c95ce70868e0e3baa03,2026-03-04,2026-03-05,False,Manching,,English: B2,Bachelor,,"Jira, Confluence, DOORS, MATLAB/Simulink, SCADE",Hybrid,Full-time,1-3 years,,
2822883,Embedded / Middleware Software Developer (m/f/d),FERCHAU – Connecting People and Technologies,https://www.profession.hu/allas/embedded-middleware-software-developer-m-f-d-ferchau-connecting-people-and-technologies-2822883?sessionId=ed7061b1d89e7c95ce70868e0e3baa03,2026-03-04,2026-03-05,False,Garching bei München,,English: B2,Bachelor,"C, C++, ADA","Tiger Lab, VxWorks",Hybrid,Full-time,1-3 years,,
2822882,Software Developer (m/f/d) Simulation Helicopter / UAV,FERCHAU – Connecting People and Technologies,https://www.profession.hu/allas/software-developer-m-f-d-simulation-helicopter-uav-ferchau-connecting-people-and-technologies-2822882?sessionId=ed7061b1d89e7c95ce70868e0e3baa03,2026-03-04,2026-03-05,False,Donauwörth,,English: B2,Főiskola,"C, C++","Qt, Real Time Operating Systems (RTOS)",Hybrid,Full-time,1-3 years,,
2822773,Quality Management System (QMS) Manager (m/f/x),ZEISS,https://www.profession.hu/allas/quality-management-system-qms-manager-m-f-x-zeiss-2822773?sessionId=ed7061b1d89e7c95ce70868e0e3baa03,2026-03-04,2026-03-05,False,Németország,,English: B2,Master's level,,"SAP, BPMN 2.0",Full-time,Full-time,1-3 years,,
2822314,IT business analyst,NRGmap Kft.,https://www.profession.hu/allas/it-business-analyst-nrgmap-kft-budapest-2822314?sessionId=ed7061b1d89e7c95ce70868e0e3baa03,2026-03-04,2026-03-05,False,Budapest,,English: B2,Felsőoktatási szakképzés,,,Hybrid,Full-time,3-5 years,,
2822017,Szoftverfejlesztő gyakornok,AgileXpert Szoftverfejlesztő és Tanácsadó Kft.,https://www.profession.hu/allas/szoftverfejleszto-gyakornok-agilexpert-szoftverfejleszto-es-tanacsado-kft-2822017?sessionId=ed7061b1d89e7c95ce70868e0e3baa03,2026-03-04,2026-03-05,False,Budapest,,English: B2,Főiskola,"BACKEND, FRONTEND, AGILIS",,Részmunkaidő Általános munkarend,Full-time,,,
2822016,Backend Engineer (NodeJS),Supercharge Kft.,https://www.profession.hu/allas/backend-engineer-nodejs-supercharge-kft-2822016?sessionId=ed7061b1d89e7c95ce70868e0e3baa03,2026-03-04,2026-03-04,False,Budapest,,English: B2,Középiskola,"NodeJS, Docker, SQL, ACCESS, CLOUD, AWS, DEVOPS, WINDOWS, POSTGRESQL, POWERSHELL, VPN","BACKEND, DOCKER, SQL DATABASES, ACCESS, CLOUD, AWS, DEVOPS, WINDOWS, POSTGRESQL, NODEJS, POWERSHELL, VPN, TROUBLESHOOTING, DEBUGGING, CISCO",,Full-time,3-5 years,,
2822015,Senior Backend Developer,Drótposta Consulting Informatikai Tanácsadó Kft.,https://www.profession.hu/allas/senior-backend-developer-drotposta-consulting-informatikai-tanacsado-kft-2822015?sessionId=ed7061b1d89e7c95ce70868e0e3baa03,2026-03-04,2026-03-05,False,,,,Középiskola,"Java, Spring","DOCKER, SPRING, JAVA, AWS, REST, SECURITY, GIT, SCRUM, JSON, INTELLIJ, JENKINS, CUCUMBER",Hibrid,Teljes munkaidő,,,
2822007,AI Inference Engineer,High Tech Engineering Center Kft.,https://www.profession.hu/allas/ai-inference-engineer-high-tech-engineering-center-kft-budapest-2822007?sessionId=ed7061b1d89e7c95ce70868e0e3baa03,2026-03-04,2026-03-05,False,Budapest,,,"Bachelor's degree in Computer Science, Engineering, Mathematics, or related discipline","C, C++, Python","Linux, OpenCL, CUDA",Full-time,Full-time,3-5 years,,
2821995,Medior szoftverfejlesztő,AgileXpert Szoftverfejlesztő és Tanácsadó Kft.,https://www.profession.hu/allas/medior-szoftverfejleszto-agilexpert-szoftverfejleszto-es-tanacsado-kft-2821995?sessionId=ed7061b1d89e7c95ce70868e0e3baa03,2026-03-04,2026-03-05,False,Budapest,,English: B2,Középiskola,"SQL, JAVA, AGILIS",,Hibrid,Teljes munkaidő,3-5 év tapasztalat,,
2821990,Junior szoftverfejlesztő,AgileXpert Szoftverfejlesztő és Tanácsadó Kft.,https://www.profession.hu/allas/junior-szoftverfejleszto-agilexpert-szoftverfejleszto-es-tanacsado-kft-2821990?sessionId=ed7061b1d89e7c95ce70868e0e3baa03,2026-03-04,2026-03-05,False,Budapest,,English: B2,Középiskola,"JAVA, SQL, AGILIS",,Hibrid,Teljes munkaidő,1-3 év tapasztalat,,
2821987,JAVA developer,OZEKI Informatikai Kft.,https://www.profession.hu/allas/java-developer-ozeki-informatikai-kft-debrecen-2821987?sessionId=ed7061b1d89e7c95ce70868e0e3baa03,2026-03-04,2026-03-05,False,Debrecen,,,Főiskola (Bachelor),"Java, C++","LINUX, JAVA",Hybrid,Full-time,,,
2821982,(Senior) Data Scientist,DATAPAO Kft.,https://www.profession.hu/allas/senior-data-scientist-datapao-kft-2821982?sessionId=ed7061b1d89e7c95ce70868e0e3baa03,2026-03-04,2026-03-05,False,Budapest,"{'min': 1200000, 'max': 2300000, 'currency': 'HUF'}",English: B2,Középiskola,Python,"Git, Clean Code, MacOS",Hybrid,Full-time,,,
2821981,Senior QA Automation Engineer,Drótposta Consulting Informatikai Tanácsadó Kft.,https://www.profession.hu/allas/senior-qa-automation-engineer-drotposta-consulting-informatikai-tanacsado-kft-2821981?sessionId=ed7061b1d89e7c95ce70868e0e3baa03,2026-03-04,2026-03-05,False,,,,High School with Diploma,Java,"POSTMAN, GIT, SQL, REST API, TESTING, TEST AUTOMATION, SPRING, DOCKER, AWS, INTELLIJ, CUCUMBER",Hybrid,Full-time,,,
2821975,Senior Pega Developer,Accenture Korlátolt Felelősségű Társaság,https://www.profession.hu/allas/senior-pega-developer-accenture-korlatolt-felelossegu-tarsasag-2821975?sessionId=ed7061b1d89e7c95ce70868e0e3baa03,2026-03-04,2026-03-05,False,Budapest,,English: B2+,Bachelor,"Pega, SOAP, REST, PL/SQL","CLOUD API, SQL, XML, UML, DEVOPS, ACCESS, AGILE, REST",Hybrid,Full-time,3-5 years,,
2821972,Product consultant,OZEKI Informatikai Kft.,https://www.profession.hu/allas/product-consultant-ozeki-informatikai-kft-debrecen-2821972?sessionId=ed7061b1d89e7c95ce70868e0e3baa03,2026-03-04,2026-03-05,False,Debrecen,,English: B2,Bachelor,,,On-site with home office,Full-time,0-1 years,,
2821966,Product consultant,OZEKI Informatikai Kft.,https://www.profession.hu/allas/product-consultant-ozeki-informatikai-kft-debrecen-2821966?sessionId=ed7061b1d89e7c95ce70868e0e3baa03,2026-03-04,2026-03-05,False,Debrecen,,English: B2,Bachelor,,,On-site with home office,Full-time,0-1 years,,
2821949,Junior online technikai marketinges,OZEKI Informatikai Kft.,https://www.profession.hu/allas/junior-online-technikai-marketinges-ozeki-informatikai-kft-debrecen-2821949?sessionId=ed7061b1d89e7c95ce70868e0e3baa03,2026-03-04,2026-03-05,False,Debrecen,,English: B2,Bachelor/Master (Bsc/Msc),,,On-site with home office,Full-time,,,
2821948,Solution Designer,OZEKI Informatikai Kft.,https://www.profession.hu/allas/solution-designer-ozeki-informatikai-kft-debrecen-2821948?sessionId=ed7061b1d89e7c95ce70868e0e3baa03,2026-03-04,2026-03-05,False,Debrecen,,English: B2,"Bachelor, Master, PhD",,,On-site with home office,Full-time,,,
2821946,Lead Backend Engineer,Supercharge Kft.,https://www.profession.hu/allas/lead-backend-engineer-supercharge-kft-2821946?sessionId=ed7061b1d89e7c95ce70868e0e3baa03,2026-03-04,2026-03-04,False,Budapest,,,High School with Diploma,"Java, Kotlin","BACKEND, CLOUD, SPRING, PYTHON",Hybrid,Full-time,,,
2821932,Szenior szoftverfejlesztő,AgileXpert Szoftverfejlesztő és Tanácsadó Kft.,https://www.profession.hu/allas/szenior-szoftverfejleszto-agilexpert-szoftverfejleszto-es-tanacsado-kft-2821932?sessionId=ed7061b1d89e7c95ce70868e0e3baa03,2026-03-04,2026-03-05,False,Budapest,,English: B2,Egyetem (Bachelor),"Java, SQL",Agilis,Hybrid,Full-time,5-10 év tapasztalat,,
2821929,AWS Cloud Engineering Manager,SnapSoft Informatikai és Szolgáltató Kft.,https://www.profession.hu/allas/aws-cloud-engineering-manager-snapsoft-informatikai-es-szolgaltato-kft-2821929?sessionId=ed7061b1d89e7c95ce70868e0e3baa03,2026-03-04,2026-03-04,False,Budapest,,English: B2,"Master's degree in Computer Science, Information Technology, or a related field",,"AWS CLOUD, AZURE, API, ANSIBLE, DOCKER, DNS, VPN, SECURITY ACCESS, NODE.JS, BITBUCKET",Remote,Full-time,8-10 years,,
2821907,Sovereign Cloud Expert DevOps Engineer (f/m/d) - SAP SuccessFactors (HCM),SAP SE,https://www.profession.hu/allas/sovereign-cloud-expert-devops-engineer-f-m-d-sap-successfactors-hcm-sap-se-2821907?sessionId=ed7061b1d89e7c95ce70868e0e3baa03,2026-03-04,2026-03-05,False,Németország,,English: B2,"Bachelor's degree in computer science, engineering, or similar field","Python, PowerShell","AWS CLOUD, DOCKER, PYTHON, DEVOPS, POWERSHELL, SAP SECURITY, ANSIBLE, API, DATABASE @SAP. SERVICE MANAGEMENT, JENKINS",,"Full-time, unbefristet",7+ years of professional experience in Cloud Delivery related fields and technologies,,
2821893,Product Manager and Product Owner - Hardware (m/f/d),Utimaco GmbH,https://www.profession.hu/allas/product-manager-and-product-owner-hardware-m-f-d-utimaco-gmbh-2821893?sessionId=ed7061b1d89e7c95ce70868e0e3baa03,2026-03-04,2026-03-05,False,Németország,,English: B2,Középiskola,,HARDWARE R SECURITY,Általános munkarend,Teljes munkaidő,1-3 év tapasztalat,,
2821886,Senior Consultant (f/m/d) Sales & Service Cloud,SAP SE,https://www.profession.hu/allas/senior-consultant-f-m-d-sales-service-cloud-sap-se-2821886?sessionId=ed7061b1d89e7c95ce70868e0e3baa03,2026-03-04,2026-03-05,False,,,"{'Language': 'English', 'Level': 'B2'}",Bachelor,"Python, ABAP",,Home-Office,Full-time,5+ years,,
2821884,Senior Cloud Security Engineer (Data Security),N26 GmbH,https://www.profession.hu/allas/senior-cloud-security-engineer-data-security-n-gmbh-2821884?sessionId=ed7061b1d89e7c95ce70868e0e3baa03,2026-03-04,2026-03-05,False,Germany,,English: B2,Master's degree in cybersecurity or a related field,"Python, Bash","AWS, Linux, Terraform, DLP/DSPM, CNAPP, vulnerability scanners, endpoint security",Hybrid,Full-time,3-5 years,,
2821869,Lead Workday Specialist,N26 GmbH,https://www.profession.hu/allas/lead-workday-specialist-n-gmbh-2821869?sessionId=ed7061b1d89e7c95ce70868e0e3baa03,2026-03-04,2026-03-05,False,Németország,,Angol középfok,Középiskola,,"Workday, Greenhouse, Jira",Teljes munkaidő Általános munkarend,Full-time,1-3 év tapasztalat,,
2821842,Senior Expert IT Service Excellence Energy Networks (f/m/d),E.ON,https://www.profession.hu/allas/senior-expert-it-service-excellence-energy-networks-f-m-d-e-on-2821842?sessionId=ed7061b1d89e7c95ce70868e0e3baa03,2026-03-04,2026-03-05,False,Magyarországon belül bárhonnan,,"English: B2, German: B2",Egyetem,,"ACCESS SECURITY, CLOUD, PROJECT MANAGEMENT, AGILE, ITIL",Home-Office,Full-time,3-5 years,,
2821818,Application Security Engineer (m/f/x),Liebherr-IT Services GmbH,https://www.profession.hu/allas/application-security-engineer-m-f-x-liebherr-it-services-gmbh-2821818?sessionId=ed7061b1d89e7c95ce70868e0e3baa03,2026-03-04,2026-03-05,False,Oberopfingen,,"English: B2, German: B2, French: B2","Bachelor's/Master's in Cybersecurity, Computer Science, or related field",,"CLOUD SECURITY, AWS, AZURE, ISO TESTING",Hybrid,Full-time,3-5 years,,
2821309,Ux Researcher  | 80-100% | Hybrid Working Model | Zurich Switzerland,SMG Swiss Marketplace Group,https://www.profession.hu/allas/ux-researcher-hybrid-working-model-zurich-switzerland-smg-swiss-marketplace-group-2821309?sessionId=ed7061b1d89e7c95ce70868e0e3baa03,2026-03-04,2026-03-05,False,Zurich,,"English: B2, French: Native speaker, German: Native speaker, Italian: Native speaker",Bachelor,"R, SPSS","NETWORK, WINDOWS",Hybrid,Full-time,1-3 years,,
2847371,Mesterséges intelligencia szakértő,MVM Next Energiakereskedelmi Zrt.,https://www.profession.hu/allas/mesterseges-intelligencia-szakerto-mvm-next-energiakereskedelmi-zrt-budapest-2847371?sessionId=ed7061b1d89e7c95ce70868e0e3baa03,2026-03-05,2026-03-25,True,Budapest,,,Főiskola,Python,"BI, SQL",Általános munkarend,Teljes munkaidő,3-5 év tapasztalat,,
2847315,Low code fejlesztő,Raiffeisen Software GmbH Magyarországi Fióktelepe,https://www.profession.hu/allas/low-code-fejleszto-raiffeisen-software-gmbh-magyarorszagi-fioktelepe-budapest-2847315?sessionId=ed7061b1d89e7c95ce70868e0e3baa03,2026-03-05,2026-03-25,True,Budapest,,English: B2,Középiskola,,"Appian, Windows, Laptop, Monitor (2 db), Headset",Hybrid,Full-time,3-5 years,,
2845317,IT integrációs szakértő,Innomine Group Kft.,https://www.profession.hu/allas/it-integracios-szakerto-innomine-group-kft-budapest-2845317?sessionId=ed7061b1d89e7c95ce70868e0e3baa03,2026-03-05,2026-03-25,True,Budapest,,English: B2,Bachelor,,"API, DEVOPS, ISO, REST, AGILE, SCRUM",Full-time,Full-time,3-5 years,,
2847118,Junior Information Security Consultant,RSM Hungary Könyvvizsgáló Zrt.,https://www.profession.hu/allas/junior-information-security-consultant-rsm-hungary-konyvvizsgalo-zrt-budapest-2847118?sessionId=ed7061b1d89e7c95ce70868e0e3baa03,2026-03-05,2026-03-25,True,Budapest,,English: B2,Bachelor,,"EXCEL, SECURITY, ISO, NIS, IT",On-site with home office,Full-time,0-1 years,,
2847002,SENIOR CRM ELEMZŐ - RETAIL ÜZLETÁG,Raiffeisen Bank Zrt.,https://www.profession.hu/allas/senior-crm-elemzo-retail-uzletag-raiffeisen-bank-zrt-budapest-2847002?sessionId=ed7061b1d89e7c95ce70868e0e3baa03,2026-03-05,2026-03-25,True,Budapest,,English: B2,Főiskola (Bachelor),PL SQL,"Oracle, Salesforce, Databricks",Full-time,Full-time,3-5 years,,
2846994,"IT tesztmérnök - Lexholding ZRt,",Lexholding ZRt.,https://www.profession.hu/allas/it-tesztmernok-lexholding-zrt-lexholding-zrt-budapest-2846994?sessionId=ed7061b1d89e7c95ce70868e0e3baa03,2026-03-05,2026-03-25,True,Budapest,,,Főiskola,"Java, C/C++, Ruby, Python, XML, SQL","GIT, Jmeter, SoapUI, Selenium",Hybrid,Full-time,1-3 years,,
2846966,Product manager,LoxTrade Kft.,https://www.profession.hu/allas/product-manager-loxtrade-kft-budapest-2846966?sessionId=ed7061b1d89e7c95ce70868e0e3baa03,2026-03-05,2026-03-23,False,Budapest,,English: B2,Középiskola,"HTML, JAVASCRIPT, PHP","Laptop, Headset",Általános munkarend,Teljes munkaidő,1-3 év tapasztalat,,
2846955,Bi fejlesztő,PROFESSION SERVICES,https://www.profession.hu/allas/bi-fejleszto-profession-services-budapest-2846955/pro?sessionId=ed7061b1d89e7c95ce70868e0e3baa03,2026-03-05,2026-03-25,True,Budapest,,English: B2,Egyetem,"BI, SQL, PYTHON, POWER BI, AGILIS, ADATTÁRHÁZ, AZURE, AWS",Laptop,Hibrid,Teljes munkaidő,5-10 év tapasztalat,,
2846948,Integration Lead - SAP BTP Integration Suite,Xylem Water Solutions Ltd,https://www.profession.hu/allas/integration-lead-sap-btp-integration-suite-xylem-water-solutions-ltd-2846948?sessionId=ed7061b1d89e7c95ce70868e0e3baa03,2026-03-05,2026-03-25,True,Budapest,,English: B2,"Bachelor's or Master's degree in information technology, related field, or equivalent work experience","SAP BTP Integration Suite, SAP Cloud Platform Integration (CPI), SQL, XSLT","SAP BTP Integration Suite, SAP Cloud Platform Integration (CPI), IBM App Connect, MuleSoft",,Full-time,>10 years,,
2846926,Senior Manuális Tesztelő,PROFESSION SERVICES,https://www.profession.hu/allas/senior-manualis-tesztelo-profession-services-budapest-2846926/pro?sessionId=ed7061b1d89e7c95ce70868e0e3baa03,2026-03-05,2026-03-25,True,Budapest,,Német középfok,Egyetem,BACKEND,Laptop,Hibrid,Teljes munkaidő,5-10 év tapasztalat,,
2846919,Senior java fejlesztő,PROFESSION SERVICES,https://www.profession.hu/allas/senior-java-fejleszto-profession-services-budapest-2846919/pro?sessionId=ed7061b1d89e7c95ce70868e0e3baa03,2026-03-05,2026-03-25,True,Budapest,,"English: B2, German: B2",Egyetem,"Java, Spring, Hibernate, SQL, JUNIT, SCRUM, AGILIS, BACKEND, CLEAN CODE",Laptop,Hybrid,Full-time,5-10 év tapasztalat,,
2845889,Executive Project Manager,Porsche L.S. Kft.,https://www.profession.hu/allas/executive-project-manager-porsche-l-s-kft-budapest-2845889?sessionId=ed7061b1d89e7c95ce70868e0e3baa03,2026-03-05,2026-03-25,True,Budapest,,{'English': 'C1'},Bachelor,,,Hybrid,Full-time,3-5 years,,
2847380,Medior Fullstack Fejlesztő,LVCD Entertainment,https://www.profession.hu/allas/medior-fullstack-fejleszto-lvcd-entertainment-budapest-2847380?sessionId=ed7061b1d89e7c95ce70868e0e3baa03,2026-03-05,2026-03-25,True,Budapest,,English: B2,Főiskola,"JavaScript, HTML5, CSS3, Node.js","React, Vue/Nuxt, API, CMS, Git, Clean Code, Agilis, Scrum, REST",Hybrid,Full-time,3-5 years,,
2847071,Informatikai projektkoordinátor (informatikai és hírközlési referens),BECK AND PARTNERS Kft.,https://www.profession.hu/allas/informatikai-projektkoordinator-informatikai-es-hirkozlesi-referens-beck-and-partners-kft-budapest-2847071?sessionId=ed7061b1d89e7c95ce70868e0e3baa03,2026-03-05,2026-03-25,True,Budapest,,English: B1,Főiskola (College),,,Általános munkarend (General work arrangement),Teljes munkaidő (Full-time),1-3 years,,
2846975,Java szoftverfejlesztő gyakornok,Fürge Diák Iskolaszövetkezet,https://www.profession.hu/allas/java-szoftverfejleszto-gyakornok-furge-diak-iskolaszovetkezet-budapest-2846975?sessionId=ed7061b1d89e7c95ce70868e0e3baa03,2026-03-05,2026-03-25,True,Budapest,2200 Ft/óra,English: B2,Középiskola,"Java, Javascript",Laptop,Hibrid,Diákmunka,,,
2846922,projektportfólió menedzsment szakértő,MVM Informatika Zrt.,https://www.profession.hu/allas/projektportfolio-menedzsment-szakerto-mvm-informatika-zrt-2846922?sessionId=ed7061b1d89e7c95ce70868e0e3baa03,2026-03-05,2026-03-22,False,Budapest,,English: B2,Főiskola,,,Általános munkarend,Teljes munkaidő,5-10 év tapasztalat,,
2846841,SAP rendszertámogató gyakornok,Fürge Diák Iskolaszövetkezet,https://www.profession.hu/allas/sap-rendszertamogato-gyakornok-furge-diak-iskolaszovetkezet-budapest-2846841?sessionId=ed7061b1d89e7c95ce70868e0e3baa03,2026-03-05,2026-03-25,True,Budapest,2200 Ft/óra,English: B2,Középiskola,,"SAP, SQL",Hibrid,Részmunkaidő,,,
2842186,életbiztosítási termékmenedzser,K&H Biztosító Zártkörűen Működő Részvénytársaság,https://www.profession.hu/allas/eletbiztositasi-termekmenedzser-k-h-biztosito-zartkoruen-mukodo-reszvenytarsasag-budapest-2842186?sessionId=ed7061b1d89e7c95ce70868e0e3baa03,2026-03-05,2026-03-25,True,Budapest,,"English: B2, Hungarian: C1",Főiskola (College),,"Word, Excel",Full-time,Full-time,1-3 years,,
2847682,Senior Site Reliability Engineering - Database Operations,N26 GmbH,https://www.profession.hu/allas/senior-site-reliability-engineering-database-operations-n-gmbh-2847682?sessionId=ed7061b1d89e7c95ce70868e0e3baa03,2026-03-05,2026-03-09,False,Magyarországon belül bárhonnan,,English: B2,Egyetem,Python,"DATABASE SECURITY, CLOUD POSTGRESQL, DOCKER, BACKUP ACCESS, INCIDENT MANAGEMENT, TROUBLESHOOTING, JENKINS, REST, AWS",Home-Office,Full-time,1-3 years,,
2847633,Senior AI Model Developer (f/m/x),BMW Group,https://www.profession.hu/allas/senior-ai-model-developer-f-m-x-bmw-group-2847633?sessionId=ed7061b1d89e7c95ce70868e0e3baa03,2026-03-05,2026-03-25,True,Németország,,"{'Language': 'English', 'CEFR Level': 'B2'}",Főiskola (University degree),Python,"PYTHON, SECURITY. TESTING, AGILE",Full-time,Full-time,5+ years,,
2847618,"Senior/Expert Platform Engineer (f/m/d) for Cloud Orchestrator (Go, Kubernetes, Operator Pattern)",SAP SE,https://www.profession.hu/allas/senior-expert-platform-engineer-f-m-d-for-cloud-orchestrator-go-kubernetes-operator-pattern-sap-se-2847618?sessionId=ed7061b1d89e7c95ce70868e0e3baa03,2026-03-05,2026-03-05,False,Németország,,English: B2,Bachelor,,CLOUD API SAP @SAP,"Part-Time, or Vollzeit, unbefristet",Full-time,1-3 years,,
2847606, (Senior) Solution Advisor (f/m/d) - Focus on Asset and Service Management (Operate & Service),SAP SE,https://www.profession.hu/allas/senior-solution-advisor-f-m-d-focus-on-asset-and-service-management-operate-service-sap-se-2847606?sessionId=ed7061b1d89e7c95ce70868e0e3baa03,2026-03-05,2026-03-17,False,,,"{'Language': 'German', 'Level': 'Business English'}",Bachelor,,"SAP CLOUD NETWORK, @SAP. SERVICE MANAGEMENT",Hybrid,Full-time,3-5 years,,
2847599,Associate Engineering Manager,N26 GmbH,https://www.profession.hu/allas/associate-engineering-manager-n-gmbh-2847599?sessionId=ed7061b1d89e7c95ce70868e0e3baa03,2026-03-05,2026-03-25,True,Germany,,English: B2,Bachelor,,"ACCESS, AGILE",Hybrid,Full-time,3-5 years,,
2847594,Senior UX Researcher,N26 GmbH,https://www.profession.hu/allas/senior-ux-researcher-n-gmbh-2847594?sessionId=ed7061b1d89e7c95ce70868e0e3baa03,2026-03-05,2026-03-25,True,Germany,,"English: C1, German: Native",Bachelor,,,Hybrid,Full-time,5+ years,,
2847584,Intern (m/f/d) International Data & Processes,Dr. August Oetker Nahrungsmittel KG,https://www.profession.hu/allas/intern-m-f-d-international-data-processes-dr-august-oetker-nahrungsmittel-kg-2847584?sessionId=ed7061b1d89e7c95ce70868e0e3baa03,2026-03-05,2026-03-11,False,Németország,,"English: B2, German: B2",Középiskola,,"MICROSOFT OFFICE, POWERPOINT, BPMN, EXCEL",Teljes munkaidő Általános munkarend,Short-term,1-3 years,,
2847571,Solution Advisor Expert (f/m/d) - Focus on Asset and Service Management (Operate & Service),SAP SE,https://www.profession.hu/allas/solution-advisor-expert-f-m-d-focus-on-asset-and-service-management-operate-service-sap-se-2847571?sessionId=ed7061b1d89e7c95ce70868e0e3baa03,2026-03-05,2026-03-17,False,Németország,,"German, Business English",Bachelor,,SAP CLOUD NETWORK @SAP. SERVICE MANAGEMENT,Full-time,"Vollzeit, unbefristet",5+ years,,
2847566,Salesforce Developer (m/f/d),CLARK Holding SE,https://www.profession.hu/allas/salesforce-developer-m-f-d-clark-holding-se-2847566?sessionId=ed7061b1d89e7c95ce70868e0e3baa03,2026-03-05,2026-03-25,True,Germany,,English: B2,"Bachelor's degree in Computer Science, Engineering, or a related technical field.","JavaScript, Apex, LWC, Aura, Visualforce pages","Salesforce customizations, configurations, Flows, Apex Data Loader, Workbench, Visual Studio Code",Hybrid,Full-time,5+ years,,
2847559,Director - Product Operations (m/f/d),EGYM SE,https://www.profession.hu/allas/director-product-operations-m-f-d-egym-se-2847559?sessionId=ed7061b1d89e7c95ce70868e0e3baa03,2026-03-05,2026-03-25,True,Munich,,"English: Business fluent, German: Plus",Bachelor,,,Hybrid,Full-time,10+ years,,
2847555,Senior Backend Engineer,Circonomit GmbH,https://www.profession.hu/allas/senior-backend-engineer-circonomit-gmbh-2847555?sessionId=ed7061b1d89e7c95ce70868e0e3baa03,2026-03-05,2026-03-25,True,Cologne,,"{'English': 'C1'}, {'German': 'C1'}",Bachelor,"TypeScript, SQL","Solid.js, Tantstack Start",,Full-time,5+ years,,
2847528,IT Systems and Solution Architect* – R&D,AiCuris Anti-infective Cures AG,https://www.profession.hu/allas/it-systems-and-solution-architect-r-d-aicuris-anti-infective-cures-ag-2847528?sessionId=ed7061b1d89e7c95ce70868e0e3baa03,2026-03-05,2026-03-25,True,Németország,,"English: Fluent, German: Preferred","University degree in Computer Science, Bioinformatics, or a similar field; an MBA or relevant certifications (e.g., TOGAF, Azure Solutions Architect) are preferred.","Azure, SQL/NoSQL, API management, cloud infrastructure",R SECURITY AZURE DATABASE SQL NOSQL API CLOUD PROJECT MANAGEMENT,,Full-time,1-3 years,,
2847521,Senior Product Owner - Digital Transformation,Sasol Germany GmbH,https://www.profession.hu/allas/senior-product-owner-digital-transformation-sasol-germany-gmbh-2847521?sessionId=ed7061b1d89e7c95ce70868e0e3baa03,2026-03-05,2026-03-25,True,Hamburg,,English: B2,"Bachelor's or Master's degree in Business Management, Industrial Engineering, Mechanical Engineering, Chemistry, or a related discipline within the chemicals value chain",,"ACCESS, AGILE, SCRUM",Hybrid,Full-time,5+ years,,
2847513,IT Systems and Solution Architect* – Comm. and Finance,AiCuris Anti-infective Cures AG,https://www.profession.hu/allas/it-systems-and-solution-architect-comm-and-finance-aicuris-anti-infective-cures-ag-2847513?sessionId=ed7061b1d89e7c95ce70868e0e3baa03,2026-03-05,2026-03-25,True,Németország,,"English: Fluent, German: Preferred","University degree in Business Informatics, Computer Science, or a related field",,"Veeva Vault CRM, Microsoft Dynamics 365 ecosystem, Azure cloud services, API management, Power Platform (Power BI/Power Automate), SQL database design",Full-time,Full-time,1-3 years,,
2847490,CORE Banking Specialist / Business Analyst on OLYMPIC (f/m/d),UniCredit International Bank (Luxembourg) SA,https://www.profession.hu/allas/core-banking-specialist-business-analyst-on-olympic-f-m-d-unicredit-international-bank-luxembourg-sa-2847490?sessionId=ed7061b1d89e7c95ce70868e0e3baa03,2026-03-05,2026-03-25,True,Luxembourg city,,"{'English': 'B2'}, {'German': 'B1'}, {'French': 'B1'}, {'Italian': 'C1'}",Bachelor,"SQL, RPG, COBOL","Olympic core banking system, iSeries",Hybrid (on-site with home office),Full-time,6-7 years,,
2847445,Cybersecurity Manager,Leidos,https://www.profession.hu/allas/cybersecurity-manager-leidos-2847445?sessionId=ed7061b1d89e7c95ce70868e0e3baa03,2026-03-05,2026-03-09,False,,"$107,900.00 - $195,050.00",,Bachelor,,,Remote,Full-time,8 – 12 years,,
2847115,Working Student - AI Platform Engineering,Corealis Consulting AG,https://www.profession.hu/allas/working-student-ai-platform-engineering-corealis-consulting-ag-2847115?sessionId=ed7061b1d89e7c95ce70868e0e3baa03,2026-03-05,2026-03-25,True,Zürich,,"English: B2, German: B2",Középiskola,Python,DEVOPS,Általános munkarend (Full-time),Teljes munkaidő (Full-time),,,
2847112,Software Developer,Academic Work Switzerland SA,https://www.profession.hu/allas/software-developer-academic-work-switzerland-sa-2847112?sessionId=ed7061b1d89e7c95ce70868e0e3baa03,2026-03-05,2026-03-13,False,Zurich,,English: B2,High School with Diploma,"PHP, Laravel",MySQL,On-site,Full-time,1-3 years,,
2847111,Doctoral Candidate in computer vision and machine learning for developing novel deep learning methods for plant and animal species identification from,Universität Zürich,https://www.profession.hu/allas/doctoral-candidate-in-computer-vision-and-machine-learning-for-developing-novel-deep-learning-methods-for-plant-and-animal-species-identification-from-universit-t-zurich-2847111?sessionId=ed7061b1d89e7c95ce70868e0e3baa03,2026-03-05,2026-03-25,True,Zürich,,English: B2,Master's degree (or equivalent),,,Remote,Full-time,1-3 years,,
2847100,Senior Frontend Developer – Angular,Ärztekasse Genossenschaft,https://www.profession.hu/allas/senior-frontend-developer-angular-rztekasse-genossenschaft-2847100?sessionId=ed7061b1d89e7c95ce70868e0e3baa03,2026-03-05,2026-03-25,True,Urdorf,,English: B2,Bachelor's or Master's degree in Computer Science (or a related field),"Angular, TypeScript, JavaScript (ES6+)","Angular CLI, Nx, Git, CI/CD pipelines, Agile methodologies",Hybrid,Full-time,5+ years,,
2847098,ERP Specialist,Teoxane SA,https://www.profession.hu/allas/erp-specialist-teoxane-sa-2847098?sessionId=ed7061b1d89e7c95ce70868e0e3baa03,2026-03-05,2026-03-25,True,Switzerland,,"English: B2, French: C1","Főiskola (University, EPF, HES or equivalent Degree)","SAP Business One, SQL","ERP, ETL tool",,Full-time,3-5 years,,
2847097,Backend .Net Software Engineer  100%,CAISSE DES MEDECINS,https://www.profession.hu/allas/backend-net-software-engineer-caisse-des-medecins-2847097?sessionId=ed7061b1d89e7c95ce70868e0e3baa03,2026-03-05,2026-03-25,True,Thônex,,"{'English': 'B2'}, {'French': 'C1'}","Bachelor degree or higher in Computer Science, Computer Engineering or the equivalent in experience","C#, .NET, Entity Framework","BACKEND TESTING, WEBAPI, SQL",Hybrid,Full-time,5-10 years,,
2847094,Business Analytics Partner,Bavarian Nordic Berna GmbH,https://www.profession.hu/allas/business-analytics-partner-bavarian-nordic-berna-gmbh-2847094?sessionId=ed7061b1d89e7c95ce70868e0e3baa03,2026-03-05,2026-03-09,False,Thörishaus,,English: B2,Középiskola,,"Power BI, ANALYTICS, BI, NETWORK",Hybrid,Full-time,1-3 years,,
2847029,C# .net fejlesztő,EXA-SOFT Kft.,https://www.profession.hu/allas/c-net-fejleszto-exa-soft-kft-kaposvar-2847029?sessionId=ed7061b1d89e7c95ce70868e0e3baa03,2026-03-05,2026-03-25,True,Kaposvár,,,Középiskola,"C#, .NET",MSSQL,Általános munkarend,Teljes munkaidő,3-5 év tapasztalat,,
2823917,Associate,"McKinsey & Company, Inc.Hungary Magyarországi Fióktelepe",https://www.profession.hu/allas/associate-mckinsey-company-inc-hungary-magyarorszagi-fioktelepe-2823917?sessionId=ed7061b1d89e7c95ce70868e0e3baa03,2026-03-05,2026-03-08,False,Hungary,,English,Master,,,On-site with home office,Full-time,0-1 years,,
2841076,Principal Software Developer,Oracle Global Services Hungary Kft.,https://www.profession.hu/allas/principal-software-developer-oracle-global-services-hungary-kft-2841076?sessionId=ed7061b1d89e7c95ce70868e0e3baa03,2026-03-05,2026-03-05,False,Hungary,,English: B2,Bachelor's degree in Computer Science or equivalent practical experience,"Python, Ruby, Java, Go","JIRA CLOUD, ORACLE ANSIBLE NETWORK ACCESS DEVOPS, PYTHON, RUBY, JAVA, LINUX, WINDOWS, ANALYTICS, TESTING, TROUBLESHOOTING, JENKINS, AGILE CHANGE MANAGEMENT",,Full-time,5-10 years,,
2832857,Site Reliability Developer,Oracle Global Services Hungary Kft.,https://www.profession.hu/allas/site-reliability-developer-oracle-global-services-hungary-kft-2832857?sessionId=ed7061b1d89e7c95ce70868e0e3baa03,2026-03-05,2026-03-05,False,,,,High School with Diploma,,CLOUD SECURITY ORACLE,Full-time,Full-time,,,
2839199,Software Engineer - Forward Deployed Engineer,"McKinsey & Company, Inc.Hungary Magyarországi Fióktelepe",https://www.profession.hu/allas/software-engineer-forward-deployed-engineer-mckinsey-company-inc-hungary-magyarorszagi-fioktelepe-2839199?sessionId=ed7061b1d89e7c95ce70868e0e3baa03,2026-03-05,2026-03-25,True,Budapest,,,Középiskola,Python,"DATABASES, CLOUD SQL, REACT, POSTGRESQL, AWS",Full-time,Full-time,5+ years,,
2821937,Senior Frontend Engineer,NVIDIA Hungary Kft.,https://www.profession.hu/allas/senior-frontend-engineer-nvidia-hungary-kft-2821937?sessionId=ed7061b1d89e7c95ce70868e0e3baa03,2026-03-05,2026-03-05,False,Budapest,,English: B2,Bachelor,"REACT, ANGULAR, CLOUD, AWS, FRONTEND, API, BACKEND, PYTHON, MONGODB, DOCKER, APACHE, REST, VUE","REACT, ANGULAR, CLOUD, AWS, FRONTEND, API, BACKEND, PYTHON, MONGODB, DOCKER, APACHE, REST, VUE",Full-time,Full-time,5+ years,,
2846800,Elemző,Hévízi Szent András Reumakórház és Gyógyfürdő,https://www.profession.hu/allas/elemzo-hevizi-szent-andras-reumakorhaz-es-gyogyfurdo-heviz-2846800?sessionId=ed7061b1d89e7c95ce70868e0e3baa03,2026-03-05,2026-03-25,True,Hévíz,,"{'Language': 'English', 'CEFR Level': 'B2'}",Felsőfokú végzettség gazdasági vagy informatikai területen,,"{'Software/Tool': 'Hostware', 'Level of Familiarity': 'Familiar'}, {'Software/Tool': 'Salesline', 'Level of Familiarity': 'Familiar'}, {'Software/Tool': 'Medworks', 'Level of Familiarity': 'Familiar'}","Határozatlan idejű foglalkoztatás, 40 óra munkaidő",Teljes munkaidő,"Min. 1 év hasonló munkakörben szerzett, releváns munkatapasztalat",,
2824656,"Software Engineer - QuantumBlack, AI by McKinsey","McKinsey & Company, Inc.Hungary Magyarországi Fióktelepe",https://www.profession.hu/allas/software-engineer-quantumblack-ai-by-mckinsey-mckinsey-company-inc-hungary-magyarorszagi-fioktelepe-2824656?sessionId=ed7061b1d89e7c95ce70868e0e3baa03,2026-03-05,2026-03-08,False,Budapest,,English: B2,Bachelor,"Python, React, Angular, Vue, TypeScript, Node.js, Java/Spring, C#/.NET","Docker, CI/CD",,Full-time,1-3 years,,
2823891,Business Analyst,"McKinsey & Company, Inc.Hungary Magyarországi Fióktelepe",https://www.profession.hu/allas/business-analyst-mckinsey-company-inc-hungary-magyarorszagi-fioktelepe-2823891?sessionId=ed7061b1d89e7c95ce70868e0e3baa03,2026-03-05,2026-03-07,False,Budapest,,English: B2,Bachelor,,,On-site with home office,Full-time,1-3 years,,
2846792,"Senior Software Developer, AI Networking",NVIDIA Hungary Kft.,https://www.profession.hu/allas/senior-software-developer-ai-networking-nvidia-hungary-kft-2846792?sessionId=ed7061b1d89e7c95ce70868e0e3baa03,2026-03-05,2026-03-23,False,,"{'min': 292500, 'max': 650000, 'currency': 'PLN'}",,Bachelor,"C, C++","LINUX, NETWORK",Full-time,Full-time,5+ years,,
2823909,Business Analyst Intern,"McKinsey & Company, Inc.Hungary Magyarországi Fióktelepe",https://www.profession.hu/allas/business-analyst-intern-mckinsey-company-inc-hungary-magyarorszagi-fioktelepe-2823909?sessionId=ed7061b1d89e7c95ce70868e0e3baa03,2026-03-05,2026-03-08,False,Budapest,,English,Bachelor,,,Full-time,Short-term,,,
2841048,Software Engineer – Hardware Dataflow,NVIDIA Hungary Kft.,https://www.profession.hu/allas/software-engineer-hardware-dataflow-nvidia-hungary-kft-2841048?sessionId=ed7061b1d89e7c95ce70868e0e3baa03,2026-03-05,2026-03-20,False,,,,Master,C++,"HARDWARE TESTING, NETWORK, CLOUD HARDWARE",Full-time,Full-time,1-3 years,,
2827278,Software Engineering Manager - HPC CUDA Processing Libraries,NVIDIA Hungary Kft.,https://www.profession.hu/allas/software-engineering-manager-hpc-cuda-processing-libraries-nvidia-hungary-kft-2827278?sessionId=ed7061b1d89e7c95ce70868e0e3baa03,2026-03-05,2026-03-11,False,,"345,000 - 598,000 PLN gross/year",,"Bachelor's or Master's degree in Computer Science, Artificial Intelligence, Applied Math, or related field","C++, Python",TESTING PYTHON C++,Full-time,Full-time,6+ years,,
2823898,Senior Consultant,"McKinsey & Company, Inc.Hungary Magyarországi Fióktelepe",https://www.profession.hu/allas/senior-consultant-mckinsey-company-inc-hungary-magyarorszagi-fioktelepe-2823898?sessionId=ed7061b1d89e7c95ce70868e0e3baa03,2026-03-05,2026-03-07,False,Budapest,,{'English': 'native'},"Bachelor, Master",,,Hybrid,Full-time,3-5 years,,
2846786,Technical Project Manager,DATAPAO Kft.,https://www.profession.hu/allas/technical-project-manager-datapao-kft-2846786?sessionId=ed7061b1d89e7c95ce70868e0e3baa03,2026-03-05,2026-03-25,True,Budapest,"1,200,000 - 1,800,000 HUF gross/month",English: B2,Középiskola,,"CLOUD, CRM, ACCESS, MACHINE LEARNING, PROJECT MANAGEMENT, AGILE, SCRUM, PMP",Hybrid,Full-time,,,
2823896,Software Engineer II - Orchestro,"McKinsey & Company, Inc.Hungary Magyarországi Fióktelepe",https://www.profession.hu/allas/software-engineer-ii-orchestro-mckinsey-company-inc-hungary-magyarorszagi-fioktelepe-2823896?sessionId=ed7061b1d89e7c95ce70868e0e3baa03,2026-03-05,2026-03-07,False,Budapest,,English: B2,Középiskola,"Node.js, React","CLOUD, REACT, TESTING, NODE.JS, SECURITY, DOCKER",Full-time,Full-time,1-3 years,,
2827289,Senior Libraries Engineer – AI and HPC,NVIDIA Hungary Kft.,https://www.profession.hu/allas/senior-libraries-engineer-ai-and-hpc-nvidia-hungary-kft-2827289?sessionId=ed7061b1d89e7c95ce70868e0e3baa03,2026-03-05,2026-03-11,False,,"{'min': 221250, 'max': 507000, 'currency': 'PLN', 'gross': True}",,"PhD or MSc’s degree in Computational Science, Computer Science, Applied Math, or related science or engineering field of study is preferred (or equivalent experience)","C, C++, Python",JIRA,,Full-time,5+ years,,
2823875,Senior Software Engineer - Orchestro,"McKinsey & Company, Inc.Hungary Magyarországi Fióktelepe",https://www.profession.hu/allas/senior-software-engineer-orchestro-mckinsey-company-inc-hungary-magyarorszagi-fioktelepe-2823875?sessionId=ed7061b1d89e7c95ce70868e0e3baa03,2026-03-05,2026-03-07,False,Budapest,,English: B2,Középiskola,"TypeScript, JavaScript, Node.js, React",SECURITY NODE.JS API TESTING JAVASCRIPT REACT,Full-time,Full-time,5+ years,,
2823897,Consultant,"McKinsey & Company, Inc.Hungary Magyarországi Fióktelepe",https://www.profession.hu/allas/consultant-mckinsey-company-inc-hungary-magyarorszagi-fioktelepe-2823897?sessionId=ed7061b1d89e7c95ce70868e0e3baa03,2026-03-05,2026-03-07,False,Budapest,,{'English': 'native'},"Bachelor’s degree in business, economics or engineering",,,Full-time,Full-time,2+ years,,
2823906,Data Engineer,"McKinsey & Company, Inc.Hungary Magyarországi Fióktelepe",https://www.profession.hu/allas/data-engineer-mckinsey-company-inc-hungary-magyarorszagi-fioktelepe-2823906?sessionId=ed7061b1d89e7c95ce70868e0e3baa03,2026-03-05,2026-03-08,False,Budapest,,English: B2,Bachelor,"MACHINE LEARNING, SECURITY, CLOUD ANALYTICS, DEVOPS, AGILE","POWERPOINT, EXCEL",Full-time,Full-time,1-3 years,,
2839197,Data Scientist - Forward Deployed Engineer,"McKinsey & Company, Inc.Hungary Magyarországi Fióktelepe",https://www.profession.hu/allas/data-scientist-forward-deployed-engineer-mckinsey-company-inc-hungary-magyarorszagi-fioktelepe-2839197?sessionId=ed7061b1d89e7c95ce70868e0e3baa03,2026-03-05,2026-03-14,False,Budapest,,,Középiskola,Python,"AWS, AZURE, GIT",Full-time,Full-time,3-5 years,,
2846778,Senior Software Engineer in Test,Diligent Governance Hungary Kft.,https://www.profession.hu/allas/senior-software-engineer-in-test-diligent-governance-hungary-kft-2846778?sessionId=ed7061b1d89e7c95ce70868e0e3baa03,2026-03-05,2026-03-23,False,Budapest,,,Középiskola,"TypeScript, Playwright","CI tools (GitHub Actions, k8s, docker), .C. ACCESS DOCKER AGILE REGRESSION TESTING CI",Hybrid,Full-time,5+ years,,
2846777,"Associate, Data Engineer",BlackRock Hungary Kft.,https://www.profession.hu/allas/associate-data-engineer-blackrock-hungary-kft-2846777?sessionId=ed7061b1d89e7c95ce70868e0e3baa03,2026-03-05,2026-03-14,False,Budapest,,,Bachelor,"Python, SQL","Airflow, DBT, Azure, API frameworks",Hybrid,Full-time,3-5 years,,
2842062,Intern as AI Engineer - part time for student,Oracle Global Services Hungary Kft.,https://www.profession.hu/allas/intern-as-ai-engineer-part-time-for-student-oracle-global-services-hungary-kft-2842062?sessionId=ed7061b1d89e7c95ce70868e0e3baa03,2026-03-05,2026-03-08,False,Budapest,,,University student,"HTML, CSS, Java, SQL",Fusion HCM or Recruiting solutions,Hybrid (remote and onsite - 2 days in the office),Részmunkaidő (Part-time),,,
2829435,"Senior Software Engineer - QuantumBlack, AI by McKinsey","McKinsey & Company, Inc.Hungary Magyarországi Fióktelepe",https://www.profession.hu/allas/senior-software-engineer-quantumblack-ai-by-mckinsey-mckinsey-company-inc-hungary-magyarorszagi-fioktelepe-2829435?sessionId=ed7061b1d89e7c95ce70868e0e3baa03,2026-03-05,2026-03-14,False,Budapest,,English: B2,Bachelor,"Python, Node.js, Java/Spring, C#/.NET","Angular, Vue, Next.js, Tailwind, Docker, CI/CD, LLM frameworks, prompt orchestration, agent frameworks, MCPs, evaluation frameworks, and cloud platforms (Azure, AWS, GCP)",,Full-time,7-8+ years of experience in software development,,
2846776,Java Engineer – Football Squad,Hawk-Eye Innovations Ltd.,https://www.profession.hu/allas/java-engineer-football-squad-hawk-eye-innovations-ltd-2846776?sessionId=ed7061b1d89e7c95ce70868e0e3baa03,2026-03-05,2026-03-22,False,Budapest,650000 - 1000000 HUF gross/month,,High School with Diploma,Java,"Spring, AWS, Docker, Agile",Hybrid,Full-time,,,
2827247,Formal Verification Engineer - New College Graduate,NVIDIA Hungary Kft.,https://www.profession.hu/allas/formal-verification-engineer-new-college-graduate-nvidia-hungary-kft-2827247?sessionId=ed7061b1d89e7c95ce70868e0e3baa03,2026-03-05,2026-03-11,False,Budapest,,,Bachelor,"C, Perl, Python","Jasper, Verilog / System Verilog HDLs, SVA assertions",Full-time,Full-time,,,
2839214,Data Engineer - Forward Deployed Engineer,"McKinsey & Company, Inc.Hungary Magyarországi Fióktelepe",https://www.profession.hu/allas/data-engineer-forward-deployed-engineer-mckinsey-company-inc-hungary-magyarorszagi-fioktelepe-2839214?sessionId=ed7061b1d89e7c95ce70868e0e3baa03,2026-03-05,2026-03-14,False,Budapest,,,Középiskola,Python,"PYTHON, CLOUD TESTING, AWS, AZURE, CLEAN CODE, DOCKER, DATABASES, AGILE, DEBUGGING, TROUBLESHOOTING",Full-time,Full-time,3-5 years,,
2846458,Working Student LI - SOR FTP,Grohe AG,https://www.profession.hu/allas/working-student-li-sor-ftp-grohe-ag-2846458?sessionId=ed7061b1d89e7c95ce70868e0e3baa03,2026-03-05,2026-03-25,True,Németország,,English: B2,Középiskola,,"ERP, SAP",Teljes munkaidő Általános munkarend,Full-time,1-3 years,,
2845719,Principal Soc Architect,ARM Hungary Kft.,https://www.profession.hu/allas/principal-soc-architect-arm-hungary-kft-2845719?sessionId=ed7061b1d89e7c95ce70868e0e3baa03,2026-03-05,2026-03-07,False,Budapest,,,Bachelor's or Master’s degrees in Electrical or Computer Engineering,,,On-site,Full-time,>10 years,,
2844513,iREMS Customer Support Representative,iREMS Hungary Kft.,https://www.profession.hu/allas/irems-customer-support-representative-irems-hungary-kft-2844513?sessionId=ed7061b1d89e7c95ce70868e0e3baa03,2026-03-05,2026-03-17,False,Budapest,,English: B2,Főiskola,,,Távmunka / Remote,Teljes munkaidő,1-3 years,,
2841064,Senior Product Designer (Design Systems),Diligent Governance Hungary Kft.,https://www.profession.hu/allas/senior-product-designer-design-systems-diligent-governance-hungary-kft-2841064?sessionId=ed7061b1d89e7c95ce70868e0e3baa03,2026-03-05,2026-03-22,False,Budapest,,English: B2,Középiskola,,Figma,Hybrid,Full-time,5+ years,,
2834815,Intern Venture Ecosystem & Fundraising (Europe) in München (m/w/d),Start2 Group GmbH,https://www.profession.hu/allas/intern-venture-ecosystem-fundraising-europe-in-munchen-m-w-d-start-group-gmbh-2834815?sessionId=ed7061b1d89e7c95ce70868e0e3baa03,2026-03-05,2026-03-20,False,Germany,,"English: B2, German: C1",Bachelor,,"Airtable, Zapier/Make, CRM tools, AI tooling",Hybrid,Full-time,1-3 years,,
2831319,System Engineer (m/f/d) Aerospace & Defence,FERCHAU – Connecting People and Technologies,https://www.profession.hu/allas/system-engineer-m-f-d-aerospace-defence-ferchau-connecting-people-and-technologies-2831319?sessionId=ed7061b1d89e7c95ce70868e0e3baa03,2026-03-05,2026-03-16,False,Garching bei München,,English: B2,Bachelor,,"SysML/UML, DOORS, MATLAB/Simulink, SCADE, CAMEO",Hybrid,Full-time,1-3 years,,
2821808,Senior Anaplan Model Builder (all genders),BestSecret Group,https://www.profession.hu/allas/senior-anaplan-model-builder-all-genders-bestsecret-group-2821808?sessionId=ed7061b1d89e7c95ce70868e0e3baa03,2026-03-05,2026-03-05,False,"Berlin, Aschheim bei München",,English: B2,Bachelor,Anaplan,Anaplan,Hybrid,Full-time,4+ years,,
2848710,Observability mérnök,MBH Bank Nyrt.,https://www.profession.hu/allas/observability-mernok-mbh-bank-nyrt-2848710?sessionId=ed7061b1d89e7c95ce70868e0e3baa03,2026-03-07,2026-03-25,True,Budapest,,English: B2,Főiskola,,"AWS, AZURE, AGILIS",Hybrid,Full-time,1-3 years,,
2848709,Cloud szakértő (AWS),MBH Bank Nyrt.,https://www.profession.hu/allas/cloud-szakerto-aws-mbh-bank-nyrt-2848709?sessionId=ed7061b1d89e7c95ce70868e0e3baa03,2026-03-07,2026-03-25,True,Budapest,,English: B2,Főiskola,,"CLOUD, AWS, DEVOPS, AGILIS",Hibrid,Teljes munkaidő,1-3 years,,
2848704,Rendszerszervező - ITSM rendszerek,MBH Bank Nyrt.,https://www.profession.hu/allas/rendszerszervezo-itsm-rendszerek-mbh-bank-nyrt-2848704?sessionId=ed7061b1d89e7c95ce70868e0e3baa03,2026-03-07,2026-03-25,True,Budapest,,English: B2,Főiskola (Bachelor),,UAT,Hibrid (Hybrid),Teljes munkaidő (Full-time),1-3 év tapasztalat (1-3 years),,
2848271,System development specialist,Dreher Sörgyárak Zrt.,https://www.profession.hu/allas/system-development-specialist-dreher-sorgyarak-zrt-budapest-2848271/pro?sessionId=ed7061b1d89e7c95ce70868e0e3baa03,2026-03-07,2026-03-25,True,Budapest,,English: B2,High School with Diploma,,"CLOUD POWERBI, SAP, SQL, DATA MANAGEMENT, PROJECT MANAGEMENT",Hybrid,Full-time,1-3 years,,
2848179,Principal UX/UI Engineer,Unisys Magyarország Kft,https://www.profession.hu/allas/principal-ux-ui-engineer-unisys-magyarorszag-kft-budapest-2848179?sessionId=ed7061b1d89e7c95ce70868e0e3baa03,2026-03-07,2026-03-25,True,Budapest,44200 HUF gross/month,English: C1,"Bachelor's or Master's degree in Human-Computer Interaction, Design, Computer Science, or similar (or equivalent experience)","HTML, CSS, JavaScript","Laptop, Workstation, Monitor, Windows, Headset",Hybrid,Full-time,8-10 years,,
2848178,Application specialist,Cloud Network Technology Kft.,https://www.profession.hu/allas/application-specialist-cloud-network-technology-kft-komarom-2848178?sessionId=ed7061b1d89e7c95ce70868e0e3baa03,2026-03-07,2026-03-25,True,Komárom,,,Középiskola,SQL,,Általános munkarend,Teljes munkaidő,1-3 év tapasztalat,,
2848164,Principal Product Manager,Unisys Magyarország Kft,https://www.profession.hu/allas/principal-product-manager-unisys-magyarorszag-kft-budapest-2848164?sessionId=ed7061b1d89e7c95ce70868e0e3baa03,2026-03-07,2026-03-25,True,Budapest,44200 HUF gross/month,English: B2,"Bachelor's degree, Master's degree preferred",,"Scrum Master, Software Development",Hybrid,Full-time,8-10 years,,
2848117,ERP koordinátor (gyártási terület),Goodwill Pharma Nyrt.,https://www.profession.hu/allas/erp-koordinator-gyartasi-terulet-goodwill-pharma-nyrt-szeged-2848117?sessionId=ed7061b1d89e7c95ce70868e0e3baa03,2026-03-07,2026-03-25,True,Szeged,,English: B1,Középiskola,,"ERP, SAP",Általános munkarend,Teljes munkaidő,1-3 év tapasztalat,,
2848088,Műszaki projektkoordinátor (osztrák projektek),AKRIL BÚTOR Kft.,https://www.profession.hu/allas/muszaki-projektkoordinator-osztrak-projektek-akril-butor-kft-toltestava-2848088?sessionId=ed7061b1d89e7c95ce70868e0e3baa03,2026-03-07,2026-03-25,True,Töltéstava,,Német középfok,Középiskola 'B' kat.,,"Excel, Laptop, Monitor (2 db), Desktop PC",Általános munkarend,Teljes munkaidő,1-3 év tapasztalat,,
2848018,Élelmiszerlánc-felügyeleti ellenőr (informatikus),Nemzeti Élelmiszerlánc-Biztonsági Hivatal,https://www.profession.hu/allas/elelmiszerlanc-felugyeleti-ellenor-informatikus-nemzeti-elelmiszerlanc-biztonsagi-hivatal-budapest-2848018?sessionId=ed7061b1d89e7c95ce70868e0e3baa03,2026-03-07,2026-03-25,True,Budapest,200.000 Ft bruttó/month,,Középiskola,Python,"WINDOWS, TABLEAU, SQL, POWERSHELL, JIRA",Általános munkarend,Teljes munkaidő,1-3 év,,
2847912,Szoftverfejlesztő (PHP / JAVA),77 Elektronika Kft.,https://www.profession.hu/allas/szoftverfejleszto-php-java-elektronika-kft-budapest-2847912?sessionId=ed7061b1d89e7c95ce70868e0e3baa03,2026-03-07,2026-03-25,True,Budapest,,English: B2,Főiskola,"PHP, JAVA","Laravel, Spring, Hibernate, PostgreSQL, SQL, HTML, CSS, JavaScript, Git, Linux",Hybrid,Full-time,3-5 years,,
2847871,Alkalmazás támogató munkatárs,Gold Standard Diagnostics Budapest Kft,https://www.profession.hu/allas/alkalmazas-tamogato-munkatars-gold-standard-diagnostics-budapest-kft-budapest-2847871?sessionId=ed7061b1d89e7c95ce70868e0e3baa03,2026-03-07,2026-03-25,True,Budapest,,"English: B2, Spanish: B2",Főiskola,,,Hybrid,Full-time,3-5 years,,
2847843,Medior/Senior Full Stack Engineer,EN-CO Software Zrt.,https://www.profession.hu/allas/medior-senior-full-stack-engineer-en-co-software-zrt-budapest-2847843?sessionId=ed7061b1d89e7c95ce70868e0e3baa03,2026-03-07,2026-03-25,True,Budapest,,English: B2,Egyetem,"Node.js, Sveltekit, Wordpress, Drupal, .NET Core, Angular","Docker, Kubernetes",Hibrid,Teljes munkaidő,1-3 év tapasztalat,,
2847833,IT Audit Manager,KPMG Tanácsadó Kft.,https://www.profession.hu/allas/it-audit-manager-kpmg-tanacsado-kft-2847833?sessionId=ed7061b1d89e7c95ce70868e0e3baa03,2026-03-07,2026-03-25,True,Budapest,,"English: B2, Hungarian: Native",Főiskola,,"Laptop, iPhone",Hybrid,Full-time,5-10 years,,
2848281,Senior JAVA Fejlesztő,BECK AND PARTNERS Kft.,https://www.profession.hu/allas/senior-java-fejleszto-beck-and-partners-kft-2848281?sessionId=ed7061b1d89e7c95ce70868e0e3baa03,2026-03-07,2026-03-25,True,Budapest,,"{'Language': 'English', 'Level': 'CEFR B2'}",Középiskola (High School with Diploma),"Java, Spring, Hibernate/JPA","Git, Maven/Gradle, IntelliJ/Eclipse/VS Code",Hibrid,Teljes munkaidő (Full-time),5-10 év tapasztalat,,
2848115,Diákmunka -  Automation and reporting developer gyakornok,MŰISZ Iskolaszövetkezet,https://www.profession.hu/allas/diakmunka-automation-and-reporting-developer-gyakornok-muisz-iskolaszovetkezet-budapest-2848115?sessionId=ed7061b1d89e7c95ce70868e0e3baa03,2026-03-07,2026-03-25,True,Budapest III. kerület,2800 - 3000 Ft/óra,"English: B2, Hungarian",Középiskola,"Python, SQL, SELENIUM, POWER BI","BI, PYTHON, SELENIUM, POWER BI",Hibrid,Diákmunka,,,
2847930,IT-fejlesztő,GÉPBÉR-Színpad Kft.,https://www.profession.hu/allas/it-fejleszto-gepber-szinpad-kft-budapest-2847930?sessionId=ed7061b1d89e7c95ce70868e0e3baa03,2026-03-07,2026-03-25,True,Budapest,900e - 1.1M Ft havi bér,English: B2,Középiskola,,"CMS, Digital Signage",Hibrid,Teljes munkaidő,3-5 év tapasztalat,,
2847894,Frissdiplomás rendszerszervező,MVM Informatika Zrt.,https://www.profession.hu/allas/frissdiplomas-rendszerszervezo-mvm-informatika-zrt-budapest-2847894?sessionId=ed7061b1d89e7c95ce70868e0e3baa03,2026-03-07,2026-03-25,True,Budapest,,English: B2,Bachelor,,,On-site with home office,Full-time,0-1 years,,
2848623,Product Manager and Product Owner - Hardware (m/f/d),Utimaco GmbH,https://www.profession.hu/allas/product-manager-and-product-owner-hardware-m-f-d-utimaco-gmbh-2848623?sessionId=ed7061b1d89e7c95ce70868e0e3baa03,2026-03-07,2026-03-25,True,Németország,,English: B2,Középiskola,,,On-site with home office,Full-time,1-3 years,,
2848620,Senior Consultant (f/m/d) Sales & Service Cloud,SAP SE,https://www.profession.hu/allas/senior-consultant-f-m-d-sales-service-cloud-sap-se-2848620?sessionId=ed7061b1d89e7c95ce70868e0e3baa03,2026-03-07,2026-03-17,False,Németország,,English: B2,Középiskola,"Python, ABAP, JavaScript","SAP Sales and Service Cloud solutions, SAP S/4HANA",,"Vollzeit, unbefristet",5+ years,,
2848612,Application Security Engineer (m/f/x),Liebherr-IT Services GmbH,https://www.profession.hu/allas/application-security-engineer-m-f-x-liebherr-it-services-gmbh-2848612?sessionId=ed7061b1d89e7c95ce70868e0e3baa03,2026-03-07,2026-03-25,True,Oberopfingen,,"{'English': 'B2'}, {'German': 'B2'}, {'French': 'B2'}","Bachelor's/Master's in Cybersecurity, Computer Science, or related field",,"SECURITY TESTING, CLOUD, AWS, AZURE, ISO",Hybrid,Full-time,3-5 years,,
2848593,Sovereign Cloud Expert DevOps Engineer (f/m/d) - SAP SuccessFactors (HCM),SAP SE,https://www.profession.hu/allas/sovereign-cloud-expert-devops-engineer-f-m-d-sap-successfactors-hcm-sap-se-2848593?sessionId=ed7061b1d89e7c95ce70868e0e3baa03,2026-03-07,2026-03-11,False,Németország,,English: B2,"Bachelor's degree in computer science, engineering, or similar field","Python, PowerShell","Terraform, Ansible, Chef, ArgoCD, GitLab CI/CD, Jenkins, Dynatrace, CloudWatch, Splunk, Elasticsearch, Logstash, AWS VPCs, VNet, Google VPC, Apigee",,"Full-time, unbefristet",7+ years of professional experience in Cloud Delivery related fields and technologies,,
2848592,Senior Project Manager (d/m/f),ams Sensors Germany GmbH,https://www.profession.hu/allas/senior-project-manager-d-m-f-ams-sensors-germany-gmbh-2848592?sessionId=ed7061b1d89e7c95ce70868e0e3baa03,2026-03-07,2026-03-18,False,Németország,,English: B2,Master's degree in Electronic Engineering or a related discipline,,"MS Office, MS Project",Full-time,Full-time,10+ years,,
2848578,Business Solution Architect Core - Energy Retail (f/m/d),E.ON Digital Technology GmbH,https://www.profession.hu/allas/business-solution-architect-core-energy-retail-f-m-d-e-on-digital-technology-gmbh-2848578?sessionId=ed7061b1d89e7c95ce70868e0e3baa03,2026-03-07,2026-03-11,False,Hibrid,,English: B2,Középiskola,"SAP, Salesforce, Kraken","CRM, SECURITY, SAP CLOUD MIDDLEWARE",Hybrid,Full-time,1-3 years,,
2848573,SAP MDG Global Implementation Lead (m/f/x),Liebherr-IT Services GmbH,https://www.profession.hu/allas/sap-mdg-global-implementation-lead-m-f-x-liebherr-it-services-gmbh-2848573?sessionId=ed7061b1d89e7c95ce70868e0e3baa03,2026-03-07,2026-03-25,True,Oberopfingen,,"English: B2, German: A1",Bachelor,,"SAP MDG, SAP ERP",Hybrid,Full-time,Several years,,
2848537,SAP Program / Project Manager (f/m/d),NTT DATA Business Solutions AG,https://www.profession.hu/allas/sap-program-project-manager-f-m-d-ntt-data-business-solutions-ag-2848537?sessionId=ed7061b1d89e7c95ce70868e0e3baa03,2026-03-07,2026-03-11,False,Continental Europe,,"{'English': 'B2'}, {'German': 'B2'}",Bachelor,,SAP,Hybrid,Full-time,1-3 years,,
2848505,Head of Secure Data & AI Transformation (f/m/d),ZEISS,https://www.profession.hu/allas/head-of-secure-data-ai-transformation-f-m-d-zeiss-2848505?sessionId=ed7061b1d89e7c95ce70868e0e3baa03,2026-03-07,2026-03-18,False,Németország,,English: B2,Master,,,Full-time,Full-time,1-3 years,,
2848495,"Head of Cyber Governance, Risk & Compliance (f/m/d)",ZEISS,https://www.profession.hu/allas/head-of-cyber-governance-risk-compliance-f-m-d-zeiss-2848495?sessionId=ed7061b1d89e7c95ce70868e0e3baa03,2026-03-07,2026-03-16,False,Németország,,Angol középfok,Főiskola,,,Teljes munkaidő Általános munkarend,Full-time,1-3 év tapasztalat,,
2848467,Head of Cyber Culture (f/m/d),ZEISS,https://www.profession.hu/allas/head-of-cyber-culture-f-m-d-zeiss-2848467?sessionId=ed7061b1d89e7c95ce70868e0e3baa03,2026-03-07,2026-03-16,False,Németország,,English: B2,Főiskola,,SECURITY FIREWALL NETWORK SECURITY‑ CHANGE MANAGEMENT,Full-time,Full-time,1-3 years,,
2848458,Software Product Manager – Digital Solutions (m/f/d),seca GmbH & Co. KG,https://www.profession.hu/allas/software-product-manager-digital-solutions-m-f-d-seca-gmbh-co-kg-2848458?sessionId=ed7061b1d89e7c95ce70868e0e3baa03,2026-03-07,2026-03-25,True,Németország,,English: B2,"Bachelor's or Master's degree in computer science, engineering, business, medical technology, or a related field.",,,On-site,Full-time,5+ years,,
2848453,Managing Consultant Org Change Management (m/w/d),Kyndryl,https://www.profession.hu/allas/managing-consultant-org-change-management-m-w-d-kyndryl-2848453?sessionId=ed7061b1d89e7c95ce70868e0e3baa03,2026-03-07,2026-03-25,True,Germany,,German (B2),"University degree in Business, Psychology, Communications, or a related field",,"SAP, Digital Workplace, M&As, AI",Hybrid-friendly culture,Full-time,5-7 years,,
2848412,Program Manager (d/f/m),TK Elevator Europe Africa GmbH,https://www.profession.hu/allas/program-manager-d-f-m-tk-elevator-europe-africa-gmbh-2848412?sessionId=ed7061b1d89e7c95ce70868e0e3baa03,2026-03-07,2026-03-25,True,,,"{'Language': 'English', 'CEFR Level': 'Fluent'}, {'Language': 'German', 'CEFR Level': 'Fluent'}, {'Language': 'French', 'CEFR Level': 'Fluent'}",Bachelor,,,Remote,Full-time,8+ years,,
2848405,Software / Hardware Engineer Dynamic Simulation – HPC / Modelica Compiler / Code Generation (f/m/d),DIgSILENT GmbH,https://www.profession.hu/allas/software-hardware-engineer-dynamic-simulation-hpc-modelica-compiler-code-generation-f-m-d-digsilent-gmbh-2848405?sessionId=ed7061b1d89e7c95ce70868e0e3baa03,2026-03-07,2026-03-25,True,Gomaringen bei Tübingen,,English: B2,Master,"C, C++",DYNAMICS,Hybrid,Full-time,1-3 years,,
2848241,Software QA engineer,Novelkis Kft,https://www.profession.hu/allas/software-qa-engineer-novelkis-kft-budapest-2848241?sessionId=ed7061b1d89e7c95ce70868e0e3baa03,2026-03-07,2026-03-25,True,Budapest,,{'English': 'B2'},Bachelor,"Python, Javascript, C#","Cypress, Selenium, JMeter, Postman, Cucumber, BurpSuite",Hybrid,Full-time,1-3 years,,
2848054,Data Strategy Analyst,Robert Walters Switzerland,https://www.profession.hu/allas/data-strategy-analyst-robert-walters-switzerland-2848054?sessionId=ed7061b1d89e7c95ce70868e0e3baa03,2026-03-07,2026-03-22,False,Zurich,,,Bachelor,,,Temporary contract for 12 months (Home-Office),Full-time,7+ years,,
2848051,"Head of AI Hub - Drive AI Innovation at JobCloud AG, Zurich",JobCloud AG,https://www.profession.hu/allas/head-of-ai-hub-drive-ai-innovation-at-jobcloud-ag-zurich-jobcloud-ag-2848051?sessionId=ed7061b1d89e7c95ce70868e0e3baa03,2026-03-07,2026-03-17,False,Zurich,145'000 - 160'000 CHF gross p.a.,"English, German, French","Bachelor's degree (or higher) in a relevant field such as Computer Science, Data Science/AI/Machine Learning, Information Systems, Engineering, or Business Administration with a strong technology focus",,,Hybrid,Full-time,5-10 years,,
2848047,Senior Software Engineer C++,MaxWell Biosystems AG,https://www.profession.hu/allas/senior-software-engineer-c-maxwell-biosystems-ag-2848047?sessionId=ed7061b1d89e7c95ce70868e0e3baa03,2026-03-07,2026-03-25,True,Zürich,,English: B2,Középiskola,"C++, PYTHON, NETWORK, LINUX, BASH, AGILE","CMake, OpenGL, boost, hdf5",On-site with home office,Full-time,5-10 év tapasztalat,,
2848045,Software Project Manager Customer Service,Swisslog AG,https://www.profession.hu/allas/software-project-manager-customer-service-swisslog-ag-2848045?sessionId=ed7061b1d89e7c95ce70868e0e3baa03,2026-03-07,2026-03-25,True,Buchs AG,,"English: B2, German: B2",Főiskola,,Siemens and Atlassian toolchain,On-site with home office,Full-time,1-3 years,,
2848040,Senior Software Engineer,MF Group AG,https://www.profession.hu/allas/senior-software-engineer-mf-group-ag-2848040?sessionId=ed7061b1d89e7c95ce70868e0e3baa03,2026-03-07,2026-03-25,True,Chiasso,,"English: B2, Italian: B2",Bachelor,Java,"SCRUM, AGILE, SPRING",Hybrid,Full-time,5+ years,,
2848039,Computational Neuroscientist / Electrophysiology Data Analysis Engineer,MaxWell Biosystems AG,https://www.profession.hu/allas/computational-neuroscientist-electrophysiology-data-analysis-engineer-maxwell-biosystems-ag-2848039?sessionId=ed7061b1d89e7c95ce70868e0e3baa03,2026-03-07,2026-03-25,True,Zürich,,,Főiskola,"Python, C++","PYTHON, MACHINE LEARNING, AGILE, LINUX, BASH",Általános munkarend,Teljes munkaidő,1-3 év tapasztalat,,
2848033,Technical Lead IoT Mobile Apps,BELIMO Automation AG,https://www.profession.hu/allas/technical-lead-iot-mobile-apps-belimo-automation-ag-2848033?sessionId=ed7061b1d89e7c95ce70868e0e3baa03,2026-03-07,2026-03-13,False,Hinwil,,English: B2,"Bachelor's or Master's degree in Computer Science, Software Engineering, or a related field",,"TESTING, HARDWARE, CLOUD, REST, AGILE, SCRUM",Full-time,Full-time,1-3 years,,
2847945,Junior Full-Stack engineer,INTEQ Zrt.,https://www.profession.hu/allas/junior-full-stack-engineer-inteq-zrt-budapest-2847945?sessionId=ed7061b1d89e7c95ce70868e0e3baa03,2026-03-07,2026-03-25,True,Budapest,,{'English': 'C1'},Középiskola,"Python, React","Git, Linux, API Dev, SQL/NoSQL",Hybrid,Full-time,1-3 years,,
2847781,UX Researcher  | 80-100% | Hybrid working model | Zurich Switzerland,SMG Swiss Marketplace Group,https://www.profession.hu/allas/ux-researcher-hybrid-working-model-zurich-switzerland-smg-swiss-marketplace-group-2847781?sessionId=ed7061b1d89e7c95ce70868e0e3baa03,2026-03-07,2026-03-25,True,Zurich,,"English: B2, French: Native speaker, German: Native speaker, Italian: Native speaker","University degree in Human Factors, Cognitive Psychology, HCI/Computer Science, or other fields emphasizing human behavior","R, SPSS",,Hybrid,Full-time,1-3 years,,
2847770,Etikus hacker,"Silent Signal Információbiztonsági, Informatikai Tanácsadó és Szolgáltató Kft.",https://www.profession.hu/allas/etikus-hacker-silent-signal-informaciobiztonsagi-informatikai-tanacsado-es-szolgaltato-kft-2847770?sessionId=ed7061b1d89e7c95ce70868e0e3baa03,2026-03-07,2026-03-08,False,,,,Középiskola,,,Általános munkarend,Teljes munkaidő,,,
2847769,Műszaki adatrögzítő,Antal és Antal Kft.,https://www.profession.hu/allas/muszaki-adatrogzito-antal-es-antal-kft-2847769?sessionId=ed7061b1d89e7c95ce70868e0e3baa03,2026-03-07,2026-03-25,True,,,,Középiskola,,MS OFFICE,Általános munkarend,Teljes munkaidő,,,
2847762,Senior Data Engineer,NVIDIA Hungary Kft.,https://www.profession.hu/allas/senior-data-engineer-nvidia-hungary-kft-2847762?sessionId=ed7061b1d89e7c95ce70868e0e3baa03,2026-03-07,2026-03-22,False,Budapest,,English: B2,"Bachelor, Master","Java, Springboot",DATABASES NOSQL DATABASE JAVA BACKEND AWS,Full-time,Full-time,6-10 years,,
2847758,"Python Financial Engineering Platform Lead, Vice President",BlackRock Hungary Kft.,https://www.profession.hu/allas/python-financial-engineering-platform-lead-vice-president-blackrock-hungary-kft-2847758?sessionId=ed7061b1d89e7c95ce70868e0e3baa03,2026-03-07,2026-03-14,False,Budapest,,"{'Language': 'English', 'CEFR Level': None}",Bachelor's (BSc) or higher degree in Computer Science or equivalent field,"Python, Pandas, Apache Arrow, Snowflake, Prefect","Azure DevOps, git, CI/CD",Hybrid,Full-time,5+ years,,
2838194,Lead Support Manager,Supercharge Kft.,https://www.profession.hu/allas/lead-support-manager-supercharge-kft-2838194?sessionId=ed7061b1d89e7c95ce70868e0e3baa03,2026-03-07,2026-03-17,False,Budapest,,English: B2,Középiskola,,"Jira, Zendesk, Grafana, AWS CloudWatch, Okta, Git",On-site with home office,Full-time,5+ years,,
2827284,Medior Etikus hacker,"Silent Signal Információbiztonsági, Informatikai Tanácsadó és Szolgáltató Kft.",https://www.profession.hu/allas/medior-etikus-hacker-silent-signal-informaciobiztonsagi-informatikai-tanacsado-es-szolgaltato-kft-2827284?sessionId=ed7061b1d89e7c95ce70868e0e3baa03,2026-03-07,2026-03-11,False,Budapest,,,Középiskola,"LINUX, IOS, ANDROID, WINDOWS","WIFI, BURP SUITE PRO, SECURITY HÁLÓZATI ISMERETEK",Teljes munkaidő Általános munkarend,Full-time,1-3 év tapasztalat,,
2825802,Junior etikus hacker,"Silent Signal Információbiztonsági, Informatikai Tanácsadó és Szolgáltató Kft.",https://www.profession.hu/allas/junior-etikus-hacker-silent-signal-informaciobiztonsagi-informatikai-tanacsado-es-szolgaltato-kft-2825802?sessionId=ed7061b1d89e7c95ce70868e0e3baa03,2026-03-07,2026-03-08,False,Budapest,,,Középiskola,Linux,"PortSwigger Web Security Academy, Burp Suite Pro",Teljes munkaidő Általános munkarend,Full-time,,,
2847747,JAVA developer,OZEKI Informatikai Kft.,https://www.profession.hu/allas/java-developer-ozeki-informatikai-kft-debrecen-2847747?sessionId=ed7061b1d89e7c95ce70868e0e3baa03,2026-03-07,2026-03-25,True,Debrecen,,,Bachelor,"Java, C++",LINUX,Hybrid,Full-time,,,
2847741,Product consultant,OZEKI Informatikai Kft.,https://www.profession.hu/allas/product-consultant-ozeki-informatikai-kft-debrecen-2847741?sessionId=ed7061b1d89e7c95ce70868e0e3baa03,2026-03-07,2026-03-25,True,Debrecen,,English: B2,"Bachelor, Master, PhD",,,On-site with home office,Full-time,,,
2847739,Product consultant,OZEKI Informatikai Kft.,https://www.profession.hu/allas/product-consultant-ozeki-informatikai-kft-debrecen-2847739?sessionId=ed7061b1d89e7c95ce70868e0e3baa03,2026-03-07,2026-03-25,True,Debrecen,,English: B2,"Bachelor, Master, PhD",,,On-site with home office,Full-time,,,
2847738,Senior Pega Developer,Accenture Korlátolt Felelősségű Társaság,https://www.profession.hu/allas/senior-pega-developer-accenture-korlatolt-felelossegu-tarsasag-2847738?sessionId=ed7061b1d89e7c95ce70868e0e3baa03,2026-03-07,2026-03-25,True,Budapest,,English: B2+,Bachelor,"Pega, SOAP, REST, PL/SQL","CLOUD API, SQL, XML, UML, DEVOPS, ACCESS, AGILE, REST",Hybrid,Full-time,3-5 years,,
2847735,Junior szoftverfejlesztő,AgileXpert Szoftverfejlesztő és Tanácsadó Kft.,https://www.profession.hu/allas/junior-szoftverfejleszto-agilexpert-szoftverfejleszto-es-tanacsado-kft-2847735?sessionId=ed7061b1d89e7c95ce70868e0e3baa03,2026-03-07,2026-03-25,True,Budapest,,English: B2,High School with Diploma,"SQL, JAVA, AGILIS",,Hybrid,Full-time,1-3 years,,
2847732,Szenior szoftverfejlesztő,AgileXpert Szoftverfejlesztő és Tanácsadó Kft.,https://www.profession.hu/allas/szenior-szoftverfejleszto-agilexpert-szoftverfejleszto-es-tanacsado-kft-2847732?sessionId=ed7061b1d89e7c95ce70868e0e3baa03,2026-03-07,2026-03-25,True,Budapest,,English: B2,Egyetem,"JAVA, SQL, AGILIS",,Hybrid,Full-time,5-10 év tapasztalat,,
2847731,Lead Backend Engineer,Supercharge Kft.,https://www.profession.hu/allas/lead-backend-engineer-supercharge-kft-2847731?sessionId=ed7061b1d89e7c95ce70868e0e3baa03,2026-03-07,2026-03-25,True,Budapest,,,High School with Diploma,"Java, Kotlin","Spring Boot, Python",Hybrid,Full-time,3-5 years,,
2847729,Wissenschaftliche*n Mitarbeiter*in (w/m/d) im Lehrgebiet Unternehmensweite Softwaresysteme,Budapesti Németnyelvű Távtanulási Központ Alapítvány,https://www.profession.hu/allas/wissenschaftliche-n-mitarbeiter-in-w-m-d-im-lehrgebiet-unternehmensweite-softwaresysteme-budapesti-nemetnyelvu-tavtanulasi-kozpont-alapitvany-2847729?sessionId=ed7061b1d89e7c95ce70868e0e3baa03,2026-03-07,2026-03-25,True,Budapest,,"English: B2, German: B2",Master or comparable,,,Full-time,Full-time,,,
2847728,Junior online technikai marketinges,OZEKI Informatikai Kft.,https://www.profession.hu/allas/junior-online-technikai-marketinges-ozeki-informatikai-kft-debrecen-2847728?sessionId=ed7061b1d89e7c95ce70868e0e3baa03,2026-03-07,2026-03-25,True,Debrecen,,English: B2,Bachelor/Master (Bsc/Msc),,,On-site with home office,Full-time,,,
2847727,(Senior) Data Scientist,DATAPAO Kft.,https://www.profession.hu/allas/senior-data-scientist-datapao-kft-2847727?sessionId=ed7061b1d89e7c95ce70868e0e3baa03,2026-03-07,2026-03-25,True,Budapest,"{'min': 1200000, 'max': 2300000, 'currency': 'HUF'}","{'language': 'English', 'level': 'CEFR: B2'}",Középiskola,Python,"CLOUD, GIT, AZURE, AWS, SPARK, ACCESS, MACHINE LEARNING, CLEAN CODE",Hybrid,Full-time,,,
2847720,"UX/UI Design Lead, Vice President",BlackRock Hungary Kft.,https://www.profession.hu/allas/ux-ui-design-lead-vice-president-blackrock-hungary-kft-2847720?sessionId=ed7061b1d89e7c95ce70868e0e3baa03,2026-03-07,2026-03-14,False,Budapest,,,Bachelor (Főiskola),,TESTING ACCESS,Hybrid,Full-time,5+ years,,
2847717,Senior QA Automation Engineer,Drótposta Consulting Informatikai Tanácsadó Kft.,https://www.profession.hu/allas/senior-qa-automation-engineer-drotposta-consulting-informatikai-tanacsado-kft-2847717?sessionId=ed7061b1d89e7c95ce70868e0e3baa03,2026-03-07,2026-03-09,False,Budapest,,,Középiskola,"Java, Spring Framework, Cucumber, Gherkin, Git, API testing, Postman, SQL, Docker, AWS, Test Automation, REST, IntelliJ",JAVA SPRING GIT API TESTING POSTMAN SQL DOCKER AWS TEST AUTOMATION CUCUMBER REST INTELLIJ,Hybrid,Full-time,,,
2847716,SOC Design Engineer,ARM Hungary Kft.,https://www.profession.hu/allas/soc-design-engineer-arm-hungary-kft-2847716?sessionId=ed7061b1d89e7c95ce70868e0e3baa03,2026-03-07,2026-03-25,True,Budapest,,,Főiskola,"Verilog, SystemVerilog","Tcl, Perl, Python",Hybrid,Full-time,,,
2847715,Java Backend Developer,Wysio Informatikai és Szoftverfejlesztő Kft.,https://www.profession.hu/allas/java-backend-developer-wysio-informatikai-es-szoftverfejleszto-kft-szeged-2847715?sessionId=ed7061b1d89e7c95ce70868e0e3baa03,2026-03-07,2026-03-25,True,Szeged,,English: B2,Középiskola,"JAVA, SPRING, HIBERNATE","CLEAN CODE, AGILE",Hybrid,Full-time,1-3 years,,
2847714,Solution Designer,OZEKI Informatikai Kft.,https://www.profession.hu/allas/solution-designer-ozeki-informatikai-kft-debrecen-2847714?sessionId=ed7061b1d89e7c95ce70868e0e3baa03,2026-03-07,2026-03-25,True,Debrecen,,English: B2,"Bachelor, Master, PhD",,,On-site with home office,Full-time,,,
2847473,PLC-Programmer (m/w/d),Hoppe Marine GmbH,https://www.profession.hu/allas/plc-programmer-m-w-d-hoppe-marine-gmbh-2847473?sessionId=ed7061b1d89e7c95ce70868e0e3baa03,2026-03-07,2026-03-22,False,Magyarországon belül bárhonnan,,English: B2,"Bachelor's or Master's degree in Electrical Engineering, Automation Engineering, computer science, or a related field","CODESYS, TwinCAT, Automation Studio, Simatic S7",,Hybrid (at least 2 days/week remote),Full-time,1-3 years,,
2844941,SAP Senior Logistics Consultant,AEBI SCHMIDT Holding AG,https://www.profession.hu/allas/sap-senior-logistics-consultant-aebi-schmidt-holding-ag-2844941?sessionId=ed7061b1d89e7c95ce70868e0e3baa03,2026-03-07,2026-03-22,False,"Burgdorf, Zürich",,['English: B2'],Középiskola,,SAP,On-site with home office,Full-time,3-5 years,,
2839526,IT Service Owner - Market Data Services in the region of Basel,Albedis AG,https://www.profession.hu/allas/it-service-owner-market-data-services-in-the-region-of-basel-albedis-ag-2839526?sessionId=ed7061b1d89e7c95ce70868e0e3baa03,2026-03-07,2026-03-14,False,Basel,,"English: B2, German: B2",Bachelor,,,On-site,Full-time,5+ years,,
2835923,Senior Expert / Manager Asset Management Systems 80-100% – Zürich / Basel,AFRY Schweiz AG,https://www.profession.hu/allas/senior-expert-manager-asset-management-systems-zurich-basel-afry-schweiz-ag-2835923?sessionId=ed7061b1d89e7c95ce70868e0e3baa03,2026-03-07,2026-03-08,False,Zürich / Basel,,"English: B2, German: B2","University degree in engineering, applied mathematics, data science, physics or a related discipline - or comparable proven experience.",Python,,Hybrid,Full-time,3-5 years,,
2835857,Product Manager (all genders),ParshipMeet Group,https://www.profession.hu/allas/product-manager-all-genders-parshipmeet-group-2835857?sessionId=ed7061b1d89e7c95ce70868e0e3baa03,2026-03-07,2026-03-22,False,Németország,,"English: B2, German: B2",Középiskola,,"AGILE, TESTING, CRM",Part-time,Full-time,1-3 years,,
2835198,Legal Counsel,SKAL AG,https://www.profession.hu/allas/legal-counsel-skal-ag-2835198?sessionId=ed7061b1d89e7c95ce70868e0e3baa03,2026-03-07,2026-03-10,False,Zug,,"English: B2, Ukrainian: B2, Russian: B2",Master's degree in law or international law,,,Hybrid,Full-time,7+ years,,
2834291,HR IT Business Partner,United Machining,https://www.profession.hu/allas/hr-it-business-partner-united-machining-2834291?sessionId=ed7061b1d89e7c95ce70868e0e3baa03,2026-03-07,2026-03-17,False,Meyrin,,,Bachelor's degree in a relevant field,,"SAP HCM, other",Full-time,Full-time,5+ years,,
2829410,Technical Project Manager,Salt Mobile SA,https://www.profession.hu/allas/technical-project-manager-salt-mobile-sa-2829410?sessionId=ed7061b1d89e7c95ce70868e0e3baa03,2026-03-07,2026-03-08,False,Crissier,,English: C1,Master's degree in Telecommunications or Electrical Engineering,,"NETWORK HARDWARE, CLOUD, EXCEL",Full-time,Full-time,5-10 years,,
2823782,Technical Marketing Manager,GigaDevice Semiconductor Germany GmbH,https://www.profession.hu/allas/technical-marketing-manager-gigadevice-semiconductor-germany-gmbh-2823782?sessionId=ed7061b1d89e7c95ce70868e0e3baa03,2026-03-07,2026-03-07,False,Hoehenkirchen-Siegertsbrunn,,English: B2,Bachelor/Master in Electrical or Computer Engineering,,,Hybrid,Full-time,5+ years,,
2848856,UI/UX Designer & Marketing Manager,Energy Cost Optimum Kft,https://www.profession.hu/allas/ui-ux-designer-marketing-manager-energy-cost-optimum-kft-budapest-2848856?sessionId=ed7061b1d89e7c95ce70868e0e3baa03,2026-03-08,2026-03-25,True,Budapest,,,Felsőoktatási szakképzés,,"Monitor (1 db), MacOS",Általános munkarend,Teljes munkaidő,1-3 év tapasztalat,,
2848939,C#.net fejlesztő - Távoli munkavégzés,OZEKI Informatikai Kft.,https://www.profession.hu/allas/c-net-fejleszto-tavoli-munkavegzes-ozeki-informatikai-kft-2848939?sessionId=ed7061b1d89e7c95ce70868e0e3baa03,2026-03-08,2026-03-25,True,,,English: B2,Főiskola,"C#, Java",,Home-Office,Full-time,Pályakezdő/friss diplomás,,
2848931,C#.net fejlesztő - Távoli munkavégzés,OZEKI Informatikai Kft.,https://www.profession.hu/allas/c-net-fejleszto-tavoli-munkavegzes-ozeki-informatikai-kft-2848931?sessionId=ed7061b1d89e7c95ce70868e0e3baa03,2026-03-08,2026-03-25,True,,,English: B2,Főiskola,"C#, Java",,Home-Office,Full-time,Pályakezdő/friss diplomás,,
2848915,Senior Software Engineer - Orchestro,"McKinsey & Company, Inc.Hungary Magyarországi Fióktelepe",https://www.profession.hu/allas/senior-software-engineer-orchestro-mckinsey-company-inc-hungary-magyarorszagi-fioktelepe-2848915?sessionId=ed7061b1d89e7c95ce70868e0e3baa03,2026-03-08,2026-03-25,True,Budapest,,English: B2,Bachelor,"TypeScript, JavaScript, Node.js, React","TESTING, SECURITY, JAVASCRIPT, NODE.JS, REACT, API",On-site with home office,Full-time,5+ years,,
2848913,Senior QA Automation Engineer,High Tech Engineering Center Kft.,https://www.profession.hu/allas/senior-qa-automation-engineer-high-tech-engineering-center-kft-budapest-2848913?sessionId=ed7061b1d89e7c95ce70868e0e3baa03,2026-03-08,2026-03-25,True,Budapest,,English: B2,Bachelor,"JAVA, GIT, API TESTING, POSTMAN, DOCKER, CUCUMBER, JAVASCRIPT, PYTHON, C, SELENIUM, JUNIT, INTELLIJ, HTML, CSS, VIRTUALIZATION, CYPRESS, MAVEN, JMETER, JENKINS, JIRA, SVN","JAVA, GIT, API TESTING, POSTMAN, DOCKER, CUCUMBER, JAVASCRIPT, PYTHON, C, SELENIUM, JUNIT, INTELLIJ, HTML, CSS, VIRTUALIZATION, CYPRESS, MAVEN, JMETER, JENKINS, JIRA, SVN",,Full-time,5+ years,,
2848912,Intern Network Performance Engineer,ARM Hungary Kft.,https://www.profession.hu/allas/intern-network-performance-engineer-arm-hungary-kft-2848912?sessionId=ed7061b1d89e7c95ce70868e0e3baa03,2026-03-08,2026-03-08,False,Austin,,,"Bachelor, Master, PhD","C/C++, Python","Linux performance tools, Arm CoreSight or SPE, eBPF, LLVM tools (BOLT, Propeller), PGO/AutoFDO/LTO, Ansible, Terraform",,Intern,,,
2848909,Junior PHP fejlesztő,FIT Solutions Kft.,https://www.profession.hu/allas/junior-php-fejleszto-fit-solutions-kft-szeged-2848909?sessionId=ed7061b1d89e7c95ce70868e0e3baa03,2026-03-08,2026-03-25,True,Szeged,,"English: B2, Hungarian: B2",Középiskola,"PHP, SQL, LINUX, DOCKER, GIT, FRONTEND, LARAVEL, MVC, VUE, POSTGRESQL, API, NODE.JS, MONGODB, REST","Linux, Git, Docker, Laravel, Vue.js, ES6, PostgreSQL, Node.js, MongoDB",Hibrid,Teljes munkaidő,,,
2848908,Principal Engineer (.Net and AWS),Diligent Governance Hungary Kft.,https://www.profession.hu/allas/principal-engineer-net-and-aws-diligent-governance-hungary-kft-2848908?sessionId=ed7061b1d89e7c95ce70868e0e3baa03,2026-03-08,2026-03-25,True,Budapest,,,"Bachelor's degree in Computer Science, Engineering, Math, or related field","NodeJS, Angular/React","AWS, Terraform, CDK, CloudFormation, Docker, SQL databases",Hybrid,Full-time,>10 years,,
2848907,Senior Python Engineer,Accenture Korlátolt Felelősségű Társaság,https://www.profession.hu/allas/senior-python-engineer-accenture-korlatolt-felelossegu-tarsasag-2848907?sessionId=ed7061b1d89e7c95ce70868e0e3baa03,2026-03-08,2026-03-25,True,Budapest,,,Középiskola,Python,"Flask, Django, Docker, API, SQL, NoSQL, CI/CD pipelines",Hybrid,Full-time,5+ years,,
2848897,Senior Consultant,"McKinsey & Company, Inc.Hungary Magyarországi Fióktelepe",https://www.profession.hu/allas/senior-consultant-mckinsey-company-inc-hungary-magyarorszagi-fioktelepe-2848897?sessionId=ed7061b1d89e7c95ce70868e0e3baa03,2026-03-08,2026-03-25,True,Budapest,,{'English': 'native'},"Bachelor's or master's degree in business, economics or engineering",,,Hybrid,Full-time,4+ years,,
2848892,Consultant,"McKinsey & Company, Inc.Hungary Magyarországi Fióktelepe",https://www.profession.hu/allas/consultant-mckinsey-company-inc-hungary-magyarorszagi-fioktelepe-2848892?sessionId=ed7061b1d89e7c95ce70868e0e3baa03,2026-03-08,2026-03-25,True,Budapest,,{'English': 'native'},"Bachelor’s degree in business, economics or engineering",,,Full-time,Full-time,1-3 years,,
2848883,Medior Mobile Software Engineer,Digital Natives Szolgáltató Zrt.,https://www.profession.hu/allas/medior-mobile-software-engineer-digital-natives-szolgaltato-zrt-2848883?sessionId=ed7061b1d89e7c95ce70868e0e3baa03,2026-03-08,2026-03-25,True,Budapest,,English: B2,Középiskola,"Flutter, iOS, Android, HTML5, CSS, React","IOS, ANDROID, TESTING, ACCESS, AGILE, CLEAN CODE, SCRUM",Távmunka / Remote,Teljes munkaidő,1-3 years,,
2848882,Software Engineer II - Orchestro,"McKinsey & Company, Inc.Hungary Magyarországi Fióktelepe",https://www.profession.hu/allas/software-engineer-ii-orchestro-mckinsey-company-inc-hungary-magyarorszagi-fioktelepe-2848882?sessionId=ed7061b1d89e7c95ce70868e0e3baa03,2026-03-08,2026-03-25,True,Budapest,,English: B2,Középiskola,"NODE.JS, REACT","DOCKER, CLOUD",Full-time,Full-time,1-3 years,,
2848876,Beágyazott Szoftverfejlesztő,"Európai Tudásközpont Fejlesztő, Szolgáltató és Kereskedelmi Kft.",https://www.profession.hu/allas/beagyazott-szoftverfejleszto-europai-tudaskozpont-fejleszto-szolgaltato-es-kereskedelmi-kft-2848876?sessionId=ed7061b1d89e7c95ce70868e0e3baa03,2026-03-08,2026-03-25,True,,,"{'Language': 'English', 'Level': 'B2'}",Középiskola,C,,Home Office,Full-time,,,
2848872,Business Analyst,"McKinsey & Company, Inc.Hungary Magyarországi Fióktelepe",https://www.profession.hu/allas/business-analyst-mckinsey-company-inc-hungary-magyarorszagi-fioktelepe-2848872?sessionId=ed7061b1d89e7c95ce70868e0e3baa03,2026-03-08,2026-03-25,True,Budapest,,English: B2,Bachelor,,,On-site with home office,Full-time,1-3 years,,
2848818,Medior Software Engineer,Digital Natives Szolgáltató Zrt.,https://www.profession.hu/allas/medior-software-engineer-digital-natives-szolgaltato-zrt-2848818?sessionId=ed7061b1d89e7c95ce70868e0e3baa03,2026-03-08,2026-03-25,True,Budapest,,English: B2,Középiskola,"React, TypeScript","AGILE, REACT, TESTING, CLEAN CODE, SCRUM, HTML5, CSS, GIT, SASS",Remote,Full-time,1-3 years,,
2848812,"Rendszerparaméterező, riport-és szövegszerkesztő",Multilogic Tanácsadó és Informatikai Kft.,https://www.profession.hu/allas/rendszerparameterezo-riport-es-szovegszerkeszto-multilogic-tanacsado-es-informatikai-kft-2848812?sessionId=ed7061b1d89e7c95ce70868e0e3baa03,2026-03-08,2026-03-25,True,Budapest,,,Főiskola (High School with Diploma),Microsoft Office,"Microsoft Word, Dokumentum sablon tesztek",Általános munkarend (Full-time),Teljes munkaidő (Full-time),,,
2848811,Robotics Engineer – Digital Twin & Simulation,High Tech Engineering Center Kft.,https://www.profession.hu/allas/robotics-engineer-digital-twin-simulation-high-tech-engineering-center-kft-budapest-2848811?sessionId=ed7061b1d89e7c95ce70868e0e3baa03,2026-03-08,2026-03-25,True,Budapest,,,"Bachelor, Master","Python, C++","NVIDIA Omniverse, Isaac Sim, Isaac Lab, OpenUSD",Full-time,Full-time,,,
2848808,Infrastructure Projects - GIS Consultant with German,Accenture Korlátolt Felelősségű Társaság,https://www.profession.hu/allas/infrastructure-projects-gis-consultant-with-german-accenture-korlatolt-felelossegu-tarsasag-2848808?sessionId=ed7061b1d89e7c95ce70868e0e3baa03,2026-03-08,2026-03-25,True,Budapest,,"English: B2, German: B2",Középiskola,"ARCGIS, AGILE, SCRUM, JIRA, CONFLUENCE","ARCGIS, AGILE, SCRUM, JIRA, CONFLUENCE",Hybrid,Full-time,,,
2848806,Senior Backend Developer,Drótposta Consulting Informatikai Tanácsadó Kft.,https://www.profession.hu/allas/senior-backend-developer-drotposta-consulting-informatikai-tanacsado-kft-2848806?sessionId=ed7061b1d89e7c95ce70868e0e3baa03,2026-03-08,2026-03-25,True,Budapest,,,High School with Diploma,Java,"Spring Framework, Spring Boot, Spring Data, REST APIs, JSON, Git, Camunda, Kafka, Spring Security, OAuth, Docker, Kubernetes, AWS, IntelliJ IDEA, Windsurf or other AI assistants, Jenkins",Hybrid,Full-time,,,
2848802,Identity management developer,CDSYS Nyrt.,https://www.profession.hu/allas/identity-management-developer-cdsys-nyrt-2848802?sessionId=ed7061b1d89e7c95ce70868e0e3baa03,2026-03-08,2026-03-25,True,Budapest,,English: B2,Középiskola,"JAVA, SQL, ANGULAR, C","BACKEND, FRONTEND, REST, SOAP, LDAP",Hybrid,Full-time,3-5 years,,
2848797,Szoftverfejlesztő gyakornok,AgileXpert Szoftverfejlesztő és Tanácsadó Kft.,https://www.profession.hu/allas/szoftverfejleszto-gyakornok-agilexpert-szoftverfejleszto-es-tanacsado-kft-2848797?sessionId=ed7061b1d89e7c95ce70868e0e3baa03,2026-03-08,2026-03-25,True,Budapest,,English: B2,Főiskola,"BACKEND, FRONTEND",AGILIS,Részmunkaidő Általános munkarend,,,,
2848789,Backend Engineer (NodeJS) - Afternoon shift,Supercharge Kft.,https://www.profession.hu/allas/backend-engineer-nodejs-afternoon-shift-supercharge-kft-2848789?sessionId=ed7061b1d89e7c95ce70868e0e3baa03,2026-03-08,2026-03-25,True,Budapest,,English: B2,Bachelor,"NodeJS, Docker, SQL, ACCESS, CLOUD, AWS, DEVOPS, WINDOWS, POSTGRESQL, POWERSHELL, VPN","TROUBLESHOOTING, DEBUGGING, CISCO",Hybrid,Full-time,3-5 years,,
2848779,AI Inference Engineer,High Tech Engineering Center Kft.,https://www.profession.hu/allas/ai-inference-engineer-high-tech-engineering-center-kft-budapest-2848779?sessionId=ed7061b1d89e7c95ce70868e0e3baa03,2026-03-08,2026-03-25,True,Budapest,,,"Bachelor's degree in Computer Science, Engineering, Mathematics, or related discipline","C, C++, Python","Linux, OpenCL, CUDA",Full-time,Full-time,3-5 years,,
2848777,Junior JavaScript fejlesztő,FIT Solutions Kft.,https://www.profession.hu/allas/junior-javascript-fejleszto-fit-solutions-kft-szeged-2848777?sessionId=ed7061b1d89e7c95ce70868e0e3baa03,2026-03-08,2026-03-25,True,Szeged,,"{'English': 'B2'}, {'Hungarian': 'B2'}",Középiskola,"JavaScript, Laravel, PHP","Git, Linux, Docker, Vue.js, JQuery, Angular, PostgreSQL, API, Node.JS, MongoDB, REST",Hibrid,Teljes munkaidő,,,
2848775,"Staff Software Engineer, Physical & Edge AI Platforms",ARM Hungary Kft.,https://www.profession.hu/allas/staff-software-engineer-physical-edge-ai-platforms-arm-hungary-kft-2848775?sessionId=ed7061b1d89e7c95ce70868e0e3baa03,2026-03-08,2026-03-08,False,Seattle,"$202,300-$273,700 per year",,Bachelor,"C, C++, PYTHON","LINUX, SECURITY, HARDWARE, API",Hybrid,Full-time,,,
2848772,IT Projektmenedzser,Mint Consulting Kft.,https://www.profession.hu/allas/it-projektmenedzser-mint-consulting-kft-2848772?sessionId=ed7061b1d89e7c95ce70868e0e3baa03,2026-03-08,2026-03-25,True,Budapest,,English: B2,Középiskola,,PMP,Hybrid,Full-time,3-5 years,,
2848761,Frontend Developer,Wysio Informatikai és Szoftverfejlesztő Kft.,https://www.profession.hu/allas/frontend-developer-wysio-informatikai-es-szoftverfejleszto-kft-szeged-2848761?sessionId=ed7061b1d89e7c95ce70868e0e3baa03,2026-03-08,2026-03-25,True,Szeged,,English: B2,Középiskola,"Angular, HTML, CSS, JavaScript, TypeScript","Agile, Clean Code",Hybrid,Full-time,1-3 years,,
2848753,Senior frontend developer,W5 Informatikai Kft.,https://www.profession.hu/allas/senior-frontend-developer-w-informatikai-kft-pecs-2848753?sessionId=ed7061b1d89e7c95ce70868e0e3baa03,2026-03-08,2026-03-25,True,Pécs,,English: B2,Bachelor,"CSS, HTML5, ANGULAR, REACT, VUE, AGILIS, SCRUM",webpack,Full-time,Full-time,3-5 years,,
2848748,Senior backend developer,W5 Informatikai Kft.,https://www.profession.hu/allas/senior-backend-developer-w-informatikai-kft-pecs-2848748?sessionId=ed7061b1d89e7c95ce70868e0e3baa03,2026-03-08,2026-03-25,True,Pécs,,English: B2,Középiskola,"PHP, Laravel, Symfony","MySQL, Elasticsearch, Redis",Home-Office,Full-time,3-5 years,,
2848743,Medior szoftverfejlesztő,AgileXpert Szoftverfejlesztő és Tanácsadó Kft.,https://www.profession.hu/allas/medior-szoftverfejleszto-agilexpert-szoftverfejleszto-es-tanacsado-kft-2848743?sessionId=ed7061b1d89e7c95ce70868e0e3baa03,2026-03-08,2026-03-25,True,Budapest,,English: B2,Középiskola,"JAVA, SQL, AGILIS",,Hibrid,Teljes munkaidő,3-5 év tapasztalat,,
2848733,Project manager,W5 Informatikai Kft.,https://www.profession.hu/allas/project-manager-w-informatikai-kft-pecs-2848733?sessionId=ed7061b1d89e7c95ce70868e0e3baa03,2026-03-08,2026-03-25,True,Pécs,,English: B2,Középiskola,,,Full-time,Teljes munkaidő,,,
2848725,(Senior) Verification Engineer,ARM Hungary Kft.,https://www.profession.hu/allas/senior-verification-engineer-arm-hungary-kft-2848725?sessionId=ed7061b1d89e7c95ce70868e0e3baa03,2026-03-08,2026-03-18,False,Budapest,,,Főiskola,"C/C++, SystemVerilog, Tcl, Perl, Python",UVM,Hybrid,Full-time,,,
2830299,Incident Response Analyst,IPACKCHEM Kft.,https://www.profession.hu/allas/incident-response-analyst-ipackchem-kft-2830299?sessionId=ed7061b1d89e7c95ce70868e0e3baa03,2026-03-08,2026-03-08,False,Budapest,,,"Bachelor's Degree in the field of computer science, information systems, or information security",,"SECURITY, BACKUP, VPN, NETWORK, CLOUD, TROUBLESHOOTING",Full-time,Full-time,1-3 years,,
2849369,Associate Project Manager,Melon HR Technology Kft.,https://www.profession.hu/allas/associate-project-manager-melon-hr-technology-kft-szekesfehervar-2849369?sessionId=ed7061b1d89e7c95ce70868e0e3baa03,2026-03-09,2026-03-20,False,Székesfehérvár,,English: B2,Főiskola,,"SAP, MS Office",Home office lehetőség,Full-time,1-3 years,,
2849303,IT üzleti elemző,PHOENIX Pharma Zrt.,https://www.profession.hu/allas/it-uzleti-elemzo-phoenix-pharma-zrt-fot-2849303?sessionId=ed7061b1d89e7c95ce70868e0e3baa03,2026-03-09,2026-03-25,True,Fót,,English: B2,Bachelor,,"AGILIS, BPMN, UAT",Hybrid,Full-time,3-5 years,,
2849285,Power BI szakértő,Trans-Sped Kft.,https://www.profession.hu/allas/power-bi-szakerto-trans-sped-kft-budapest-2849285?sessionId=ed7061b1d89e7c95ce70868e0e3baa03,2026-03-09,2026-03-25,True,Budapest,,English: B2,Főiskola,"Power BI, DAX","BI COGNOS POWER BI, Laptop, Mobiltelefon",Távmunka (Home Office),Teljes munkaidő,3-5 év tapasztalat,,
2849274,Tesztmérnökségi csoportvezető,Knorr-Bremse,https://www.profession.hu/allas/tesztmernoksegi-csoportvezeto-knorr-bremse-budapest-2849274?sessionId=ed7061b1d89e7c95ce70868e0e3baa03,2026-03-09,2026-03-25,True,Budapest,,"{'Language': 'English', 'Level': 'B2'}",Bachelor,,LEAN,On-site with home office,Full-time,1-3 years,,
2849249,"Java Backend Fejlesztő (Spring Boot, Elastic Stack)",GriffSoft Zrt.,https://www.profession.hu/allas/java-backend-fejleszto-spring-boot-elastic-stack-griffsoft-zrt-budapest-2849249?sessionId=ed7061b1d89e7c95ce70868e0e3baa03,2026-03-09,2026-03-25,True,Budapest,,English: B2,Főiskola,"Java, Spring Boot, Python, Docker, Linux, Git, Gradle, Go","Elastic Stack, Debian",Hybrid,Full-time,3-5 years,,
2849228,Java Developer,ShiwaForce.com Zrt,https://www.profession.hu/allas/java-developer-shiwaforce-com-zrt-budapest-2849228?sessionId=ed7061b1d89e7c95ce70868e0e3baa03,2026-03-09,2026-03-25,True,Budapest,,English: B2,Főiskola (Bachelor),"Java, Spring Boot, J2EE, SQL, Maven, REST, JSON","Docker, Kubernetes, cloud technologies",Hybrid,Full-time,3-5 years,,
2848323,Tesztelő technikus,TECHNOORG-LINDA Kft.,https://www.profession.hu/allas/tesztelo-technikus-technoorg-linda-kft-budapest-2848323?sessionId=ed7061b1d89e7c95ce70868e0e3baa03,2026-03-09,2026-03-25,True,Budapest,,,Felsőoktatási szakképzés,,"ISO, Laptop, Workstation, Monitor (1 db), Windows Desktop PC",Általános munkarend,Teljes munkaidő Alkalmazotti jogviszony,5-10 év tapasztalat,,
2849157,Senior Data Quality Analyst,Molekuláris- Ujjlenyomat Kutató Központ Nonprofit Kft.,https://www.profession.hu/allas/senior-data-quality-analyst-molekularis-ujjlenyomat-kutato-kozpont-nonprofit-kft-budapest-2849157/pro?sessionId=ed7061b1d89e7c95ce70868e0e3baa03,2026-03-09,2026-03-25,True,Budapest,,English: B2,"MSc or PhD in bioinformatics, computational biology, biostatistics, data science, analytical chemistry, or related field","R, Python",,"Home office option, 1 day per week",Full-time,5-10 years,,
2848988,senior folyamatmenedzsment szakértő,MVM Informatika Zrt.,https://www.profession.hu/allas/senior-folyamatmenedzsment-szakerto-mvm-informatika-zrt-budapest-2848988?sessionId=ed7061b1d89e7c95ce70868e0e3baa03,2026-03-09,2026-03-25,True,Budapest,,,Főiskola,,"ITIL, VISIO, ARIS, BI, AGILIS, POWER BI",Általános munkarend,Teljes munkaidő,5-10 év tapasztalat,,
2848987,Medior folyamatmenedzsment szakértő,MVM Informatika Zrt.,https://www.profession.hu/allas/medior-folyamatmenedzsment-szakerto-mvm-informatika-zrt-budapest-2848987?sessionId=ed7061b1d89e7c95ce70868e0e3baa03,2026-03-09,2026-03-25,True,Budapest,,,Főiskola,,"VISIO, MS OFFICE, WORD, POWERPOINT, EXCEL",Általános munkarend,Teljes munkaidő,3-5 év tapasztalat,,
2848986,Folyamatmenedzsment portfólió szakértő,MVM Informatika Zrt.,https://www.profession.hu/allas/folyamatmenedzsment-portfolio-szakerto-mvm-informatika-zrt-budapest-2848986?sessionId=ed7061b1d89e7c95ce70868e0e3baa03,2026-03-09,2026-03-25,True,Budapest,,,Főiskola,,"POWERPOINT, EXCEL",Általános munkarend,Teljes munkaidő,5-10 év tapasztalat,,
2849094,Business Process System Engineer 80 - 100 %,Hamilton Bonaduz AG,https://www.profession.hu/allas/business-process-system-engineer-hamilton-bonaduz-ag-2849094?sessionId=ed7061b1d89e7c95ce70868e0e3baa03,2026-03-09,2026-03-11,False,Bonaduz,,"English: B2, German: B2",Főiskola,,"SAP S/4HANA, DATABASE PROJECT MANAGEMENT CHANGE MANAGEMENT",Full-time,Full-time,1-3 years,,
2849078,Business Process System Engineer 80 - 100 %,Hamilton Bonaduz AG,https://www.profession.hu/allas/business-process-system-engineer-hamilton-bonaduz-ag-2849078?sessionId=ed7061b1d89e7c95ce70868e0e3baa03,2026-03-09,2026-03-11,False,Bonaduz,,"English: B2, German: B2",Főiskola,,"SAP S/4HANA, DATABASE PROJECT MANAGEMENT CHANGE MANAGEMENT",Full-time,Full-time,1-3 years,,
2849061,Senior Software Engineer C++,ITech Consult AG,https://www.profession.hu/allas/senior-software-engineer-c-itech-consult-ag-2849061?sessionId=ed7061b1d89e7c95ce70868e0e3baa03,2026-03-09,2026-03-11,False,Rotkreuz,,English: B2,Bachelor,"C++, Linux","Docker, RabbitMQ",Full-time,Short-term,5+ years,,
2849058,Innovation Engineer - Robotics Lead,Belimed AG,https://www.profession.hu/allas/innovation-engineer-robotics-lead-belimed-ag-2849058?sessionId=ed7061b1d89e7c95ce70868e0e3baa03,2026-03-09,2026-03-23,False,Zug,,English: B2,"Bachelor, Master","C/C++, Python, Go","Linux, ROS/ROS2, Git, NVIDIA Isaac Sim",Full-time,Full-time,1-3 years,,
2849057,Senior Software Engineer C++,Swisslinx,https://www.profession.hu/allas/senior-software-engineer-c-swisslinx-2849057?sessionId=ed7061b1d89e7c95ce70868e0e3baa03,2026-03-09,2026-03-13,False,"Rotkreuz, Switzerland",,English: B2,"Bachelor's degree or higher in Software Engineering, Computer Science, Electrical Engineering, or a related field","C++, Linux","Docker, Scrum, Agile",Hybrid (50% remote),Full-time,5+ years,,
2849054,"Director of Technology, Development & Innovation",Bruker Switzerland AG,https://www.profession.hu/allas/director-of-technology-development-innovation-bruker-switzerland-ag-2849054?sessionId=ed7061b1d89e7c95ce70868e0e3baa03,2026-03-09,2026-03-09,False,Füllinsdorf,,"{'English': 'C1'}, {'German': 'B2'}","Master's degree in Engineering, Computer Science, Robotics, Automation, or a related technical field.",,"Jira, Confluence, PLM systems",Full-time,Full-time,6-8 years,,
2849053,Technical Product Manager - CPE and Connect Home,Salt Mobile SA,https://www.profession.hu/allas/technical-product-manager-cpe-and-connect-home-salt-mobile-sa-2849053?sessionId=ed7061b1d89e7c95ce70868e0e3baa03,2026-03-09,2026-03-13,False,Prilly,,English: C1,Master's degree in Telecommunications or Electrical Engineering,,"TR-069, TR-369, Wi-Fi technologies, XGS-PON, FTTH, VoIP, IoT, Linux, xDSL",Full-time,Full-time,5+ years,,
2849049,UX Researcher  | 80-100% | Hybrid working model | Zurich Switzerland,SMG Swiss Marketplace Group,https://www.profession.hu/allas/ux-researcher-hybrid-working-model-zurich-switzerland-smg-swiss-marketplace-group-2849049?sessionId=ed7061b1d89e7c95ce70868e0e3baa03,2026-03-09,2026-03-25,True,Zurich,,"English: B2, French: Native, German: Native",Főiskola,,"NETWORK R, WINDOWS",Hybrid,Full-time,1-3 years,,
2849045,Senior Front Arena Risk Developer,Swisslinx,https://www.profession.hu/allas/senior-front-arena-risk-developer-swisslinx-2849045?sessionId=ed7061b1d89e7c95ce70868e0e3baa03,2026-03-09,2026-03-13,False,Zürich,,,Középiskola,"Front Arena AEL, ACM, ADF","Git, Bitbucket",Hybrid,Full-time,8+ years,,
2849039,PRODUCT CATALOGUE MANAGER DIGITAL CHANNELS 100%,Swatch AG,https://www.profession.hu/allas/product-catalogue-manager-digital-channels-swatch-ag-2849039?sessionId=ed7061b1d89e7c95ce70868e0e3baa03,2026-03-09,2026-03-11,False,Biel/Bienne,,English: Fluent,Középiskola,,"Salesforce Commerce Cloud, Microsoft Office (Excel)",Full-time,Full-time,1-3 years,,
2849037,Senior IT Service Owner & Application Responsible - FIS Applications,Swisslinx,https://www.profession.hu/allas/senior-it-service-owner-application-responsible-fis-applications-swisslinx-2849037?sessionId=ed7061b1d89e7c95ce70868e0e3baa03,2026-03-09,2026-03-10,False,Svájc,,English: B2,Főiskola,"Unix, Windows, PostgreSQL, SQL",AGILE TESTING HARDWARE,Teljes munkaidő Általános munkarend,Full-time,3-5 év tapasztalat,,
2849036,Website Product Owner 80-100%,Curaden AG,https://www.profession.hu/allas/website-product-owner-curaden-ag-2849036?sessionId=ed7061b1d89e7c95ce70868e0e3baa03,2026-03-09,2026-03-17,False,Kriens,,English: B2,Bachelor,,Shopify,On-site with home office,Full-time,1-3 years,,
2849035,Fullstack Engineer Digital Solutions 80 - 100 %,Hamilton Medical AG,https://www.profession.hu/allas/fullstack-engineer-digital-solutions-hamilton-medical-ag-2849035?sessionId=ed7061b1d89e7c95ce70868e0e3baa03,2026-03-09,2026-03-25,True,Svájc,,English: B2,Főiskola,"C#, .NET, React","AZURE, REACT, CLOUD TESTING, DOCKER C",Általános munkarend,Teljes munkaidő,3-5 év tapasztalat,,
2849033,Director in Cybersecurity Technology & Transformation,Aequor Consulting GmbH,https://www.profession.hu/allas/director-in-cybersecurity-technology-transformation-aequor-consulting-gmbh-2849033?sessionId=ed7061b1d89e7c95ce70868e0e3baa03,2026-03-09,2026-03-25,True,Basel,,English: B2,"Főiskola (Bachelor's or Master's degree in Computer Engineering, Electrical Engineering, Computer Science or a related technical field)",,,Home-Office,Full-time,>10 years,,
2849024,Engineer VoIP communication Systems,skyguide,https://www.profession.hu/allas/engineer-voip-communication-systems-skyguide-2849024?sessionId=ed7061b1d89e7c95ce70868e0e3baa03,2026-03-09,2026-03-25,True,Wangen b. Dübendorf,,"English: B2, German: B2",Bachelor,Python,"Robot Framework, Linux",Full-time,Full-time,1-3 years,,
2849022,Lead Data Science  | 100% | Hybrid working model | Zurich Switzerland,SMG Swiss Marketplace Group,https://www.profession.hu/allas/lead-data-science-hybrid-working-model-zurich-switzerland-smg-swiss-marketplace-group-2849022?sessionId=ed7061b1d89e7c95ce70868e0e3baa03,2026-03-09,2026-03-25,True,Zürich,,English: B2,Középiskola,"Python, SQL","PYTHON, MACHINE LEARNING, SQL, ACCESS, WINDOWS, NETWORK, AGILE",Hybrid,Full-time,5+ years,,
2849019,Senior Software Engineer 80 - 100 %,Hamilton Bonaduz AG,https://www.profession.hu/allas/senior-software-engineer-hamilton-bonaduz-ag-2849019?sessionId=ed7061b1d89e7c95ce70868e0e3baa03,2026-03-09,2026-03-11,False,Switzerland,,"English: B2, German: B2","Bachelor's or Master's degree in computer science, software engineering, or a related technical field","C#, Python, JavaScript, TypeScript, Angular",,Full-time,Full-time,1-3 years,,
2848979,Associate,"McKinsey & Company, Inc.Hungary Magyarországi Fióktelepe",https://www.profession.hu/allas/associate-mckinsey-company-inc-hungary-magyarorszagi-fioktelepe-2848979?sessionId=ed7061b1d89e7c95ce70868e0e3baa03,2026-03-09,2026-03-25,True,Hungary,,English: B2,Master,,,On-site with home office,Full-time,0-1 years,,
2848977,Business Analyst Intern,"McKinsey & Company, Inc.Hungary Magyarországi Fióktelepe",https://www.profession.hu/allas/business-analyst-intern-mckinsey-company-inc-hungary-magyarorszagi-fioktelepe-2848977?sessionId=ed7061b1d89e7c95ce70868e0e3baa03,2026-03-09,2026-03-23,False,Budapest,,English,Undergraduate degree in progress,,"POWERPOINT, EXCEL",Full-time,Short-term,,,
2848809,"Quantitative Modeler, Vice President",BlackRock Hungary Kft.,https://www.profession.hu/allas/quantitative-modeler-vice-president-blackrock-hungary-kft-2848809?sessionId=ed7061b1d89e7c95ce70868e0e3baa03,2026-03-09,2026-03-14,False,Budapest,,,Master's degree in a Quantitative field,"Python, C++","Git, LINUX",Hybrid,Full-time,5+ years,,
2848975,Embedded Test Engineer - Tech Lead,ARM Hungary Kft.,https://www.profession.hu/allas/embedded-test-engineer-tech-lead-arm-hungary-kft-2848975?sessionId=ed7061b1d89e7c95ce70868e0e3baa03,2026-03-09,2026-03-09,False,Budapest,,,High School with Diploma,"C, Python","TESTING, LINUX, CI",Hybrid,Full-time,,,
2848972,"Software Engineer - QuantumBlack, AI by McKinsey","McKinsey & Company, Inc.Hungary Magyarországi Fióktelepe",https://www.profession.hu/allas/software-engineer-quantumblack-ai-by-mckinsey-mckinsey-company-inc-hungary-magyarorszagi-fioktelepe-2848972?sessionId=ed7061b1d89e7c95ce70868e0e3baa03,2026-03-09,2026-03-25,True,Budapest,,English: B2,Bachelor,"TypeScript, React, Angular, Vue, Next.js, Tailwind, Python, Node.js, Java/Spring, C#/.NET","NETWORK FRONTEND, REACT, ANGULAR, VUE, BACKEND, PYTHON, NODE.JS, JAVA SPRING C, DATABASES, SQL, NOSQL, CLOUD, AZURE, AWS, DOCKER, TESTING, AGILE",,Full-time,1-3 years,,
2848970,"Investment Data Automation Specialist, Associate",BlackRock Hungary Kft.,https://www.profession.hu/allas/investment-data-automation-specialist-associate-blackrock-hungary-kft-2848970?sessionId=ed7061b1d89e7c95ce70868e0e3baa03,2026-03-09,2026-03-14,False,Budapest,,English: B2,"Bachelor's degree in Finance, Economics, IT or an equivalent combination of education","VBA, PYTHON, SQL","ACCESS, EXCEL, Power Automate, Alteryx",,Full-time,1-3 years,,
2848966,Data Engineer,"McKinsey & Company, Inc.Hungary Magyarországi Fióktelepe",https://www.profession.hu/allas/data-engineer-mckinsey-company-inc-hungary-magyarorszagi-fioktelepe-2848966?sessionId=ed7061b1d89e7c95ce70868e0e3baa03,2026-03-09,2026-03-25,True,Budapest,,English: B2,Bachelor,,"ANALYTICS, SECURITY, CLOUD, MACHINE LEARNING, DEVOPS, POWERPOINT, AGILE, EXCEL",Full-time,Full-time,1-3 years,,
2847090,PRODUCT CATALOGUE MANAGER DIGITAL CHANNELS 100%,Swatch AG,https://www.profession.hu/allas/product-catalogue-manager-digital-channels-swatch-ag-2847090?sessionId=ed7061b1d89e7c95ce70868e0e3baa03,2026-03-09,2026-03-10,False,Biel/Bienne,,English: Fluent,Középiskola,,"Salesforce Commerce Cloud, Microsoft Office (Excel)",Full-time,Full-time,1-3 years,,
2844942,IT Manager 100%,Staar Surgical AG,https://www.profession.hu/allas/it-manager-staar-surgical-ag-2844942?sessionId=ed7061b1d89e7c95ce70868e0e3baa03,2026-03-09,2026-03-25,True,Nidau,,English: B2,Főiskola,,"SECURITY, ERP, ORACLE, SAP, HARDWARE",On-site with home office,Full-time,5-10 years,,
2844939,Senior Lecturer in Machine Health Intelligence 80 - 100 %,ZHAW,https://www.profession.hu/allas/senior-lecturer-in-machine-health-intelligence-zhaw-2844939?sessionId=ed7061b1d89e7c95ce70868e0e3baa03,2026-03-09,2026-03-13,False,Svájc,,"English: B2, Német: B2",PhD,,"NETWORK R, MACHINE LEARNING",Full-time,Full-time,3-5 years,,
2842221,Senior Manager IT Service Delivery & Operations,AO Foundation,https://www.profession.hu/allas/senior-manager-it-service-delivery-operations-ao-foundation-2842221?sessionId=ed7061b1d89e7c95ce70868e0e3baa03,2026-03-09,2026-03-10,False,Davos,,"English, German","Bachelor's degree in Information Technology, Computer Science, or related field",,"ServiceNow, Jira, SCCM","Hybrid (3 days on-site, 2 days remote)",Full-time,5-10 years,,
2839535,Senior IT Service Owner in the region of Basel,Albedis AG,https://www.profession.hu/allas/senior-it-service-owner-in-the-region-of-basel-albedis-ag-2839535?sessionId=ed7061b1d89e7c95ce70868e0e3baa03,2026-03-09,2026-03-10,False,Basel,,English: B2,Főiskola,,,On-site,Full-time,1-3 years,,
2850758,IT projektmenedzser,ZALEHY Kft,https://www.profession.hu/allas/it-projektmenedzser-zalehy-kft-szeged-2850758?sessionId=ed7061b1d89e7c95ce70868e0e3baa03,2026-03-10,2026-03-25,True,Szeged,,English: B2,Középiskola,,"AGILIS, SCRUM, JIRA, TRELLO, API, KANBAN, CHANGE MANAGEMENT",Hibrid,Teljes munkaidő,3-5 év tapasztalat,,
2850741,IT szakértő,ZIEHL-ABEGG Kft.,https://www.profession.hu/allas/it-szakerto-ziehl-abegg-kft-marcali-2850741?sessionId=ed7061b1d89e7c95ce70868e0e3baa03,2026-03-10,2026-03-25,True,Marcali,,"English: B2, German: B2",Főiskola,,"MS Windows Server, Virtualizált környezet, Active Directory, Szoftverkarbantartás, Linux/Unix, VMware",Rugalmas munkarend,Teljes munkaidő,1-3 év tapasztalat,,
2850679,Software developer - Bioinformatician,PHARMAHUNGARY 2000 Kft.,https://www.profession.hu/allas/software-developer-bioinformatician-pharmahungary-kft-budapest-2850679/pro?sessionId=ed7061b1d89e7c95ce70868e0e3baa03,2026-03-10,2026-03-25,True,Budapest,,English: B2,Bachelor,"PHP, JavaScript, NodeJS","ISO 9001, git, MySQL",Full-time,Full-time,,,
2850646,Firmware & Software Fejlesztő,MUSE Electronics Hungary Kft.,https://www.profession.hu/allas/firmware-software-fejleszto-muse-electronics-hungary-kft-budapest-2850646?sessionId=ed7061b1d89e7c95ce70868e0e3baa03,2026-03-10,2026-03-25,True,Budapest,,English: B2,Bachelor,"LINUX, WINDOWS, GIT, ANDROID","Git, Automated testing tools, CI/CD systems",Hybrid,Full-time,3-5 years,,
2850485,ERP belső tanácsadó,Magyar Vagon Business Solutions Kft.,https://www.profession.hu/allas/erp-belso-tanacsado-magyar-vagon-business-solutions-kft-budapest-2850485?sessionId=ed7061b1d89e7c95ce70868e0e3baa03,2026-03-10,2026-03-10,False,Budapest,,,Főiskola,"QAD, SQL, Power BI","ERP, UAT, EXCEL, POWER BI",Hybrid,Full-time,3-5 years,,
2849744,Információbiztonsági tanácsadó,FORTIX Consulting Kft.,https://www.profession.hu/allas/informaciobiztonsagi-tanacsado-fortix-consulting-kft-budapest-2849744/pro?sessionId=ed7061b1d89e7c95ce70868e0e3baa03,2026-03-10,2026-03-25,True,Budapest,,English: B2,Egyetem,,"ISO, MS OFFICE, WORD, AWS, CISSP, CISA, CISM, CRISC",Home-Office,Full-time,5+ years,,
2849713,Consultant (Process & Service Excellence Specialist),E.ON Digital Technology Hungary Kft.,https://www.profession.hu/allas/consultant-process-service-excellence-specialist-e-on-digital-technology-hungary-kft-budapest-2849713?sessionId=ed7061b1d89e7c95ce70868e0e3baa03,2026-03-10,2026-03-22,False,Budapest,,English: B2,Főiskola,,,Általános munkarend,Teljes munkaidő,1-3 év tapasztalat,,
2849560,IT Infra Engineer,Huawei Technologies Hungary Kft.,https://www.profession.hu/allas/it-infra-engineer-huawei-technologies-hungary-kft-budapest-2849560?sessionId=ed7061b1d89e7c95ce70868e0e3baa03,2026-03-10,2026-03-25,True,Budapest,,English: B2,Bachelor,,"Linux, Oracle, MySQL",On-site with home office,Full-time,1-3 years,,
2849555,Software Testing Engineer – Software Integration,Huawei Technologies Hungary Kft.,https://www.profession.hu/allas/software-testing-engineer-software-integration-huawei-technologies-hungary-kft-budapest-2849555?sessionId=ed7061b1d89e7c95ce70868e0e3baa03,2026-03-10,2026-03-25,True,Budapest,,English: B2,Bachelor,"Linux, Oracle, NoSQL",,On-site with home office,Full-time,1-3 years,,
2849525,IT fejlesztő,PHOENIX Pharma Zrt.,https://www.profession.hu/allas/it-fejleszto-phoenix-pharma-zrt-fot-2849525?sessionId=ed7061b1d89e7c95ce70868e0e3baa03,2026-03-10,2026-03-25,True,Fót,,English: B2,Bachelor,"JAVASCRIPT, PHP, GIT, POSTGRESQL, REST, BASH, PYTHON, SQL, LINUX, DEBIAN, ORACLE, HTML, CSS","GIT/Github verziókezelő, XPA (Magic) alkalmazásfejlesztő eszköz",Hybrid,Full-time,1-3 years,,
2849508,Rendszerszervező,Magyar Posta Zrt.,https://www.profession.hu/allas/rendszerszervezo-magyar-posta-zrt-budapest-2849508?sessionId=ed7061b1d89e7c95ce70868e0e3baa03,2026-03-10,2026-03-25,True,Budapest,,English: B2,Bachelor,,,On-site with home office,Full-time,3-5 years,,
2849505,"Medior JAVA Fejlesztő (Spring Boot, Microservices)",Nova HR,https://www.profession.hu/allas/medior-java-fejleszto-spring-boot-microservices-nova-hr-budapest-2849505?sessionId=ed7061b1d89e7c95ce70868e0e3baa03,2026-03-10,2026-03-25,True,Budapest,,English: B2,Középiskola,"Java, Spring Boot, SQL, Maven, REST, JSON, GIT, Docker","JAVA, SPRING, MAVEN, BACKEND, SQL, GIT, AGILIS, REST, JSON, DOCKER, ORACLE, CD, CI",Hibrid,Full-time,3-5 years,,
2849504,Sr. Tesztautomatizáló mérnök,Nova HR,https://www.profession.hu/allas/sr-tesztautomatizalo-mernok-nova-hr-2849504?sessionId=ed7061b1d89e7c95ce70868e0e3baa03,2026-03-10,2026-03-25,True,Budapest,,English: B2,Főiskola (Bachelor),"Java, Selenium, Agilis, JMeter","Java, Selenium, Agilis, JMeter",,Full-time,3-5 years,,
2849393,Tech lead webdesign és -fejlesztő,Melon HR Technology Kft.,https://www.profession.hu/allas/tech-lead-webdesign-es-fejleszto-melon-hr-technology-kft-budapest-2849393?sessionId=ed7061b1d89e7c95ce70868e0e3baa03,2026-03-10,2026-03-20,False,Budapest,700 EUR - 900 EUR gross/month,,Középiskola,"PHP, HTML, CSS, JS",,Hibrid,Teljes munkaidő,3-5 év tapasztalat,,
2849384,IT Projektmenedzser,Melon HR Technology Kft.,https://www.profession.hu/allas/it-projektmenedzser-melon-hr-technology-kft-budapest-2849384?sessionId=ed7061b1d89e7c95ce70868e0e3baa03,2026-03-10,2026-03-25,True,Budapest,,English: B2,Középiskola,,"IBM Tririga, Microsoft 365","Alkalmazotti jogviszony, Általános munkarend",Teljes munkaidő,1-3 év tapasztalat,,
2849415,Core Rendszerek Tervező Csoportvezető,Magyar Posta Zrt.,https://www.profession.hu/allas/core-rendszerek-tervezo-csoportvezeto-magyar-posta-zrt-budapest-2849415?sessionId=ed7061b1d89e7c95ce70868e0e3baa03,2026-03-10,2026-03-25,True,Budapest,,,Bachelor,,ENTERPRISE ARCHITECT,On-site with home office,Full-time,3-5 years,,
2850631,Irodai kisegítő diákmunka (IT területen) Tatabányán - AGC,MADS - Márton Áron Iskolaszövetkezet,https://www.profession.hu/allas/irodai-kisegito-diakmunka-it-teruleten-tatabanyan-agc-mads-marton-aron-iskolaszovetkezet-kornye-2850631?sessionId=ed7061b1d89e7c95ce70868e0e3baa03,2026-03-10,2026-03-25,True,Környe,,,Középiskola,,"MS OFFICE, R, CI",Diákmunka Általános munkarend,Full-time,,,
2849539,Diákmunka - Beágyazott rendszereket tesztelő gyakornok,MŰISZ Iskolaszövetkezet,https://www.profession.hu/allas/diakmunka-beagyazott-rendszereket-tesztelo-gyakornok-muisz-iskolaszovetkezet-budapest-2849539?sessionId=ed7061b1d89e7c95ce70868e0e3baa03,2026-03-10,2026-03-17,False,Budapest XI. kerület,2900 Ft/óra,"English: B2, Hungarian",Középiskola,Python,"Linux, Selenium, SVN, Jenkins",Hybrid,Diákmunka,,,
2833453,DevOps Engineer,OmniLogic Kft.,https://www.profession.hu/allas/devops-engineer-omnilogic-kft-gyor-2833453?sessionId=ed7061b1d89e7c95ce70868e0e3baa03,2026-03-10,2026-03-20,False,Győr,,English: B2,Bachelor,"Python, Java","Docker, Jenkins, Ansible, Nexus, Grafana, Kibana",Home-Office,Full-time,0-1 years,,
2850499,Solution Architect,Mammut Sports Group AG,https://www.profession.hu/allas/solution-architect-mammut-sports-group-ag-2850499?sessionId=ed7061b1d89e7c95ce70868e0e3baa03,2026-03-10,2026-03-10,False,Seon,,English,Bachelor or equivalent,,"Microsoft Dynamics 365 F&O, Power BI, ISV solutions, Middleware & integration solutions (like Lobster, API-Mgmt, etc.), Confluence / Jira",Hybrid,Full-time,5+ years,,
2850498,Lead Data Scientist  | 100% | Hybrid working model | Zurich Switzerland,SMG Swiss Marketplace Group,https://www.profession.hu/allas/lead-data-scientist-hybrid-working-model-zurich-switzerland-smg-swiss-marketplace-group-2850498?sessionId=ed7061b1d89e7c95ce70868e0e3baa03,2026-03-10,2026-03-25,True,Zürich,,English: B2,Bachelor,"Python, SQL","Windows, Laptop, Agile, Machine Learning, Network Access",Hybrid,Full-time,5+ years,,
2850468,Junior project manager,Innomatrix Services Kft.,https://www.profession.hu/allas/junior-project-manager-innomatrix-services-kft-2850468?sessionId=ed7061b1d89e7c95ce70868e0e3baa03,2026-03-10,2026-03-25,True,,,English: B2,Bachelor,,"Microsoft Office, ITIL, NETWORK SECURITY, PROJECT MANAGEMENT, PMP",Full-time,Full-time,1-3 years,,
2850464,Java Developer,Innomatrix Services Kft.,https://www.profession.hu/allas/java-developer-innomatrix-services-kft-2850464?sessionId=ed7061b1d89e7c95ce70868e0e3baa03,2026-03-10,2026-03-25,True,,,{'English': 'B2'},"Bachelor, Master",Java,"ORACLE, GIT, DOCKER, DATABASE, SQL, LINUX, TESTING, JUNIT, MAVEN, SCRUM, CLEAN CODE",Hybrid,Full-time,1-3 years,,
2850443,Talent & Learning Technology Team Lead,KOSTAL Global Business Services Center Kft.,https://www.profession.hu/allas/talent-learning-technology-team-lead-kostal-global-business-services-center-kft-2850443?sessionId=ed7061b1d89e7c95ce70868e0e3baa03,2026-03-10,2026-03-23,False,Budapest,,English: C1,Bachelor,,"Cornerstone On Demand, SmartRecruiters, SAP HCM, Microsoft 365",Hybrid,Full-time,5-10 years,,
2850441,Senior GCP Data Engineer,Accenture Korlátolt Felelősségű Társaság,https://www.profession.hu/allas/senior-gcp-data-engineer-accenture-korlatolt-felelossegu-tarsasag-2850441?sessionId=ed7061b1d89e7c95ce70868e0e3baa03,2026-03-10,2026-03-25,True,Budapest,,English: B2+,"Bachelor's or Master's degree in Computer Science, Engineering, or a related technical field","Python, SQL","Git, Terraform, Docker, Tableau, Power BI",Hybrid,Full-time,5+ years,,
2850438,Brand Experience – QA Engineer,Betsson Group,https://www.profession.hu/allas/brand-experience-qa-engineer-betsson-group-2850438?sessionId=ed7061b1d89e7c95ce70868e0e3baa03,2026-03-10,2026-03-25,True,Budapest,,,High School with Diploma,"JavaScript, TypeScript","Playwright, BrowserStack, Allure, Grafana, Kibana, OpenSearch, Cypress, Selenium, JMeter",Hybrid,Full-time,3-5 years,,
2850437,Player Management – Fullstack Software Engineer,Betsson Group,https://www.profession.hu/allas/player-management-fullstack-software-engineer-betsson-group-2850437?sessionId=ed7061b1d89e7c95ce70868e0e3baa03,2026-03-10,2026-03-25,True,Budapest,,English: B2,High School with Diploma,"Angular, .NET (preferably .NET 9), TypeScript","Docker, Kubernetes, AWS, PostgreSQL, MSSQL, Couchbase, OpenSearch or Elasticsearch, Playwright or Cypress",Hybrid,Full-time,,,
2850425,Brand Experience – Senior Frontend Software Engineer,Betsson Group,https://www.profession.hu/allas/brand-experience-senior-frontend-software-engineer-betsson-group-2850425?sessionId=ed7061b1d89e7c95ce70868e0e3baa03,2026-03-10,2026-03-25,True,Budapest,,,High School with Diploma,"JavaScript, Angular, React+Vue","HTML, CSS, AWS, Agile Scrum",Hybrid,Full-time,,,
2850422,IT Project Manager,Mortoff Informatikai Tanácsadó és Szolgáltató Kft.,https://www.profession.hu/allas/it-project-manager-mortoff-informatikai-tanacsado-es-szolgaltato-kft-2850422?sessionId=ed7061b1d89e7c95ce70868e0e3baa03,2026-03-10,2026-03-25,True,Budapest,,,Bachelor,,"Jira, Trello, MS Project",Hybrid,Full-time,3-5 years,,
2850420,Sportsbook – Data Engineer,Betsson Group,https://www.profession.hu/allas/sportsbook-data-engineer-betsson-group-2850420?sessionId=ed7061b1d89e7c95ce70868e0e3baa03,2026-03-10,2026-03-25,True,Budapest,,English: B2,High School with Diploma,"SQL, PYTHON, R","MSSQL, CLOUD, AWS, AZURE, POWERBI, GIT, DATABASE, POSTGRESQL",Hybrid,Full-time,,,
2850415,Java fejlesztő,Mortoff Informatikai Tanácsadó és Szolgáltató Kft.,https://www.profession.hu/allas/java-fejleszto-mortoff-informatikai-tanacsado-es-szolgaltato-kft-2850415?sessionId=ed7061b1d89e7c95ce70868e0e3baa03,2026-03-10,2026-03-25,True,Budapest,,English: B2,Középiskola,"Java, Spring, Hibernate, Kotlin","AWS, API, NOSQL, DOCKER, AZURE",Hibrid,Teljes munkaidő,3-5 év tapasztalat,,
2850413,Staff Release Automation Engineer (Embedded),ARM Hungary Kft.,https://www.profession.hu/allas/staff-release-automation-engineer-embedded-arm-hungary-kft-2850413?sessionId=ed7061b1d89e7c95ce70868e0e3baa03,2026-03-10,2026-03-25,True,Budapest,,,High School with Diploma,"Python, BASH","GIT, DOCKER, JIRA, CI",Hybrid,Full-time,,,
2850399,"Python fejlesztő (Python, Django)",Innovative Software Solutions Kft.,https://www.profession.hu/allas/python-fejleszto-python-django-innovative-software-solutions-kft-dunakeszi-2850399?sessionId=ed7061b1d89e7c95ce70868e0e3baa03,2026-03-10,2026-03-11,False,Dunakeszi,,English: B2,Középiskola,"Python, React, C","PostgreSQL, MSSQL, Entity Framework, Laravel, Django",Home-Office,Full-time,1-3 years,,
2850398,.Net fejlesztő,Mortoff Informatikai Tanácsadó és Szolgáltató Kft.,https://www.profession.hu/allas/net-fejleszto-mortoff-informatikai-tanacsado-es-szolgaltato-kft-2850398?sessionId=ed7061b1d89e7c95ce70868e0e3baa03,2026-03-10,2026-03-25,True,Budapest,,English: B2,Középiskola,"C#, .NET Core, ASP.NET, Web API, SQL Server, PostgreSQL, NoSQL","AGILIS, SQL, HTML, CSS, ANGULAR, POSTGRESQL, C, AZURE, AWS, REACT, DOCKER, JAVASCRIPT",Távmunka / Remote,Teljes munkaidő,3-5 év tapasztalat,,
2850395,Manuális tesztelő,Mortoff Informatikai Tanácsadó és Szolgáltató Kft.,https://www.profession.hu/allas/manualis-tesztelo-mortoff-informatikai-tanacsado-es-szolgaltato-kft-2850395?sessionId=ed7061b1d89e7c95ce70868e0e3baa03,2026-03-10,2026-03-25,True,Budapest,,"{'Language': 'Magyar', 'Level': 'középfok'}",Középiskola,,"API, JIRA, AGILE, SCRUM, AUTOMATIZÁLÁS",Hibrid,Teljes munkaidő,,,
2850390,"Application Engineer, Vice President",BlackRock Hungary Kft.,https://www.profession.hu/allas/application-engineer-vice-president-blackrock-hungary-kft-2850390?sessionId=ed7061b1d89e7c95ce70868e0e3baa03,2026-03-10,2026-03-14,False,Budapest,,,"Bachelor's or Master's degree in computer science, Engineering, or a related technical field.",Java,"Spring, React, Angular",Hybrid,Full-time,7+ years,,
2850389,IT Rendszerszervező,Mortoff Informatikai Tanácsadó és Szolgáltató Kft.,https://www.profession.hu/allas/it-rendszerszervezo-mortoff-informatikai-tanacsado-es-szolgaltato-kft-2850389?sessionId=ed7061b1d89e7c95ce70868e0e3baa03,2026-03-10,2026-03-25,True,Budapest,,,Bachelor,SQL,,Hybrid,Full-time,,,
2850382,Backend Tech Lead (Java/Kotlin),Supercharge Kft.,https://www.profession.hu/allas/backend-tech-lead-java-kotlin-supercharge-kft-szeged-2850382?sessionId=ed7061b1d89e7c95ce70868e0e3baa03,2026-03-10,2026-03-25,True,Szeged,,English: B2,Középiskola,"Java, Kotlin","BACKEND, JAVA, KOTLIN, SECURITY, SPRING, SQL, NOSQL, DATABASES, CLOUD, AWS, AZURE, CLEAN CODE",,Full-time,,,
2850380,Sportsbook – Backend Software Engineer,Betsson Group,https://www.profession.hu/allas/sportsbook-backend-software-engineer-betsson-group-2850380?sessionId=ed7061b1d89e7c95ce70868e0e3baa03,2026-03-10,2026-03-25,True,Budapest,,English: B2,Középiskola,.NET/C#,"BACKEND TESTING C, SQL, CLOUD, AWS, AZURE, DOCKER, REST",Hybrid,Full-time,,,
2850378,Sportsbook – Backend Engineering Tech Lead,Betsson Group,https://www.profession.hu/allas/sportsbook-backend-engineering-tech-lead-betsson-group-2850378?sessionId=ed7061b1d89e7c95ce70868e0e3baa03,2026-03-10,2026-03-25,True,Budapest,,,High School with Diploma,"C#, .NET framework/core","AWS, AZURE, DATABASE, SQL, POSTGRESQL, NOSQL, MONGODB, DOCKER",Hybrid,Full-time,,,
2850376,IT Business Analyst,Mortoff Informatikai Tanácsadó és Szolgáltató Kft.,https://www.profession.hu/allas/it-business-analyst-mortoff-informatikai-tanacsado-es-szolgaltato-kft-2850376?sessionId=ed7061b1d89e7c95ce70868e0e3baa03,2026-03-10,2026-03-25,True,Budapest,,English: B2,Egyetem,"Java, Python","SAP, Oracle, SQL, ERP, DYNAMICS, PMI, PMP, BPMN",Hybrid,Full-time,3-5 years,,
2850364,Player Management – Backend Engineering Team Lead,Betsson Group,https://www.profession.hu/allas/player-management-backend-engineering-team-lead-betsson-group-2850364?sessionId=ed7061b1d89e7c95ce70868e0e3baa03,2026-03-10,2026-03-25,True,Budapest,,English: B2,Középiskola,".NET technology stack, Docker, Kubernetes, PostgreSQL, SQL Server, Couchbase","BACKEND, DOCKER, SQL, NOSQL, DATABASES, POSTGRESQL, AWS, AGILE, SCRUM",Hybrid,Full-time,,,
2850360,Salesforce Developer,Accenture Korlátolt Felelősségű Társaság,https://www.profession.hu/allas/salesforce-developer-accenture-korlatolt-felelossegu-tarsasag-2850360?sessionId=ed7061b1d89e7c95ce70868e0e3baa03,2026-03-10,2026-03-25,True,Budapest,,{'English': 'B2'},Középiskola,"Apex, Java, JavaScript, C#","Salesforce, DevOps Center, Git, REST, SOAP, Platform Events, Middleware",Hybrid,Full-time,,,
2850358,Sportsbook – Frontend QA Engineer (Manual),Betsson Group,https://www.profession.hu/allas/sportsbook-frontend-qa-engineer-manual-betsson-group-2850358?sessionId=ed7061b1d89e7c95ce70868e0e3baa03,2026-03-10,2026-03-25,True,Budapest,,,Középiskola,Angular,"JIRA, CONFLUENCE, ISTQB, SOFTWARE TESTING, TEST AUTOMATION",Hybrid,Full-time,1-3 years,,
2850354,AI Engineer,Betsson Group,https://www.profession.hu/allas/ai-engineer-betsson-group-2850354?sessionId=ed7061b1d89e7c95ce70868e0e3baa03,2026-03-10,2026-03-25,True,Budapest,,,High School with Diploma,,Mobiltelefon,Hybrid,Full-time,,,
2850352,Player Management – Backend QA Engineer,Betsson Group,https://www.profession.hu/allas/player-management-backend-qa-engineer-betsson-group-2850352?sessionId=ed7061b1d89e7c95ce70868e0e3baa03,2026-03-10,2026-03-23,False,Budapest,,"{'Language': 'C#', 'CEFR Level': None}, {'Language': 'English', 'CEFR Level': None}",Bachelor's Degree in Computer Science or equivalent.,"C#, Docker, AWS","BACKEND TESTING, DOCKER, AWS, SCUM, AUTOMATED TESTS, TEST AUTOMATION, JMETER, AGILE SOFTWARE TESTING",Hybrid,Full-time,,,
2850349,Senior Product Designer,Betsson Group,https://www.profession.hu/allas/senior-product-designer-betsson-group-2850349?sessionId=ed7061b1d89e7c95ce70868e0e3baa03,2026-03-10,2026-03-25,True,Budapest,,English: B2,Középiskola,,"Sketch, Figma, Adobe XD, InVision, Webflow, Axure RP",On-site with home office,Full-time,3-5 years,,
2850343,Player Management – Backend Architect,Betsson Group,https://www.profession.hu/allas/player-management-backend-architect-betsson-group-2850343?sessionId=ed7061b1d89e7c95ce70868e0e3baa03,2026-03-10,2026-03-25,True,Budapest,,,Középiskola,"BACKEND SECURITY, DOCKER, SQL, NOSQL, CLOUD, AWS",Mobiltelefon,Hybrid,Full-time,,,
2850340,Sportsbook – Frontend Software Engineer,Betsson Group,https://www.profession.hu/allas/sportsbook-frontend-software-engineer-betsson-group-2850340?sessionId=ed7061b1d89e7c95ce70868e0e3baa03,2026-03-10,2026-03-25,True,Budapest,,English: B2,Középiskola,"JavaScript, Angular, Redux, Sass, HTML5, JAVASCRIPT, HTML, CSS, C, .NET/C#","Angular Material, RxJS, ASP.NET MVC, Web API, WCF, SQL Server",Hybrid,Full-time,,,
2850337,Automatizált tesztelő,Mortoff Informatikai Tanácsadó és Szolgáltató Kft.,https://www.profession.hu/allas/automatizalt-tesztelo-mortoff-informatikai-tanacsado-es-szolgaltato-kft-2850337?sessionId=ed7061b1d89e7c95ce70868e0e3baa03,2026-03-10,2026-03-25,True,Budapest,,English: B2,Középiskola,"C#, Java, Groovy, Python","Selenium, Appium, Playwright, Cypress, TestNG, JUnit, NUnit, Maven, Gradle, MSBuild, TeamCity, Jenkins, GitLab CI, Azure DevOps, Postman, RestAssured, SoapUI, Jira, Azure DevOps, Redmine",Hibrid,Teljes munkaidő,,,
2850330,Frontend fejlesztő,Mortoff Informatikai Tanácsadó és Szolgáltató Kft.,https://www.profession.hu/allas/frontend-fejleszto-mortoff-informatikai-tanacsado-es-szolgaltato-kft-2850330?sessionId=ed7061b1d89e7c95ce70868e0e3baa03,2026-03-10,2026-03-25,True,Budapest,,"{'Language': 'Magyar', 'Level': 'középfok'}",Középiskola,"HTML, CSS, JavaScript, React, Angular, Vue.js","GIT, SASS, ADOBE XD",Hibrid,Teljes munkaidő,,,
2850327,Brand Experience – Engineering Tech Lead,Betsson Group,https://www.profession.hu/allas/brand-experience-engineering-tech-lead-betsson-group-2850327?sessionId=ed7061b1d89e7c95ce70868e0e3baa03,2026-03-10,2026-03-11,False,Budapest,,,High School with Diploma,"JavaScript, TypeScript","CSS3, HTML5, JAVASCRIPT, TESTING, BACKEND API, GIT, AGILE",Hybrid,Full-time,,,
2850319,Player Management – Backend Software Engineer,Betsson Group,https://www.profession.hu/allas/player-management-backend-software-engineer-betsson-group-2850319?sessionId=ed7061b1d89e7c95ce70868e0e3baa03,2026-03-10,2026-03-25,True,Budapest,,English: B2,High School with Diploma,"C#, .NET, ASP.NET Web API","DOCKER, DEVOPS",Hybrid,Full-time,,,
2850306,Beágyazott fejlesztő,Mortoff Informatikai Tanácsadó és Szolgáltató Kft.,https://www.profession.hu/allas/beagyazott-fejleszto-mortoff-informatikai-tanacsado-es-szolgaltato-kft-2850306?sessionId=ed7061b1d89e7c95ce70868e0e3baa03,2026-03-10,2026-03-25,True,Budapest,,"{'Language': 'C', 'Level': None}, {'Language': 'C++', 'Level': None}, {'Language': 'Assembly', 'Level': None}",Középiskola,"C, C++, Assembly","HARDWARE, C, C++, ASSEMBLY, LINUX, TESTING, GIT, WINDOWS, MATLAB, SVN",Hybrid,Full-time,,,
2850268,Lead Product Manager,The Stepstone Group GmbH,https://www.profession.hu/allas/lead-product-manager-the-stepstone-group-gmbh-2850268?sessionId=ed7061b1d89e7c95ce70868e0e3baa03,2026-03-10,2026-03-25,True,Germany,,German: C1,Bachelor,,AGILE,Hybrid,Full-time,1-3 years,,
2850267,(Senior) Data Engineer (m/f/d) - Azure,Riverty,https://www.profession.hu/allas/senior-data-engineer-m-f-d-azure-riverty-2850267?sessionId=ed7061b1d89e7c95ce70868e0e3baa03,2026-03-10,2026-03-10,False,Berlin,,English: B2,"Bachelor's or Master's degree in Computer Science, Engineering, or a related field.","Python, SQL","Azure Data Factory, Databricks, Airflow, Git, Azure DevOps",Hybrid,Full-time,5+ years,,
2850262,Senior AI Engineer (m/f/d),Riverty,https://www.profession.hu/allas/senior-ai-engineer-m-f-d-riverty-2850262?sessionId=ed7061b1d89e7c95ce70868e0e3baa03,2026-03-10,2026-03-10,False,Berlin,,English: B2,Bachelor,Python,"AZURE, CLOUD",Full-time,Full-time,5+ years,,
2850261,Senior Frontend Engineer (Angular) (m/f/d),Riverty,https://www.profession.hu/allas/senior-frontend-engineer-angular-m-f-d-riverty-2850261?sessionId=ed7061b1d89e7c95ce70868e0e3baa03,2026-03-10,2026-03-10,False,Berlin,,"{'English': 'B2'}, {'German': 'B2'}",University degree or equivalent qualification in IT,"Angular, TypeScript, JavaScript, Java, C#","Windows API, Oracle, SQL Server, Azure",Hybrid,Full-time,7+ years,,
2850260,Data Engineering Lead (m/w/d),Riverty,https://www.profession.hu/allas/data-engineering-lead-m-w-d-riverty-2850260?sessionId=ed7061b1d89e7c95ce70868e0e3baa03,2026-03-10,2026-03-10,False,Berlin,,"{'Language': 'German', 'CEFR Level': 'B2'}","Bachelor's or Master's degree in Computer Science, Data Engineering, Information Systems, or a related field.","Python, SQL","{'Software/Tool': 'Azure', 'Type': 'Cloud-based data lakehouse'}, {'Software/Tool': 'Databricks Medallion architecture', 'Type': 'Cloud-based data lakehouse'}",Hybrid,Full-time,"10+ years of experience in data engineering, with at least 3–5 years in a leadership role managing multi-team delivery",,
2850259,Software Engineering Lead (MS Dynamics & CRM) (m/f/d),Riverty,https://www.profession.hu/allas/software-engineering-lead-ms-dynamics-crm-m-f-d-riverty-2850259?sessionId=ed7061b1d89e7c95ce70868e0e3baa03,2026-03-10,2026-03-10,False,"Verl, Baden-Baden or Berlin",,"English, German",Bachelor,,"DYNAMICS CRM, AZURE BI, TESTING, DEVOPS, API, POWER BI, AGILE",Full-time with flexible working conditions,Full-time,7+ years,,
2850257,"Software Engineer - RAG, Knowledge Graphs & Agentic Systems (m/f/d)",Riverty,https://www.profession.hu/allas/software-engineer-rag-knowledge-graphs-agentic-systems-m-f-d-riverty-2850257?sessionId=ed7061b1d89e7c95ce70868e0e3baa03,2026-03-10,2026-03-10,False,Berlin,,English: B2,Bachelor,"Java, Python",,Full-time,Full-time,1-3 years,,
2850256,License Compliance Expert (m/f/d),Riverty,https://www.profession.hu/allas/license-compliance-expert-m-f-d-riverty-2850256?sessionId=ed7061b1d89e7c95ce70868e0e3baa03,2026-03-10,2026-03-10,False,Németország,,"English: B2, German: B2",Főiskola,,"CLOUD, ORACLE, VMWARE, ADOBE",Teljes munkaidő Általános munkarend,Full-time,1-3 years,,
2850254,Product Manager - Payments & Finance (m/f/d),Riverty,https://www.profession.hu/allas/product-manager-payments-finance-m-f-d-riverty-2850254?sessionId=ed7061b1d89e7c95ce70868e0e3baa03,2026-03-10,2026-03-10,False,Berlin,,"{'English': 'Fluent'}, {'German': 'Strong plus'}","Bachelor's degree in Business Administration, Finance, Economics or a related field",,"Jira, Azure DevOps",Hybrid,Full-time,4+ years,,
2850253,Software Developer (m/f/d) Simulation Helicopter / UAV,FERCHAU – Connecting People and Technologies,https://www.profession.hu/allas/software-developer-m-f-d-simulation-helicopter-uav-ferchau-connecting-people-and-technologies-2850253?sessionId=ed7061b1d89e7c95ce70868e0e3baa03,2026-03-10,2026-03-25,True,Donauwörth,,English: B2,Főiskola,"C, C++","Qt, Real Time Operating Systems (RTOS)",Hybrid,Full-time,1-3 years,,
2850252,System Engineer (m/f/d) Defence,FERCHAU – Connecting People and Technologies,https://www.profession.hu/allas/system-engineer-m-f-d-defence-ferchau-connecting-people-and-technologies-2850252?sessionId=ed7061b1d89e7c95ce70868e0e3baa03,2026-03-10,2026-03-25,True,Manching,,English: B2,Bachelor,"SysML/UML, MATLAB/Simulink, SCADE","DOORS, JIRA, CONFLUENCE",,Full-time,1-3 years,,
2850251,Embedded / Middleware Software Developer (m/f/d),FERCHAU – Connecting People and Technologies,https://www.profession.hu/allas/embedded-middleware-software-developer-m-f-d-ferchau-connecting-people-and-technologies-2850251?sessionId=ed7061b1d89e7c95ce70868e0e3baa03,2026-03-10,2026-03-25,True,Garching bei München,,English: B2,Bachelor,"C, C++, ADA","MIDDLEWARE, Tiger Lab, VxWorks",Hybrid,Full-time,1-3 years,,
2850241,Technical Marketing Manager,GigaDevice Semiconductor Germany GmbH,https://www.profession.hu/allas/technical-marketing-manager-gigadevice-semiconductor-germany-gmbh-2850241?sessionId=ed7061b1d89e7c95ce70868e0e3baa03,2026-03-10,2026-03-25,True,Hoehenkirchen-Siegertsbrunn,,English: B2,Bachelor/Master in Electrical or Computer Engineering,,,Hybrid,Full-time,5+ years,,
2850237,Software Engineer / Developer (m/f/d) Python,Nanoscribe GmbH & Co. KG,https://www.profession.hu/allas/software-engineer-developer-m-f-d-python-nanoscribe-gmbh-co-kg-2850237?sessionId=ed7061b1d89e7c95ce70868e0e3baa03,2026-03-10,2026-03-25,True,Karlsruhe area,,English: B2,Bachelor,Python,"R, LINUX, NETWORK, CI, CLEAN CODE",Hybrid,Full-time,1-3 years,,
2850194,Analytics & Data Intelligence (Junior) Specialist (f/m/d) - BTP Project Management Office,SAP SE,https://www.profession.hu/allas/analytics-data-intelligence-junior-specialist-f-m-d-btp-project-management-office-sap-se-2850194?sessionId=ed7061b1d89e7c95ce70868e0e3baa03,2026-03-10,2026-03-13,False,Németország,,English: B2,Főiskola,"Python, SQL","SAP Analytics Cloud, SAP Datasphere, SAP HANA databases",,"Part-Time, or Vollzeit, unbefristet",1-3 years,,
2850159,Lead Backend Engineer - Assistance,N26 GmbH,https://www.profession.hu/allas/lead-backend-engineer-assistance-n-gmbh-2850159?sessionId=ed7061b1d89e7c95ce70868e0e3baa03,2026-03-10,2026-03-25,True,Germany,,English: B2,Bachelor,"Java, Kotlin, Spring Boot","PostgreSQL, AWS, Python",Hybrid,Full-time,5+ years,,
2850132,Cloud Solution Architect (f/m/d) for Agentic AI - Focus Finance,SAP SE,https://www.profession.hu/allas/cloud-solution-architect-f-m-d-for-agentic-ai-focus-finance-sap-se-2850132?sessionId=ed7061b1d89e7c95ce70868e0e3baa03,2026-03-10,2026-03-17,False,"Walldorf, Hamburg, Berlin, Ratingen, Eschborn, Gerlingen, Garching",,"English: C1, German: C1",Bachelor,"ABAP, JAVA","SAP BTP, SAP Joule",Hybrid,Full-time,1-3 years,,
2850125,(Senior) Developer (f/m/d) - SAP on Microsoft SQL Server,SAP SE,https://www.profession.hu/allas/senior-developer-f-m-d-sap-on-microsoft-sql-server-sap-se-2850125?sessionId=ed7061b1d89e7c95ce70868e0e3baa03,2026-03-10,2026-03-17,False,St. Leon-Rot,,"English: B2, German: B2",Bachelor,"ABAP, C, C++","SAP SQL, CLOUD, WINDOWS AZURE DATABASE",Hybrid,Full-time,1-3 years,,
2850066,Site Reliability Engineer - SCI (f/m/d),SAP SE,https://www.profession.hu/allas/site-reliability-engineer-sci-f-m-d-sap-se-2850066?sessionId=ed7061b1d89e7c95ce70868e0e3baa03,2026-03-10,2026-03-10,False,Germany,,English: B2,Bachelor,"Python, Go, Bash","OpenStack, Kubernetes, Prometheus, Grafana, ELK Stack, Distributed tracing, PostgreSQL, Redis, Jupyter Notebooks",Hybrid,Full-time,5+ years,,
2850037,Bioinformatician,Deutsches Krebsforschungszentrum DKFZ,https://www.profession.hu/allas/bioinformatician-deutsches-krebsforschungszentrum-dkfz-2850037?sessionId=ed7061b1d89e7c95ce70868e0e3baa03,2026-03-10,2026-03-25,True,Berlin,,"English: B2, German: B2",Master,"R/Bioconductor, Python","Git, Snakemake, CWL, Nextflow",Hybrid,Full-time,1-3 years,,
2850032,Regional PMO Lead – Digital Business Transformation (w/m/d),WILO SE,https://www.profession.hu/allas/regional-pmo-lead-digital-business-transformation-w-m-d-wilo-se-2850032?sessionId=ed7061b1d89e7c95ce70868e0e3baa03,2026-03-10,2026-03-25,True,Dortmund,,"English: B2, German: B2","Master's degree in Business, Engineering, or IT",,"SAP ERP, SAP S/4HANA, AI, IoT, Blockchain",Hybrid,Full-time,3-5 years,,
2850012,Team Lead Position “Data Curation Unit” in Helmholtz Imaging,Deutsches Krebsforschungszentrum DKFZ,https://www.profession.hu/allas/team-lead-position-data-curation-unit-in-helmholtz-imaging-deutsches-krebsforschungszentrum-dkfz-2850012?sessionId=ed7061b1d89e7c95ce70868e0e3baa03,2026-03-10,2026-03-25,True,,,"{'Language': 'English', 'CEFR Level': 'B2'}",PhD,,"ACCESS, MACHINE LEARNING",Hybrid,Full-time,3-5 years,,
2850005,Working Student Digital Farming Solutions (all genders),KWS SAAT SE & Co. KGaA,https://www.profession.hu/allas/working-student-digital-farming-solutions-all-genders-kws-saat-se-co-kgaa-2850005?sessionId=ed7061b1d89e7c95ce70868e0e3baa03,2026-03-10,2026-03-23,False,Einbeck,,English: B2,High School with Diploma,,Microsoft Office products,Hybrid,Short-term,0-1 years,,
2849999,Cloud Engineer (Tenant),Riverty,https://www.profession.hu/allas/cloud-engineer-tenant-riverty-2849999?sessionId=ed7061b1d89e7c95ce70868e0e3baa03,2026-03-10,2026-03-10,False,Tallinn or Berlin,,English: B2,Bachelor's degree in computer science or a related field,"DSC, Bicep, PowerShell, GitHub Actions, Azure Automation, Azure DevOps","Confluence, SharePoint, or equivalent for documentation",Hybrid,Full-time,1-3 years,,
2849992,Scientific Solution Architect,Deutsches Krebsforschungszentrum DKFZ,https://www.profession.hu/allas/scientific-solution-architect-deutsches-krebsforschungszentrum-dkfz-2849992?sessionId=ed7061b1d89e7c95ce70868e0e3baa03,2026-03-10,2026-03-25,True,Germany,,English: B2,"Master's degree in computer science, software engineering, or a related field",,"Cloud or hybrid infrastructures, Data ingestion and storage systems, Modular or service-oriented architectures, Isolated execution environments",Hybrid,Full-time,1-3 years,,
2849977,"Internship in Technical Documentation - Content Management, Digitalization & Documentation (6 months | Sept/Oct 2026)",Stryker GmbH & Co.KG,https://www.profession.hu/allas/internship-in-technical-documentation-content-management-digitalization-documentation-months-sept-oct-stryker-gmbh-co-kg-2849977?sessionId=ed7061b1d89e7c95ce70868e0e3baa03,2026-03-10,2026-03-25,True,Freiburg (Breisgau),,"English: B2, German: B2",Bachelor,,R DATABASE. XML,Full-time,Internship,0-1 years,,
2849960,Project Manager (m/f/d),Lloyds Bank – Bank of Scotland,https://www.profession.hu/allas/project-manager-m-f-d-lloyds-bank-bank-of-scotland-2849960?sessionId=ed7061b1d89e7c95ce70868e0e3baa03,2026-03-10,2026-03-25,True,Berlin,,English: B2,Bachelor or Master's degree,,"Jira, Confluence",Hybrid,Full-time,1-3 years,,
2849947,Business Analyst – Mortgage Focus (m/f/d),Lloyds Bank – Bank of Scotland,https://www.profession.hu/allas/business-analyst-mortgage-focus-m-f-d-lloyds-bank-bank-of-scotland-2849947?sessionId=ed7061b1d89e7c95ce70868e0e3baa03,2026-03-10,2026-03-25,True,Berlin,,"{'English': 'B2'}, {'German': 'C1'}",Bachelor's degree,,"JIRA, Confluence, MS Office, MS Visio",Hybrid,Full-time,1-3 years,,
2827357,Learning Experience Platform Expert- Associate,BlackRock Hungary Kft.,https://www.profession.hu/allas/learning-experience-platform-expert-associate-blackrock-hungary-kft-2827357?sessionId=ed7061b1d89e7c95ce70868e0e3baa03,2026-03-10,2026-03-10,False,Budapest,,,"Bachelor's degree in Education, Business, Human Resources, or a related field",,,Remote,Full-time,3-5 years,,
2836654,Program Director (all genders) – mioty® LPWAN,Fraunhofer-Institut für Integrierte Schaltungen IIS,https://www.profession.hu/allas/program-director-all-genders-mioty-lpwan-fraunhofer-institut-fur-integrierte-schaltungen-iis-2836654?sessionId=ed7061b1d89e7c95ce70868e0e3baa03,2026-03-10,2026-03-22,False,Erlangen,,"{'English': 'C1'}, {'German': 'C1'}, {'French': 'B2'}, {'Spanish': 'B2'}","University degree in (Industrial-)Engineering, Business Administration or a comparable field",,,Hybrid,Full-time,5+ years,,
2852437,Data Solution Architect,AGCO Hungary Kft.,https://www.profession.hu/allas/data-solution-architect-agco-hungary-kft-budapest-2852437?sessionId=ed7061b1d89e7c95ce70868e0e3baa03,2026-03-11,2026-03-25,True,Budapest,,English: B2,Főiskola,,"Salesforce, AWS, EC2, S3, Lambda, RDS, Redshift, API Gateway",Hybrid,Full-time,5-10 év tapasztalat,,
2852445,Mobil android fejlesztő (Natív),TRENDENCY ONLINE Zrt.,https://www.profession.hu/allas/mobil-android-fejleszto-nativ-trendency-online-zrt-budapest-2852445?sessionId=ed7061b1d89e7c95ce70868e0e3baa03,2026-03-11,2026-03-25,True,Budapest,,,Középiskola,"ANDROID, API, KOTLIN, GIT, BACKEND, REST, JIRA, CONFLUENCE","Laptop, Monitor (1 db), Headset",Hibrid,Teljes munkaidő,5-10 év tapasztalat,,
2852440,Full stack fejlesztő,BBOX SOLUTIONS Kft,https://www.profession.hu/allas/full-stack-fejleszto-bbox-solutions-kft-budapest-2852440/pro?sessionId=ed7061b1d89e7c95ce70868e0e3baa03,2026-03-11,2026-03-25,True,Budapest,,English: B2,Főiskola,"PHP, TypeScript","Laravel, Filament, Fastify, Prisma ORM, Livewire, Tailwind CSS, Vite, Docker, PostgreSQL, Redis, Azure DevOps CI/CD",Hibrid,Teljes munkaidő,3-5 év tapasztalat,,
2852409,Üzleti elemző Treasury rendszerek területén (d/m/w),PROFESSION SERVICES,https://www.profession.hu/allas/uzleti-elemzo-treasury-rendszerek-teruleten-d-m-w-profession-services-2852409/pro?sessionId=ed7061b1d89e7c95ce70868e0e3baa03,2026-03-11,2026-03-25,True,Budapest,,Német középfok,Felsőoktatási szakképzés,,"Laptop, Mobiltelefon",Hibrid munkavégzés akár havi 80% home office,Teljes munkaidő,3-5 év tapasztalat,,
2852407,Technikai Üzleti Elemző,PROFESSION SERVICES,https://www.profession.hu/allas/technikai-uzleti-elemzo-profession-services-2852407/pro?sessionId=ed7061b1d89e7c95ce70868e0e3baa03,2026-03-11,2026-03-25,True,Budapest,,Német középfok,Szakiskola / szakmunkás képző,"Angular, Java","JIRA, Confluence, Enterprise Architect",Hibrid munkavégzés akár havi 80% home office,Teljes munkaidő,3-5 év tapasztalat,,
2852377,Üzleti elemző,PROFESSION SERVICES,https://www.profession.hu/allas/uzleti-elemzo-profession-services-2852377/pro?sessionId=ed7061b1d89e7c95ce70868e0e3baa03,2026-03-11,2026-03-25,True,Budapest,,Német középfok,Felsőoktatási szakképzés,,"Jira, Confluence",Hibrid munkavégzés akár havi 80% home office,Teljes munkaidő,3-5 év tapasztalat,,
2851093,Szoftverfejlesztő (Villamosmérnök),Prolan Innolab Kft.,https://www.profession.hu/allas/szoftverfejleszto-villamosmernok-prolan-innolab-kft-budakalasz-2851093/pro?sessionId=ed7061b1d89e7c95ce70868e0e3baa03,2026-03-11,2026-03-25,True,Budakalász,,,Főiskola,JAVA,,Rugalmas munkaidő,Teljes munkaidő,Pályakezdő/friss diplomás,,
2852358,IT validálási csoportvezető,Egis Gyógyszergyár Zrt.,https://www.profession.hu/allas/it-validalasi-csoportvezeto-egis-gyogyszergyar-zrt-budapest-2852358?sessionId=ed7061b1d89e7c95ce70868e0e3baa03,2026-03-11,2026-03-25,True,Budapest,,English: B2,Főiskola (Bachelor),,,Hybrid,Full-time,5-10 years,,
2852265,Sales Engineer,DEXON Systems KFT,https://www.profession.hu/allas/sales-engineer-dexon-systems-kft-budaors-2852265/pro?sessionId=ed7061b1d89e7c95ce70868e0e3baa03,2026-03-11,2026-03-23,False,Budaörs,,English: B2,Főiskola 'B' kat.,,,Teljes munkaidő (Full-time),Alkalmazotti jogviszony (Employment contract),5-10 év tapasztalat,,
2852130,Ügyfélkapcsolati adatelemző szakértő,OPTESZ OPUS Zrt.,https://www.profession.hu/allas/ugyfelkapcsolati-adatelemzo-szakerto-optesz-opus-zrt-debrecen-2852130?sessionId=ed7061b1d89e7c95ce70868e0e3baa03,2026-03-11,2026-03-25,True,Debrecen,,,Főiskola 'B' kat. jogosítvány,"SQL, Power BI","MS Power Platform, Power Apps",Teljes munkaidő (Full-time),Alkalmazotti jogviszony (Employment contract),3-5 év tapasztalat,,
2852062,Delphi fejlesztő,Kulcs-Soft Zrt.,https://www.profession.hu/allas/delphi-fejleszto-kulcs-soft-zrt-budapest-2852062?sessionId=ed7061b1d89e7c95ce70868e0e3baa03,2026-03-11,2026-03-25,True,Budapest,,,Felsőoktatási szakképzés,"Delphi, PHP",Workstation,Hybrid,Full-time,3-5 years,,
2852045,Technical Operations Team Leader (Software Development company),Reed Magyarország Kft.,https://www.profession.hu/allas/technical-operations-team-leader-software-development-company-reed-magyarorszag-kft-budapest-2852045?sessionId=ed7061b1d89e7c95ce70868e0e3baa03,2026-03-11,2026-03-25,True,Budapest,,English: B2,Főiskola,,,Hybrid,Full-time,3-5 years,,
2851939,Szolgáltatás- és projektmenedzser,Kermann IT Solutions Nyrt.,https://www.profession.hu/allas/szolgaltatas-es-projektmenedzser-kermann-it-solutions-nyrt-budapest-2851939/pro?sessionId=ed7061b1d89e7c95ce70868e0e3baa03,2026-03-11,2026-03-25,True,Budapest,,English: B2,Középiskola,,MS OFFICE,Hibrid,Teljes munkaidő,1-3 év tapasztalat,,
2851931,DevOps mérnök,MagNet Bank Zrt.,https://www.profession.hu/allas/devops-mernok-magnet-bank-zrt-budapest-2851931?sessionId=ed7061b1d89e7c95ce70868e0e3baa03,2026-03-11,2026-03-25,True,Budapest,,,Középiskola,{'Name': 'Java'},"{'Name': 'Ansible'}, {'Name': 'Bash'}, {'Name': 'Git'}, {'Name': 'Jenkins'}, {'Name': 'Maven'}, {'Name': 'Nexus'}",Hibrid,Teljes munkaidő,3-5 év tapasztalat,,
2851835,Ügyfélkiszolgáló IT Megoldások Csoportvezető,Alfa Vienna Insurance Group Biztosító Zrt.,https://www.profession.hu/allas/ugyfelkiszolgalo-it-megoldasok-csoportvezeto-alfa-vienna-insurance-group-biztosito-zrt-budapest-2851835?sessionId=ed7061b1d89e7c95ce70868e0e3baa03,2026-03-11,2026-03-25,True,Budapest,,"English: B2, Hungarian: C1",Főiskola (College),,,Hybrid,Full-time,>10 év tapasztalat (>10 years of experience),,
2851194,JAVA Fejlesztő (Banki területre),Nova HR,https://www.profession.hu/allas/java-fejleszto-banki-teruletre-nova-hr-budapest-2851194?sessionId=ed7061b1d89e7c95ce70868e0e3baa03,2026-03-11,2026-03-25,True,Budapest,,English: B2,Főiskola,"JAVA, AGILIS, JAVASCRIPT, JIRA, CONFLUENCE, BITBUCKET, JENKINS","Jira, Confluence, BitBucket, Nexus, Sonar, Jenkins",Hybrid,Full-time,3-5 years,,
2851183,PHP programozó,Green Clean Kft.,https://www.profession.hu/allas/php-programozo-green-clean-kft-csakvar-2851183?sessionId=ed7061b1d89e7c95ce70868e0e3baa03,2026-03-11,2026-03-25,True,Csákvár,,English: B2,Középiskola 'B' kat. jogosítvány,"PHP, Java, C#, .NET, .NET Core, Python","MVC, API, MySQL, PostgreSQL, SAP, Windows, VMware, Oracle, MongoDB, Visual Studio, IntelliJ IDEA, BI, UML, Power BI",Teljes munkaidős irodai munkavégzés,Full-time,3-5 év tapasztalat,,
2851092,Szenior full-stack fejlesztő,4iG Nyrt.,https://www.profession.hu/allas/szenior-full-stack-fejleszto-ig-nyrt-budapest-2851092?sessionId=ed7061b1d89e7c95ce70868e0e3baa03,2026-03-11,2026-03-25,True,Budapest,,English: B2,Főiskola,"Java, Spring Boot, Hibernate/JPA, SQL (PostgreSQL, Oracle), REST, microservice architektúra, Docker","Vue.js, Nuxt.js, Angular, React, modern build eszközök, CI/CD eszközök (GitLab CI, Jenkins), Kódminőség és statikus kódelemzés (pl. SonarQube)",,Teljes munkaidő,5-10 év,,
2851104,Medior Android fejlesztő,4iG Nyrt.,https://www.profession.hu/allas/medior-android-fejleszto-ig-nyrt-budapest-2851104?sessionId=ed7061b1d89e7c95ce70868e0e3baa03,2026-03-11,2026-03-25,True,Budapest,,English: B2,Főiskola,"Kotlin, Android SDK, Jetpack","Git, REST API, CI/CD eszközök (GitLab CI, Jenkins)",,Full-time,3-5 years,,
2851099,Medior iOS fejlesztő,4iG Nyrt.,https://www.profession.hu/allas/medior-ios-fejleszto-ig-nyrt-budapest-2851099?sessionId=ed7061b1d89e7c95ce70868e0e3baa03,2026-03-11,2026-03-25,True,Budapest,,English: B2,Főiskola,"Swift, Objective-C, UIKit / SwiftUI","Git, XCTest",Hybrid,Full-time,3-5 years,,
2851075,Szenior mobilalkalmazás fejlesztő,4iG Nyrt.,https://www.profession.hu/allas/szenior-mobilalkalmazas-fejleszto-ig-nyrt-budapest-2851075?sessionId=ed7061b1d89e7c95ce70868e0e3baa03,2026-03-11,2026-03-25,True,Budapest,,English: B2,Főiskola,"Kotlin, Android SDK, Jetpack, Swift, Objective-C, UIKit / SwiftUI","Git, CI/CD eszközök (pl. GitLab CI, Jenkins)",,Full-time,5-10 év,,
2851117,Vezető mobilalkalmazás fejlesztő,4iG Nyrt.,https://www.profession.hu/allas/vezeto-mobilalkalmazas-fejleszto-ig-nyrt-budapest-2851117?sessionId=ed7061b1d89e7c95ce70868e0e3baa03,2026-03-11,2026-03-25,True,Budapest,,English: B2,Főiskola,,,Hybrid,Full-time,>10 év tapasztalat,,
2851120,Vezető szoftverfejlesztő,4iG Nyrt.,https://www.profession.hu/allas/vezeto-szoftverfejleszto-ig-nyrt-budapest-2851120?sessionId=ed7061b1d89e7c95ce70868e0e3baa03,2026-03-11,2026-03-25,True,Budapest,,English: B2,Főiskola,"Java, Spring Boot","Vue.js, Nuxt.js, Angular, React",Hybrid,Full-time,>10 év tapasztalat,,
2851150,Projektmenedzser,Medicontur Zrt.,https://www.profession.hu/allas/projektmenedzser-medicontur-zrt-zsambek-2851150?sessionId=ed7061b1d89e7c95ce70868e0e3baa03,2026-03-11,2026-03-25,True,Zsámbék,,English: B2,Bachelor,,"MS Office, MS Project",Hybrid,Full-time,3-5 years,,
2851146,Senior Data Engineer,Hays Hungary Kft.,https://www.profession.hu/allas/senior-data-engineer-hays-hungary-kft-budapest-2851146?sessionId=ed7061b1d89e7c95ce70868e0e3baa03,2026-03-11,2026-03-25,True,Budapest,,English: B2,Főiskola,,"AWS, ADATTÁRHÁZ, SQL",Hybrid,Full-time,5+ years,,
2851113,MVM IT Talent Pool,MVM Informatika Zrt.,https://www.profession.hu/allas/mvm-it-talent-pool-mvm-informatika-zrt-2851113?sessionId=ed7061b1d89e7c95ce70868e0e3baa03,2026-03-11,2026-03-25,True,Budapest,,English: B2,Főiskola,,,Általános munkarend,Teljes munkaidő,Pályakezdő/friss diplomás,,
2850867,Power BI & VBA Specialist – MOL GBS Finance,MOL GBS MAGYARORSZÁG KFT.,https://www.profession.hu/allas/power-bi-vba-specialist-mol-gbs-finance-mol-gbs-magyarorszag-kft-budapest-2850867?sessionId=ed7061b1d89e7c95ce70868e0e3baa03,2026-03-11,2026-03-25,True,Budapest,,English: B2,Bachelor,"Power BI, VBA, Excel, UiPath, Power Automate / Power Apps","SAP, NAV, Power Platform, UiPath, AI solutions",Hybrid,Full-time,1-3 years,,
2850837,Senior Szoftvertesztelő,Minds IT Solutions Zrt.,https://www.profession.hu/allas/senior-szoftvertesztelo-minds-it-solutions-zrt-budapest-2850837/pro?sessionId=ed7061b1d89e7c95ce70868e0e3baa03,2026-03-11,2026-03-25,True,Budapest,,,Középiskola,,,Hibrid,Teljes munkaidő,3-5 év,,
2850834,IT Business Analyst,Minds IT Solutions Zrt.,https://www.profession.hu/allas/it-business-analyst-minds-it-solutions-zrt-budapest-2850834/pro?sessionId=ed7061b1d89e7c95ce70868e0e3baa03,2026-03-11,2026-03-25,True,Budapest,,English: B2,Középiskola,,"Openshift, Kafka, Jenkins",Hybrid,Full-time,5-10 év tapasztalat,,
2850739,Kamerás fejlesztő / Machine Vision mérnök,GosTech Kft.,https://www.profession.hu/allas/kameras-fejleszto-machine-vision-mernok-gostech-kft-varpalota-2850739?sessionId=ed7061b1d89e7c95ce70868e0e3baa03,2026-03-11,2026-03-25,True,Várpalota,,English: B2,Műszaki végzettség,"C#, C++, Python","Keyence, Cognex, Omron Halcon",Hybrid,Full-time,1-3 years,,
2852034,Projektmenedzser német nyelvtudással,ADECCO Kft.,https://www.profession.hu/allas/projektmenedzser-nemet-nyelvtudassal-adecco-kft-budapest-2852034?sessionId=ed7061b1d89e7c95ce70868e0e3baa03,2026-03-11,2026-03-25,True,Budapest,,"English: B2, German: B2",Főiskola (University of Applied Sciences),,"Microsoft Office (Project, Excel, Word, PowerPoint, Visio)",Full-time,Full-time,5-10 years,,
2851181,Diákmunka - Digital Solutions Intern,MŰISZ Iskolaszövetkezet,https://www.profession.hu/allas/diakmunka-digital-solutions-intern-muisz-iskolaszovetkezet-szigetszentmiklos-2851181?sessionId=ed7061b1d89e7c95ce70868e0e3baa03,2026-03-11,2026-03-25,True,Budapest XIII. kerület,2200 HUF/hour,"English: B2, Magyar",Középiskola,,"CLOUD NETWORK, MS OFFICE, EXCEL",Hybrid,Diákmunka,,,
2851174,Diákmunka - Digitalizációs Projektasszisztens,MŰISZ Iskolaszövetkezet,https://www.profession.hu/allas/diakmunka-digitalizacios-projektasszisztens-muisz-iskolaszovetkezet-budapest-2851174?sessionId=ed7061b1d89e7c95ce70868e0e3baa03,2026-03-11,2026-03-25,True,Budapest XI. kerület,2700 Ft/óra,"English: B2, Hungarian: Native",Középiskola,,"API, MS OFFICE, POWERPOINT, POWERBI, EXCEL",Diákmunka Általános munkarend,Full-time,,,
2851171,Application Engineer Intern – Python - diákmunka,Mind-Diák Szövetkezet,https://www.profession.hu/allas/application-engineer-intern-python-diakmunka-mind-diak-szovetkezet-2851171?sessionId=ed7061b1d89e7c95ce70868e0e3baa03,2026-03-11,2026-03-25,True,Budapest XIII.,2950 Ft/hour,English: B2,Általános iskola,"Python, SPARK","PYTHON, SPARK",Hybrid,Részmunkaidő (Diákmunka),,,
2851170,Application Engineer Intern – JavaScript - diákmunka,Mind-Diák Szövetkezet,https://www.profession.hu/allas/application-engineer-intern-javascript-diakmunka-mind-diak-szovetkezet-2851170?sessionId=ed7061b1d89e7c95ce70868e0e3baa03,2026-03-11,2026-03-25,True,Budapest XIII.,2950 Ft/hour,English: B2,Általános iskola,JavaScript,"JAVASCRIPT, SPARK",Hybrid,Részmunkaidő (Diákmunka),,,
2851169,Application Engineer Intern – Java - diákmunka,Mind-Diák Szövetkezet,https://www.profession.hu/allas/application-engineer-intern-java-diakmunka-mind-diak-szovetkezet-2851169?sessionId=ed7061b1d89e7c95ce70868e0e3baa03,2026-03-11,2026-03-25,True,Budapest XIII.,2950 Ft/hour,English: B2,Általános iskola,"Java, SPARK",,Hybrid,Részmunkaidő (Diákmunka),,,
2851094,Delphi rendszerfejlesztő,ANY Nyrt.,https://www.profession.hu/allas/delphi-rendszerfejleszto-any-nyrt-budapest-2851094?sessionId=ed7061b1d89e7c95ce70868e0e3baa03,2026-03-11,2026-03-25,True,Budapest,,,Középiskola,Delphi,"DELPHI, SQL, GIT, API, AGILIS, REST",Általános munkarend,Teljes munkaidő,1-3 év tapasztalat,,
2851058,Adatközpont operátor gyakornok - diákmunka,Mind-Diák Szövetkezet,https://www.profession.hu/allas/adatkozpont-operator-gyakornok-diakmunka-mind-diak-szovetkezet-2851058?sessionId=ed7061b1d89e7c95ce70868e0e3baa03,2026-03-11,2026-03-25,True,Budapest,,English: B2,Általános iskola,,WINDOWS HARDWARE,Részmunkaidő,Diákmunka,,,
2850907,Számviteli adatelemző,ALTEO Nyrt.,https://www.profession.hu/allas/szamviteli-adatelemzo-alteo-nyrt-budapest-2850907?sessionId=ed7061b1d89e7c95ce70868e0e3baa03,2026-03-11,2026-03-25,True,Budapest,,,Középiskola,"Python, Visual Basic, SQL","SAP, PANDAS, SQL",Home-Office,Full-time,5-10 év tapasztalat,,
2850861,Medior full stack fejlesztő (home office),BECK AND PARTNERS Kft.,https://www.profession.hu/allas/medior-full-stack-fejleszto-home-office-beck-and-partners-kft-2850861?sessionId=ed7061b1d89e7c95ce70868e0e3baa03,2026-03-11,2026-03-25,True,Budapest,900000 - 1200000 Ft / hó,,Középiskola,"JavaScript, TypeScript","React, Next.js, API, SQL, Git, Microsoft Azure",Home-Office,Full-time,3-5 years,,
2852198,PhD Position in Dynamic Soft Tissue 3D Reconstruction and Simulation,Universität Zürich,https://www.profession.hu/allas/phd-position-in-dynamic-soft-tissue-d-reconstruction-and-simulation-universit-t-zurich-2852198?sessionId=ed7061b1d89e7c95ce70868e0e3baa03,2026-03-11,2026-03-25,True,Zurich,,English: B2,Master,,"ACCESS HARDWARE, MACHINE LEARNING",Hybrid,Full-time,,,
2852195,Quantitative Risk Developer,ITech Consult AG,https://www.profession.hu/allas/quantitative-risk-developer-itech-consult-ag-2852195?sessionId=ed7061b1d89e7c95ce70868e0e3baa03,2026-03-11,2026-03-13,False,Bern,,English: C1/C2,Bachelor,"PySpark, Snowflake",ANALYTICS TESTING,Full-time,Short-term,3-5 years,,
2852193,IT Project Manager,AO Foundation,https://www.profession.hu/allas/it-project-manager-ao-foundation-2852193?sessionId=ed7061b1d89e7c95ce70868e0e3baa03,2026-03-11,2026-03-13,False,Davos Platz,,English: B2,"Bachelor's degree in Computer Science, Information Technology, Business Administration, or related field.",,"Service Now, Jira, Azure DevOps",Hybrid,Full-time,3-7 years,,
2852190,Senior Software Architect,Oerlikon Balzers,https://www.profession.hu/allas/senior-software-architect-oerlikon-balzers-2852190?sessionId=ed7061b1d89e7c95ce70868e0e3baa03,2026-03-11,2026-03-25,True,Balzers,,English: B2,Master's degree in Computer Science or a related technical field,,,On-site,Full-time,6-10 years,,
2852181,Java Spring Boot Software Engineer,adesso Schweiz AG,https://www.profession.hu/allas/java-spring-boot-software-engineer-adesso-schweiz-ag-2852181?sessionId=ed7061b1d89e7c95ce70868e0e3baa03,2026-03-11,2026-03-25,True,Svájc,,"English: C1, German: C1",Főiskola,Java,JAVA SPRING JUNIT TESTING SQL GIT JSON XML DOCKER DEVOPS UML FRONTEND REACT WORD AGILE CLEAN CODE MAVEN JENKINS CI SCRUM KANBAN BPMN,Általános munkarend,Teljes munkaidő,1-3 év tapasztalat,,
2852178,Professional Services Consultant - DAM,FotoWare Switzerland AG,https://www.profession.hu/allas/professional-services-consultant-dam-fotoware-switzerland-ag-2852178?sessionId=ed7061b1d89e7c95ce70868e0e3baa03,2026-03-11,2026-03-25,True,Baden,,"English: B2, German: C1",Bachelor,,"CLOUD API, AGILE, TROUBLESHOOTING, PROJECT MANAGEMENT",Hybrid,Full-time,1-3 years,,
2851810,JUNIOR,"Silent Signal Információbiztonsági, Informatikai Tanácsadó és Szolgáltató Kft.",https://www.profession.hu/allas/junior-silent-signal-informaciobiztonsagi-informatikai-tanacsado-es-szolgaltato-kft-2851810?sessionId=ed7061b1d89e7c95ce70868e0e3baa03,2026-03-11,2026-03-25,True,Budapest,,,Középiskola,"SECURITY, LINUX",Burp Suite Pro,Általános munkarend,Teljes munkaidő,,,
2851792,Software Engineer Summer Intern,ARM Hungary Kft.,https://www.profession.hu/allas/software-engineer-summer-intern-arm-hungary-kft-2851792?sessionId=ed7061b1d89e7c95ce70868e0e3baa03,2026-03-11,2026-03-25,True,Budapest,,English: B2,Bachelor,"C, Python, BASH","VIRTUALIZATION, SECURITY",Hybrid,Full-time,,,
2851791,Senior Projekt Manager,DruIT Szolgáltató Zrt.,https://www.profession.hu/allas/senior-projekt-manager-druit-szolgaltato-zrt-2851791?sessionId=ed7061b1d89e7c95ce70868e0e3baa03,2026-03-11,2026-03-25,True,Budapest,,English: B2,Középiskola,,,Hibrid,Teljes munkaidő,5-10 év,,
2851491,Business Manager Mobile (m/w/d),TD SYNNEX,https://www.profession.hu/allas/business-manager-mobile-m-w-d-td-synnex-2851491?sessionId=ed7061b1d89e7c95ce70868e0e3baa03,2026-03-11,2026-03-11,False,Germany,,"English: B2, German: B2",Bachelor,,CRM-Tools,"Hybrid (2 days Office, 3 days Homeoffice)",Full-time,1-3 years,,
2851490,Category Manager Apple (m/w/d),TD SYNNEX,https://www.profession.hu/allas/category-manager-apple-m-w-d-td-synnex-2851490?sessionId=ed7061b1d89e7c95ce70868e0e3baa03,2026-03-11,2026-03-11,False,Németország,55.000 EUR gross/year,,Bachelor,,"CRM, ERP, SAP Systems",Flexible,Full-time,,,
2851487,Category Manager GCC ALPS (m/w/d),TD SYNNEX,https://www.profession.hu/allas/category-manager-gcc-alps-m-w-d-td-synnex-2851487?sessionId=ed7061b1d89e7c95ce70868e0e3baa03,2026-03-11,2026-03-11,False,Wien,60000 EUR gross/year,"English: B2, German: C1",Bachelor,,SAP,Full-time,Full-time,1-3 years,,
2851421,Development Engineer - Software for Manufacturing (m/w/x),Thorlabs GmbH,https://www.profession.hu/allas/development-engineer-software-for-manufacturing-m-w-x-thorlabs-gmbh-2851421?sessionId=ed7061b1d89e7c95ce70868e0e3baa03,2026-03-11,2026-03-25,True,Németország,,English: B2,"Bachelor's or Master's degree in Software Engineering, Computer Science, or a comparable technical field",,,Flexible working hours (arranged individually),Full-time,1-3 years,,
2851417,Senior Product Manager - Onboarding & KYC,N26 GmbH,https://www.profession.hu/allas/senior-product-manager-onboarding-kyc-n-gmbh-2851417?sessionId=ed7061b1d89e7c95ce70868e0e3baa03,2026-03-11,2026-03-11,False,Germany,,{'English': 'B2'},Bachelor,,,Hybrid,Full-time,5+ years,,
2851413,Group IT Security Consultant (m/f/d),Vaillant GmbH,https://www.profession.hu/allas/group-it-security-consultant-m-f-d-vaillant-gmbh-2851413?sessionId=ed7061b1d89e7c95ce70868e0e3baa03,2026-03-11,2026-03-25,True,Remscheid near Düsseldorf,,English: B2,Bachelor,,"SECURITY, ISO, TESTING, ACCESS, API, JSON, EXCEL",Hybrid,Full-time,1-3 years,,
2850249,Account Executive (m|f|d) - Voith Digital Solutions - DACH,Voith GmbH & Co. KGaA,https://www.profession.hu/allas/account-executive-m-f-d-voith-digital-solutions-dach-voith-gmbh-co-kgaa-2850249?sessionId=ed7061b1d89e7c95ce70868e0e3baa03,2026-03-11,2026-03-25,True,Germany or Austria,,"English, German","Bachelor's or Master's degree in Industrial Engineering, Business Administration with a focus on Sales or Marketing, Business Informatics, Digital Business, or a related field",,ANALYTICS C DYNAMICS CRM,Full-time,Full-time,1-3 years,,
2851399,NIS2 Integration Expert (f/m/d),SAP SE,https://www.profession.hu/allas/nis-integration-expert-f-m-d-sap-se-2851399?sessionId=ed7061b1d89e7c95ce70868e0e3baa03,2026-03-11,2026-03-17,False,Németország,,"English: B2, German: B2","Bachelor's or Master's degree in Cybersecurity, Information Technology, Risk Management, Computer Science, or a related technical field.",,"SAP, AWS, Azure, ISO 27001 Lead Implementer, ISO 31000 Risk Management",Full-time,"Vollzeit, unbefristet",7-10+ years,,
2851384,"Systems Development Engineer, Managed Operations",Amazon Workforce Staffing,https://www.profession.hu/allas/systems-development-engineer-managed-operations-amazon-workforce-staffing-2851384?sessionId=ed7061b1d89e7c95ce70868e0e3baa03,2026-03-11,2026-03-25,True,Németország,,English: B2,Egyetem,"Java, Python, Ruby","AWS, ANSIBLE, CLOUD",On-site with home office,Full-time,1-3 years,,
2851382,Information Security Officer,Industrial and Commercial Bank of China Limited Frankfurt Branch,https://www.profession.hu/allas/information-security-officer-industrial-and-commercial-bank-of-china-limited-frankfurt-branch-2851382?sessionId=ed7061b1d89e7c95ce70868e0e3baa03,2026-03-11,2026-03-22,False,Frankfurt,,"{'English': 'C1'}, {'German': 'C1'}, {'Chinese': 'C1'}",Bachelor,,,On-site,Full-time,5+ years,,
2851381,Senior AI & Data Architect (f/m/x),BMW Group,https://www.profession.hu/allas/senior-ai-data-architect-f-m-x-bmw-group-2851381?sessionId=ed7061b1d89e7c95ce70868e0e3baa03,2026-03-11,2026-03-25,True,Németország,,"English: B2, German: B2",Egyetem,,CLOUD SECURITY AGILE,Full-time,Full-time,5+ years,,
2851380,Senior AI & Data Platform Engineer (f/m/x),BMW Group,https://www.profession.hu/allas/senior-ai-data-platform-engineer-f-m-x-bmw-group-2851380?sessionId=ed7061b1d89e7c95ce70868e0e3baa03,2026-03-11,2026-03-25,True,Németország,,English: B2,Egyetem,"Python, Java","CLOUD SECURITY, AWS, AZURE, DOCKER, API, MACHINE LEARNING",Full-time,Unlimited,5+ years,,
2851377,Cyber Threat Intelligence Analyst (f/m/div.) (Salary: ~118.000 EUR p.a.*),Bosch Gruppe,https://www.profession.hu/allas/cyber-threat-intelligence-analyst-f-m-div-salary-eur-p-a-bosch-gruppe-2851377?sessionId=ed7061b1d89e7c95ce70868e0e3baa03,2026-03-11,2026-03-18,False,Stuttgart,,"{'English': 'B2'}, {'German': 'B2'}",University studies in Cybersecurity or a comparable subject,"Python, REST APIs","Git, Docker",Hybrid,Full-time,3-5 years,,
2851373,Senior Consultant Data Lake & Analytics Solutions (m/f/d),Fresenius Digital Technology GmbH,https://www.profession.hu/allas/senior-consultant-data-lake-analytics-solutions-m-f-d-fresenius-digital-technology-gmbh-2851373?sessionId=ed7061b1d89e7c95ce70868e0e3baa03,2026-03-11,2026-03-25,True,Németország,,"English: B2, German: B2",Bachelor,"Python, PySpark, SQL","Azure, Databricks, DBT, Git, SAP CI, REST PROJECT MANAGEMENT. AGILE",Hybrid,Full-time,3-5 years,,
2851369,Quality Engineer,N26 GmbH,https://www.profession.hu/allas/quality-engineer-n-gmbh-2851369?sessionId=ed7061b1d89e7c95ce70868e0e3baa03,2026-03-11,2026-03-11,False,"Barcelona, Berlin",,{'English': 'B2'},Bachelor,"Java, Kotlin, JavaScript","Appium, Rest-Assured, Gatling, Cypress",Hybrid,Full-time,3-5 years,,
2851366,Manager HR IT Team EMEA (f/m/d),Arthrex GmbH,https://www.profession.hu/allas/manager-hr-it-team-emea-f-m-d-arthrex-gmbh-2851366?sessionId=ed7061b1d89e7c95ce70868e0e3baa03,2026-03-11,2026-03-25,True,Németország,,English: B2,Bachelor,,"SAP HCM, SuccessFactors",On-site with home office,Full-time,3-5 years,,
2851364,(Senior) Software Engineer (m/f/d) Network Security,Secunet Security Networks AG,https://www.profession.hu/allas/senior-software-engineer-m-f-d-network-security-secunet-security-networks-ag-2851364?sessionId=ed7061b1d89e7c95ce70868e0e3baa03,2026-03-11,2026-03-25,True,Magyarországon belül bárhonnan,,"English: B2, German: B2",Egyetem (University degree in computer science or a related field),Rust,"NixOS, Linux, GitLab",Távmunka / Remote,Teljes munkaidő (Full-time),1-3 év tapasztalat,,
2851361,HPC Application Specialist for Performance Analysis and Energy Efficiency (f/m/d),Leibniz-Rechenzentrum (LRZ) der Bayerischen Akademie der Wissenschaften,https://www.profession.hu/allas/hpc-application-specialist-for-performance-analysis-and-energy-efficiency-f-m-d-leibniz-rechenzentrum-lrz-der-bayerischen-akademie-der-wissenschaften-2851361?sessionId=ed7061b1d89e7c95ce70868e0e3baa03,2026-03-11,2026-03-25,True,Germany,,English: B2,Bachelor,"C, C++","OpenMP, MPI, CUDA, OpenACC, SYCL, KOKKOS",Hybrid,Full-time,1-3 years,,
2851350,Senior React Native Software Engineer (m/f/d),auxmoney GmbH,https://www.profession.hu/allas/senior-react-native-software-engineer-m-f-d-auxmoney-gmbh-2851350?sessionId=ed7061b1d89e7c95ce70868e0e3baa03,2026-03-11,2026-03-25,True,Düsseldorf,,English: Fluent,Bachelor,"React Native, Java, Kotlin",REACT ANDROID TESTING JAVA KOTLIN API CLOUD DEVOPS AWS CD SECURITY ACCESS REST CI AGILE,Hybrid,Full-time,1-3 years,,
2851347,Working Student Forward Deployment Engineering (all genders),The Boston Consulting Group GmbH - BCG,https://www.profession.hu/allas/working-student-forward-deployment-engineering-all-genders-the-boston-consulting-group-gmbh-bcg-2851347?sessionId=ed7061b1d89e7c95ce70868e0e3baa03,2026-03-11,2026-03-13,False,Germany,,"English: B2, Polish: C1","Bachelor's or Master's program in computer science, data science, business informatics, or a related field","Python, JavaScript","API TESTING, PYTHON, JAVASCRIPT, TROUBLESHOOTING, Claude, Cursor, n8n",Hybrid,Full-time,1-3 years,,
2851335,Senior Fullstack Developer - Data Analytics & AI (w/m/d),TÜV SÜD,https://www.profession.hu/allas/senior-fullstack-developer-data-analytics-ai-w-m-d-tuv-sud-2851335?sessionId=ed7061b1d89e7c95ce70868e0e3baa03,2026-03-11,2026-03-25,True,Munich,,"{'Language': 'German', 'Level': 'CEFR not specified'}, {'Language': 'English', 'Level': 'CEFR not specified'}","Bachelor, Master, PhD (Computer Science or equivalent)",Python,"Microsoft Azure, React, Clean Code, Test Automation",,Full-time,8+ years,,
2851324,Intern Team E-Commerce Platform and Privacy Management (Mandatory Internship),Mercedes-Benz AG,https://www.profession.hu/allas/intern-team-e-commerce-platform-and-privacy-management-mandatory-internship-mercedes-benz-ag-2851324?sessionId=ed7061b1d89e7c95ce70868e0e3baa03,2026-03-11,2026-03-25,True,Stuttgart-Vaihingen,,"English: B2, German: B2","Bachelor's or Master's Degree in Business Administration, IT, IT and Business Management, UX Design, Economics, or a similar degree",,"JIRA, Confluence",Hybrid,Full-time,1-3 years,,
2851309,Working Student Product Design (m/f/d),PiNCAMP GmbH,https://www.profession.hu/allas/working-student-product-design-m-f-d-pincamp-gmbh-2851309?sessionId=ed7061b1d89e7c95ce70868e0e3baa03,2026-03-11,2026-03-25,True,Berlin,,"{'English': 'B2'}, {'German': 'C1'}, {'Dutch': 'C1'}",Középiskola,Figma,"HARDWARE AGILE, Workstation",Hybrid,Full-time,1-3 years,,
2851283,(Senior) Platform Engineer (f/m/d)*,Engel & Völkers - Zentrale -,https://www.profession.hu/allas/senior-platform-engineer-f-m-d-engel-volkers-zentrale-2851283?sessionId=ed7061b1d89e7c95ce70868e0e3baa03,2026-03-11,2026-03-25,True,Hamburg,,English: B2,Egyetem,"Cloud, GIT","CLOUD, GIT",Hybrid,Full-time,1-3 years,,
2851007,Rust Software Engineer,ITech Consult AG,https://www.profession.hu/allas/rust-software-engineer-itech-consult-ag-2851007?sessionId=ed7061b1d89e7c95ce70868e0e3baa03,2026-03-11,2026-03-11,False,Rotkreuz,,English: B2,Bachelor's degree or equivalent practical experience in a specialized field related to software development or engineering.,Rust,,Full-time,Short-term,1-3 years,,
2850999,Senior Software Engineer Rust,ITech Consult AG,https://www.profession.hu/allas/senior-software-engineer-rust-itech-consult-ag-2850999?sessionId=ed7061b1d89e7c95ce70868e0e3baa03,2026-03-11,2026-03-11,False,Rotkreuz,,English: B2,University education in a software related field such as software or electrical engineering,Rust,"Linux, Dockers, RabbitMQ",Full-time,Temporary,1-3 years,,
2850966,Doctoral researcher: Human-Centric and Explainable Robot Learning for Mobile Manipulation 100 %,ZHAW,https://www.profession.hu/allas/doctoral-researcher-human-centric-and-explainable-robot-learning-for-mobile-manipulation-zhaw-2850966?sessionId=ed7061b1d89e7c95ce70868e0e3baa03,2026-03-11,2026-03-17,False,Svájc,,English: B2,PhD,"C, C++",ROS/ROS 2,On-site with home office,Full-time,,,
2850945,Rust Software Engineer,ITech Consult AG,https://www.profession.hu/allas/rust-software-engineer-itech-consult-ag-2850945?sessionId=ed7061b1d89e7c95ce70868e0e3baa03,2026-03-11,2026-03-11,False,Rotkreuz,,English: B2,Bachelor's degree or equivalent practical experience in a specialized field related to software development or engineering.,Rust,,Full-time,Short-term,1-3 years,,
2850944,Senior Frontend Engineer,MF Group AG,https://www.profession.hu/allas/senior-frontend-engineer-mf-group-ag-2850944?sessionId=ed7061b1d89e7c95ce70868e0e3baa03,2026-03-11,2026-03-16,False,Chiasso,,"English: B2, Italian: B2",Egyetem,"React, JavaScript, CSS","Vitest, React Testing Library, Playwright",Hybrid,Full-time,5+ years,,
2850933,Senior Software Engineer Rust,ITech Consult AG,https://www.profession.hu/allas/senior-software-engineer-rust-itech-consult-ag-2850933?sessionId=ed7061b1d89e7c95ce70868e0e3baa03,2026-03-11,2026-03-11,False,Rotkreuz,,English: B2,University education in a software related field such as software or electrical engineering,Rust,"Linux, Dockers, RabbitMQ",Full-time,Temporary,1-3 years,,
2849017,"Senior IT Security Engineer, 80-100%",AO Foundation,https://www.profession.hu/allas/senior-it-security-engineer-ao-foundation-2849017?sessionId=ed7061b1d89e7c95ce70868e0e3baa03,2026-03-11,2026-03-11,False,Svájc,,"English: B2, German",Főiskola,Powershell,"CLOUD SECURITY, AZURE, ISO NETWORK, POWERSHELL, FIREWALL",Hybrid,Full-time,5-10 év tapasztalat,,
2828357,SAP PP Consultant,DXC Technology Magyarország Kft.,https://www.profession.hu/allas/sap-pp-consultant-dxc-technology-magyarorszag-kft-2828357?sessionId=ed7061b1d89e7c95ce70868e0e3baa03,2026-03-11,2026-03-13,False,Budapest,,,"Bachelor's degree is required, Master’s degree in related fields is preferred",,"SAP, Fiori apps",Hybrid,Full-time,5+ years,,
2838006,SAP HCM Inhouse Consultant (m/f/d),Körber Global Business Services GmbH,https://www.profession.hu/allas/sap-hcm-inhouse-consultant-m-f-d-korber-global-business-services-gmbh-2838006?sessionId=ed7061b1d89e7c95ce70868e0e3baa03,2026-03-11,2026-03-25,True,Hamburg,,"English: B2, German: B2",Bachelor,,"SAP HCM, SuccessFactors/Integration to SAP HCM",Hybrid,Full-time,5+ years,,
2850520,Business Intelligence Engineer,MOHU MOL Hulladékgazdálkodási Zrt.,https://www.profession.hu/allas/business-intelligence-engineer-mohu-mol-hulladekgazdalkodasi-zrt-budapest-2850520?sessionId=ed7061b1d89e7c95ce70868e0e3baa03,2026-03-13,2026-03-25,True,Budapest,,English: B2,Bachelor,"Python, SQL","ETL, BI rendszerek, Felhőplatformok",Full-time,Full-time,6-8 years,,
2850518,Product Owner,MOHU MOL Hulladékgazdálkodási Zrt.,https://www.profession.hu/allas/product-owner-mohu-mol-hulladekgazdalkodasi-zrt-budapest-2850518?sessionId=ed7061b1d89e7c95ce70868e0e3baa03,2026-03-13,2026-03-25,True,Budapest,,English: B2,Bachelor,,,On-site with home office,Full-time,6-8 years,,
2853630,Devops mérnök,Multi Alarm Zrt.,https://www.profession.hu/allas/devops-mernok-multi-alarm-zrt-2853630?sessionId=ed7061b1d89e7c95ce70868e0e3baa03,2026-03-13,2026-03-25,True,Magyarország,,English: B2,Főiskola,"Python, C","Ansible, GitLab, Zabbix, PostgreSQL",Home-Office,Full-time,5+ years,,
2853356,Business Analyst,Prohuman Zrt.,https://www.profession.hu/allas/business-analyst-prohuman-zrt-siofok-2853356?sessionId=ed7061b1d89e7c95ce70868e0e3baa03,2026-03-13,2026-03-17,False,Siófok,,English: B1,Főiskola (College),,AGILIS,Hybrid,Full-time,3-5 years,,
2853339,Manuális tesztelő,GLS General Logistics Systems Hungary Kft.,https://www.profession.hu/allas/manualis-tesztelo-gls-general-logistics-systems-hungary-kft-alsonemedi-2853339/pro?sessionId=ed7061b1d89e7c95ce70868e0e3baa03,2026-03-13,2026-03-25,True,Alsónémedi,,English: B2,Főiskola,,"ISTQB, AGILIS, CMS",Hybrid,Full-time,1-3 years,,
2852349,Vezető alkalmazásüzemeltető,Magyar Államkincstár,https://www.profession.hu/allas/vezeto-alkalmazasuzemelteto-magyar-allamkincstar-budapest-2852349?sessionId=ed7061b1d89e7c95ce70868e0e3baa03,2026-03-13,2026-03-25,True,Budapest,,,Felsőfokú informatikai szakirányú végzettség,,,Teljes munkaidőben,Határozatlan idejű munkaviszony,,,
2853156,Információ-biztonság irányítási rendszer szakértő,FGSZ Zrt.,https://www.profession.hu/allas/informacio-biztonsag-iranyitasi-rendszer-szakerto-fgsz-zrt-budapest-2853156?sessionId=ed7061b1d89e7c95ce70868e0e3baa03,2026-03-13,2026-03-25,True,"Budapest, Siófok",,,Főiskola 'B' kat. jogosítvány,,,,Teljes munkaidő,1-3 év tapasztalat,,
2853137,Mobil iOS fejlesztő (Natív),TRENDENCY ONLINE Zrt.,https://www.profession.hu/allas/mobil-ios-fejleszto-nativ-trendency-online-zrt-budapest-2853137?sessionId=ed7061b1d89e7c95ce70868e0e3baa03,2026-03-13,2026-03-25,True,Budapest,,,Középiskola,"Swift, iOS","Git, JIRA, Confluence",Hibrid,Teljes munkaidő,5-10 év tapasztalat,,
2853009,B2C Ügyfélszolgálati Projektmenedzser,MOHU MOL Hulladékgazdálkodási Zrt.,https://www.profession.hu/allas/b-c-ugyfelszolgalati-projektmenedzser-mohu-mol-hulladekgazdalkodasi-zrt-budapest-2853009?sessionId=ed7061b1d89e7c95ce70868e0e3baa03,2026-03-13,2026-03-25,True,Budapest,,English: B2,Felsőfokú végzettség vagy folyamatban lévő tanulmányok,,"Azure DevOps, MS Project, M365, Excel, Power BI",Full-time,Full-time,1-3 years,,
2853045,Java fejlesztő,CompuTREND Zrt.,https://www.profession.hu/allas/java-fejleszto-computrend-zrt-budapest-2853045/pro?sessionId=ed7061b1d89e7c95ce70868e0e3baa03,2026-03-13,2026-03-25,True,Budapest,,,Felsőoktatási szakképzés,"Java, HTML, CSS, JavaScript, SQL, MSSQL, ORACLE, ANGULAR","SPRING, JENKINS, JMETER, VAADIN, GWT, TOMCAT",Hybrid,Full-time,3-5 years,,
2852995,IT üzleti elemző,KÉSZ Consulting Kft.,https://www.profession.hu/allas/it-uzleti-elemzo-kesz-consulting-kft-2852995/pro?sessionId=ed7061b1d89e7c95ce70868e0e3baa03,2026-03-13,2026-03-25,True,Budapest,,English: B2,Egyetem (Bachelor),,"MS OFFICE, POWERPOINT, JIRA, CONFLUENCE, C, EXCEL, BPMN, VISIO, ERP, CRM",Általános munkarend (On-site with home office),Teljes munkaidő (Full-time),3-5 év tapasztalat,,
2852989,Senior Data Management Expert,YouGov CP Hungary Kft.,https://www.profession.hu/allas/senior-data-management-expert-yougov-cp-hungary-kft-budapest-2852989/pro?sessionId=ed7061b1d89e7c95ce70868e0e3baa03,2026-03-13,2026-03-25,True,Budapest,,English: B2,Középiskola,,"DATABASES, UNIX, SPSS, MS ACCESS, EXCEL",Hybrid,Full-time,5-10 év tapasztalat,,
2852992,IT Business Analyst,Indotek Group,https://www.profession.hu/allas/it-business-analyst-indotek-group-2852992?sessionId=ed7061b1d89e7c95ce70868e0e3baa03,2026-03-13,2026-03-25,True,Budapest,,"{'Language': 'English', 'CEFR Level': 'B2'}",Főiskola,"SQL, API","JIRA, POWER BI, BI UAT, AGILIS, EXCEL, SCRM, ERP, BPMN, KANBAN, REST",Hibrid,Határozatlan idejű alkalmazotti jogviszony,3-5 év,,
2852856,Lead Developer,ENLOYD Kft.,https://www.profession.hu/allas/lead-developer-enloyd-kft-budapest-2852856?sessionId=ed7061b1d89e7c95ce70868e0e3baa03,2026-03-13,2026-03-25,True,Budapest,,"{'Language': 'English', 'Level': 'C1'}",Középiskola,"PHP, React, Next.js","Laravel, TypeScript, PostgreSQL, REST API, Git, AWS, GCP",Hybrid,Full-time,5+ years,,
2852921,SAP Business Analyst,Cloud Network Technology Kft.,https://www.profession.hu/allas/sap-business-analyst-cloud-network-technology-kft-komarom-2852921?sessionId=ed7061b1d89e7c95ce70868e0e3baa03,2026-03-13,2026-03-25,True,Komárom,,English: B2,Középiskola,ABAP,"SAP ASSEMBLY, SAP ACCESS",On-site with home office,Full-time,5+ years,,
2852414,Cloud Network Engineer (delivery and maintenance),Huawei Technologies Hungary Kft.,https://www.profession.hu/allas/cloud-network-engineer-delivery-and-maintenance-huawei-technologies-hungary-kft-budapest-2852414?sessionId=ed7061b1d89e7c95ce70868e0e3baa03,2026-03-13,2026-03-25,True,Budapest,,English: B2,Középiskola,Python,"Microsoft office, Linux",Általános munkarend,Teljes munkaidő,1-3 years,,
2852786,Medior tesztelő,MVM Ügyfélkapcsolati Kft.,https://www.profession.hu/allas/medior-tesztelo-mvm-ugyfelkapcsolati-kft-budapest-2852786?sessionId=ed7061b1d89e7c95ce70868e0e3baa03,2026-03-13,2026-03-25,True,"Budapest, Szeged",,,Főiskola,"ISTQB, ANDROID, IOS, AZURE DEVOPS",Bug tracking rendszerek,Általános munkarend,Teljes munkaidő,3-5 év,,
2852785,Senior tesztelő,MVM Ügyfélkapcsolati Kft.,https://www.profession.hu/allas/senior-tesztelo-mvm-ugyfelkapcsolati-kft-budapest-2852785?sessionId=ed7061b1d89e7c95ce70868e0e3baa03,2026-03-13,2026-03-25,True,Budapest,,"{'Language': 'English', 'Level': 'CEFR B2'}",Főiskola (University),"Android, iOS","ISTQB, DEVOPS, AZURE",Full-time,Full-time,5-10 years,,
2852782,Senior IT Rendszerszervező (MobilApp),Alfa Vienna Insurance Group Biztosító Zrt.,https://www.profession.hu/allas/senior-it-rendszerszervezo-mobilapp-alfa-vienna-insurance-group-biztosito-zrt-budapest-2852782?sessionId=ed7061b1d89e7c95ce70868e0e3baa03,2026-03-13,2026-03-25,True,Budapest,,"{'Language': 'Magyar', 'Level': 'felsőfok'}",Főiskola,,"BACKEND, SQL, UML, ENTERPRISE ARCHITECT, AGILIS, BPMN, CONFLUENCE, JIRA",Hibrid,Teljes munkaidő,5+ év,,
2853066,Diákmunka - Test automation framework developer trainee,MŰISZ Iskolaszövetkezet,https://www.profession.hu/allas/diakmunka-test-automation-framework-developer-trainee-muisz-iskolaszovetkezet-budapest-2853066?sessionId=ed7061b1d89e7c95ce70868e0e3baa03,2026-03-13,2026-03-25,True,Budapest XI.,2200-2800 Ft/óra,English: B1,Középiskola,"C#, ASP.NET Core Web API, Selenium, UI Automation","TESTING HARDWARE, REACT, WEB API, AZURE DEVOPS, SECURITY TEST AUTOMATION, AUTOMATED TESTS, ISTQB",Hybrid,Diákmunka,,,
2852927,Cybersecurity gyakornok - diákmunka,Mind-Diák Szövetkezet,https://www.profession.hu/allas/cybersecurity-gyakornok-diakmunka-mind-diak-szovetkezet-2852927?sessionId=ed7061b1d89e7c95ce70868e0e3baa03,2026-03-13,2026-03-25,True,Budapest,2332 Ft/hour gross,English: B1,High School with Diploma,,MS OFFICE,Részben otthonról történő munkavégzésre lehetőség van,Diákmunka (part-time),,,
2852852,Szoftverfejlesztő gyakornok (diákmunka),OnE Job Iskolaszövetkezet,https://www.profession.hu/allas/szoftverfejleszto-gyakornok-diakmunka-one-job-iskolaszovetkezet-budapest-2852852?sessionId=ed7061b1d89e7c95ce70868e0e3baa03,2026-03-13,2026-03-25,True,Budapest,2400 Ft/óra (gross),English: B2,Középiskola,"C#, .Net, MS SQL, ASP.Net, SQL",,Részidő,Diákmunka,,,
2853714,Senior Business Analyst - Tech & AI,"McKinsey & Company, Inc.Hungary Magyarországi Fióktelepe",https://www.profession.hu/allas/senior-business-analyst-tech-ai-mckinsey-company-inc-hungary-magyarorszagi-fioktelepe-2853714?sessionId=ed7061b1d89e7c95ce70868e0e3baa03,2026-03-13,2026-03-14,False,Budapest,,"English: B2, Polish: B2, Hungarian: B2",Bachelor,,,Full-time,Full-time,1-3 years,,
2853713,Project Manager in Energy Infrastructure,Accenture Korlátolt Felelősségű Társaság,https://www.profession.hu/allas/project-manager-in-energy-infrastructure-accenture-korlatolt-felelossegu-tarsasag-2853713?sessionId=ed7061b1d89e7c95ce70868e0e3baa03,2026-03-13,2026-03-25,True,Budapest,,"English: B2, German: B2",Bachelor,,,Hybrid,Full-time,0-1 years,,
2853712,"Graduate Engineer, System IP Engineering",ARM Hungary Kft.,https://www.profession.hu/allas/graduate-engineer-system-ip-engineering-arm-hungary-kft-2853712?sessionId=ed7061b1d89e7c95ce70868e0e3baa03,2026-03-13,2026-03-25,True,Budapest,,,Bachelor or Master in Electrical Engineering or Computer Engineering,"SystemVerilog, Perl, Python",,Hybrid,Full-time,0-1 years,,
2853709,PHP programozó,EVERENGINE Kft.,https://www.profession.hu/allas/php-programozo-everengine-kft-2853709?sessionId=ed7061b1d89e7c95ce70868e0e3baa03,2026-03-13,2026-03-25,True,Budapest,,,High School with Diploma,PHP,,Full-time,Full-time,,,
2853699,"Financial Model Engineer, Associate",BlackRock Hungary Kft.,https://www.profession.hu/allas/financial-model-engineer-associate-blackrock-hungary-kft-2853699?sessionId=ed7061b1d89e7c95ce70868e0e3baa03,2026-03-13,2026-03-14,False,Budapest,,,Bachelor,"Java, Scala","Git, Jira, SQL Server, Sybase, Agile, Spark, Cassandra, SOLR, Ignite",Full-time,Full-time,1-3 years,,
2853696,"Application Engineer, Associate",BlackRock Hungary Kft.,https://www.profession.hu/allas/application-engineer-associate-blackrock-hungary-kft-2853696?sessionId=ed7061b1d89e7c95ce70868e0e3baa03,2026-03-13,2026-03-14,False,Budapest,,,"Bachelor's or master's degree in computer science, Engineering, or a related technical field.","Java, React, Angular, Vue","BACKEND TESTING SECURITY, REACT ANGULAR VUE JAVA DATABASES SQL NOSQL ANALYTICS SPRING AGILE",Hybrid,Full-time,4-5 years,,
2853694,"Python Financial Model Engineer, Associate",BlackRock Hungary Kft.,https://www.profession.hu/allas/python-financial-model-engineer-associate-blackrock-hungary-kft-2853694?sessionId=ed7061b1d89e7c95ce70868e0e3baa03,2026-03-13,2026-03-14,False,Budapest,,English: B2,Bachelor's (BSc) or higher degree in Computer Science or related field,"Python, Pandas, Apache Arrow, Snowflake, Prefect","Azure DevOps, git, CI/CD",Hybrid,Full-time,3-5 years,,
2853690,Flutter Developer,FF Next Technologies Kft.,https://www.profession.hu/allas/flutter-developer-ff-next-technologies-kft-2853690?sessionId=ed7061b1d89e7c95ce70868e0e3baa03,2026-03-13,2026-03-25,True,Budapest,,English: B2,Bachelor,,"ACCESS, JIRA",Hybrid,Full-time,1-3 years,,
2853674,Business Consultant,Quickborn Consulting Hungary Kft.,https://www.profession.hu/allas/business-consultant-quickborn-consulting-hungary-kft-2853674?sessionId=ed7061b1d89e7c95ce70868e0e3baa03,2026-03-13,2026-03-25,True,,,"{'Language': 'English', 'Level': 'B2'}",Főiskola,SQL,MS Office framework,Általános munkarend,Teljes munkaidő,,,
2853673,"Associate, Global Marketing & Digital Wealth Digital Marketing Team, Delivery Manager",BlackRock Hungary Kft.,https://www.profession.hu/allas/associate-global-marketing-digital-wealth-digital-marketing-team-delivery-manager-blackrock-hungary-kft-2853673?sessionId=ed7061b1d89e7c95ce70868e0e3baa03,2026-03-13,2026-03-14,False,Budapest,,,Középiskola,,"JIRA, Confluence, Azure, Miro, Conceptboard",Hybrid,Full-time,1-3 years,,
2853655,Senior UX/UI Designer,FF Next Technologies Kft.,https://www.profession.hu/allas/senior-ux-ui-designer-ff-next-technologies-kft-2853655?sessionId=ed7061b1d89e7c95ce70868e0e3baa03,2026-03-13,2026-03-25,True,Budapest,,English: B2,Középiskola,"Bootstrap, Figma","Material Design, Human Interface Guidelines, Tailwind, Framer, Webflow",Hybrid,Full-time,5+ years,,
2853651,Technical Consultant,Quickborn Consulting Hungary Kft.,https://www.profession.hu/allas/technical-consultant-quickborn-consulting-hungary-kft-2853651?sessionId=ed7061b1d89e7c95ce70868e0e3baa03,2026-03-13,2026-03-25,True,Budapest,,English: B2,Főiskola (College degree),"Java, SQL, PL/SQL, Pro*C","Oracle Retail, Windows, Linux, Unix",On-site,Full-time,3-5 years,,
2853648,Senior Libraries Engineer – AI and HPC,NVIDIA Hungary Kft.,https://www.profession.hu/allas/senior-libraries-engineer-ai-and-hpc-nvidia-hungary-kft-2853648?sessionId=ed7061b1d89e7c95ce70868e0e3baa03,2026-03-13,2026-03-23,False,,"{'min': 221250, 'max': 507000, 'currency': 'PLN', 'level': ['Level 3', 'Level 4']}",,"PhD or MSc’s degree in Computational Science, Computer Science, Applied Math, or related science or engineering field of study is preferred (or equivalent experience)","C, C++, Python",JIRA,,Full-time,5+ years,,
2853638,Oracle expert,BSCE Tanácsadó és Informatikai Kft.,https://www.profession.hu/allas/oracle-expert-bsce-tanacsado-es-informatikai-kft-2853638?sessionId=ed7061b1d89e7c95ce70868e0e3baa03,2026-03-13,2026-03-14,False,Budapest,,,Egyetem,"ORACLE, SQL",ODI,Általános munkarend,Teljes munkaidő,1-3 év tapasztalat,,
2853559,Backend Engineer - Engagement,N26 GmbH,https://www.profession.hu/allas/backend-engineer-engagement-n-gmbh-2853559?sessionId=ed7061b1d89e7c95ce70868e0e3baa03,2026-03-13,2026-03-25,True,"Berlin, Barcelona",,['English: B2'],Bachelor,"Spring, Kotlin","AWS, Postgres",Hybrid,Full-time,1-3 years,,
2853436,(Senior) Product Manager - Onboarding & KYC,N26 GmbH,https://www.profession.hu/allas/senior-product-manager-onboarding-kyc-n-gmbh-2853436?sessionId=ed7061b1d89e7c95ce70868e0e3baa03,2026-03-13,2026-03-25,True,Germany,,English: B2,Bachelor,,"SQL, DATABASES, ACCESS, REST, AGILE",Hybrid,Full-time,5+ years,,
2853429,(Junior) Developer (f/m/d) for Gardener CI/CD,SAP SE,https://www.profession.hu/allas/junior-developer-f-m-d-for-gardener-ci-cd-sap-se-2853429?sessionId=ed7061b1d89e7c95ce70868e0e3baa03,2026-03-13,2026-03-25,True,Németország,,English: B2,"Bachelor's degree in Computer Science, Information Technology, or a related field",,"GIT, CLOUD, SAP","Part-Time, or Vollzeit, unbefristet",Full-time,1-3 years,,
2853426,Trainee Software Development (w/m/d) - Engineering Applications,thyssenkrupp rothe erde Germany GmbH,https://www.profession.hu/allas/trainee-software-development-w-m-d-engineering-applications-thyssenkrupp-rothe-erde-germany-gmbh-2853426?sessionId=ed7061b1d89e7c95ce70868e0e3baa03,2026-03-13,2026-03-25,True,Németország,,"English: B2, German: B2",Egyetem,"C++, C#, MATLAB","NETWORK, C++, C, MATLAB",Általános munkarend,Teljes munkaidő,1-3 év tapasztalat,,
2853425,Engineering - Frankfurt - Associate - Risk Governance,Goldman Sachs AG MesseTurm,https://www.profession.hu/allas/engineering-frankfurt-associate-risk-governance-goldman-sachs-ag-messeturm-2853425?sessionId=ed7061b1d89e7c95ce70868e0e3baa03,2026-03-13,2026-03-25,True,Frankfurt,,English: B2,Bachelor,"SQL, Data Visualization",SECURITY ISO ITIL ANALYTICS,Full-time,Full-time,5+ years,,
2853422,People Lead Software Development Underwriting,HDI AG,https://www.profession.hu/allas/people-lead-software-development-underwriting-hdi-ag-2853422?sessionId=ed7061b1d89e7c95ce70868e0e3baa03,2026-03-13,2026-03-25,True,Germany,,"English: C1, German: C1",Bachelor,,,Hybrid,Full-time,3-5 years,,
2853415,Technical Manager (m/f/d),AUGENTIC GmbH,https://www.profession.hu/allas/technical-manager-m-f-d-augentic-gmbh-2853415?sessionId=ed7061b1d89e7c95ce70868e0e3baa03,2026-03-13,2026-03-25,True,Munich,,"{'English': 'B2'}, {'German': 'C1'}, {'French': 'C1'}","Bachelor's or Master's degree in Engineering, IT, or a related technical discipline",,"DATABASE, HARDWARE, DATABASES, TESTING",On-site with home office,Full-time,5+ years,,
2853412,Program Change Management Lead (d/f/m),TK Elevator Europe Africa GmbH,https://www.profession.hu/allas/program-change-management-lead-d-f-m-tk-elevator-europe-africa-gmbh-2853412?sessionId=ed7061b1d89e7c95ce70868e0e3baa03,2026-03-13,2026-03-25,True,,,"{'Language': 'English', 'CEFR Level': 'B2'}, {'Language': 'German', 'CEFR Level': 'C1'}, {'Language': 'French', 'CEFR Level': 'C1'}",Bachelor,,,Remote,Full-time,8-12+ years,,
2853096,"IT Vendor Management Specialist, 80-100%",AO Foundation,https://www.profession.hu/allas/it-vendor-management-specialist-ao-foundation-2853096?sessionId=ed7061b1d89e7c95ce70868e0e3baa03,2026-03-13,2026-03-14,False,Davos,,"English (written and spoken), German","Bachelor's or Master's degree in Information Technology, Business Administration, or a related field",,"Microsoft license models (Azure, MS365)",On-site with home office,Full-time,4-5 years,,
2853094,Rust Software Engineer,ITech Consult AG,https://www.profession.hu/allas/rust-software-engineer-itech-consult-ag-2853094?sessionId=ed7061b1d89e7c95ce70868e0e3baa03,2026-03-13,2026-03-17,False,Rotkreuz,,English: B2,Bachelor's degree or equivalent practical experience in a specialized field related to software development or engineering.,Rust,,Full-time,Short-term,1-3 years,,
2853081,Senior Embedded Instrument Control SW Tester,Manpower Basel,https://www.profession.hu/allas/senior-embedded-instrument-control-sw-tester-manpower-basel-2853081?sessionId=ed7061b1d89e7c95ce70868e0e3baa03,2026-03-13,2026-03-25,True,Rotkreuz,,English: B2,"Bachelor's or Master's degree in Electrical Engineering, Mechanical Engineering, or Software Engineering",Linux,,"Hybrid (90-100% on-site, up to 20% remote)",Full-time,5-7 years,,
2853078,GRCS Engineer 40-70 %,Caritas Schweiz,https://www.profession.hu/allas/grcs-engineer-caritas-schweiz-2853078?sessionId=ed7061b1d89e7c95ce70868e0e3baa03,2026-03-13,2026-03-25,True,Lucerne,,,Középiskola,,"SECURITY, DEVOPS, ITIL, AGILE",Full-time,Full-time,1-3 years,,
2853074,Solution Architect - AI & firm-wide technology focus,LGT Capital Partners AG,https://www.profession.hu/allas/solution-architect-ai-firm-wide-technology-focus-lgt-capital-partners-ag-2853074?sessionId=ed7061b1d89e7c95ce70868e0e3baa03,2026-03-13,2026-03-17,False,Pfäffikon,,"English: B2, German",Master's degree,,CLOUD DEVOPS,Hybrid,Full-time,1-3 years,,
2852772,Data Engineer,Betsson Group,https://www.profession.hu/allas/data-engineer-betsson-group-2852772?sessionId=ed7061b1d89e7c95ce70868e0e3baa03,2026-03-13,2026-03-25,True,Budapest,,English: B2,Középiskola,,"AWS, SQL, CLOUD DATABASE, GIT, POWERSHELL, UNIX",Hybrid,Full-time,,,
2852770,Senior Software Engineer - Embedded Systems,ARM Hungary Kft.,https://www.profession.hu/allas/senior-software-engineer-embedded-systems-arm-hungary-kft-2852770?sessionId=ed7061b1d89e7c95ce70868e0e3baa03,2026-03-13,2026-03-23,False,Budapest,,"{'Language': 'C', 'CEFR Level': 'B2'}",High School with Diploma,C,"LINUX, CI",Hybrid,Full-time,,,
2852769,SAP SD Consultant,DXC Technology Magyarország Kft.,https://www.profession.hu/allas/sap-sd-consultant-dxc-technology-magyarorszag-kft-2852769?sessionId=ed7061b1d89e7c95ce70868e0e3baa03,2026-03-13,2026-03-25,True,Budapest,,,Bachelor's degree is required,,"SAP, Fiori apps",Hybrid,Full-time,7+ years,,
2852747,Senior Expert for Industry Foundation Models (f/m/x),BMW Group,https://www.profession.hu/allas/senior-expert-for-industry-foundation-models-f-m-x-bmw-group-2852747?sessionId=ed7061b1d89e7c95ce70868e0e3baa03,2026-03-13,2026-03-13,False,Németország,,English: B2,Bachelor,Python,PYTHON SECURITY,Full-time,Full-time,1-3 years,,
2852745,"Engagement Manager, Germany",Adobe Systems Europe Limited,https://www.profession.hu/allas/engagement-manager-germany-adobe-systems-europe-limited-2852745?sessionId=ed7061b1d89e7c95ce70868e0e3baa03,2026-03-13,2026-03-25,True,Németország,,"English: B2, German: B2","Bachelor's degree, with an MBA or equivalent experience preferred.",,@ADOBE,Full-time,Full-time,8+ years,,
2852743,Senior AI ADAS Engineer (f/m/x),BMW Group,https://www.profession.hu/allas/senior-ai-adas-engineer-f-m-x-bmw-group-2852743?sessionId=ed7061b1d89e7c95ce70868e0e3baa03,2026-03-13,2026-03-25,True,Németország,,English: B2,Egyetem,"Python, C++",ISO SECURITY. MACHINE LEARNING,Full-time,Unlimited,5+ years,,
2852742,PhD student in image analysis in cancer research (f/m/x),Universitätsklinikum Köln (AöR),https://www.profession.hu/allas/phd-student-in-image-analysis-in-cancer-research-f-m-x-universit-tsklinikum-koln-aor-2852742?sessionId=ed7061b1d89e7c95ce70868e0e3baa03,2026-03-13,2026-03-25,True,Németország,,English: B2,PhD,"Python, Machine Learning",,Full-time,Short-term,1-3 years,,
2852740,Principal Enterprise Architect Professional Services (Germany),Adobe Systems Europe Limited,https://www.profession.hu/allas/principal-enterprise-architect-professional-services-germany-adobe-systems-europe-limited-2852740?sessionId=ed7061b1d89e7c95ce70868e0e3baa03,2026-03-13,2026-03-25,True,Németország,,"English, German",Középiskola,,,On-site with home office,Full-time,1-3 years,,
2852734,Senior Manager - Enterprise Architecture - Adobe Customer Solutions,Adobe Systems Europe Limited,https://www.profession.hu/allas/senior-manager-enterprise-architecture-adobe-customer-solutions-adobe-systems-europe-limited-2852734?sessionId=ed7061b1d89e7c95ce70868e0e3baa03,2026-03-13,2026-03-25,True,Németország,,English: B2,Középiskola,,,Full-time,Teljes munkaidő,1-3 years,,
2852724,IAM Consultant (m/f/d),ista SE,https://www.profession.hu/allas/iam-consultant-m-f-d-ista-se-2852724?sessionId=ed7061b1d89e7c95ce70868e0e3baa03,2026-03-13,2026-03-25,True,Essen,,"English: B2, German: B2",Középiskola,,"SailPoint Identity Security Cloud, Keycloak, Microsoft Entra ID Privileged Access Management (PAM) solutions",Hybrid,Full-time,1-3 years,,
2852718,Graduate (m/f/d) – Growing with Data,KWS SAAT SE & Co. KGaA,https://www.profession.hu/allas/graduate-m-f-d-growing-with-data-kws-saat-se-co-kgaa-2852718?sessionId=ed7061b1d89e7c95ce70868e0e3baa03,2026-03-13,2026-03-17,False,Göttingen,,English: Fluent,"Master's or MBA in STEM areas related to Data Science, Bioinformatics, Statistics, or Information Technology","Python, R","PowerBi, DASH, Spotfire, Qlik",Full-time with remote work options within Germany,Full-time,0-1 years,,
2852717,CRM Application Manager (m/f/d),ELANTAS GmbH,https://www.profession.hu/allas/crm-application-manager-m-f-d-elantas-gmbh-2852717?sessionId=ed7061b1d89e7c95ce70868e0e3baa03,2026-03-13,2026-03-25,True,Wesel,,English: B2,"Bachelor or Master in IT, project management, or related field",Microsoft Dynamics CRM (Sales),"CRM DYNAMICS, SAP ACCESS, MICROSOFT OFFICE, PROJECT MANAGEMENT",,Full-time,7+ years,,
2852711,Business Solution Architect Core - Energy Retail (f/m/d),E.ON Digital Technology GmbH,https://www.profession.hu/allas/business-solution-architect-core-energy-retail-f-m-d-e-on-digital-technology-gmbh-2852711?sessionId=ed7061b1d89e7c95ce70868e0e3baa03,2026-03-13,2026-03-25,True,Germany,,English: B2,Bachelor,,"SAP, Salesforce, Kraken",Hybrid,Full-time,1-3 years,,
2852710,Principal Full-Stack Engineer at BurdaForward (m/f/x),Hubert Burda Media,https://www.profession.hu/allas/principal-full-stack-engineer-at-burdaforward-m-f-x-hubert-burda-media-2852710?sessionId=ed7061b1d89e7c95ce70868e0e3baa03,2026-03-13,2026-03-25,True,Germany,,English: B2,Bachelor,"VueJS, SolidJS, ReactJS, AngularJS","AWS Cloud, Docker, Terraform, MongoDB, Node.js with Express, GitLab",Hybrid,Full-time,1-3 years,,
2852709,Project Coordinator / Data Steward in Clinical Research (f/m/x) Biomedizinische Informatik – Datenintegrationszentrum,Universitätsklinikum Köln (AöR),https://www.profession.hu/allas/project-coordinator-data-steward-in-clinical-research-f-m-x-biomedizinische-informatik-datenintegrationszentrum-universit-tsklinikum-koln-aor-2852709?sessionId=ed7061b1d89e7c95ce70868e0e3baa03,2026-03-13,2026-03-25,True,Cologne,,"{'English': 'B2'}, {'German': 'B2'}","Master, PhD",,"relational databases, data modelling",Hybrid,Full-time,1-3 years,,
2852686,Senior AI Systems Engineer (f/m/x),BMW Group,https://www.profession.hu/allas/senior-ai-systems-engineer-f-m-x-bmw-group-2852686?sessionId=ed7061b1d89e7c95ce70868e0e3baa03,2026-03-13,2026-03-25,True,Munich,,{'English': 'B2'},"University degree in Computer Science, Data Science, AI, Mathematics, Physics, or comparable qualifications.","Python, C/C++",,Full-time,Unlimited,5+ years,,
2852657,Scrum Master,HDI AG,https://www.profession.hu/allas/scrum-master-hdi-ag-2852657?sessionId=ed7061b1d89e7c95ce70868e0e3baa03,2026-03-13,2026-03-25,True,Germany,,"{'English': 'C1'}, {'German': 'C1'}",Középiskola,,"SCRUM, AGILE, CI",Hybrid,Full-time,1-3 years,,
2852652,SAP S/4HANA Business Expert Plan to Produce - EMEA HUB (m/w/x),ZEISS,https://www.profession.hu/allas/sap-s-hana-business-expert-plan-to-produce-emea-hub-m-w-x-zeiss-2852652?sessionId=ed7061b1d89e7c95ce70868e0e3baa03,2026-03-13,2026-03-25,True,Németország,,"English: B2, German: B2",Bachelor,,"SAP R/3, SAP S/4HANA, JIRA, Signavio",Hybrid,Full-time,1-3 years,,
2852636,Product Manager (f/m/d)* - SEO/GEO,Engel & Völkers - Zentrale -,https://www.profession.hu/allas/product-manager-f-m-d-seo-geo-engel-volkers-zentrale-2852636?sessionId=ed7061b1d89e7c95ce70868e0e3baa03,2026-03-13,2026-03-17,False,Hamburg,,"{'English': 'B2'}, {'German': 'B2'}, {'Spanish': 'C1'}, {'Italian': 'C1'}",Bachelor,,"Google Search Console, Sistrix, Screaming Frog",Hybrid,Full-time,5+ years,,
2852634,Senior IT Architect (m/f/d),DIEHL Metering GmbH,https://www.profession.hu/allas/senior-it-architect-m-f-d-diehl-metering-gmbh-2852634?sessionId=ed7061b1d89e7c95ce70868e0e3baa03,2026-03-13,2026-03-25,True,"Ansbach (DE), Nuremberg (DE) or Bazanowice (PL)",,English: B2,Bachelor,,"AWS, Azure, Agile DevOps Network Project Management",Remote,Full-time,1-3 years,,
2852632,Data Governance Analyst (m/f/d),ODDO BHF SE,https://www.profession.hu/allas/data-governance-analyst-m-f-d-oddo-bhf-se-2852632?sessionId=ed7061b1d89e7c95ce70868e0e3baa03,2026-03-13,2026-03-25,True,Frankfurt/Main,,{'English': 'B2'},"Master degree in business administration, economics, business informatics or computer science","SQL, Python","BI ANALYTICS, EXCEL, POWERPOINT, VBA",Hybrid,Full-time,1-3 years,,
2851806,Business Development Director,Supercharge Kft.,https://www.profession.hu/allas/business-development-director-supercharge-kft-2851806?sessionId=ed7061b1d89e7c95ce70868e0e3baa03,2026-03-13,2026-03-17,False,Magyarországon belül bárhonnan,,,Főiskola,,,Távmunka / Remote,Teljes munkaidő,3-5 év tapasztalat,,
2844173,Senior SAP Consultant,Accenture Korlátolt Felelősségű Társaság,https://www.profession.hu/allas/senior-sap-consultant-accenture-korlatolt-felelossegu-tarsasag-2844173?sessionId=ed7061b1d89e7c95ce70868e0e3baa03,2026-03-13,2026-03-22,False,Budapest,,English: B2,Középiskola,SAP,"SAP ACCESS, S/4HANA",Hybrid,Full-time,3-5 years,,
2839026,Product Intelligence Sensory Manager (m/f/d),JT International Germany GmbH,https://www.profession.hu/allas/product-intelligence-sensory-manager-m-f-d-jt-international-germany-gmbh-2839026?sessionId=ed7061b1d89e7c95ce70868e0e3baa03,2026-03-13,2026-03-25,True,Trier,,"{'English': 'C1'}, {'German': 'B2'}","Bachelor's or Master's degree in sensory science, food science, statistics, data science or a related field.","R, SPSS, Python","Excel, PowerPoint, RedJade, Fizz",Hybrid,Full-time,3-5 years,,
2839000,Senior Expert Business Process Manager (m/w/x),Arvato SE – Consumer Products,https://www.profession.hu/allas/senior-expert-business-process-manager-m-w-x-arvato-se-consumer-products-2839000?sessionId=ed7061b1d89e7c95ce70868e0e3baa03,2026-03-13,2026-03-25,True,Gütersloh,,"English: B2, German",Master's degree (M.Sc. or equivalent),,SAP MIDDLEWARE NETWORK TEST MANAGEMENT BPMN,Hybrid,Full-time,1-3 years,,
2838073,Internship/ Thesis – Wave Optical Propagation for Micro-optical Structures (m/f/x),ZEISS,https://www.profession.hu/allas/internship-thesis-wave-optical-propagation-for-micro-optical-structures-m-f-x-zeiss-2838073?sessionId=ed7061b1d89e7c95ce70868e0e3baa03,2026-03-13,2026-03-25,True,Németország,,"English: B2, German: B2",Bachelor,Python,,On-site with home office,Full-time,1-3 years,,
2834941,Senior Identity and Access Management (IAM) Analyst,Diligent Governance Hungary Kft.,https://www.profession.hu/allas/senior-identity-and-access-management-iam-analyst-diligent-governance-hungary-kft-2834941?sessionId=ed7061b1d89e7c95ce70868e0e3baa03,2026-03-13,2026-03-16,False,Budapest,,,Főiskola (College),,"CLOUD ACCESS SECURITY, AWS",Hybrid,Full-time,3-5 years,,
2832750,Internship in Credit Risk Management (IFRS 9 Impairment & Economic Capital) starting from April 2026,Daimler Truck Financial Services GmbH,https://www.profession.hu/allas/internship-in-credit-risk-management-ifrs-impairment-economic-capital-starting-from-april-daimler-truck-financial-services-gmbh-2832750?sessionId=ed7061b1d89e7c95ce70868e0e3baa03,2026-03-13,2026-03-16,False,Németország,,English: B2,Főiskola,,,Általános munkarend,Teljes munkaidő,1-3 év tapasztalat,,
2854252,IT auditor/ Kiberbiztonsági tanácsadó,ITSecure Kft.,https://www.profession.hu/allas/it-auditor-kiberbiztonsagi-tanacsado-itsecure-kft-budapest-2854252?sessionId=ed7061b1d89e7c95ce70868e0e3baa03,2026-03-14,2026-03-25,True,Budapest,,English: B2,Bachelor,,,On-site with home office,Full-time,3-5 years,,
2854158,Üzleti elemző német nyelvtudással,Raiffeisen Software GmbH Magyarországi,https://www.profession.hu/allas/uzleti-elemzo-nemet-nyelvtudassal-raiffeisen-software-gmbh-magyarorszagi-budapest-2854158?sessionId=ed7061b1d89e7c95ce70868e0e3baa03,2026-03-14,2026-03-25,True,Budapest,450000 Ft / year (13. havi bér),Német középfok,Középiskola,,"Jira, Confluence",Hybrid,Full-time,3-5 years,,
2854148,Java fejlesztő,Raiffeisen Software GmbH Magyarországi,https://www.profession.hu/allas/java-fejleszto-raiffeisen-software-gmbh-magyarorszagi-budapest-2854148?sessionId=ed7061b1d89e7c95ce70868e0e3baa03,2026-03-14,2026-03-25,True,Budapest,,Német középfok,Középiskola,Java11+,"Git, SQL, Springboot",Hybrid,Full-time,3-5 years,,
2854042,Data analyst,Prooktatás Bt.,https://www.profession.hu/allas/data-analyst-prooktatas-bt-2854042?sessionId=ed7061b1d89e7c95ce70868e0e3baa03,2026-03-14,2026-03-25,True,Magyarországon belül bárhonnan,8000 Ft/óra nettó,,Főiskola,Python,"Power BI, Tableau",Full remote,Részmunkaidő (2 hétköznap esténként vagy hetente egyszer),3-5 év,,
2854015,Adatbázis szakértő,Profession Services,https://www.profession.hu/allas/adatbazis-szakerto-profession-services-budapest-2854015/pro?sessionId=ed7061b1d89e7c95ce70868e0e3baa03,2026-03-14,2026-03-25,True,Budapest,,English: B2,Felsőoktatási szakképzés,"SQL, LINUX, ORACLE, POSTGRESQL, MONGODB, UNIX",,"Hibrid munkavégzés: 3 nap iroda, 2 nap home office",Teljes munkaidő,3-5 év tapasztalat,,
2853352,Masterdata adminisztrátor,STAVMAT ÉPÍTŐANYAG KERESKEDELMI ZRT.,https://www.profession.hu/allas/masterdata-adminisztrator-stavmat-epitoanyag-kereskedelmi-zrt-budapest-2853352?sessionId=ed7061b1d89e7c95ce70868e0e3baa03,2026-03-14,2026-03-25,True,Budapest,,,Középiskola,,SAP,Teljes munkaidő (On-site),Hosszútávon tervezünk (Full-time),1-3 év tapasztalat,,
2853946,Senior Scrum Master/Agile Coach - German Speaker (NT),Tech People Hungary Kft.,https://www.profession.hu/allas/senior-scrum-master-agile-coach-german-speaker-nt-tech-people-hungary-kft-budapest-2853946?sessionId=ed7061b1d89e7c95ce70868e0e3baa03,2026-03-14,2026-03-25,True,Budapest,,"{'English': 'C1'}, {'German': 'C1'}",Felsőoktatási szakképzés,,"Jira, Confluence",Általános munkarend,Teljes munkaidő,5-10 év tapasztalat,,
2853941,Senior PHP fejlesztő  (NE),Tech People Hungary Kft.,https://www.profession.hu/allas/senior-php-fejleszt-ne-tech-people-hungary-kft-budapest-2853941?sessionId=ed7061b1d89e7c95ce70868e0e3baa03,2026-03-14,2026-03-25,True,Budapest,,English: B2,Felsőoktatási szakképzés,"PHP, Java, HTML, CSS, SQL, JavaScript, Oracle, MS SQL","Yii, GitHub Copilot, ChatGPT, Docker, Kubernetes, Microsoft Azure",Határozatlan idejű jogviszony,Full-time,5+ years,,
2853904,Üzleti alkalmazásfejlesztési projektmenedzser,BA-HA-MA'S Kft.,https://www.profession.hu/allas/uzleti-alkalmazasfejlesztesi-projektmenedzser-ba-ha-ma-s-kft-dunakeszi-2853904?sessionId=ed7061b1d89e7c95ce70868e0e3baa03,2026-03-14,2026-03-25,True,Dunakeszi,,,Középiskola,,"BI, ERP",Általános munkarend (On-site with home office),Teljes munkaidő (Full-time),3-5 év tapasztalat,,
2853840,Medior Data Engineer (Oracle adatbázis-fejlesztő),SMP Solutions Zrt.,https://www.profession.hu/allas/medior-data-engineer-oracle-adatbazis-fejleszto-smp-solutions-zrt-budapest-2853840?sessionId=ed7061b1d89e7c95ce70868e0e3baa03,2026-03-14,2026-03-25,True,Budapest,,English: B2,Főiskola,"Python, PL/SQL, Oracle Data Integrator (ODI), MSSQL, SSMS, SSIS","ORACLE ADATTÁRHÁZ, SQL, CLOUD AZURE",Hibrid,Vállalkozói Alkalmazotti jogviszony,3-5 év tapasztalat,,
2853817,Linux rendszer fejlesztő (C/C++),PROTECTA Kft,https://www.profession.hu/allas/linux-rendszer-fejleszto-c-c-protecta-kft-budapest-2853817?sessionId=ed7061b1d89e7c95ce70868e0e3baa03,2026-03-14,2026-03-25,True,Budapest,,English: B2,Főiskola,"C, C++, JavaScript","Linux, Git",Általános munkarend,Teljes munkaidő,3-5 év tapasztalat,,
2853781,Senior Test Koordinator,MindFly Kft.,https://www.profession.hu/allas/senior-test-koordinator-mindfly-kft-budapest-2853781?sessionId=ed7061b1d89e7c95ce70868e0e3baa03,2026-03-14,2026-03-25,True,Budapest,,German: C1,Főiskola,,"Jira, Confluence, X-Ray, SoapUI, Postman, JUnit, Kibana, Grafana",Hybrid,Full-time,5-10 years,,
2854315,Haladó Excel / VBA automatizálási gyakornok,Fürge Diák Iskolaszövetkezet,https://www.profession.hu/allas/halado-excel-vba-automatizalasi-gyakornok-furge-diak-iskolaszovetkezet-budapest-2854315?sessionId=ed7061b1d89e7c95ce70868e0e3baa03,2026-03-14,2026-03-25,True,Budapest,2500 HUF gross/hour,English: B2,Középiskola (High School with Diploma),,"MS OFFICE, BI, EXCEL, POWER BI, AUTOMATIZÁLÁS",Full-time,Short-term,,,
2854279,Salesforce Data Quality Intern - diákmunka,Mind-Diák Szövetkezet,https://www.profession.hu/allas/salesforce-data-quality-intern-diakmunka-mind-diak-szovetkezet-2854279?sessionId=ed7061b1d89e7c95ce70868e0e3baa03,2026-03-14,2026-03-25,True,Budapest,2600 Ft/óra (gross),English: B2,Általános iskola,,EXCEL,Hybrid,Diákmunka (Részmunkaidő),,,
2854082,Diákmunka -  AI Developer Trainee,MŰISZ Iskolaszövetkezet,https://www.profession.hu/allas/diakmunka-ai-developer-trainee-muisz-iskolaszovetkezet-budapest-2854082?sessionId=ed7061b1d89e7c95ce70868e0e3baa03,2026-03-14,2026-03-25,True,Budapest XI. kerület,2900 Ft/óra,"English: B2, Hungarian",Középiskola,Python,"WORD, PYTHON, API, AZURE",Hybrid,Diákmunka,,,
2854080,Diákmunka - AI Project Assistant,MŰISZ Iskolaszövetkezet,https://www.profession.hu/allas/diakmunka-ai-project-assistant-muisz-iskolaszovetkezet-budapest-2854080?sessionId=ed7061b1d89e7c95ce70868e0e3baa03,2026-03-14,2026-03-25,True,Budapest XI. kerület,2900 Ft/óra,"English: B2, Hungarian",Középiskola,Python,"Office (PowerPoint, Word)",Hibrid,Diákmunka,,,
2853984,Senior IOS fejlesztő (Foundation terület),BECK AND PARTNERS Kft.,https://www.profession.hu/allas/senior-ios-fejleszto-foundation-terulet-beck-and-partners-kft-vac-2853984?sessionId=ed7061b1d89e7c95ce70868e0e3baa03,2026-03-14,2026-03-25,True,Budapest,,English: B2,Főiskola,"Swift, iOS","IOS, SWIFT, MVC, GIT, API, JIRA, AGILIS",Hybrid,Full-time,3-5 years,,
2852999,Adatbázis adminisztrátor,LogBord 2010 Kft,https://www.profession.hu/allas/adatbazis-adminisztrator-logbord-kft-2852999?sessionId=ed7061b1d89e7c95ce70868e0e3baa03,2026-03-14,2026-03-25,True,,"{'amount': 1200000, 'currency': 'Ft', 'frequency': 'monthly'}","{'language': 'English', 'level': 'B2'}",Bachelor,"SQL, MYSQL, POSTGRESQL, PYTHON, BASH","AWS, AZURE, CLOUD, POWERSHELL, MONGODB",Home-Office,Full-time,3-5 years,,
2854677,Senior SAP Developer,Accenture Korlátolt Felelősségű Társaság,https://www.profession.hu/allas/senior-sap-developer-accenture-korlatolt-felelossegu-tarsasag-2854677?sessionId=ed7061b1d89e7c95ce70868e0e3baa03,2026-03-14,2026-03-25,True,Budapest,,English: B2,Középiskola,"SAP ABAP, ACCESS, DEBUGGING",SAP TESTING,Hybrid,Full-time,5-10 years,,
2854675,MEDIOR,"Silent Signal Információbiztonsági, Informatikai Tanácsadó és Szolgáltató Kft.",https://www.profession.hu/allas/medior-silent-signal-informaciobiztonsagi-informatikai-tanacsado-es-szolgaltato-kft-2854675?sessionId=ed7061b1d89e7c95ce70868e0e3baa03,2026-03-14,2026-03-25,True,Budapest,,,Középiskola,"IOS, ANDROID, WIFI, WINDOWS, LINUX","Burp Suite Pro, JSF, GWT",Általános munkarend,Teljes munkaidő,1-3 év tapasztalat,,
2854673,IT Project Manager,Supercharge Kft.,https://www.profession.hu/allas/it-project-manager-supercharge-kft-2854673?sessionId=ed7061b1d89e7c95ce70868e0e3baa03,2026-03-14,2026-03-25,True,Budapest,,English: B2,Középiskola,"AGILE PROJECT MANAGEMENT, JIRA, SCRUM, BACKEND, FRONTEND, ACCESS CHANGE MANAGEMENT, REST","Jira, Slack, GitHub, GitLab",Általános munkarend,Teljes munkaidő,5+ years,,
2854670,Data and Applications Specialist,Bridgestone Europe Magyarországi Fióktelepe,https://www.profession.hu/allas/data-and-applications-specialist-bridgestone-europe-magyarorszagi-fioktelepe-kornye-2854670?sessionId=ed7061b1d89e7c95ce70868e0e3baa03,2026-03-14,2026-03-25,True,Környe,,{'English': 'B1'},"Bachelor, Master, PhD","JavaScript, C++, C, ORACLE, SQL","JIRA, PROJECT MANAGEMENT, PMP, AGILE PMI-",On-site with home office,Full-time,>10 years,,
2854669,(Senior) Software Engineer,ARM Hungary Kft.,https://www.profession.hu/allas/senior-software-engineer-arm-hungary-kft-2854669?sessionId=ed7061b1d89e7c95ce70868e0e3baa03,2026-03-14,2026-03-23,False,Budapest,,English: B2,High School with Diploma,"C, C++, ASSEMBLY, LINUX, WINDOWS, PYTHON, ANDROID","TESTING, CI, TEST AUTOMATION, AGILE",Hybrid,Full-time,1-3 years,,
2854663,Senior Site Reliability Engineer - Infrastructure,N26 GmbH,https://www.profession.hu/allas/senior-site-reliability-engineer-infrastructure-n-gmbh-2854663?sessionId=ed7061b1d89e7c95ce70868e0e3baa03,2026-03-14,2026-03-17,False,Germany,,English: B2,Bachelor,"Go, Linux","AWS Cloud infrastructure and Services, Kubernetes Clusters, Terraform, CD solutions (Argo or similars), Mesh solutions (Istio or similars)",Hybrid,Full-time,1-3 years,,
2854662,Intern (m/f/d) for AI and Data Analysis in Vehicle Lab,Clarios Germany GmbH & Co. KG,https://www.profession.hu/allas/intern-m-f-d-for-ai-and-data-analysis-in-vehicle-lab-clarios-germany-gmbh-co-kg-2854662?sessionId=ed7061b1d89e7c95ce70868e0e3baa03,2026-03-14,2026-03-25,True,Hanover,,"{'English': 'B2'}, {'German': 'B2'}",Bachelor,"SQL, Python","Azure DevOps, Power BI",,Internship,0-1 years,,
2854647,Senior Consultant Business (f/m/d) Data Strategy & Advisory - Data Architect (f/m/d),SAP SE,https://www.profession.hu/allas/senior-consultant-business-f-m-d-data-strategy-advisory-data-architect-f-m-d-sap-se-2854647?sessionId=ed7061b1d89e7c95ce70868e0e3baa03,2026-03-14,2026-03-17,False,,,"{'Language': 'German', 'Level': 'B2'}, {'Language': 'English', 'Level': 'B2'}",Bachelor,,"SAP ANALYTICS CLOUD, @SAP. CHANGE MANAGEMENT",Hybrid,Full-time,3-5 years,,
2854646,Senior Consultant Business (f/m/d) Data Strategy & Advisory - Data Architect (f/m/d),SAP SE,https://www.profession.hu/allas/senior-consultant-business-f-m-d-data-strategy-advisory-data-architect-f-m-d-sap-se-2854646?sessionId=ed7061b1d89e7c95ce70868e0e3baa03,2026-03-14,2026-03-25,True,,,"{'Language': 'German', 'Level': 'B2'}, {'Language': 'English', 'Level': 'B2'}",Bachelor,,"SAP ANALYTICS CLOUD, @SAP. CHANGE MANAGEMENT",Hybrid,Full-time,3-5 years,,
2854639,Project Lead Embedded Software (m/w/x),ZEISS,https://www.profession.hu/allas/project-lead-embedded-software-m-w-x-zeiss-2854639?sessionId=ed7061b1d89e7c95ce70868e0e3baa03,2026-03-14,2026-03-25,True,Németország,,"English: B2, German: B2",Főiskola,"C/C++, Python","Zephyr, Linux-based real-time operating systems, GitHub, Azure DevOps, Jira",,Full-time,1-3 years,,
2854636,IT Business Consultant Production (m/f/x),Liebherr-IT Services GmbH,https://www.profession.hu/allas/it-business-consultant-production-m-f-x-liebherr-it-services-gmbh-2854636?sessionId=ed7061b1d89e7c95ce70868e0e3baa03,2026-03-14,2026-03-25,True,Oberopfingen,,"{'English': 'B2'}, {'German': 'Fluent'}",Bachelor,BPMN,BPMN,Hybrid,Full-time,1-3 years,,
2854635,Senior Digital Solution Advisor (f/m/d) - SAP BTP Business Technology Platform,SAP SE,https://www.profession.hu/allas/senior-digital-solution-advisor-f-m-d-sap-btp-business-technology-platform-sap-se-2854635?sessionId=ed7061b1d89e7c95ce70868e0e3baa03,2026-03-14,2026-03-17,False,Németország,,"English: B2, German: B2","Bachelor's degree in business administration, engineering, computer science, or a related field",,,Full-time,Regular Full Time,1-3 years,,
2854632,SAP Enterprise Architect (m/f/d),Bruker Physik GmbH,https://www.profession.hu/allas/sap-enterprise-architect-m-f-d-bruker-physik-gmbh-2854632?sessionId=ed7061b1d89e7c95ce70868e0e3baa03,2026-03-14,2026-03-25,True,Ettlingen,,"{'English': 'Excellent'}, {'German': 'Intermediate'}","University degree, ideally in (Business) Informatics, Engineering, or Business Administration.",,"SAP ENTERPRISE ARCHITECT, CLOUD ANALYTICS, BI CHANGE MANAGEMENT",Hybrid,Full-time,10+ years,,
2854631,IT Business Consultant Customer Service (m/f/d),Liebherr-IT Services GmbH,https://www.profession.hu/allas/it-business-consultant-customer-service-m-f-d-liebherr-it-services-gmbh-2854631?sessionId=ed7061b1d89e7c95ce70868e0e3baa03,2026-03-14,2026-03-25,True,Oberopfingen,,"{'English': 'B2'}, {'German': 'Fluent'}",Bachelor,BPMN,BPMN,Hybrid,Full-time,1-3 years,,
2854629,SAP ABAP + Fiori Developer Inhouse (m/f/d),Bruker Physik GmbH,https://www.profession.hu/allas/sap-abap-fiori-developer-inhouse-m-f-d-bruker-physik-gmbh-2854629?sessionId=ed7061b1d89e7c95ce70868e0e3baa03,2026-03-14,2026-03-25,True,"Ettlingen, Porto, Warsaw",,"{'English': 'B2'}, {'German': 'B2'}",Bachelor,"SAP ABAP, Fiori/UI5","SAP S/4HANA, SAP Fiori Launchpad, SAP Gateway, SAP Cloud Platform",Hybrid,Full-time,3-5 years,,
2854594,(Junior) Full-Stack Developer (f/m/d) for Deploy with Confidence,SAP SE,https://www.profession.hu/allas/junior-full-stack-developer-f-m-d-for-deploy-with-confidence-sap-se-2854594?sessionId=ed7061b1d89e7c95ce70868e0e3baa03,2026-03-14,2026-03-16,False,Potsdam,,English: B2,Bachelor's/Master's,"JavaScript/TypeScript, Go","SAP SECURITY CLOUD, JAVASCRIPT DEVOPS @SAP. AGILE",,"Part-Time, or Vollzeit, unbefristet",1-3 years,,
2854593,Internship in Eye-Tracking for Innovative Systems (f/m/x),ZEISS,https://www.profession.hu/allas/internship-in-eye-tracking-for-innovative-systems-f-m-x-zeiss-2854593?sessionId=ed7061b1d89e7c95ce70868e0e3baa03,2026-03-14,2026-03-25,True,Németország,,English: B2,Bachelor,,NETWORK HARDWARE,Full-time,Short-term,1-3 years,,
2854581,Solution Customer Success Manager (S-CSM) for Finance Solutions (f/m/d),SAP SE,https://www.profession.hu/allas/solution-customer-success-manager-s-csm-for-finance-solutions-f-m-d-sap-se-2854581?sessionId=ed7061b1d89e7c95ce70868e0e3baa03,2026-03-14,2026-03-25,True,Németország,,"English: B2, German",Bachelor's degree or equivalent,,,"Full-time, unbefristet (permanent)",Vollzeit,3-5 years,,
2854578,Senior/Expert Technical Product Manager (f/m/d) for Open Component Model,SAP SE,https://www.profession.hu/allas/senior-expert-technical-product-manager-f-m-d-for-open-component-model-sap-se-2854578?sessionId=ed7061b1d89e7c95ce70868e0e3baa03,2026-03-14,2026-03-25,True,Németország,,English: B2,Főiskola,,SAP CLOUD API @SAP,"Part-Time, or Vollzeit, unbefristet",Full-time,1-3 years,,
2854576,Senior/Expert Developer (f/m/d) for Gardener Dashboard,SAP SE,https://www.profession.hu/allas/senior-expert-developer-f-m-d-for-gardener-dashboard-sap-se-2854576?sessionId=ed7061b1d89e7c95ce70868e0e3baa03,2026-03-14,2026-03-25,True,Németország,,English: B2,Főiskola,"Go, JavaScript",VUE. CLOUD JAVASCRIPT. SAP @SAP.,"Part-Time, or Vollzeit, unbefristet",Full-time,1-3 years,,
2854572,(Senior) Technical Product Manager (f/m/d) for Platform Mesh,SAP SE,https://www.profession.hu/allas/senior-technical-product-manager-f-m-d-for-platform-mesh-sap-se-2854572?sessionId=ed7061b1d89e7c95ce70868e0e3baa03,2026-03-14,2026-03-25,True,Németország,,English: B2,Főiskola,,"CLOUD API, SAP @SAP","Part-Time, or Vollzeit, unbefristet",Full-time,1-3 years,,
2854557,SAP Basis Project Manager (m/f/d),Vaillant GmbH,https://www.profession.hu/allas/sap-basis-project-manager-m-f-d-vaillant-gmbh-2854557?sessionId=ed7061b1d89e7c95ce70868e0e3baa03,2026-03-14,2026-03-25,True,Remscheid near Düsseldorf,,English: B2,Bachelor or comparable qualification,"SAP, HANA, Linux",SAP SECURITY NETWORK CLOUD LINUX,Hybrid,Full-time,3-5 years,,
2854554,Senior/Expert Project Manager (f/m/d) for SAP BTP Open Source & Sovereign Cloud,SAP SE,https://www.profession.hu/allas/senior-expert-project-manager-f-m-d-for-sap-btp-open-source-sovereign-cloud-sap-se-2854554?sessionId=ed7061b1d89e7c95ce70868e0e3baa03,2026-03-14,2026-03-25,True,Munich/Garching,,"English: B2, German: B2",Bachelor,,"SAP CLOUD LINUX @SAP. PROJECT MANAGEMENT AGILE, GitHub",Hybrid,"Part-Time, or Vollzeit, unbefristet",1-3 years,,
2854544,Future Leaders Graduate Program - Analytics,Picnic GmbH,https://www.profession.hu/allas/future-leaders-graduate-program-analytics-picnic-gmbh-2854544?sessionId=ed7061b1d89e7c95ce70868e0e3baa03,2026-03-14,2026-03-16,False,Düsseldorf,,"{'English': 'B2'}, {'French': 'B2'}, {'Holland': 'B2'}",Master's degree in a quantitative field,"Python, SQL","PowerPoint, R, ACCESS, NETWORK, PROJECT MANAGEMENT, REST",Full-time,Full-time,1-3 years,,
2854539,Sr. Expert Digital Product Engineering (m/f/d),KWS Group,https://www.profession.hu/allas/sr-expert-digital-product-engineering-m-f-d-kws-group-2854539?sessionId=ed7061b1d89e7c95ce70868e0e3baa03,2026-03-14,2026-03-25,True,Einbeck,,"English: B2, German: B1",Bachelor,"C#, Python","AWS, Docker, Apache Spark, PostgreSQL, Oracle, Azure DevOps, Jira, Git",Hybrid,Full-time,1-3 years,,
2854514,Future Leaders Graduate Program - Analytics,Picnic GmbH,https://www.profession.hu/allas/future-leaders-graduate-program-analytics-picnic-gmbh-2854514?sessionId=ed7061b1d89e7c95ce70868e0e3baa03,2026-03-14,2026-03-16,False,Düsseldorf,,"{'English': 'B2'}, {'French': 'B2'}, {'Holland': 'B2'}",Master's degree,"Python, SQL","PowerPoint, R, ACCESS, NETWORK, PROJECT MANAGEMENT, REST","Full-time in Düsseldorf, with periodic trips to Amsterdam for training purposes",Full-time,1-3 years,,
2854509,Sr. Expert Digital Product Engineering (m/f/d),KWS Group,https://www.profession.hu/allas/sr-expert-digital-product-engineering-m-f-d-kws-group-2854509?sessionId=ed7061b1d89e7c95ce70868e0e3baa03,2026-03-14,2026-03-25,True,Einbeck,,"English: B2, German: B1",Bachelor,"C#, Python","AWS, Docker, Apache Spark, PostgreSQL, Oracle, Azure DevOps, Jira, Git",Hybrid,Full-time,1-3 years,,
2854503,Teamlead Configuration Management (m/f/d),Dornier Seawings GmbH,https://www.profession.hu/allas/teamlead-configuration-management-m-f-d-dornier-seawings-gmbh-2854503?sessionId=ed7061b1d89e7c95ce70868e0e3baa03,2026-03-14,2026-03-25,True,Oberpfaffenhofen,,English: B2,"Bachelor's degree in Computer Science, Information Systems or related field",,"SAP ERP System, Siemens Teamcenter PLM Software",Hybrid,Full-time,5+ years,,
2854494,Teamhead SAP Developement (m/w/x),ZEISS,https://www.profession.hu/allas/teamhead-sap-developement-m-w-x-zeiss-2854494?sessionId=ed7061b1d89e7c95ce70868e0e3baa03,2026-03-14,2026-03-25,True,Németország,,"{'Language': 'German', 'Level': 'felsőfok'}, {'Language': 'English', 'Level': 'felsőfok'}",Főiskola,"ABAP, BTP, UI5, CAP, RAP",,On-site with home office,Full-time,10+ years,,
2854460,Freelance Instructor / Trainer / Author for Industrial Instructor / Author for Industrial Cybersecurity,TÜV SÜD,https://www.profession.hu/allas/freelance-instructor-trainer-author-for-industrial-instructor-author-for-industrial-cybersecurity-tuv-sud-2854460?sessionId=ed7061b1d89e7c95ce70868e0e3baa03,2026-03-14,2026-03-25,True,Németország,,"English: C1, German: C1",Bachelor's or Master's degree in Computer Science or a comparable qualification,,SECURITY ISO NETWORK ACCESS,Freelance,Full-time,3-5 years,,
2854455,Working Student at IT Aftersales - Data Engineering,Mercedes-Benz AG,https://www.profession.hu/allas/working-student-at-it-aftersales-data-engineering-mercedes-benz-ag-2854455?sessionId=ed7061b1d89e7c95ce70868e0e3baa03,2026-03-14,2026-03-25,True,,,"{'Language': 'English', 'Level': 'B2'}",Bachelor,"Python, SQL","AWS, AZURE, TABLEAU, POWERBI",Hybrid,Full-time,1-3 years,,
2854445,UX/UI Researcher (m/f/d) Internship,Easy Languages GmbH,https://www.profession.hu/allas/ux-ui-researcher-m-f-d-internship-easy-languages-gmbh-2854445?sessionId=ed7061b1d89e7c95ce70868e0e3baa03,2026-03-14,2026-03-25,True,Berlin,,English: B2,"Bachelor, Master",,"ADOBE CLOUD, Figma, Balsamiq","Remote, On-site at Berlin office",Internship,0-1 years,,
2854439,Data Platform Engineer,Circonomit GmbH,https://www.profession.hu/allas/data-platform-engineer-circonomit-gmbh-2854439?sessionId=ed7061b1d89e7c95ce70868e0e3baa03,2026-03-14,2026-03-25,True,Cologne,,"{'English': 'C1'}, {'German': 'C1'}",Bachelor,Python,"GIT, AWS, APACHE, SPARK, PYTHON, GIT, CLOUD DATABASES, BACKEND",Hybrid,Full-time,5+ years,,
2854424,ServiceNow Platform Consultant / Expert (f/m/x),Sysmex Europe SE,https://www.profession.hu/allas/servicenow-platform-consultant-expert-f-m-x-sysmex-europe-se-2854424?sessionId=ed7061b1d89e7c95ce70868e0e3baa03,2026-03-14,2026-03-25,True,Hamburg,,English: B2,"University degree in IT, business informatics , or a comparable qualification","JavaScript, Glide API","ServiceNow, ITIL, REST/SOAP integrations",80% on-site / 20% mobile working model,Full-time,5+ years,,
2854019,"Data Engineer, Analytics and AI",Digitec Galaxus AG,https://www.profession.hu/allas/data-engineer-analytics-and-ai-digitec-galaxus-ag-2854019?sessionId=ed7061b1d89e7c95ce70868e0e3baa03,2026-03-14,2026-03-25,True,Zürich,,English: Fluent,Advanced degree in Computer Science or a data-focused field (ETH/UNI/FH) or equivalent professional expertise.,"SQL, Python, Git","Dataform, dbt, Airflow, Dagster, Google BigQuery, PyTorch, TensorFlow, Vertex AI",,Full-time,5+ years,,
2854014,Business Process System Engineer 80 - 100 %,Hamilton Bonaduz AG,https://www.profession.hu/allas/business-process-system-engineer-hamilton-bonaduz-ag-2854014?sessionId=ed7061b1d89e7c95ce70868e0e3baa03,2026-03-14,2026-03-25,True,Bonaduz,,"English: B2, German: B2",Főiskola,,SAP DATABASE PROJECT MANAGEMENT CHANGE MANAGEMENT,On-site with home office,Full-time,1-3 years,,
2854011,Head of Digitalization & CSV,Pharmatronic AG,https://www.profession.hu/allas/head-of-digitalization-csv-pharmatronic-ag-2854011?sessionId=ed7061b1d89e7c95ce70868e0e3baa03,2026-03-14,2026-03-25,True,Pratteln,,"English: B2, German: B2",Középiskola,SQL,,Általános munkarend,Teljes munkaidő,5-10 év tapasztalat,,
2855251,Senior Test Automation Engineer,MindFly Kft.,https://www.profession.hu/allas/senior-test-automation-engineer-mindfly-kft-budapest-2855251?sessionId=ed7061b1d89e7c95ce70868e0e3baa03,2026-03-16,2026-03-25,True,Budapest,,German: C1,Főiskola,"Java, Selenium, Playwright","Confluence, Jira, Scrum, Agile",Hybrid,Full-time,5-10 years,,
2855152,PLC programozó,Profession Services,https://www.profession.hu/allas/plc-programozo-profession-services-gyongyos-2855152/pro?sessionId=ed7061b1d89e7c95ce70868e0e3baa03,2026-03-16,2026-03-25,True,Gyöngyös,,English: B2,Főiskola 'B' kat. jogosítvány,,"PLC KEYENCE, ABB COGNEX AUTOMATIZÁLÁS",On-site with home office,Full-time,1-3 years,,
2855127,Senior IT business analyst,PROFESSION SERVICES,https://www.profession.hu/allas/senior-it-business-analyst-profession-services-budapest-2855127/pro?sessionId=ed7061b1d89e7c95ce70868e0e3baa03,2026-03-16,2026-03-25,True,Budapest,,English: B2,Főiskola,,,Hybrid,Full-time,5-10 years,,
2855068,"Full-Stack fejlesztő medior/senior (Angular, Java)",Raiffeisen Software GmbH Magyarországi,https://www.profession.hu/allas/full-stack-fejleszto-medior-senior-angular-java-raiffeisen-software-gmbh-magyarorszagi-budapest-2855068?sessionId=ed7061b1d89e7c95ce70868e0e3baa03,2026-03-16,2026-03-25,True,Budapest,,Német középfok,Középiskola,"Java, Angular, Spring Boot, Hibernate, SQL, HTML5, CSS3, Javascript/Typescript","Atlassian termékek, Jenkins, REST, Maven, OpenApi/Swagger, SonarQube / SonarLint, Git, Quarkus",Hybrid,Full-time,3-5 years,,
2850878,ERP Cyber Security Assurance Analyst,MOL IT & DIGITAL GBS KFT.,https://www.profession.hu/allas/erp-cyber-security-assurance-analyst-mol-it-digital-gbs-kft-budapest-2850878?sessionId=ed7061b1d89e7c95ce70868e0e3baa03,2026-03-16,2026-03-25,True,Budapest,"{'amount': 800000, 'currency': 'HUF', 'frequency': 'annual'}",English: Fluent,"University/College degree in Computer Science, Engineering or related field",,"SAP, Navision","Hybrid (Flexi time, home office possibilities)",Full-time,3-5 years,,
2850873,SAP Lead Developer (26000325),MOL IT & DIGITAL GBS KFT.,https://www.profession.hu/allas/sap-lead-developer-mol-it-digital-gbs-kft-budapest-2850873?sessionId=ed7061b1d89e7c95ce70868e0e3baa03,2026-03-16,2026-03-25,True,Budapest,"{'amount': 800000, 'currency': 'HUF', 'frequency': 'annual'}","{'language': 'English', 'level': 'CEFR B2'}","Higher professional, technical degree required",,,Hybrid,Full-time,5+ years,,
2855083,Platform Engineer  *,Ringier AG,https://www.profession.hu/allas/platform-engineer-ringier-ag-2855083?sessionId=ed7061b1d89e7c95ce70868e0e3baa03,2026-03-16,2026-03-22,False,Svájc,,,Főiskola,", ",SECURITY DEVOPS CLOUD AWS REST,Általános munkarend,Teljes munkaidő,3-5 év tapasztalat,,
2855076,Platform Engineer  *,Ringier AG,https://www.profession.hu/allas/platform-engineer-ringier-ag-2855076?sessionId=ed7061b1d89e7c95ce70868e0e3baa03,2026-03-16,2026-03-22,False,Svájc,,,Főiskola,", ",SECURITY DEVOPS CLOUD AWS REST,Általános munkarend,Teljes munkaidő,3-5 év tapasztalat,,
2855044,Database Specialist,Mettler Toledo,https://www.profession.hu/allas/database-specialist-mettler-toledo-2855044?sessionId=ed7061b1d89e7c95ce70868e0e3baa03,2026-03-16,2026-03-25,True,Urdorf,,"English: B2, German: B2",Főiskola,,"DATABASE ACCESS, SQL, AZURE ANALYTICS, DEVOPS, NETWORK DATABASES, ERP SAP, MSSQL, MS ACCESS, GIT",Hybrid,Full-time,1-3 years,,
2855037,Senior DevOps Engineer 80 - 100 %,Hamilton Medical AG,https://www.profession.hu/allas/senior-devops-engineer-hamilton-medical-ag-2855037?sessionId=ed7061b1d89e7c95ce70868e0e3baa03,2026-03-16,2026-03-25,True,Switzerland,,,High School with Diploma,Linux,"DEVOPS, SECURITY, TESTING, CI",Full-time,Full-time,1-3 years,,
2855031,Data Analyst,Academic Work Switzerland SA,https://www.profession.hu/allas/data-analyst-academic-work-switzerland-sa-2855031?sessionId=ed7061b1d89e7c95ce70868e0e3baa03,2026-03-16,2026-03-16,False,Svájc,,English: B2,Középiskola,"SQL, R","BI DATABASE, POWER BI, EXCEL R",Általános munkarend,Teljes munkaidő,1-3 év tapasztalat,,
2855025,Product Owner / Data Platforms Online Shop,Digitec Galaxus AG,https://www.profession.hu/allas/product-owner-data-platforms-online-shop-digitec-galaxus-ag-2855025?sessionId=ed7061b1d89e7c95ce70868e0e3baa03,2026-03-16,2026-03-25,True,Zürich,,English: B2,Középiskola,"SQL, SCUM","TESTING, CLOUD",Hybrid,Full-time,5-10 év tapasztalat,,
2855024,Senior SAP FS-RI Business Analyst - Re/Insurance,Swisslinx,https://www.profession.hu/allas/senior-sap-fs-ri-business-analyst-re-insurance-swisslinx-2855024?sessionId=ed7061b1d89e7c95ce70868e0e3baa03,2026-03-16,2026-03-17,False,Switzerland,,English: B2,Bachelor,,"SAP FS-RI, MS Office (Excel, Word etc.)",Remote,Full-time,5+ years,,
2855017,Senior IS Project Manager,SICPA,https://www.profession.hu/allas/senior-is-project-manager-sicpa-2855017?sessionId=ed7061b1d89e7c95ce70868e0e3baa03,2026-03-16,2026-03-25,True,Prilly,,{'English': 'C1'},Középiskola,,"Microsoft 365 ecosystem, AI-enabled tools",On-site with home office,Full-time,>10 év tapasztalat,,
2855016,Test Lead,SICPA,https://www.profession.hu/allas/test-lead-sicpa-2855016?sessionId=ed7061b1d89e7c95ce70868e0e3baa03,2026-03-16,2026-03-25,True,Prilly,,English: B2,"Bachelor's degree in engineering, science or information technology or equivalent education","Java, Selenium","GIT, JIRA, POSTMAN",,Full-time,5+ years,,
2854930,wissenschaftliche*n Mitarbeiter*in (m/w/d) Schwerpunkt Informationsmanagement,Budapesti Németnyelvű Távtanulási Központ Alapítvány,https://www.profession.hu/allas/wissenschaftliche-n-mitarbeiter-in-m-w-d-schwerpunkt-informationsmanagement-budapesti-nemetnyelvu-tavtanulasi-kozpont-alapitvany-2854930?sessionId=ed7061b1d89e7c95ce70868e0e3baa03,2026-03-16,2026-03-25,True,Budapest,,"English: B2, German: B2",Master,,Laptop,Hybrid,Full-time,1-3 years,,
2854929,"Senior Software Engineer - QuantumBlack, AI by McKinsey","McKinsey & Company, Inc.Hungary Magyarországi Fióktelepe",https://www.profession.hu/allas/senior-software-engineer-quantumblack-ai-by-mckinsey-mckinsey-company-inc-hungary-magyarorszagi-fioktelepe-2854929?sessionId=ed7061b1d89e7c95ce70868e0e3baa03,2026-03-16,2026-03-25,True,Budapest,,English: B2,Bachelor,"TypeScript, React, Angular, Vue, Next.js, Tailwind, Python, Node.js, Java/Spring, C#/.NET","Docker, CI/CD",,Full-time,"7-8+ years of experience in software development, with a strong preference for significant full-stack web application development experience",,"High School with Diploma, Bachelor, Master's or PhD degree"
2854928,Open Application - Technology Specialist,Islet Group Kft.,https://www.profession.hu/allas/open-application-technology-specialist-islet-group-kft-2854928?sessionId=ed7061b1d89e7c95ce70868e0e3baa03,2026-03-16,2026-03-23,False,Budapest,,,High School with Diploma,SAP,"NETWORK, SAP",Hybrid,Full-time,,,
2854925,Business Analyst - Tech & AI,"McKinsey & Company, Inc.Hungary Magyarországi Fióktelepe",https://www.profession.hu/allas/business-analyst-tech-ai-mckinsey-company-inc-hungary-magyarorszagi-fioktelepe-2854925?sessionId=ed7061b1d89e7c95ce70868e0e3baa03,2026-03-16,2026-03-25,True,Budapest,,"English: B2, Polish: B2, Hungarian: B2",Bachelor,,,On-site with home office,Full-time,1-3 years,,
2854923,Senior Test Automation Engineer – Backend: POS Back-Office,DruIT Szolgáltató Zrt.,https://www.profession.hu/allas/senior-test-automation-engineer-backend-pos-back-office-druit-szolgaltato-zrt-2854923?sessionId=ed7061b1d89e7c95ce70868e0e3baa03,2026-03-16,2026-03-16,False,Budapest,,English: B2,Középiskola,"BACKEND API, POSTMAN, TEST AUTOMATION, REST, JIRA, CONFLUENCE","SAFe, API-k automatizált tesztelése (REST Assured, Postman, Pact), Adatbázis-konzisztencia ellenőrzése, mock-szolgáltatások kezelése, Felmerülő hibák kezelése, hibajegyek rögzítése és nyomon követése (Jira)",Hibrid,Teljes munkaidő,5+ év,,
2854725,Software Engineering Manager - HPC CUDA Processing Libraries,NVIDIA Hungary Kft.,https://www.profession.hu/allas/software-engineering-manager-hpc-cuda-processing-libraries-nvidia-hungary-kft-2854725?sessionId=ed7061b1d89e7c95ce70868e0e3baa03,2026-03-16,2026-03-20,False,,"345,000 - 598,000 PLN gross/year",English: B2,"Bachelor's or Master's degree in Computer Science, Artificial Intelligence, Applied Math, or related field","C++, Python",,Full-time,Full-time,6+ years,,
2854919,Agentic AI Engineer,Accenture Korlátolt Felelősségű Társaság,https://www.profession.hu/allas/agentic-ai-engineer-accenture-korlatolt-felelossegu-tarsasag-2854919?sessionId=ed7061b1d89e7c95ce70868e0e3baa03,2026-03-16,2026-03-20,False,Budapest,,English: B2,Középiskola,Python,"TESTING, DEBUGGING, REGRESSION TESTING, TROUBLESHOOTING",On-site,Full-time,,,
2854917,Senior Technical Product Manager – Risk & Audit Core,Diligent Governance Hungary Kft.,https://www.profession.hu/allas/senior-technical-product-manager-risk-audit-core-diligent-governance-hungary-kft-2854917?sessionId=ed7061b1d89e7c95ce70868e0e3baa03,2026-03-16,2026-03-25,True,Budapest,,,Középiskola,"SECURITY, DEVOPS, ANALYTICS, CLOUD, REST",,Hybrid,Full-time,5+ years,,
2854706,Formal Verification Engineer - New College Graduate,NVIDIA Hungary Kft.,https://www.profession.hu/allas/formal-verification-engineer-new-college-graduate-nvidia-hungary-kft-2854706?sessionId=ed7061b1d89e7c95ce70868e0e3baa03,2026-03-16,2026-03-22,False,Budapest,,,Bachelor,"C, Perl, Python","Jasper, Verilog / System Verilog HDLs, SVA assertions",Full-time,Full-time,,,
2854853,Front-end fejlesztő,Aventail Szolgáltató és Informatikai Tanácsadó Kft.,https://www.profession.hu/allas/front-end-fejleszto-aventail-szolgaltato-es-informatikai-tanacsado-kft-2854853?sessionId=ed7061b1d89e7c95ce70868e0e3baa03,2026-03-16,2026-03-23,False,,,,Középiskola,,,Általános munkarend,Teljes munkaidő,,,
2854852,Back-end fejlesztő,Aventail Szolgáltató és Informatikai Tanácsadó Kft.,https://www.profession.hu/allas/back-end-fejleszto-aventail-szolgaltato-es-informatikai-tanacsado-kft-2854852?sessionId=ed7061b1d89e7c95ce70868e0e3baa03,2026-03-16,2026-03-23,False,,,,Középiskola,,API,Általános munkarend,Teljes munkaidő,,,
2854848,SAP Business Consultant,DXC Technology Magyarország Kft.,https://www.profession.hu/allas/sap-business-consultant-dxc-technology-magyarorszag-kft-2854848?sessionId=ed7061b1d89e7c95ce70868e0e3baa03,2026-03-16,2026-03-25,True,Budapest,,,Bachelor's degree is required,,SAP,Hybrid,Full-time,7+ years,,
2854843,Scrum Master,DXC Technology Magyarország Kft.,https://www.profession.hu/allas/scrum-master-dxc-technology-magyarorszag-kft-2854843?sessionId=ed7061b1d89e7c95ce70868e0e3baa03,2026-03-16,2026-03-25,True,Budapest,,English: B2,Főiskola,"C++, PLSQL","AGILIS, SCRUM",Általános munkarend,Teljes munkaidő,,,
2854829,Software Engineer (Python and AWS),Diligent Governance Hungary Kft.,https://www.profession.hu/allas/software-engineer-python-and-aws-diligent-governance-hungary-kft-2854829?sessionId=ed7061b1d89e7c95ce70868e0e3baa03,2026-03-16,2026-03-17,False,Budapest,,,Középiskola,Python,"AWS, DOCKER, SQL, POSTGRESQL, .C., ACCESS, DEBUGGING, AGILE, REST",Hybrid,Full-time,5-10 év tapasztalat,,
2854822,Lead Cloud Architect,Islet Group Kft.,https://www.profession.hu/allas/lead-cloud-architect-islet-group-kft-2854822?sessionId=ed7061b1d89e7c95ce70868e0e3baa03,2026-03-16,2026-03-25,True,Budapest,,English: B2,Középiskola,"Tableau, BI, SQL, SAP, NETWORK PROJECT MANAGEMENT, POWER BI",CLOUD ANALYTICS,Hybrid,Full-time,5-10 év tapasztalat,,
2854819,BI Developer,DXC Technology Magyarország Kft.,https://www.profession.hu/allas/bi-developer-dxc-technology-magyarorszag-kft-2854819?sessionId=ed7061b1d89e7c95ce70868e0e3baa03,2026-03-16,2026-03-25,True,Budapest,,English: B2,Középiskola,,BI AGILIS,Hibrid,Teljes munkaidő,5-10 év tapasztalat,,
2854815,Tesztelő (QA Engineer),Aventail Szolgáltató és Informatikai Tanácsadó Kft.,https://www.profession.hu/allas/tesztelo-qa-engineer-aventail-szolgaltato-es-informatikai-tanacsado-kft-szeged-2854815?sessionId=ed7061b1d89e7c95ce70868e0e3baa03,2026-03-16,2026-03-23,False,Szeged,,,Középiskola,,,Általános munkarend,Teljes munkaidő,,,
2854810,ServiceNow Hungary Senior Developer,DXC Technology Magyarország Kft.,https://www.profession.hu/allas/servicenow-hungary-senior-developer-dxc-technology-magyarorszag-kft-2854810?sessionId=ed7061b1d89e7c95ce70868e0e3baa03,2026-03-16,2026-03-25,True,Budapest,,"English: B2, Hungarian: B2",Egyetem,JavaScript,"ServiceNow, Azure, SOAP, REST, JDBC, LDAP",On-site with home office,Full-time,3-5 years,,
2854806,DevOps mérnök,Aventail Szolgáltató és Informatikai Tanácsadó Kft.,https://www.profession.hu/allas/devops-mernok-aventail-szolgaltato-es-informatikai-tanacsado-kft-szeged-2854806?sessionId=ed7061b1d89e7c95ce70868e0e3baa03,2026-03-16,2026-03-23,False,Szeged,,,Középiskola,,DEVOPS,Általános munkarend,Teljes munkaidő,,,
2854803,Software Tester,DXC Technology Magyarország Kft.,https://www.profession.hu/allas/software-tester-dxc-technology-magyarorszag-kft-2854803?sessionId=ed7061b1d89e7c95ce70868e0e3baa03,2026-03-16,2026-03-25,True,Budapest,,English: B2,Középiskola,"SQL, C++, PLSQL, UNIX",,Hybrid,Full-time,,,
2854799,IT Projektmenedzser,Aventail Szolgáltató és Informatikai Tanácsadó Kft.,https://www.profession.hu/allas/it-projektmenedzser-aventail-szolgaltato-es-informatikai-tanacsado-kft-szeged-2854799?sessionId=ed7061b1d89e7c95ce70868e0e3baa03,2026-03-16,2026-03-23,False,Szeged,,,Középiskola,,AGILIS,Általános munkarend,Teljes munkaidő,,,
2854797,ServiceNow Senior Technical Consultant,DXC Technology Magyarország Kft.,https://www.profession.hu/allas/servicenow-senior-technical-consultant-dxc-technology-magyarorszag-kft-2854797?sessionId=ed7061b1d89e7c95ce70868e0e3baa03,2026-03-16,2026-03-25,True,Budapest,,"{'English': 'B2'}, {'Hungarian': 'B2'}",Egyetem (University degree),JavaScript,"ServiceNow, DATABASES, REST, SOAP, JDBC, LDAP",Full-time,Full-time,3-5 years,,
2854748,Cloud architect,Total Felhő Informatikai Szolgáltató és Tanácsadó Kft.,https://www.profession.hu/allas/cloud-architect-total-felho-informatikai-szolgaltato-es-tanacsado-kft-2854748?sessionId=ed7061b1d89e7c95ce70868e0e3baa03,2026-03-16,2026-03-22,False,,,,Középiskola,,"AWS, CLOUD",Teljes munkaidő Általános munkarend,Teljes munkaidő,1-5+ év tapasztalat,,
2854719,IT Project Manager,Supercharge Kft.,https://www.profession.hu/allas/it-project-manager-supercharge-kft-szeged-2854719?sessionId=ed7061b1d89e7c95ce70868e0e3baa03,2026-03-16,2026-03-25,True,Szeged,,English: B2,Középiskola,"AGILE, SCRUM, JIRA, PROJECT MANAGEMENT, CHANGE MANAGEMENT, ACCESS, BACKEND, FRONTEND","Jira, Slack, GitHub, GitLab",On-site with home office,Full-time,5+ years,,
2854693,Senior Product Designer (UX/UI),Diligent Governance Hungary Kft.,https://www.profession.hu/allas/senior-product-designer-ux-ui-diligent-governance-hungary-kft-2854693?sessionId=ed7061b1d89e7c95ce70868e0e3baa03,2026-03-16,2026-03-25,True,Budapest,,English: B2,Középiskola,,Figma,Hybrid,Full-time,5+ years,,
2854692,AWS Cloud DevOps Engineer,Total Felhő Informatikai Szolgáltató és Tanácsadó Kft.,https://www.profession.hu/allas/aws-cloud-devops-engineer-total-felho-informatikai-szolgaltato-es-tanacsado-kft-2854692?sessionId=ed7061b1d89e7c95ce70868e0e3baa03,2026-03-16,2026-03-22,False,,,"English: B2, Magyar: B2",Középiskola,"Python, Node.js","AWS, CLOUD DEVOPS, DOCKER",Hibrid,Teljes munkaidő,,,
2854684,Dataflow Development Engineer,NVIDIA Hungary Kft.,https://www.profession.hu/allas/dataflow-development-engineer-nvidia-hungary-kft-2854684?sessionId=ed7061b1d89e7c95ce70868e0e3baa03,2026-03-16,2026-03-20,False,"Netherlands, UK, Hungary",,['English: B2'],Bachelor,C/C++,"Linux, FPGA toolchains",Home-Office,Full-time,5+ years,,
2854683,Cloud Engineer,Total Felhő Informatikai Szolgáltató és Tanácsadó Kft.,https://www.profession.hu/allas/cloud-engineer-total-felho-informatikai-szolgaltato-es-tanacsado-kft-2854683?sessionId=ed7061b1d89e7c95ce70868e0e3baa03,2026-03-16,2026-03-20,False,Hibrid,,"English: B2, Magyar: B2",Középiskola,"Python, Node.js","AWS, DOCKER, CLOUD",Hibrid,Teljes munkaidő,1-3 év tapasztalat,,
2854012,Project Business Analyst- PaperlessLogbook,ITech Consult AG,https://www.profession.hu/allas/project-business-analyst-paperlesslogbook-itech-consult-ag-2854012?sessionId=ed7061b1d89e7c95ce70868e0e3baa03,2026-03-16,2026-03-17,False,Basel,,"English: B2, German: B2",Főiskola,,,Full-time,Short-term,>10 év tapasztalat,,
2850943,Digital Adoption Specialist,HUBER+SUHNER AG,https://www.profession.hu/allas/digital-adoption-specialist-huber-suhner-ag-2850943?sessionId=ed7061b1d89e7c95ce70868e0e3baa03,2026-03-16,2026-03-22,False,Svájc,,,Főiskola,,,Általános munkarend,Teljes munkaidő,1-3 év tapasztalat,,
2844544,Villamosmérnök gyakornok,Phiaro Technologies Kft.,https://www.profession.hu/allas/villamosmernok-gyakornok-phiaro-technologies-kft-2844544?sessionId=ed7061b1d89e7c95ce70868e0e3baa03,2026-03-16,2026-03-16,False,Budapest,,English: B2,Egyetem,"C, Python",GIT,Full-time,Full-time,,,
2856552,Junior BI Consultant,KPMG Tanácsadó Kft.,https://www.profession.hu/allas/junior-bi-consultant-kpmg-tanacsado-kft-budapest-2856552?sessionId=ed7061b1d89e7c95ce70868e0e3baa03,2026-03-17,2026-03-25,True,Budapest,,"English: B2, Hungarian","Bachelor, Master, PhD","BI ANALYTICS, MS OFFICE, POWERPOINT, WORD, VBA, HTML, PHP, JAVA, C, PYTHON, R, ACCESS, EXCEL","BI ANALYTICS, MS OFFICE, POWERPOINT, WORD, VBA, HTML, PHP, JAVA, C, PYTHON, R, ACCESS, EXCEL",Hybrid,Full-time,,,
2852978,Senior Data Architect,MOL Nyrt.,https://www.profession.hu/allas/senior-data-architect-mol-nyrt-budapest-2852978?sessionId=ed7061b1d89e7c95ce70868e0e3baa03,2026-03-17,2026-03-25,True,Budapest,,English: B2,Bachelor,,"Synapse, Databricks, Delta Lake",Hybrid,Full-time,3-5 years,,
2855726,Junior SQL fejlesztő,ENROL CONSULTING Kft.,https://www.profession.hu/allas/junior-sql-fejleszto-enrol-consulting-kft-budaors-2855726?sessionId=ed7061b1d89e7c95ce70868e0e3baa03,2026-03-17,2026-03-25,True,Budaörs,600000 -700000 Ft gross/month,"English: B1, Hungarian",Főiskola (College),"SQL, PL/SQL, JavaScript, CSS, HTML, Oracle Application Express","Laptop, Monitor",Hibrid (Hybrid),Teljes munkaidő (Full-time),,,
2855607,Enterprise Architect,Profession Services,https://www.profession.hu/allas/enterprise-architect-profession-services-budapest-2855607/pro?sessionId=ed7061b1d89e7c95ce70868e0e3baa03,2026-03-17,2026-03-25,True,Budapest,,English: B2,Főiskola (Bachelor),,ENTERPRISE ARCHITECT AGILIS,Hybrid,Full-time,3-5 years,,
2855605,DBA Csoportkoordinátor,NISZ Zrt.,https://www.profession.hu/allas/dba-csoportkoordinator-nisz-zrt-budapest-2855605?sessionId=ed7061b1d89e7c95ce70868e0e3baa03,2026-03-17,2026-03-25,True,Budapest,,,Főiskola,"Oracle, PostgreSQL, MariaDB",ORACLE CENTOS MYSQL POSTGRESQL SQL PLSQL LINUX BASH CLOUD ITIL,Hybrid,Full-time,3-5 years,,
2855483,PRODUCT OWNER (NT),Tech People Hungary Kft.,https://www.profession.hu/allas/product-owner-nt-tech-people-hungary-kft-budapest-2855483?sessionId=ed7061b1d89e7c95ce70868e0e3baa03,2026-03-17,2026-03-25,True,Budapest,,English: B2,Felsőoktatási szakképzés,,"TMF620, Open APIs (TMF620, TMF632), SAFe / Agile at scale experience",Hybrid,Full-time,5-10 years,,
2855422,IT Helpdesk Munkatárs,Fiege,https://www.profession.hu/allas/it-helpdesk-munkatars-fiege-mosonmagyarovar-2855422?sessionId=ed7061b1d89e7c95ce70868e0e3baa03,2026-03-17,2026-03-25,True,Mosonmagyaróvár,,,Középiskola,,"SQL, WINDOWS, MS OFFICE, PC, LAN",Hybrid,Full-time,1-3 years,,
2855363,Webfejlesztő(Budapest),BÁRDI AUTÓ ZRT.,https://www.profession.hu/allas/webfejleszto-budapest-bardi-auto-zrt-budapest-2855363?sessionId=ed7061b1d89e7c95ce70868e0e3baa03,2026-03-17,2026-03-25,True,Budapest,,English: B2,Középiskola,"PHP, SQL, HTML, JAVASCRIPT, CSS, LARAVEL","Google Analytics, SEO tools",Hibrid,Teljes munkaidő,3-5 év tapasztalat,,
2855362,"Szoftverfejlesztő(1089 Budapest, Orczy út 44-46.)",BÁRDI AUTÓ ZRT.,https://www.profession.hu/allas/szoftverfejleszto-budapest-orczy-ut-bardi-auto-zrt-budapest-2855362?sessionId=ed7061b1d89e7c95ce70868e0e3baa03,2026-03-17,2026-03-25,True,Budapest,,English: B2,Főiskola,"Go, C++, Java","MySQL/MariaDB, Linux",Hybrid,Full-time,3-5 years,,
2855071,Italian Speaking Service Desk Analyst L1,Tata Consultancy Services Limited,https://www.profession.hu/allas/italian-speaking-service-desk-analyst-l-tata-consultancy-services-limited-2855071?sessionId=ed7061b1d89e7c95ce70868e0e3baa03,2026-03-17,2026-03-25,True,Budapest,,"{'English': 'communication level'}, {'Italian': 'business level'}",High School with Diploma,,"Windows, Office 365",Hybrid,Full-time,,,
2854178,Gazdasági rendszerszervező,Szerencsejáték Zrt.,https://www.profession.hu/allas/gazdasagi-rendszerszervezo-szerencsejatek-zrt-budapest-2854178?sessionId=ed7061b1d89e7c95ce70868e0e3baa03,2026-03-17,2026-03-25,True,Budapest,,English: B2,Főiskola,,ERP (Microsoft Dynamics 365),Általános munkarend,Teljes munkaidő,3-5 év,,
2855260,IT Service Desk Analyst-German and English-NS,ALDI International IT Services Kft.,https://www.profession.hu/allas/it-service-desk-analyst-german-and-english-ns-aldi-international-it-services-kft-2855260/pro?sessionId=ed7061b1d89e7c95ce70868e0e3baa03,2026-03-17,2026-03-25,True,"Budapest, Pécs, Debrecen",,"['English: B2'], ['German: B2']",High School with Diploma,,,Home-Office,Full-time,0-1 years,,
2855475,Junior légiforgalmi rendszerfejlesztő mérnök,HungaroControl Zrt.,https://www.profession.hu/allas/junior-legiforgalmi-rendszerfejleszto-mernok-hungarocontrol-zrt-budapest-2855475?sessionId=ed7061b1d89e7c95ce70868e0e3baa03,2026-03-17,2026-03-25,True,Budapest,,English: B2,Bachelor,,,On-site with home office,Full-time,0-1 years,,
2855440,Senior tesztautomatizáló mérnök,BECK AND PARTNERS Kft.,https://www.profession.hu/allas/senior-tesztautomatizalo-mernok-beck-and-partners-kft-budapest-2855440?sessionId=ed7061b1d89e7c95ce70868e0e3baa03,2026-03-17,2026-03-25,True,Budapest,,English: B2,Főiskola,"ANDROID, IOS, SELENIUM, JAVA, LINUX, CI, ISTQB, SCRUM, AGILIS, JIRA, CONFLUENCE, CYPRESS","Dell laptop root jogosultsággal, SSD, dokkoló, több monitor, GitLab, BrowserStack, StoryBook, Playwright, Cypress",Hibrid,Teljes munkaidő,3-5 év tapasztalat,,
2855429,Senior Automation Developer,Grafton Recruitment,https://www.profession.hu/allas/senior-automation-developer-grafton-recruitment-2855429?sessionId=ed7061b1d89e7c95ce70868e0e3baa03,2026-03-17,2026-03-25,True,Budapest,,English: B2,Bachelor,"Python, JavaScript, Node.js, VBA, SAP scripting","UiPath, Power Automate",Hibrid,Full-time,5+ years,,
2855426,Manual Tester,Grafton Recruitment,https://www.profession.hu/allas/manual-tester-grafton-recruitment-2855426?sessionId=ed7061b1d89e7c95ce70868e0e3baa03,2026-03-17,2026-03-25,True,Budapest,,English: B2,Egyetem,,"AZURE, UAT, JIRA, CONFLUENCE, ISTQB, AGILIS, DEVOPS, API, POSTMAN",Hibrid,Teljes munkaidő,3-5 év tapasztalat,,
2855424,Java Developer,Grafton Recruitment,https://www.profession.hu/allas/java-developer-grafton-recruitment-2855424?sessionId=ed7061b1d89e7c95ce70868e0e3baa03,2026-03-17,2026-03-25,True,Budapest,,"English: B2, Hungarian: Native",Bachelor,"Python, Java","Linux, Airflow, Kubernetes, Kafka",Hybrid,Full-time,3-5 years,,
2855423,C++ Software Engineer,Grafton Recruitment,https://www.profession.hu/allas/c-software-engineer-grafton-recruitment-2855423?sessionId=ed7061b1d89e7c95ce70868e0e3baa03,2026-03-17,2026-03-25,True,Budapest,,"English: B2, Hungarian: Native",Egyetem,C++,LINUX,Hybrid,Full-time,3-5 years,,
2855365,ERP Conultant,Grafton Recruitment,https://www.profession.hu/allas/erp-conultant-grafton-recruitment-budaors-2855365?sessionId=ed7061b1d89e7c95ce70868e0e3baa03,2026-03-17,2026-03-25,True,Budaörs,,English: C1,Bachelor,,ERP,Hybrid,Full-time,3-5 years,,
2856387,Senior Embedded Software Engineer,Zurich Instruments AG,https://www.profession.hu/allas/senior-embedded-software-engineer-zurich-instruments-ag-2856387?sessionId=ed7061b1d89e7c95ce70868e0e3baa03,2026-03-17,2026-03-25,True,Zürich,,English: B2,Master,C++,"Linux, FPGA logic design and development tools",On-site with home office,Full-time,1-3 years,,
2856369,Staff Software Engineer in Test,Diligent Governance Hungary Kft.,https://www.profession.hu/allas/staff-software-engineer-in-test-diligent-governance-hungary-kft-2856369?sessionId=ed7061b1d89e7c95ce70868e0e3baa03,2026-03-17,2026-03-25,True,Budapest,,,Középiskola,"TypeScript, Playwright","AWS, .NET, Angular, APIs, DevOps, Docker, LLMs",Hybrid,Full-time,5+ years,,
2854825,Presales Solutions Architect (AI/ML Focus),SnapSoft Informatikai és Szolgáltató Kft.,https://www.profession.hu/allas/presales-solutions-architect-ai-ml-focus-snapsoft-informatikai-es-szolgaltato-kft-2854825?sessionId=ed7061b1d89e7c95ce70868e0e3baa03,2026-03-17,2026-03-23,False,Budapest,,English: B2,"Bachelor's degree in Computer Science, Information Technology, or a related field",,"AWS, DOCKER, AZURE",Hybrid/Remote,Full-time,1-3 years,,
2856361,Staff Software Engineer,ARM Hungary Kft.,https://www.profession.hu/allas/staff-software-engineer-arm-hungary-kft-2856361?sessionId=ed7061b1d89e7c95ce70868e0e3baa03,2026-03-17,2026-03-25,True,Budapest,,English: B2,High School with Diploma,"C, C++, ASSEMBLY, PYTHON","SECURITY TESTING, CI TEST AUTOMATION, AGILE",Hybrid,Full-time,,,
2854717,Solutions Architect – AI Factory,NVIDIA Hungary Kft.,https://www.profession.hu/allas/solutions-architect-ai-factory-nvidia-hungary-kft-2854717?sessionId=ed7061b1d89e7c95ce70868e0e3baa03,2026-03-17,2026-03-17,False,,"{'min': 292500, 'max': 650000, 'currency': 'PLN'}",,Master,"Python, C/C++, Bash, CUDA","Docker, Ansible, Kubernetes, Slurm, Base Command Manager, Run:ai, NVIDIA NIMs",,Full-time,8+ years,,
2854695,Cloud Data Engineer,Islet Group Kft.,https://www.profession.hu/allas/cloud-data-engineer-islet-group-kft-2854695?sessionId=ed7061b1d89e7c95ce70868e0e3baa03,2026-03-17,2026-03-25,True,Budapest,,English: B2,Középiskola,"SQL, Tableau, Power BI, Azure BI, ERP, CRM, SAP","CLOUD NETWORK ANALYTICS, AZURE BI, POWER BI, ERPs, CRMs, SAP",Hybrid,Full-time,3-5 years,,
2856349,DevOps/Automation Software Engineer,ARM Hungary Kft.,https://www.profession.hu/allas/devops-automation-software-engineer-arm-hungary-kft-2856349?sessionId=ed7061b1d89e7c95ce70868e0e3baa03,2026-03-17,2026-03-25,True,Budapest,,,High School with Diploma,"Python, C, C++","Docker, AWS, Ansible, Jenkins",Hybrid,Full-time,,,
2856343,Product Owner,EF Information Services Kft.,https://www.profession.hu/allas/product-owner-ef-information-services-kft-2856343?sessionId=ed7061b1d89e7c95ce70868e0e3baa03,2026-03-17,2026-03-18,False,Budapest,,,Bachelor's degree,,Salesforce,On-site with home office,Full-time,3-5 years,,
2856340,SAP WM EWM Architect,Bridgestone Europe Magyarországi Fióktelepe,https://www.profession.hu/allas/sap-wm-ewm-architect-bridgestone-europe-magyarorszagi-fioktelepe-2856340?sessionId=ed7061b1d89e7c95ce70868e0e3baa03,2026-03-17,2026-03-17,False,Komárom-Esztergom megye,,English: B2,"Bachelor's or Master's degree in IT, Logistics, or Economics","SAP, XML","SAP WM, EWM, LE, SD, MM, FI RF programs and interfaces (IDoc, XML)",On-site,Full-time,8+ years,,
2856283,Product Manager - AI Products,N26 GmbH,https://www.profession.hu/allas/product-manager-ai-products-n-gmbh-2856283?sessionId=ed7061b1d89e7c95ce70868e0e3baa03,2026-03-17,2026-03-17,False,Németország,,English: B2,Középiskola,,SECURITY ACCESS MACHINE LEARNING AGILE,Általános munkarend,Teljes munkaidő,1-3 év tapasztalat,,
2856281,Senior AI Platform Security Engineer (f/m/x),BMW Group,https://www.profession.hu/allas/senior-ai-platform-security-engineer-f-m-x-bmw-group-2856281?sessionId=ed7061b1d89e7c95ce70868e0e3baa03,2026-03-17,2026-03-25,True,Németország,,English: B2,"University degree in computer science, mathematics, or a comparable field with an IT focus, or equivalent qualification.","Python, C# or TypeScript","Azure, AWS, CI/CD pipelines, GitOps, Infrastructure as Code, service mesh, SLOs, high availability, disaster recovery",Full-time,Unlimited,8+ years,,
2856278,Cloud Engineer (Tenant),Riverty,https://www.profession.hu/allas/cloud-engineer-tenant-riverty-2856278?sessionId=ed7061b1d89e7c95ce70868e0e3baa03,2026-03-17,2026-03-17,False,Tallinn or Berlin,,English: B2,Bachelor's degree in computer science or a related field,"DSC, Bicep, PowerShell, GitHub Actions, Azure Automation, Azure DevOps","Confluence, SharePoint, or equivalent for documentation",Hybrid,Full-time,1-3 years,,
2856275,Intern – Front-End Developer (all gender) (Fleet Energy Performance),TUI Cruises GmbH,https://www.profession.hu/allas/intern-front-end-developer-all-gender-fleet-energy-performance-tui-cruises-gmbh-2856275?sessionId=ed7061b1d89e7c95ce70868e0e3baa03,2026-03-17,2026-03-25,True,Németország,,English: B2,Bachelor,"JavaScript, React, Python, SQL","Git, VS Code",Full-time,Internship,1-3 years,,
2856274,Junior Managers Program - Research & Development Software and Application - Trainee Program (m/f/div.),Bosch Gruppe,https://www.profession.hu/allas/junior-managers-program-research-development-software-and-application-trainee-program-m-f-div-bosch-gruppe-2856274?sessionId=ed7061b1d89e7c95ce70868e0e3baa03,2026-03-17,2026-03-25,True,Gerlingen-Schillerhöhe,,"English: B2, German: B2","Master's or Diploma degree, preferably with a PhD","C++, C, Python, Matlab","VIRTUALIZATION, CLOUD MACHINE LEARNING",,Full-time,1-3 years,,
2856273,Junior Managers Program - Information Technology - Trainee Program (f/m/div.),Bosch Gruppe,https://www.profession.hu/allas/junior-managers-program-information-technology-trainee-program-f-m-div-bosch-gruppe-2856273?sessionId=ed7061b1d89e7c95ce70868e0e3baa03,2026-03-17,2026-03-25,True,Gerlingen-Schillerhöhe,,"English: B2, German: B2","Master's or Diploma degree in (business) computer science, (technical) business administration, industrial engineering or comparable","Java, C, Python, Matlab","Cloud technologies, web services, IoT, big data, AI, software and/or data analytics",,Full-time,1-3 years,,
2856272,Junior Managers Program - Research & Development Corporate Research - Trainee program (m/f/div.),Bosch Gruppe,https://www.profession.hu/allas/junior-managers-program-research-development-corporate-research-trainee-program-m-f-div-bosch-gruppe-2856272?sessionId=ed7061b1d89e7c95ce70868e0e3baa03,2026-03-17,2026-03-25,True,Gerlingen,,"English: B2, German: B2",PhD,"Java, C++, C, Python, Matlab","Agile, Data Management, Machine Learning",Hybrid,Full-time,1-3 years,,
2856268,Fullstack Engineer (Java/Kotlin + TypeScript/JavaScript) - Berlin/Remote in Germany,azeti GmbH,https://www.profession.hu/allas/fullstack-engineer-java-kotlin-typescript-javascript-berlin-remote-in-germany-azeti-gmbh-2856268?sessionId=ed7061b1d89e7c95ce70868e0e3baa03,2026-03-17,2026-03-25,True,Germany,,"English: Fluent, German: B2",Bachelor,"Kotlin, Java, JavaScript, Spring, React","Git, PostgreSQL, MongoDB",Hybrid,Full-time,4+ years,,
2856264,SAP Business Analyst Finance & Controlling (m/f/x),Capri Sun GmbH,https://www.profession.hu/allas/sap-business-analyst-finance-controlling-m-f-x-capri-sun-gmbh-2856264?sessionId=ed7061b1d89e7c95ce70868e0e3baa03,2026-03-17,2026-03-25,True,Eppelheim,,"English: B2, German: B2",Bachelor,ABAP,"SAP S/4HANA, SAP BW",On-site,Full-time,3-5 years,,
2856263,Domain Architect Purchasing & Procurement (m/w/d),Liebherr-IT Services GmbH,https://www.profession.hu/allas/domain-architect-purchasing-procurement-m-w-d-liebherr-it-services-gmbh-2856263?sessionId=ed7061b1d89e7c95ce70868e0e3baa03,2026-03-17,2026-03-25,True,Germany,,"{'Language': 'German', 'Level': 'B2'}, {'Language': 'English', 'Level': 'B2'}",Bachelor,,,Hybrid,Full-time,1-3 years,,
2856261,Junior Software Developer,Utimaco GmbH,https://www.profession.hu/allas/junior-software-developer-utimaco-gmbh-2856261?sessionId=ed7061b1d89e7c95ce70868e0e3baa03,2026-03-17,2026-03-25,True,Németország,,English: B2,Főiskola,"Angular, DEVOPS, DATABASE FRONTEND, SECURITY, ACCESS TESTING, DATA MANAGEMENT",,Általános munkarend,Teljes munkaidő,1-3 év tapasztalat,,
2856259,Senior Software Engineer (m/f/d),auxmoney GmbH,https://www.profession.hu/allas/senior-software-engineer-m-f-d-auxmoney-gmbh-2856259?sessionId=ed7061b1d89e7c95ce70868e0e3baa03,2026-03-17,2026-03-25,True,Düsseldorf,,English: C1,Bachelor,"PHP, Symfony","AWS, DOCKER, KUBERNETES",Hybrid,Full-time,3-5 years,,
2856258,Technical Documentation Engineer,Utimaco GmbH,https://www.profession.hu/allas/technical-documentation-engineer-utimaco-gmbh-2856258?sessionId=ed7061b1d89e7c95ce70868e0e3baa03,2026-03-17,2026-03-25,True,Németország,,"English: B2, German",Egyetem,,,Full-time,Teljes munkaidő,1-3 years,,
2856256,Software Engineering Lead (MS Dynamics & CRM) (m/f/d),Riverty,https://www.profession.hu/allas/software-engineering-lead-ms-dynamics-crm-m-f-d-riverty-2856256?sessionId=ed7061b1d89e7c95ce70868e0e3baa03,2026-03-17,2026-03-25,True,"Verl, Baden-Baden or Berlin",,"English, German",Bachelor,,"DYNAMICS CRM, AZURE BI, TESTING, DEVOPS, API, POWER BI",Hybrid,Full-time,7+ years,,
2856255,Software Architect (m/f/d),sentronics metrology GmbH,https://www.profession.hu/allas/software-architect-m-f-d-sentronics-metrology-gmbh-2856255?sessionId=ed7061b1d89e7c95ce70868e0e3baa03,2026-03-17,2026-03-25,True,Mannheim,,"{'Language': 'German', 'Level': 'B2'}, {'Language': 'English', 'Level': 'B2'}","Bachelor's or Master's degree in computer science, Physics, or a related technical field","C#, .NET (ideally .NET 8), Entity Framework Core, Microsoft SQL Server, C++",,Hybrid,Full-time,1-3 years,,
2856254,Business Analyst,HDI Global,https://www.profession.hu/allas/business-analyst-hdi-global-2856254?sessionId=ed7061b1d89e7c95ce70868e0e3baa03,2026-03-17,2026-03-25,True,Germany,,English: C1,Bachelor,,,Hybrid,Full-time,1-3 years,,
2856253,Android/iOS Mobile Engineer (m/f/x),Travelcircus GmbH,https://www.profession.hu/allas/android-ios-mobile-engineer-m-f-x-travelcircus-gmbh-2856253?sessionId=ed7061b1d89e7c95ce70868e0e3baa03,2026-03-17,2026-03-25,True,Németország,,"English: C1, German: C1",Egyetem,"Kotlin, Swift","ANDROID, IOS, TESTING, CLEAN CODE",,Teljes munkaidő,1-3 év tapasztalat,,
2856238,Cloud Software Engineer – Adobe Cloud Platform,Adobe Systems Europe Limited,https://www.profession.hu/allas/cloud-software-engineer-adobe-cloud-platform-adobe-systems-europe-limited-2856238?sessionId=ed7061b1d89e7c95ce70868e0e3baa03,2026-03-17,2026-03-25,True,Hamburg,,"{'Language': 'German', 'Level': 'B2'}, {'Language': 'English', 'Level': 'B2'}",Bachelor,"Java, Go, C++","Spring, RESTful APIs, NoSQL databases like MongoDB, Cassandra, or DynamoDB, Prometheus, Grafana, Splunk",Hybrid,Full-time,5+ years,,
2856234,Senior Computer Scientist - Cloud Software,Adobe Systems Europe Limited,https://www.profession.hu/allas/senior-computer-scientist-cloud-software-adobe-systems-europe-limited-2856234?sessionId=ed7061b1d89e7c95ce70868e0e3baa03,2026-03-17,2026-03-25,True,Hamburg,,English: B2,Bachelor,Java,"AWS, Azure",Hybrid,Full-time,8+ years,,
2856231,Junior Analytics Engineer,N26 GmbH,https://www.profession.hu/allas/junior-analytics-engineer-n-gmbh-2856231?sessionId=ed7061b1d89e7c95ce70868e0e3baa03,2026-03-17,2026-03-17,False,Németország,,English: B2,Egyetem,"Python, SQL","AWS, CLOUD, SQL, PYTHON, TESTING, BI, TABLEAU",,Teljes munkaidő,1-3 év tapasztalat,,
2856228,Strategic Transformation Lead - OPEn Core (w/m/d),TÜV SÜD,https://www.profession.hu/allas/strategic-transformation-lead-open-core-w-m-d-tuv-sud-2856228?sessionId=ed7061b1d89e7c95ce70868e0e3baa03,2026-03-17,2026-03-25,True,Munich,,English: B2,"University degree in Business, Technology, or related field",SAP S/4 HANA,SAP,Flexible working hours,Full-time,More than 7 years,,
2856224,Test Automation Engineer (m/f/d) - Tieto Tech Consulting,Tieto Germany GmbH,https://www.profession.hu/allas/test-automation-engineer-m-f-d-tieto-tech-consulting-tieto-germany-gmbh-2856224?sessionId=ed7061b1d89e7c95ce70868e0e3baa03,2026-03-17,2026-03-25,True,"Vienna, Linz, Graz, Berlin, Regensburg",,"{'English': 'B2'}, {'German': 'B2'}",Bachelor,"Java, JavaScript, Python","SAP, SELENIUM, JENKINS, ISTQB",Hybrid,Full-time,3-5 years,,
2856222,Android/iOS Mobile Engineer (m/f/x),Travelcircus GmbH,https://www.profession.hu/allas/android-ios-mobile-engineer-m-f-x-travelcircus-gmbh-2856222?sessionId=ed7061b1d89e7c95ce70868e0e3baa03,2026-03-17,2026-03-25,True,Németország,,"English: C1, German: C1",Egyetem,"Kotlin, Swift","ANDROID, IOS, TESTING, CLEAN CODE",,Teljes munkaidő,1-3 év tapasztalat,,
2856221,Fullstack Software Engineer (m/f/x),Allane SE,https://www.profession.hu/allas/fullstack-software-engineer-m-f-x-allane-se-2856221?sessionId=ed7061b1d89e7c95ce70868e0e3baa03,2026-03-17,2026-03-25,True,Munich,,English: B2,Bachelor,"Java, Spring Boot, Angular, TypeScript, RxJS","AWS, Docker, CI/CD (e.g. GitHub Actions), Postgres, MySQL, Oracle, RabbitMQ",Hybrid,Full-time,5+ years,,
2856220,Product Manager - Payments & Finance (m/f/d),Riverty,https://www.profession.hu/allas/product-manager-payments-finance-m-f-d-riverty-2856220?sessionId=ed7061b1d89e7c95ce70868e0e3baa03,2026-03-17,2026-03-17,False,Berlin,,"{'English': 'Fluent'}, {'German': 'Strong plus'}","Bachelor's degree in Business Administration, Finance, Economics or a related field",,"Jira, Azure DevOps",Hybrid,Full-time,4+ years,,
2856218,Intern Design (f/m/x),ZEISS,https://www.profession.hu/allas/intern-design-f-m-x-zeiss-2856218?sessionId=ed7061b1d89e7c95ce70868e0e3baa03,2026-03-17,2026-03-25,True,Munich,,"English: B2, German",Bachelor,,"Figma, Miro, Adobe Creative Suite",On-site with home office,Full-time,1-3 years,,
2856217,Senior Backend Engineer C#/.Net (m/f/d),Riverty,https://www.profession.hu/allas/senior-backend-engineer-c-net-m-f-d-riverty-2856217?sessionId=ed7061b1d89e7c95ce70868e0e3baa03,2026-03-17,2026-03-17,False,Berlin,,"{'Language': 'English', 'Level': 'B2'}",Bachelor,"C#, .NET","Azure, Terraform, Kubernetes, Entity Framework, Angular, TypeScript, Figma",Hybrid,Full-time,5+ years,,
2856216,Data Engineer (w/m/d),TÜV SÜD,https://www.profession.hu/allas/data-engineer-w-m-d-tuv-sud-2856216?sessionId=ed7061b1d89e7c95ce70868e0e3baa03,2026-03-17,2026-03-25,True,Munich,,English: C1,Bachelor,"Python, Java, Spark","CLOUD SQL, PYTHON, JAVA, SPARK","Flexible working hours, Home-Office",Full-time,5+ years,,
2856214,(Senior) Data Engineer (m/f/d) - Azure,Riverty,https://www.profession.hu/allas/senior-data-engineer-m-f-d-azure-riverty-2856214?sessionId=ed7061b1d89e7c95ce70868e0e3baa03,2026-03-17,2026-03-17,False,Berlin,,English: B2,"Bachelor's or Master's degree in Computer Science, Engineering, or a related field.","Python, SQL","Azure Data Factory, Databricks, Airflow, Git, Azure DevOps",Hybrid,Full-time,5+ years,,
2856213,Working Student CI/CD Engineer (m/f/d),Rohde & Schwarz GmbH & Co. KG,https://www.profession.hu/allas/working-student-ci-cd-engineer-m-f-d-rohde-schwarz-gmbh-co-kg-2856213?sessionId=ed7061b1d89e7c95ce70868e0e3baa03,2026-03-17,2026-03-25,True,München (Germany),,English: B2,Bachelor,"Python, Docker","Git, Jenkins, CD, JIRA",Full-time,Full-time,1-3 years,,
2856212,License Compliance Expert (m/f/d),Riverty,https://www.profession.hu/allas/license-compliance-expert-m-f-d-riverty-2856212?sessionId=ed7061b1d89e7c95ce70868e0e3baa03,2026-03-17,2026-03-17,False,Németország,,"English: B2, German: B2",Főiskola,,"CLOUD, ORACLE, VMWARE, ADOBE",Teljes munkaidő Általános munkarend,Full-time,1-3 years,,
2856210,Software Engineering Lead (MS Dynamics & CRM) (m/f/d),Riverty,https://www.profession.hu/allas/software-engineering-lead-ms-dynamics-crm-m-f-d-riverty-2856210?sessionId=ed7061b1d89e7c95ce70868e0e3baa03,2026-03-17,2026-03-17,False,"Verl, Baden-Baden or Berlin",,"English, German",Bachelor,,"DYNAMICS CRM, AZURE BI, TESTING, DEVOPS, API, POWER BI, AGILE",Full-time with flexible working conditions,Full-time,7+ years,,
2856208,Data Engineering Lead (m/w/d),Riverty,https://www.profession.hu/allas/data-engineering-lead-m-w-d-riverty-2856208?sessionId=ed7061b1d89e7c95ce70868e0e3baa03,2026-03-17,2026-03-17,False,Berlin,,"{'Language': 'German', 'CEFR Level': 'B2'}","Bachelor's or Master's degree in Computer Science, Data Engineering, Information Systems, or a related field.","Python, SQL","{'Software/Tool': 'Azure', 'Type': 'Cloud-based data lakehouse'}, {'Software/Tool': 'Databricks Medallion architecture', 'Type': 'Cloud-based data lakehouse'}",Hybrid,Full-time,"10+ years of experience in data engineering, with at least 3–5 years in a leadership role managing multi-team delivery",,
2856207,OT & Cybersecurity Specialist (m/w/d),KIRCHHOFF Automotive Deutschland GmbH,https://www.profession.hu/allas/ot-cybersecurity-specialist-m-w-d-kirchhoff-automotive-deutschland-gmbh-2856207?sessionId=ed7061b1d89e7c95ce70868e0e3baa03,2026-03-17,2026-03-25,True,Attendorn,,English: B2,Főiskola (Bachelor),,,Távmunka / Remote,Teljes munkaidő (Full-time),1-3 years,,
2856205,Senior Frontend Engineer (Angular) (m/f/d),Riverty,https://www.profession.hu/allas/senior-frontend-engineer-angular-m-f-d-riverty-2856205?sessionId=ed7061b1d89e7c95ce70868e0e3baa03,2026-03-17,2026-03-17,False,Berlin,,"{'English': 'B2'}, {'German': 'B2'}",University degree or equivalent qualification in IT,"Angular, TypeScript, JavaScript, Java, C#","Windows API, Oracle, SQL Server, Azure",Hybrid,Full-time,7+ years,,
2856204,DevSecOps Engineer (m/f/d) – Developer Platform,Secunet Security Networks AG,https://www.profession.hu/allas/devsecops-engineer-m-f-d-developer-platform-secunet-security-networks-ag-2856204?sessionId=ed7061b1d89e7c95ce70868e0e3baa03,2026-03-17,2026-03-25,True,Magyarországon belül bárhonnan,,English: B2,Egyetem,"Python, Go, Rust","Nix / NixOS, Terraform, GitLab, OpenStack + Kubernetes + GitOps, OpenTelemetry + Grafana Stack (LGTM), Policy-as-code, Secrets Automation, and security-as-code everywhere",Remote,Full-time,1-3 years,,
2856203,Product Manager Data Analytics (f/m/x),ZEISS,https://www.profession.hu/allas/product-manager-data-analytics-f-m-x-zeiss-2856203?sessionId=ed7061b1d89e7c95ce70868e0e3baa03,2026-03-17,2026-03-25,True,Németország,,English: B2,"Master's degree in Engineering, Computer Science, Data Science, or related field; MBA or Ph.D. is a plus",,,Full-time,Full-time,5+ years,,
2856201,PhD position – Co-regulation structures for large-scale single-cell transcriptomics – within the HDS-LEE graduate school,Forschungszentrum Jülich GmbH,https://www.profession.hu/allas/phd-position-co-regulation-structures-for-large-scale-single-cell-transcriptomics-within-the-hds-lee-graduate-school-forschungszentrum-julich-gmbh-2856201?sessionId=ed7061b1d89e7c95ce70868e0e3baa03,2026-03-17,2026-03-25,True,Hibrid,,English: B2,Master,"NETWORK, PYTHON, R, C++, MACHINE LEARNING",,Hybrid,Full-time,1-3 years,,
2856198,UX Designer (m/f/d),TOPdesk Deutschland GmbH,https://www.profession.hu/allas/ux-designer-m-f-d-topdesk-deutschland-gmbh-2856198?sessionId=ed7061b1d89e7c95ce70868e0e3baa03,2026-03-17,2026-03-25,True,Kaiserslautern,,English: B2,Bachelor,,Figma,Remote,Full-time,5+ years,,
2856194,PhD position - Learning Tailored Iterative Algorithms for Accelerating AC Power Flow Computations (HDS-LEE graduate school),Forschungszentrum Jülich GmbH,https://www.profession.hu/allas/phd-position-learning-tailored-iterative-algorithms-for-accelerating-ac-power-flow-computations-hds-lee-graduate-school-forschungszentrum-julich-gmbh-2856194?sessionId=ed7061b1d89e7c95ce70868e0e3baa03,2026-03-17,2026-03-25,True,Jülich,75% of pay group 13 of the Collective Agreement for the Public Service (TVöD-Bund) and additionally 60% of a monthly salary as special payment („Christmas bonus“),English: B2,Master`s degree,"Python, Julia, C++",,Hybrid,Full-time,1-3 years,,
2856192,Bachelor's or Master's Thesis in Data Analytics / Business Intelligence,Spherea GmbH,https://www.profession.hu/allas/bachelor-s-or-master-s-thesis-in-data-analytics-business-intelligence-spherea-gmbh-2856192?sessionId=ed7061b1d89e7c95ce70868e0e3baa03,2026-03-17,2026-03-25,True,Németország,,English: B2,Főiskola,,"Power BI, DAX, Excel VBA, Python, R",On-site with home office,Full-time,1-3 years,,
2856188,Salesforce Administrator (m/f/d),GBA Holding GmbH,https://www.profession.hu/allas/salesforce-administrator-m-f-d-gba-holding-gmbh-2856188?sessionId=ed7061b1d89e7c95ce70868e0e3baa03,2026-03-17,2026-03-25,True,Hamburg,,"English: B2, German: B2",Középiskola,,"Salesforce platform (Sales Cloud, Service Cloud)",Hybrid,Full-time,1-3 years,,
2856187,Working Student DevOps for 5G/6G RF Conformance Testing (m/f/d),Rohde & Schwarz GmbH & Co. KG,https://www.profession.hu/allas/working-student-devops-for-g-g-rf-conformance-testing-m-f-d-rohde-schwarz-gmbh-co-kg-2856187?sessionId=ed7061b1d89e7c95ce70868e0e3baa03,2026-03-17,2026-03-25,True,München (Germany),,"English: B2, German: B2",Középiskola,"C#, Python","Git, Gitlab-ci, Elastic stack",Általános munkarend (General work arrangement),Teljes munkaidő (Full-time),1-3 years,,
2854814,SAP PP Consultant,DXC Technology Magyarország Kft.,https://www.profession.hu/allas/sap-pp-consultant-dxc-technology-magyarorszag-kft-2854814?sessionId=ed7061b1d89e7c95ce70868e0e3baa03,2026-03-17,2026-03-17,False,Budapest,,,"Bachelor's degree is required, Master's degree in related fields is preferred",,"SAP, Fiori apps",Hybrid,Full-time,5+ years,,
2851769,Broadcast Operations Spezialist / Broadcast Operations Executive,Warner Bros. Discovery,https://www.profession.hu/allas/broadcast-operations-spezialist-broadcast-operations-executive-warner-bros-discovery-2851769?sessionId=ed7061b1d89e7c95ce70868e0e3baa03,2026-03-17,2026-03-18,False,Németország,,"English: B2, German: B2",Főiskola,,,Általános munkarend,Teljes munkaidő,1-3 év tapasztalat,,
2848618,Senior Cloud Security Engineer (Data Security),N26 GmbH,https://www.profession.hu/allas/senior-cloud-security-engineer-data-security-n-gmbh-2848618?sessionId=ed7061b1d89e7c95ce70868e0e3baa03,2026-03-17,2026-03-23,False,Berlin,,English: B2,Master's degree in cybersecurity or a related field,"Python, Bash","AWS, LINUX, DATABASES, TESTING, CHANGE MANAGEMENT",Hybrid,Full-time,3-5 years,,
2841919,OT Cybersecurity Business Development Manager (m/f/d),HMS Industrial Networks GmbH,https://www.profession.hu/allas/ot-cybersecurity-business-development-manager-m-f-d-hms-industrial-networks-gmbh-2841919?sessionId=ed7061b1d89e7c95ce70868e0e3baa03,2026-03-17,2026-03-25,True,Németország,,English: B2,Középiskola,,NETWORK,Általános munkarend,Teljes munkaidő,1-3 év tapasztalat,,
2841835,Vice President | CFO Chief of Staff (f/m/d),Deutsche Börse Group,https://www.profession.hu/allas/vice-president-cfo-chief-of-staff-f-m-d-deutsche-borse-group-2841835?sessionId=ed7061b1d89e7c95ce70868e0e3baa03,2026-03-17,2026-03-25,True,Magyarországon belül bárhonnan,,"English: B2, German: B2",Középiskola,,NETWORK DYNAMICS CHANGE MANAGEMENT PROJECT MANAGEMENT,Hybrid,Full-time,1-3 years,,
2841779,Graduate (m/f/d) - Growing with Data,KWS Group,https://www.profession.hu/allas/graduate-m-f-d-growing-with-data-kws-group-2841779?sessionId=ed7061b1d89e7c95ce70868e0e3baa03,2026-03-17,2026-03-25,True,Göttingen,,English: B2,"Master's or MBA in STEM areas related to Data Science, Bioinformatics, Statistics, or Information Technology","Python, R","PowerBi, DASH, Spotfire, Quik",Remote work options within Germany,Full-time,0-1 years,,
2858069,EDI Coordinator,ZF Chassis Modules Hungary Kft.,https://www.profession.hu/allas/edi-coordinator-zf-chassis-modules-hungary-kft-kecskemet-2858069?sessionId=ed7061b1d89e7c95ce70868e0e3baa03,2026-03-18,2026-03-25,True,Kecskemét,,English: C1,Bachelor,,"PROJECT MANAGEMENT, Laptop, Mobiltelefon",On-site with home office,Full-time,3-5 years,,
2858016,Üzleti adattárház architekt szakértő,MVM Next Energiakereskedelmi Zrt.,https://www.profession.hu/allas/uzleti-adattarhaz-architekt-szakerto-mvm-next-energiakereskedelmi-zrt-budapest-2858016?sessionId=ed7061b1d89e7c95ce70868e0e3baa03,2026-03-18,2026-03-25,True,Budapest,,,Főiskola,,"ADATTÁRHÁZ, BI, SQL, POWER BI",Teljes munkaidő Általános munkarend,Full-time,5-10 év tapasztalat,,
2858015,Üzleti adattárház fejlesztési szakértő,MVM Next Energiakereskedelmi Zrt.,https://www.profession.hu/allas/uzleti-adattarhaz-fejlesztesi-szakerto-mvm-next-energiakereskedelmi-zrt-budapest-2858015?sessionId=ed7061b1d89e7c95ce70868e0e3baa03,2026-03-18,2026-03-25,True,Budapest,,,Főiskola,"SQL, BI, Power BI","ADATTÁRHÁZ, MS SQL",Általános munkarend,Teljes munkaidő,5-10 év,,
2857976,Delivery Manager,ShiwaForce.com Zrt,https://www.profession.hu/allas/delivery-manager-shiwaforce-com-zrt-budapest-2857976?sessionId=ed7061b1d89e7c95ce70868e0e3baa03,2026-03-18,2026-03-25,True,Budapest,,English: B2,Főiskola,,,Általános munkarend (On-site),Teljes munkaidő (Full-time),3-5 év tapasztalat,,
2857927,Műszaki fejlesztés támogató munkatárs,SALIO Kft.,https://www.profession.hu/allas/muszaki-fejlesztes-tamogato-munkatars-salio-kft-budapest-2857927/pro?sessionId=ed7061b1d89e7c95ce70868e0e3baa03,2026-03-18,2026-03-25,True,Budapest,,English: B2,Főiskola,,,Általános munkarend,Teljes munkaidő,5-10 év tapasztalat,,
2857838,Szoftverfejlesztő,Legfőbb Ügyészség,https://www.profession.hu/allas/szoftverfejleszto-legfobb-ugyeszseg-budapest-2857838?sessionId=ed7061b1d89e7c95ce70868e0e3baa03,2026-03-18,2026-03-25,True,Budapest,,"{'Language': 'Hungarian', 'Level': None}",Bachelor,"HTML5, GIT, JQUERY, ANGULAR, WCF, DOCKER, AZURE DEVOPS, WEBAPI, MONGODB, MVC, REST, NODE.JS, SCSS","Laptop, Monitor (1 db)",Hybrid,Full-time,3-5 years,,
2857809,Frontend Fejlesztő (Angular),Nova HR,https://www.profession.hu/allas/frontend-fejleszto-angular-nova-hr-2857809?sessionId=ed7061b1d89e7c95ce70868e0e3baa03,2026-03-18,2026-03-25,True,Budapest,,,Főiskola,"Angular, HTML5, CSS3, JAVASCRIPT","GIT, REST",,Full-time,3-5 years,,
2857600,IT stratégiai szakértő,Magyar Államkincstár,https://www.profession.hu/allas/it-strategiai-szakerto-magyar-allamkincstar-budapest-2857600?sessionId=ed7061b1d89e7c95ce70868e0e3baa03,2026-03-18,2026-03-25,True,Budapest,,,Főiskola (Bachelor),,,Teljes munkaidő (Full-time),Határozatlan idejű munkaviszony,,,
2857734,Üzleti adatelemző,MVM Next Energiakereskedelmi Zrt.,https://www.profession.hu/allas/uzleti-adatelemzo-mvm-next-energiakereskedelmi-zrt-budapest-2857734?sessionId=ed7061b1d89e7c95ce70868e0e3baa03,2026-03-18,2026-03-25,True,Budapest,,"{'Language': 'English', 'CEFR Level': 'B2'}",Főiskola (Bachelor),SQL,,Általános munkarend (Full-time),Teljes munkaidő (Full-time),1-3 év tapasztalat,,
2857587,Webfejlesztő,Flavon Group Kft.,https://www.profession.hu/allas/webfejleszto-flavon-group-kft-debrecen-2857587?sessionId=ed7061b1d89e7c95ce70868e0e3baa03,2026-03-18,2026-03-25,True,Debrecen,,,Főiskola 'B' kat. jogosítvány,"JAVASCRIPT, MYSQL, BACKEND, GIT, HTML, PHP, CSS, API REST, FRONTEND, ADOBE",,Általános munkarend,Teljes munkaidő Alkalmazotti jogviszony,1-3 év tapasztalat,,
2857080,Adatbázis és AI-fejlesztő,New Land Media Kft.,https://www.profession.hu/allas/adatbazis-es-ai-fejleszto-new-land-media-kft-budapest-2857080?sessionId=ed7061b1d89e7c95ce70868e0e3baa03,2026-03-18,2026-03-25,True,Budapest,,,Főiskola,Python,,Home office lehetőség,Full-time,1-3 év tapasztalat,,
2857497,.NET fejlesztő,TRENDENCY ONLINE Zrt.,https://www.profession.hu/allas/net-fejleszto-trendency-online-zrt-budapest-2857497?sessionId=ed7061b1d89e7c95ce70868e0e3baa03,2026-03-18,2026-03-25,True,Budapest,,,Középiskola,"C#, .NET, ASP.NET Core, Entity Framework","MS SQL, PostgreSQL, Docker, Kubernetes, GitHub Copilot",Hibrid,Teljes munkaidő,3-5 év tapasztalat,,
2856442,Senior service designer,Digitális Magyarország Ügynökség Zrt.,https://www.profession.hu/allas/senior-service-designer-digitalis-magyarorszag-ugynokseg-zrt-budapest-2856442?sessionId=ed7061b1d89e7c95ce70868e0e3baa03,2026-03-18,2026-03-25,True,Budapest,,,Egyetem,,"Laptop, Mobiltelefon",Home Office,Full-time,3-5 years,,
2857437,Szenior IT üzleti elemző,Intrum,https://www.profession.hu/allas/szenior-it-uzleti-elemzo-intrum-2857437?sessionId=ed7061b1d89e7c95ce70868e0e3baa03,2026-03-18,2026-03-25,True,Budapest,,English: B2,Bachelor,,"UML, SQL, AGILIS, PMI",Hybrid,Full-time,5+ years,,
2857125,IT megfelelőségi és kockázatkezelési szakértő,FestiPay Zrt.,https://www.profession.hu/allas/it-megfelelosegi-es-kockazatkezelesi-szakerto-festipay-zrt-budapest-2857125?sessionId=ed7061b1d89e7c95ce70868e0e3baa03,2026-03-18,2026-03-25,True,Budapest,,English: B2,Főiskola,,"Laptop, Windows, Mobiltelefon",Home-Office,Full-time,5+ years,,
2857113,IT Developer II,AGCO Hungary Kft.,https://www.profession.hu/allas/it-developer-ii-agco-hungary-kft-budapest-2857113?sessionId=ed7061b1d89e7c95ce70868e0e3baa03,2026-03-18,2026-03-25,True,Budapest,,English: B2,Bachelor's Degree,"C#, .NET, React, Vue.js, Angular, SQL, PostgreSQL, Docker","DevOps, Agile, Jenkins, Postman",Hybrid,Full-time,3-5 years,,
2857108,Automotive szoftverfejlesztő mérnök,Sysdata PSE Kft.,https://www.profession.hu/allas/automotive-szoftverfejleszto-mernok-sysdata-pse-kft-budapest-2857108?sessionId=ed7061b1d89e7c95ce70868e0e3baa03,2026-03-18,2026-03-25,True,Budapest,,English: B2,Bachelor,C,"AUTOSAR, Laptop, Workstation, Monitor (2 db)",Hybrid,Full-time,1-3 years,,
2857062,Tesztautomatizálási mérnök,Sysdata PSE Kft.,https://www.profession.hu/allas/tesztautomatizalasi-mernok-sysdata-pse-kft-budapest-2857062?sessionId=ed7061b1d89e7c95ce70868e0e3baa03,2026-03-18,2026-03-25,True,Budapest,,English: B2,Bachelor,C#,"VISUAL STUDIO, ISTQB",Hybrid,Full-time,1-3 years,,
2857024,Full-stack PHP fejlesztő,Trustindex Kft.,https://www.profession.hu/allas/full-stack-php-fejleszto-trustindex-kft-budapest-2857024?sessionId=ed7061b1d89e7c95ce70868e0e3baa03,2026-03-18,2026-03-25,True,Budapest,,English: B2,Középiskola,"PHP, Symfony","Git, Gitlab, LAMP, AWS",Home-Office,Full-time,5-10 years,,
2856834,Senior DevOps Engineer,VBÜ Zrt,https://www.profession.hu/allas/senior-devops-engineer-vbu-zrt-budapest-2856834?sessionId=ed7061b1d89e7c95ce70868e0e3baa03,2026-03-18,2026-03-25,True,Budapest,,English: B2,Bachelor,"CLOUD, BASH, DEVOPS, AWS, DOCKER, AZURE, LINUX","Kubernetes, GPU, CI/CD pipeline",Full-time,Full-time,5-10 years,,
2856795,Senior Devops Engineer (JT),Tech People Hungary Kft.,https://www.profession.hu/allas/senior-devops-engineer-jt-tech-people-hungary-kft-budapest-2856795?sessionId=ed7061b1d89e7c95ce70868e0e3baa03,2026-03-18,2026-03-25,True,Budapest,,English: B2,Felsőoktatási szakképzés,"AWS, Git, Jenkins, DevOps, Linux OS, Docker, Terraform, Kubernetes, Spinnaker","AWS, Git, Jenkins, DevOps, Linux OS, Docker, Terraform, Kubernetes, Spinnaker",Hybrid,Full-time,5+ years,,
2856677,Solution architect,Profession Services,https://www.profession.hu/allas/solution-architect-profession-services-budapest-2856677/pro?sessionId=ed7061b1d89e7c95ce70868e0e3baa03,2026-03-18,2026-03-25,True,Budapest,,English: B2,Főiskola,"Java, .NET","Laptop, Monitor (1 db), Mobiltelefon",Hybrid,Full-time,3-5 years,,
2858029,Termelést támogató gyakornok - diákmunka,Mind-Diák Szövetkezet,https://www.profession.hu/allas/termelest-tamogato-gyakornok-diakmunka-mind-diak-szovetkezet-2858029?sessionId=ed7061b1d89e7c95ce70868e0e3baa03,2026-03-18,2026-03-25,True,,2050 Ft/óra,English: B2,High School with Diploma,,"POWERPOINT, EXCEL",Részmunkaidő (3-5 nap/hét),Diákmunka,,,
2857960,PLC programozó,Leadec Kft,https://www.profession.hu/allas/plc-programozo-leadec-kft-kecskemet-2857960?sessionId=ed7061b1d89e7c95ce70868e0e3baa03,2026-03-18,2026-03-25,True,Kecskemét,,English: B2,Bachelor,,,On-site,Full-time,3-5 years,,
2857143,IT adminisztrátor - diákmunka,Mind-Diák Szövetkezet,https://www.profession.hu/allas/it-adminisztrator-diakmunka-mind-diak-szovetkezet-2857143?sessionId=ed7061b1d89e7c95ce70868e0e3baa03,2026-03-18,2026-03-25,True,Budapest,2500 Ft/hour (gross),English: B2,High School with Diploma,,"EXCEL, MS Access",On-site,Part-time,,,
2857139,Junior Product Owner,IndaNext Hungary Kft.,https://www.profession.hu/allas/junior-product-owner-indanext-hungary-kft-budapest-2857139?sessionId=ed7061b1d89e7c95ce70868e0e3baa03,2026-03-18,2026-03-25,True,Budapest,,English: B2,Bachelor,,"Google Analytics, CMS, Agilis, Scrum, Kanban, Jira",Hybrid,Full-time,1-3 years,,
2857099,Beágyazott szoftverfejlesztő,Sysdata PSE Kft.,https://www.profession.hu/allas/beagyazott-szoftverfejleszto-sysdata-pse-kft-budapest-2857099?sessionId=ed7061b1d89e7c95ce70868e0e3baa03,2026-03-18,2026-03-25,True,Budapest,,English: B2,Egyetem,"C, C++","Laptop, Workstation, Monitor (2 db)",Home-Office,Full-time,3-5 years,,
2857070,Szolgáltatásmenedzser,EURO ONE Számítástechnikai Zrt,https://www.profession.hu/allas/szolgaltatasmenedzser-euro-one-szamitastechnikai-zrt-budapest-2857070?sessionId=ed7061b1d89e7c95ce70868e0e3baa03,2026-03-18,2026-03-25,True,Budapest,,English: B2,Főiskola,,,Hibrid,Teljes munkaidő,1-3 év,,
2856972,IT szolgáltatásmenedzser,FestiPay Zrt.,https://www.profession.hu/allas/it-szolgaltatasmenedzser-festipay-zrt-budapest-2856972?sessionId=ed7061b1d89e7c95ce70868e0e3baa03,2026-03-18,2026-03-25,True,Budapest,,English: B2,Középiskola,,Microsoft 365,Hybrid,Full-time,3-5 years,,
2856966,Senior it project manager,ingatlan.com Zrt.,https://www.profession.hu/allas/senior-it-project-manager-ingatlan-com-zrt-budapest-2856966?sessionId=ed7061b1d89e7c95ce70868e0e3baa03,2026-03-18,2026-03-25,True,Budapest,,,,,"AGILIS, jira",Hybrid,Full-time,5-10 years,,
2856932,Manuális tesztelő,Smart Solutions Consultancy Kft.,https://www.profession.hu/allas/manualis-tesztelo-smart-solutions-consultancy-kft-budapest-2856932?sessionId=ed7061b1d89e7c95ce70868e0e3baa03,2026-03-18,2026-03-25,True,Budapest,,English: B2,Egyetem,,"ISTQB, SERVICENOW, ITIL, AUTOMATIZÁLÁS",Hibrid,Teljes munkaidő,3-5 év tapasztalat,,
2856745,Osztályvezető,Nemzeti Adó- és Vámhivatal,https://www.profession.hu/allas/osztalyvezeto-nemzeti-ado-es-vamhivatal-budapest-2856745?sessionId=ed7061b1d89e7c95ce70868e0e3baa03,2026-03-18,2026-03-25,True,Budapest,,,Főiskola,,ORACLE,"Határozatlan idejű, Teljes munkaidő",Full-time,1-3 év tapasztalat,,
2856898,B2B IT értékesítő – AI és szoftver,BECK AND PARTNERS Kft.,https://www.profession.hu/allas/b-b-it-ertekesito-ai-es-szoftver-beck-and-partners-kft-2856898?sessionId=ed7061b1d89e7c95ce70868e0e3baa03,2026-03-18,2026-03-25,True,Budapest,,English: B2,Középiskola,,MS Office,On-site with home office,Full-time,1-3 years,,
2856518,Software Developer / IT Consultant (m/f/d),TNG Technology Consulting GmbH,https://www.profession.hu/allas/software-developer-it-consultant-m-f-d-tng-technology-consulting-gmbh-budapest-2856518?sessionId=ed7061b1d89e7c95ce70868e0e3baa03,2026-03-18,2026-03-25,True,Budapest,,English: B2,Bachelor,"Java, TypeScript, Python, C#",,Hybrid,Full-time,0-1 years,,
2856734,SAP gyártási folyamatok szakértő,Egis Gyógyszergyár Zrt.,https://www.profession.hu/allas/sap-gyartasi-folyamatok-szakerto-egis-gyogyszergyar-zrt-budapest-2856734?sessionId=ed7061b1d89e7c95ce70868e0e3baa03,2026-03-18,2026-03-25,True,Budapest,,English: B2,Főiskola,,"SAP ERP, MS OFFICE R",Hybrid,Full-time,5+ years,,
2856675,Auditor_infokommunikációs technológia specifikáció,Állami Számvevőszék,https://www.profession.hu/allas/auditor-infokommunikacios-technologia-specifikacio-allami-szamvevoszek-budapest-2856675?sessionId=ed7061b1d89e7c95ce70868e0e3baa03,2026-03-18,2026-03-25,True,Budapest,,English: B2,Bachelor,,"SQL, ADATBÁZIS KEZELÉS, ERP, EXCEL, AGILIS",Home-Office,Full-time,3-5 years,,
2858286,Team Lead IT – Finance & Controlling Applications (m/f/d),Henkell & Co. Sektkellerei KG,https://www.profession.hu/allas/team-lead-it-finance-controlling-applications-m-f-d-henkell-co-sektkellerei-kg-2858286?sessionId=ed7061b1d89e7c95ce70868e0e3baa03,2026-03-18,2026-03-25,True,Wiesbaden,,"English: B2, German",Bachelor,,"SAP FI, SAP CO, SAP Concur, Jedox",Hybrid,Full-time,3-5 years,,
2858255,Senior Android Engineer - DevEx,N26 GmbH,https://www.profession.hu/allas/senior-android-engineer-devex-n-gmbh-2858255?sessionId=ed7061b1d89e7c95ce70868e0e3baa03,2026-03-18,2026-03-22,False,Magyarországon belül bárhonnan,,English: B2,Egyetem,"Kotlin, ANDROID",ACCESS REST,Távmunka / Remote,Teljes munkaidő,1-3 év tapasztalat,,
2858240,Lecturer Computer Science Java and Web Development (m/f/d),IU Internationale Hochschule,https://www.profession.hu/allas/lecturer-computer-science-java-and-web-development-m-f-d-iu-internationale-hochschule-2858240?sessionId=ed7061b1d89e7c95ce70868e0e3baa03,2026-03-18,2026-03-22,False,"Bad Honnef, Berlin",,English: C1,"Bachelor, Master, PhD",Java,JAVA TESTING,Freelance,Full-time,0-1 years,,
2858230,Lecturer Business Administration IT and ERP Systems (m/f/d),IU Internationale Hochschule,https://www.profession.hu/allas/lecturer-business-administration-it-and-erp-systems-m-f-d-iu-internationale-hochschule-2858230?sessionId=ed7061b1d89e7c95ce70868e0e3baa03,2026-03-18,2026-03-22,False,"Bad Honnef, Berlin",,English: C1,"Bachelor, Master, PhD",,ERP SECURITY CLOUD,Freelance,Full-time,1-3 years,,
2858229,ASIC Verification Engineer (f/m/div.),Bosch Gruppe,https://www.profession.hu/allas/asic-verification-engineer-f-m-div-bosch-gruppe-2858229?sessionId=ed7061b1d89e7c95ce70868e0e3baa03,2026-03-18,2026-03-25,True,Dresden,,English: B2,"Bachelor, Master",,,Hybrid,Full-time,5+ years,,
2858226,Lecturer Business Administration IT and ERP Systems (m/f/d),IU Internationale Hochschule,https://www.profession.hu/allas/lecturer-business-administration-it-and-erp-systems-m-f-d-iu-internationale-hochschule-2858226?sessionId=ed7061b1d89e7c95ce70868e0e3baa03,2026-03-18,2026-03-22,False,"Bad Honnef, Berlin",,English: C1,"Bachelor, Master, PhD",,ERP SECURITY CLOUD,Freelance,Full-time,1-3 years,,
2858225,Director Product - Ecosystem,commercetools GmbH,https://www.profession.hu/allas/director-product-ecosystem-commercetools-gmbh-2858225?sessionId=ed7061b1d89e7c95ce70868e0e3baa03,2026-03-18,2026-03-25,True,"London, Berlin or Valencia",,English: B2,Bachelor,,API DYNAMICS CLOUD SECURITY ACCESS,Hybrid,Full-time,1-3 years,,
2858223,Lecturer Cyber Security Attack Models and Auditing (m/f/d),IU Internationale Hochschule,https://www.profession.hu/allas/lecturer-cyber-security-attack-models-and-auditing-m-f-d-iu-internationale-hochschule-2858223?sessionId=ed7061b1d89e7c95ce70868e0e3baa03,2026-03-18,2026-03-22,False,Berlin,,English: C1,Bachelor,,SECURITY TESTING,Freelance,Full-time,1-3 years,,
2858222,Lecturer Cyber Security Internet of Things (m/f/d),IU Internationale Hochschule,https://www.profession.hu/allas/lecturer-cyber-security-internet-of-things-m-f-d-iu-internationale-hochschule-2858222?sessionId=ed7061b1d89e7c95ce70868e0e3baa03,2026-03-18,2026-03-22,False,Berlin,,English: C1,Bachelor,,SECURITY,Freelance,Full-time,1-3 years,,
2858213,Lecturer Edge AI (m/f/d),IU Internationale Hochschule,https://www.profession.hu/allas/lecturer-edge-ai-m-f-d-iu-internationale-hochschule-2858213?sessionId=ed7061b1d89e7c95ce70868e0e3baa03,2026-03-18,2026-03-22,False,Bad Honnef,,English: C1,Bachelor,Machine Learning,,Freelance,Full-time,1-3 years,,
2858211,Lecturer Cyber Security Attack Scenarios and Incident Response (m/f/d),IU Internationale Hochschule,https://www.profession.hu/allas/lecturer-cyber-security-attack-scenarios-and-incident-response-m-f-d-iu-internationale-hochschule-2858211?sessionId=ed7061b1d89e7c95ce70868e0e3baa03,2026-03-18,2026-03-22,False,Berlin,,English: C1,Bachelor,,SECURITY,Freelance,Full-time,1-3 years,,
2858209,Working student Portfolio Management of MB.OS GEN 2,Mercedes-Benz AG,https://www.profession.hu/allas/working-student-portfolio-management-of-mb-os-gen-mercedes-benz-ag-2858209?sessionId=ed7061b1d89e7c95ce70868e0e3baa03,2026-03-18,2026-03-25,True,Germany,,"{'English': 'B2'}, {'German': 'B2'}",Bachelor's or Master's student in a technical or business administration degree program,"Python, SQL","Jira, Confluence, MS-Office",Hybrid,Full-time,,,
2858208,Lecturer AI User Experience (m/f/d),IU Internationale Hochschule,https://www.profession.hu/allas/lecturer-ai-user-experience-m-f-d-iu-internationale-hochschule-2858208?sessionId=ed7061b1d89e7c95ce70868e0e3baa03,2026-03-18,2026-03-22,False,Bad Honnef,,English: C1,Bachelor,,,Freelance,Full-time,3-5 years,,
2858206,Lecturer Cyber Security Information Security Standards (m/f/d),IU Internationale Hochschule,https://www.profession.hu/allas/lecturer-cyber-security-information-security-standards-m-f-d-iu-internationale-hochschule-2858206?sessionId=ed7061b1d89e7c95ce70868e0e3baa03,2026-03-18,2026-03-22,False,Bad Honnef,,English: C1,Bachelor,,SECURITY,Freelance,Full-time,1-3 years,,
2858205,Software Engineer MHS (all genders),FREQUENTIS COMSOFT GmbH,https://www.profession.hu/allas/software-engineer-mhs-all-genders-frequentis-comsoft-gmbh-2858205?sessionId=ed7061b1d89e7c95ce70868e0e3baa03,2026-03-18,2026-03-25,True,Karlsruhe,,English: B2,Bachelor,C++,"LINUX, GIT, ROBOT DEVOPS, ANSIBLE, DOCKER, ACCESS TEST AUTOMATION, JENKINS",Hybrid,Full-time,5+ years,,
2858203,Lecturer Computer Science Java and Web Development (m/f/d),IU Internationale Hochschule,https://www.profession.hu/allas/lecturer-computer-science-java-and-web-development-m-f-d-iu-internationale-hochschule-2858203?sessionId=ed7061b1d89e7c95ce70868e0e3baa03,2026-03-18,2026-03-22,False,"Bad Honnef, Berlin",,English: C1,"Bachelor, Master, PhD",,,Freelance,Full-time,3-5 years,,
2858199,IAM Service Owner (f/m/x),ZEISS,https://www.profession.hu/allas/iam-service-owner-f-m-x-zeiss-2858199?sessionId=ed7061b1d89e7c95ce70868e0e3baa03,2026-03-18,2026-03-25,True,Németország,,English: B2,Középiskola,,"ISO SECURITY, AZURE, GDPR, SERVICE MANAGEMENT",Teljes munkaidő Általános munkarend,Full-time,1-3 years,,
2858196,Lecturer Computer Science Specification (m/f/d),IU Internationale Hochschule,https://www.profession.hu/allas/lecturer-computer-science-specification-m-f-d-iu-internationale-hochschule-2858196?sessionId=ed7061b1d89e7c95ce70868e0e3baa03,2026-03-18,2026-03-22,False,Berlin,,English: C1,Bachelor,,,Freelance,Full-time,3-5 years,,
2858190,Solution Owner - CPQ Platform (w/m/d),TÜV SÜD,https://www.profession.hu/allas/solution-owner-cpq-platform-w-m-d-tuv-sud-2858190?sessionId=ed7061b1d89e7c95ce70868e0e3baa03,2026-03-18,2026-03-25,True,Munich,,English: B2,Bachelor,,"Microsoft Dynamics 365, Power Platform",Full-time,Full-time,5+ years,,
2858189,Lecturer Computer Science Cryptology (m/f/d),IU Internationale Hochschule,https://www.profession.hu/allas/lecturer-computer-science-cryptology-m-f-d-iu-internationale-hochschule-2858189?sessionId=ed7061b1d89e7c95ce70868e0e3baa03,2026-03-18,2026-03-22,False,Németország,,English: C1,Főiskola,,NETWORK SECURITY,Freelance,Full-time,1-3 years,,
2858184,Working Student (d/f/m) Technology & Innovation Research,Grohe AG,https://www.profession.hu/allas/working-student-d-f-m-technology-innovation-research-grohe-ag-2858184?sessionId=ed7061b1d89e7c95ce70868e0e3baa03,2026-03-18,2026-03-25,True,Hemer,,English: B2,Középiskola,,"Gemini, NotebookLM",Full-time,Short-term,1-3 years,,
2858169,Lecturer Cyber Security DevSecOps and Common Software Weaknesses (m/f/d),IU Internationale Hochschule,https://www.profession.hu/allas/lecturer-cyber-security-devsecops-and-common-software-weaknesses-m-f-d-iu-internationale-hochschule-2858169?sessionId=ed7061b1d89e7c95ce70868e0e3baa03,2026-03-18,2026-03-22,False,Bad Honnef,,English: C1,Bachelor,,SECURITY,Freelance,Full-time,1-3 years,,
2858160,Working Student Autonomous Driving Research,Mercedes-Benz AG,https://www.profession.hu/allas/working-student-autonomous-driving-research-mercedes-benz-ag-2858160?sessionId=ed7061b1d89e7c95ce70868e0e3baa03,2026-03-18,2026-03-25,True,Stuttgart,,"English: B2, German: A1","Master's degree in a highly quantitative field such as Computer Science, Physics, Mathematics, Electrical Engineering or adjacent fields","Python, C++","Linux, Docker",Hybrid,Short-term,1-3 years,,
2858154,Fullstack Engineer (m/w/d),ARC lntelligence GmbH,https://www.profession.hu/allas/fullstack-engineer-m-w-d-arc-lntelligence-gmbh-2858154?sessionId=ed7061b1d89e7c95ce70868e0e3baa03,2026-03-18,2026-03-25,True,Németország,,English: B2,Egyetem,"Python, React","GIT, CLOUD, AWS, AZURE, DOCKER, REST",Flexible Work Model ( Berlin-based team),Full-time,1-3 years,,
2858148,System Engineer SDDS-NG (all genders),FREQUENTIS COMSOFT GmbH,https://www.profession.hu/allas/system-engineer-sdds-ng-all-genders-frequentis-comsoft-gmbh-2858148?sessionId=ed7061b1d89e7c95ce70868e0e3baa03,2026-03-18,2026-03-25,True,Karlsruhe,,"English: B2, German: B2",Bachelor,Linux,"HARDWARE, NETWORK, LINUX, SECURITY, ACCESS",Hybrid,Full-time,1-3 years,,
2858119,Senior Application Engineer for Robotics (m/f/d),Agile Robots SE,https://www.profession.hu/allas/senior-application-engineer-for-robotics-m-f-d-agile-robots-se-2858119?sessionId=ed7061b1d89e7c95ce70868e0e3baa03,2026-03-18,2026-03-25,True,Munich,,{'English': 'B2'},"Master's (or comparable practical experience) in robotics, computer science, mechanical engineering, electrical engineering, or related fields","C++, Python","Linux, OpenCV, TensorFlow, PCL, VueJS, React, Angular",,Full-time,4-5 years,,
2858110,Lead Software Engineer – Simulation SDK (C++/Python) (m/w/d),Simcon kunststofftechnische Software GmbH,https://www.profession.hu/allas/lead-software-engineer-simulation-sdk-c-python-m-w-d-simcon-kunststofftechnische-software-gmbh-2858110?sessionId=ed7061b1d89e7c95ce70868e0e3baa03,2026-03-18,2026-03-25,True,Germany,,"{'English': 'C2'}, {'German': 'C2'}","Bachelor, Master, PhD","C++, Python","Notion, GitHub, Linear, coding agents",Fully remote,Full-time,1-3 years,,
2858103,Product Manager (m/f/d) - Software & System Solutions,Kries-Energietechnik GmbH & Co. KG a TE Connectivity Ltd. Company,https://www.profession.hu/allas/product-manager-m-f-d-software-system-solutions-kries-energietechnik-gmbh-co-kg-a-te-connectivity-ltd-company-2858103?sessionId=ed7061b1d89e7c95ce70868e0e3baa03,2026-03-18,2026-03-25,True,Németország,,"English: B2, German: B2","Bachelor's or Master's degree in Computer Engineering, Electrical Engineering, or a related field.",,,Full-time,Full-time,5+ years,,
2857765,CSV Manager,Teoxane SA,https://www.profession.hu/allas/csv-manager-teoxane-sa-2857765?sessionId=ed7061b1d89e7c95ce70868e0e3baa03,2026-03-18,2026-03-22,False,Geneva,,"English: C1, French: C1","University degree in Engineering, Computer Science, or related field",,,Full-time,Full-time,>10 years,,
2857763,Product Engineer  for Software as a Service,Leica Geosystems AG,https://www.profession.hu/allas/product-engineer-for-software-as-a-service-leica-geosystems-ag-2857763?sessionId=ed7061b1d89e7c95ce70868e0e3baa03,2026-03-18,2026-03-25,True,Heerbrugg,,English: B2,Bachelor,,"R NETWORK, CLOUD, AGILE PROJECT MANAGEMENT",Hybrid,Full-time,1-3 years,,
2857473,Salesforce Marketing Cloud Developer,Betsson Group,https://www.profession.hu/allas/salesforce-marketing-cloud-developer-betsson-group-2857473?sessionId=ed7061b1d89e7c95ce70868e0e3baa03,2026-03-18,2026-03-25,True,Budapest,,English: B2,Bachelor,"JavaScript, SQL","Salesforce Marketing Cloud, CLOUD CRM, DATABASE, JAVASCRIPT, REST",Hybrid,Full-time,3-5 years,,
2854731,IT PLM Master Data Trainee,KOSTAL Global Business Services Center Kft.,https://www.profession.hu/allas/it-plm-master-data-trainee-kostal-global-business-services-center-kft-2854731?sessionId=ed7061b1d89e7c95ce70868e0e3baa03,2026-03-18,2026-03-23,False,Budapest,,English: B2,Középiskola,,"SAP, MS OFFICE, EXCEL, OUTLOOK",Hybrid,Full-time,,,
2857456,Software Reliability Engineer - LPU Hardware DataFlow,NVIDIA Hungary Kft.,https://www.profession.hu/allas/software-reliability-engineer-lpu-hardware-dataflow-nvidia-hungary-kft-2857456?sessionId=ed7061b1d89e7c95ce70868e0e3baa03,2026-03-18,2026-03-18,False,Hungary,,English: B2,Bachelor,"C++, JAVA, PYTHON","HARDWARE TESTING, CI REGRESSION TESTING, DEBUGGING TEST MANAGEMENT",Home-Office,Full-time,5+ years,,
2854729,Senior BI Backend Developer,KOSTAL Global Business Services Center Kft.,https://www.profession.hu/allas/senior-bi-backend-developer-kostal-global-business-services-center-kft-2854729?sessionId=ed7061b1d89e7c95ce70868e0e3baa03,2026-03-18,2026-03-23,False,Budapest,,English: B2,Bachelor's degree in IT or a related field,"ABAP, SAP-BW","BI BACKEND, SAP ABAP ANALYTICS",Hybrid,Full-time,3-5 years,,
2857419,Software Developer (m/f/d) Simulation Defence,FERCHAU – Connecting People and Technologies,https://www.profession.hu/allas/software-developer-m-f-d-simulation-defence-ferchau-connecting-people-and-technologies-2857419?sessionId=ed7061b1d89e7c95ce70868e0e3baa03,2026-03-18,2026-03-25,True,Manching,,English: B2,Bachelor,"C++, C","Linux, Unix, Windows",Hybrid,Full-time,1-3 years,,
2857418,System Engineer (m/f/d) Aerospace,FERCHAU – Connecting People and Technologies,https://www.profession.hu/allas/system-engineer-m-f-d-aerospace-ferchau-connecting-people-and-technologies-2857418?sessionId=ed7061b1d89e7c95ce70868e0e3baa03,2026-03-18,2026-03-25,True,Immenstaad am Bodensee,,English: B2,Bachelor,"MATLAB, SysML/UML","DOORS, CAMEO",Hybrid,Full-time,1-3 years,,
2857416,Software Developer (m/f/d) Space,FERCHAU – Connecting People and Technologies,https://www.profession.hu/allas/software-developer-m-f-d-space-ferchau-connecting-people-and-technologies-2857416?sessionId=ed7061b1d89e7c95ce70868e0e3baa03,2026-03-18,2026-03-25,True,Immenstaad am Bodensee,,English: B2,Bachelor,"Java, Python, C++","HARDWARE SECURITY, LINUX, WINDOWS",Hybrid,Full-time,1-3 years,,
2857415,System Engineer (m/f/d) Helicopter / UAV,FERCHAU – Connecting People and Technologies,https://www.profession.hu/allas/system-engineer-m-f-d-helicopter-uav-ferchau-connecting-people-and-technologies-2857415?sessionId=ed7061b1d89e7c95ce70868e0e3baa03,2026-03-18,2026-03-25,True,Donauwörth,,English: B2,Bachelor,,,Hybrid,Full-time,1-3 years,,
2857414,Project Manager - SAP Master Data (f/m/x) (f/m/x),ZEISS,https://www.profession.hu/allas/project-manager-sap-master-data-f-m-x-f-m-x-zeiss-2857414?sessionId=ed7061b1d89e7c95ce70868e0e3baa03,2026-03-18,2026-03-18,False,Németország,,"English: B2, German: B2",Középiskola,,SAP R ERP CRM AGILE PROJECT MANAGEMENT,Teljes munkaidő Általános munkarend,Full-time,1-3 év tapasztalat,,
2857413,Requirements Engineer Aviation (m/f/d),FERCHAU – Connecting People and Technologies,https://www.profession.hu/allas/requirements-engineer-aviation-m-f-d-ferchau-connecting-people-and-technologies-2857413?sessionId=ed7061b1d89e7c95ce70868e0e3baa03,2026-03-18,2026-03-25,True,Garching bei München,,English: B2,Bachelor,,DOORS,Hybrid,Full-time,1-3 years,,
2857412,Verification Engineer (m/f/d) Helicopter / UAV,FERCHAU – Connecting People and Technologies,https://www.profession.hu/allas/verification-engineer-m-f-d-helicopter-uav-ferchau-connecting-people-and-technologies-2857412?sessionId=ed7061b1d89e7c95ce70868e0e3baa03,2026-03-18,2026-03-25,True,Donauwörth,,English: B2,Bachelor,"C, C++",,Hybrid,Full-time,1-3 years,,
2857406,Principal AI Architect (f/m/d) & Adivsor (f/m/d),SAP SE,https://www.profession.hu/allas/principal-ai-architect-f-m-d-adivsor-f-m-d-sap-se-2857406?sessionId=ed7061b1d89e7c95ce70868e0e3baa03,2026-03-18,2026-03-25,True,Germany,,"{'Language': 'German', 'CEFR Level': 'B2'}, {'Language': 'English', 'CEFR Level': 'B2'}","Bachelor's or Master's degree in Artificial Intelligence, Computer Science, Information Systems, or a related field",,"SAP Business AI, SAP Business Technology Platform, GenAI Hub",Full-time,Permanent,Several years of experience in an AI focused role,,
2857396,(Senior) Product Designer UX/UI (m/f/d) in Berlin,PiNCAMP GmbH,https://www.profession.hu/allas/senior-product-designer-ux-ui-m-f-d-in-berlin-pincamp-gmbh-2857396?sessionId=ed7061b1d89e7c95ce70868e0e3baa03,2026-03-18,2026-03-25,True,Berlin,,{'English': 'B2'},Bachelor,"Figma, prototyping tools",AI-assisted prototyping tools,Hybrid,Full-time,5+ years,,
2857393,Senior Product Designer (m/f/d) – UX/UI Travel & Booking,PiNCAMP GmbH,https://www.profession.hu/allas/senior-product-designer-m-f-d-ux-ui-travel-booking-pincamp-gmbh-2857393?sessionId=ed7061b1d89e7c95ce70868e0e3baa03,2026-03-18,2026-03-25,True,Berlin,,"English: B2, German: B2",Bachelor,,"Figma, Agile",Hybrid,Full-time,4+ years,,
2857392,Business Process & Digital Transformation Manager,Safran Helicopter Engines Germany GmbH,https://www.profession.hu/allas/business-process-digital-transformation-manager-safran-helicopter-engines-germany-gmbh-2857392?sessionId=ed7061b1d89e7c95ce70868e0e3baa03,2026-03-18,2026-03-25,True,Németország,,"{'English': 'B2'}, {'French': 'B2'}, {'German': 'B2'}","Master's degree in Business Administration, Engineering (e.g., Industrial / Systems Engineering) or a related field",,"Visio, MS Project",Full-time,Full-time,1-3 years,,
2857389,SAP Integration Expert (f/d/m),Susonity Production GmbH,https://www.profession.hu/allas/sap-integration-expert-f-d-m-susonity-production-gmbh-2857389?sessionId=ed7061b1d89e7c95ce70868e0e3baa03,2026-03-18,2026-03-25,True,Németország,,English: B2,Főiskola,,"SAP CPI, API Management, SAP Cloud Integration Suite",Teljes munkaidő Általános munkarend,Full-time,1-3 év tapasztalat,,
2857388,SAP FI/CO Expert (w/d/m),Susonity Production GmbH,https://www.profession.hu/allas/sap-fi-co-expert-w-d-m-susonity-production-gmbh-2857388?sessionId=ed7061b1d89e7c95ce70868e0e3baa03,2026-03-18,2026-03-25,True,Németország,,English: B2,Középiskola,,"SAP S/4HANA, FI and CO",On-site,Full-time,1-3 years,,
2857382,Working Student Hardware Evaluation & Design (m/f/d),ALPS ALPINE EUROPE GmbH,https://www.profession.hu/allas/working-student-hardware-evaluation-design-m-f-d-alps-alpine-europe-gmbh-2857382?sessionId=ed7061b1d89e7c95ce70868e0e3baa03,2026-03-18,2026-03-25,True,Németország,,English: B2,Főiskola,"C, Python",Microsoft applications like PowerPoint and Excel,On-site,Full-time,1-3 years,,
2857373,Project Manager - SAP Master Data (f/m/x) (f/m/x),ZEISS,https://www.profession.hu/allas/project-manager-sap-master-data-f-m-x-f-m-x-zeiss-2857373?sessionId=ed7061b1d89e7c95ce70868e0e3baa03,2026-03-18,2026-03-25,True,Németország,,"English: B2, German: B2",Középiskola,,"SAP R/3, SAP S/4HANA, CRM, AGILE PROJECT MANAGEMENT",Teljes munkaidő Általános munkarend,Full-time,1-3 év tapasztalat,,
2857372,Big Data Engineer - ML Analytics & Search (f/m/x),BMW Group,https://www.profession.hu/allas/big-data-engineer-ml-analytics-search-f-m-x-bmw-group-2857372?sessionId=ed7061b1d89e7c95ce70868e0e3baa03,2026-03-18,2026-03-25,True,Németország,,English: B2,"University degree in Computer Science, Engineering, or a related field.","Python, SQL","Kubernetes, AWS, Azure, Google Cloud",Full-time,Unlimited,3-5 years,,
2857368,Process Owner NI/MOD Sales (d/f/m),TK Elevator Europe Africa GmbH,https://www.profession.hu/allas/process-owner-ni-mod-sales-d-f-m-tk-elevator-europe-africa-gmbh-2857368?sessionId=ed7061b1d89e7c95ce70868e0e3baa03,2026-03-18,2026-03-25,True,Németország,,English: B2,Középiskola,,TESTING PROJECT MANAGEMENT CHANGE MANAGEMENT,Teljes munkaidő Általános munkarend,Full-time,1-3 év tapasztalat,,
2857364,Senior AI Engineer - Human-Like Behaviour (f/m/x),BMW Group,https://www.profession.hu/allas/senior-ai-engineer-human-like-behaviour-f-m-x-bmw-group-2857364?sessionId=ed7061b1d89e7c95ce70868e0e3baa03,2026-03-18,2026-03-25,True,Németország,,English: B2,Bachelor,,"PyTorch, TensorFlow",Full-time,Full-time,1-3 years,,
2857361,AI Data Engineer - SAP-RPT Model Family (f/m/d),SAP SE,https://www.profession.hu/allas/ai-data-engineer-sap-rpt-model-family-f-m-d-sap-se-2857361?sessionId=ed7061b1d89e7c95ce70868e0e3baa03,2026-03-18,2026-03-22,False,Germany,,English: B2,"Master's degree in Computer Science, Artificial Intelligence, or other relevant disciplines.","Python, ABAP","SAP S/4HANA backend and data model (e.g., VDM, CDS Views, RAP, OData), AWS, GCP, Azure",Hybrid,Full-time,2+ years of professional experience,,
2857359,(Senior) Developer (f/m/d) for SAP Production Planning and Detailed Scheduling (PP/DS),SAP SE,https://www.profession.hu/allas/senior-developer-f-m-d-for-sap-production-planning-and-detailed-scheduling-pp-ds-sap-se-2857359?sessionId=ed7061b1d89e7c95ce70868e0e3baa03,2026-03-18,2026-03-22,False,Walldorf,,"English: B2, German: B2","University degree in Computer Science, Engineering, or a related field","ABAP, JAVA, C++","SAP CLOUD, ABAP, JAVA, C++, @SAP. AGILE SCRUM TEST AUTOMATION",Hybrid,Full-time,1-3 years,,
2857346,"TRR/SFB 287 – Scientific Assistant (m,f,x) Project S",Ruhr-Universität Bochum,https://www.profession.hu/allas/trr-sfb-scientific-assistant-m-f-x-project-s-ruhr-universit-t-bochum-2857346?sessionId=ed7061b1d89e7c95ce70868e0e3baa03,2026-03-18,2026-03-25,True,Bochum,,"English: B2, German",Bachelor,"C++, Python","GIT, TESTING, .HTML, WORD",Hybrid,Full-time,1-3 years,,
2857341,Working Student Digital Solutions (m/f/d),KWS Berlin GmbH,https://www.profession.hu/allas/working-student-digital-solutions-m-f-d-kws-berlin-gmbh-2857341?sessionId=ed7061b1d89e7c95ce70868e0e3baa03,2026-03-18,2026-03-25,True,Berlin,,English: B2,Bachelor,,"Microsoft Power Platform, Power Automate, Power BI, SAP Datasphere, SAP Analytics Cloud, Celonis, Microsoft 365 tools (Excel, PowerPoint, SharePoint)",Hybrid,Full-time,1-3 years,,
2857329,Product Manager Reliability (m/w/x),ZEISS,https://www.profession.hu/allas/product-manager-reliability-m-w-x-zeiss-2857329?sessionId=ed7061b1d89e7c95ce70868e0e3baa03,2026-03-18,2026-03-25,True,Németország,,English: B2,"Master's degree in Engineering, Computer Science, Data Science, or related field; MBA or Ph.D. is a plus",,R ANALYTICS SECURITY PROJECT MANAGEMENT,Full-time,Full-time,5+ years,,
2857324,Intern as Manual Tester for customer self-services (only Mandatory Internship),Mercedes-Benz AG,https://www.profession.hu/allas/intern-as-manual-tester-for-customer-self-services-only-mandatory-internship-mercedes-benz-ag-2857324?sessionId=ed7061b1d89e7c95ce70868e0e3baa03,2026-03-18,2026-03-25,True,Germany,,"{'Language': 'English', 'CEFR Level': 'B2'}, {'Language': 'German', 'CEFR Level': 'B2'}",Bachelor,"JavaScript, Cucumber, Selenium, Python","MS Office, Jira, Confluence, Excel, Outlook, CSS, TESTING, UAT, SELENIUM",Hybrid,Full-time,1-3 years,,
2857310,ML Ops Engineer - Implementation (f/m/x),BMW Group,https://www.profession.hu/allas/ml-ops-engineer-implementation-f-m-x-bmw-group-2857310?sessionId=ed7061b1d89e7c95ce70868e0e3baa03,2026-03-18,2026-03-25,True,Németország,,English: B2,Egyetem,Python,"CLOUD, PYTHON, AWS, SECURITY, POSTGRESQL, HARDWARE, DATABASES, ISO, DEBUGGING",Full-time,Full-time,3-5 years,,
2857301,Research / Data Scientist in Bioinformatics,Deutsches Krebsforschungszentrum DKFZ,https://www.profession.hu/allas/research-data-scientist-in-bioinformatics-deutsches-krebsforschungszentrum-dkfz-2857301?sessionId=ed7061b1d89e7c95ce70868e0e3baa03,2026-03-18,2026-03-25,True,Németország,,English: B2,"Master's or PhD degree in bioinformatics, computational biology, statistics, computer science, physics, molecular biotechnology, or a related discipline","Python, R, Bash",ACCESS DATABASES,,Full-time,1-3 years,,
2857297,Senior ML Ops Engineer - Architecture & Strategy (f/m/x),BMW Group,https://www.profession.hu/allas/senior-ml-ops-engineer-architecture-strategy-f-m-x-bmw-group-2857297?sessionId=ed7061b1d89e7c95ce70868e0e3baa03,2026-03-18,2026-03-25,True,Németország,,English: B2,"University degree in Computer Science, Computer/Electrical Engineering or related subjects.",,"CLOUD HARDWARE, SECURITY ISO, AWS, AZURE, MACHINE LEARNING",Full-time,Unlimited,5-8+ years,,
2857293,Senior Specialist in Computational Pathology Delivery Operations (m/f/d),AstraZeneca,https://www.profession.hu/allas/senior-specialist-in-computational-pathology-delivery-operations-m-f-d-astrazeneca-2857293?sessionId=ed7061b1d89e7c95ce70868e0e3baa03,2026-03-18,2026-03-25,True,Munich,,"{'Language': 'German', 'CEFR Level': 'B2'}","Bachelor's or Master's degree in data science, bioinformatics, biomedical informatics, biomedical engineering, or a related field.",Python,"{'Software/Tool': 'JIRA', 'Type': 'Project Management'}, {'Software/Tool': 'Confluence', 'Type': 'Collaboration'}",,Full-time,1-3 years,,
2857290,Project Manager Process & System Transformation (gn),TAKKT AG,https://www.profession.hu/allas/project-manager-process-system-transformation-gn-takkt-ag-2857290?sessionId=ed7061b1d89e7c95ce70868e0e3baa03,2026-03-18,2026-03-25,True,"Stuttgart, Budapest",,"{'English': 'C1'}, {'German': 'B2'}","University degree in Business Administration, Project Management, Supply Chain, or a comparable field",,,Hybrid (60% office presence),Full-time,3+ years,,
2857280,Thesis in Charging Interfaces Team starting April 2026,Daimler Truck AG,https://www.profession.hu/allas/thesis-in-charging-interfaces-team-starting-april-daimler-truck-ag-2857280?sessionId=ed7061b1d89e7c95ce70868e0e3baa03,2026-03-18,2026-03-25,True,Németország,,English: B2,Főiskola,"C, C++, PYTHON","HARDWARE, NETWORK",Teljes munkaidő Általános munkarend,Full-time,1-3 év tapasztalat,,
2856756,Software Engineer,MF Group AG,https://www.profession.hu/allas/software-engineer-mf-group-ag-2856756?sessionId=ed7061b1d89e7c95ce70868e0e3baa03,2026-03-18,2026-03-25,True,Chiasso,,English: B2,Bachelor,"Java, Agile, Machine Learning, Testing",,Hybrid,Full-time,1-3 years,,
2856753,Implementációs Szakértő - E-commerce SAAS Területre,BaseLinker s.r.o,https://www.profession.hu/allas/implementacios-szakerto-e-commerce-saas-teruletre-baselinker-s-r-o-budapest-2856753?sessionId=ed7061b1d89e7c95ce70868e0e3baa03,2026-03-18,2026-03-25,True,Budapest,2400 - 3200 EUR gross/month,"English: B2, Hungarian: C1",Főiskola (College),,,Home-Office,Full-time,3-5 years,,
2850266,Senior Product Manager,The Stepstone Group GmbH,https://www.profession.hu/allas/senior-product-manager-the-stepstone-group-gmbh-2850266?sessionId=ed7061b1d89e7c95ce70868e0e3baa03,2026-03-18,2026-03-25,True,Germany,,German: C1,Bachelor,,AGILE,Hybrid,Full-time,1-3 years,,
2848615,Lead Workday Specialist,N26 GmbH,https://www.profession.hu/allas/lead-workday-specialist-n-gmbh-2848615?sessionId=ed7061b1d89e7c95ce70868e0e3baa03,2026-03-18,2026-03-25,True,Germany,,English: B2,Bachelor,,"DATABASE, NETWORK, DATABASES, ACCESS, SECURITY, ERP, HARDWARE, TROUBLESHOOTING, DATA MANAGEMENT, AGILE, JIRA",Hybrid,Full-time,5+ years,,
2859893,Senior projektmenedzser,furbify s.r.o.,https://www.profession.hu/allas/senior-projektmenedzser-furbify-s-r-o-2859893?sessionId=ed7061b1d89e7c95ce70868e0e3baa03,2026-03-20,2026-03-25,True,Szlovákia,2 200 - 3 000 EUR gross/month,"English: B1, Hungarian: C1",,,,On-site with home office,Full-time,5-10 years,,
2859759,Master Data specialista,Rosenberger Automotive Cabling Kft.,https://www.profession.hu/allas/master-data-specialista-rosenberger-automotive-cabling-kft-jaszbereny-2859759?sessionId=ed7061b1d89e7c95ce70868e0e3baa03,2026-03-20,2026-03-25,True,Jászberény,,English: B2,Főiskola,,"MS OFFICE, SAP",Általános munkarend,Teljes munkaidő,1-3 years,,
2859749,"Digital Solution Consultant – Hyperautomation, Low Code & Agentic solutions",Cognizant,https://www.profession.hu/allas/digital-solution-consultant-hyperautomation-low-code-agentic-solutions-cognizant-budapest-2859749/pro?sessionId=ed7061b1d89e7c95ce70868e0e3baa03,2026-03-20,2026-03-25,True,Budapest,,English: B2,Bachelor,,"MS Power Platform, MS Copilot Studio",Hybrid,Full-time,1-3 years,,
2859750,Üzleti tesztmenedzser,MVM Next Energiakereskedelmi Zrt.,https://www.profession.hu/allas/uzleti-tesztmenedzser-mvm-next-energiakereskedelmi-zrt-budapest-2859750?sessionId=ed7061b1d89e7c95ce70868e0e3baa03,2026-03-20,2026-03-25,True,Budapest,,,Főiskola,,"MS OFFICE, AZURE",Általános munkarend,Teljes munkaidő,5-10 év,,
2859580,UX/UI Designer,Digitális Magyarország Ügynökség Zrt.,https://www.profession.hu/allas/ux-ui-designer-digitalis-magyarorszag-ugynokseg-zrt-budapest-2859580?sessionId=ed7061b1d89e7c95ce70868e0e3baa03,2026-03-20,2026-03-25,True,Budapest,,,Egyetem,,"Figma, Miro",Home Office,Full-time,3-5 years,,
2859556,Devops mérnök,Profession Services,https://www.profession.hu/allas/devops-mernok-profession-services-budapest-2859556/pro?sessionId=ed7061b1d89e7c95ce70868e0e3baa03,2026-03-20,2026-03-25,True,Budapest,,English: B2,Felsőoktatási szakképzés,"BASH, SQL, MONGODB, POSTGRESQL, DEVOPS, LINUX, MYSQL, UNIX, OPERÁCIÓS RENDSZEREK, AIX, ORACLE, DB2",,Hibrid,Teljes munkaidő,3-5 év tapasztalat,,
2859426,Informatikai projektvezető,Új Világ Nonprofit Szolgáltató Kft.,https://www.profession.hu/allas/informatikai-projektvezeto-uj-vilag-nonprofit-szolgaltato-kft-2859426?sessionId=ed7061b1d89e7c95ce70868e0e3baa03,2026-03-20,2026-03-25,True,Budapest,,,Felsőoktatási szakképzés,,,Home-Office (hibrid munkavégzés),Teljes munkaidő (Full-time),,,
2857126,Fejlesztő,Magyar Bírósági Végrehajtói Kar,https://www.profession.hu/allas/fejleszto-magyar-birosagi-vegrehajtoi-kar-budapest-2857126?sessionId=ed7061b1d89e7c95ce70868e0e3baa03,2026-03-20,2026-03-25,True,Budapest,,English: B2,Középiskola,"TypeScript, JavaScript, PHP, Go, Angular, React, LINUX, BASH, BACKEND, XML, POSTGRESQL, SYMFONY","CI/CD pipeline-ok, Redis, Queue alapú aszinkron feldolgozás",,Full-time,3-5 years,,
2858963,IT Software Architect,Új Világ Nonprofit Szolgáltató Kft.,https://www.profession.hu/allas/it-software-architect-uj-vilag-nonprofit-szolgaltato-kft-2858963?sessionId=ed7061b1d89e7c95ce70868e0e3baa03,2026-03-20,2026-03-25,True,Budapest,,,Főiskola,,,"Hibrid munkavégzés, rugalmas munkarend.",Teljes munkaidő Alkalmazotti jogviszony,3-5 év tapasztalat,,
2859394,Product owner,FoxPost Kft.,https://www.profession.hu/allas/product-owner-foxpost-kft-budapest-2859394?sessionId=ed7061b1d89e7c95ce70868e0e3baa03,2026-03-20,2026-03-25,True,Budapest,,English: B2,Bachelor,,"JIRA, BI",Home-Office,Full-time,3-5 years,,
2859311,IT üzemeltetési munkatárs (Linux szoftverüzemeltető),Alfa Vienna Insurance Group Biztosító Zrt.,https://www.profession.hu/allas/it-uzemeltetesi-munkatars-linux-szoftveruzemelteto-alfa-vienna-insurance-group-biztosito-zrt-budapest-2859311?sessionId=ed7061b1d89e7c95ce70868e0e3baa03,2026-03-20,2026-03-25,True,Budapest,,"{'Language': 'Magyar', 'Level': 'felsőfok'}",Középiskola,"LINUX, ORACLE, SQL",,Hibrid,Teljes munkaidő,3-5 év,,
2854276,IT Release Manager (Circular economy),MOL IT & DIGITAL GBS KFT.,https://www.profession.hu/allas/it-release-manager-circular-economy-mol-it-digital-gbs-kft-budapest-2854276?sessionId=ed7061b1d89e7c95ce70868e0e3baa03,2026-03-20,2026-03-25,True,Budapest,"{'amount': 800000, 'currency': 'HUF', 'frequency': 'annual'}","English, Hungarian","University or college degree in economics, computer science, business administration (degree in IT is an advantage)",,"Azure DevOps, Confluence",Hybrid,Full-time,5+ years,,
2859252,Salesforce Administrator (CRM Support Specialist),Laurastar Hungary Kft.,https://www.profession.hu/allas/salesforce-administrator-crm-support-specialist-laurastar-hungary-kft-kapuvar-2859252/pro?sessionId=ed7061b1d89e7c95ce70868e0e3baa03,2026-03-20,2026-03-25,True,Kapuvár,,English: B2,Főiskola,,"Salesforce, ServiceNow, Service Cloud, Sales Cloud, CRM, CLOUD IT SUPPORT",On-site,Full-time,1-3 years,,
2858989,Cloud engineer,Prooktatás Bt.,https://www.profession.hu/allas/cloud-engineer-prooktatas-bt-budapest-2858989?sessionId=ed7061b1d89e7c95ce70868e0e3baa03,2026-03-20,2026-03-25,True,Budapest,,,Főiskola,,Monitor (1 db),Full remote,Részmunkaidő,3-5 év tapasztalat,,
2858981,Python fejlesztő,Prooktatás Bt.,https://www.profession.hu/allas/python-fejleszto-prooktatas-bt-budapest-2858981?sessionId=ed7061b1d89e7c95ce70868e0e3baa03,2026-03-20,2026-03-25,True,Budapest,,Német felsőfok,Főiskola,Python,"Django, PySide, GoogleCloud",Full remote,Részmunkaidő (Alkalmazotti jogviszony),3-5 év tapasztalat,,
2858953,BI Analyst,Prohuman Zrt.,https://www.profession.hu/allas/bi-analyst-prohuman-zrt-budapest-2858953?sessionId=ed7061b1d89e7c95ce70868e0e3baa03,2026-03-20,2026-03-25,True,Budapest,,,Főiskola,Python,"Tableau, Apache Superset, Ms Power BI",Hybrid,Full-time,5+ years,,
2858850,Logisztikai digitalizációs szakértő,MOHU BUDAPEST Zrt.,https://www.profession.hu/allas/logisztikai-digitalizacios-szakerto-mohu-budapest-zrt-budapest-2858850?sessionId=ed7061b1d89e7c95ce70868e0e3baa03,2026-03-20,2026-03-25,True,Budapest,550000 EUR gross/year,English: B2,Bachelor,,"MS Office, Power BI, ERP",Full-time,Full-time,3-5 years,,
2858842,DevOps engineer,Greenergy-Service Kft.,https://www.profession.hu/allas/devops-engineer-greenergy-service-kft-budapest-2858842?sessionId=ed7061b1d89e7c95ce70868e0e3baa03,2026-03-20,2026-03-25,True,Budapest,,,Felsőoktatási szakképzés,"Python, BASH","Terraform, Linux, ELK/EFK stack, Prometheus, Grafana, Git, Jenkins, TeamCity, GitHub Actions, Vault, Docker, Kubernetes, SCCM, Intune",Hybrid,Full-time,3-5 years,,
2858838,Storage Mérnök (LJM),Tech People Hungary Kft.,https://www.profession.hu/allas/storage-mernok-ljm-tech-people-hungary-kft-budapest-2858838?sessionId=ed7061b1d89e7c95ce70868e0e3baa03,2026-03-20,2026-03-25,True,Budapest,,English: B2,Felsőoktatási szakképzés 'B' kat. jogosítvány,,ITIL,Hibrid munkavégzés,Teljes munkaidő Alkalmazotti jogviszony,3-5 év tapasztalat,,
2858704,L2 Operational Support in German,Cognizant,https://www.profession.hu/allas/l-operational-support-in-german-cognizant-budapest-2858704/pro?sessionId=ed7061b1d89e7c95ce70868e0e3baa03,2026-03-20,2026-03-25,True,Budapest,,English: B2,Középiskola,,"JAMF Pro, IBM MaaS360, Ivanti",Hybrid (2 days in the office),Full Time,1-3 years,,
2858675,Senior CRM Tanácsadó (HubSpot fókusz),Nitro Communications Kft.,https://www.profession.hu/allas/senior-crm-tanacsado-hubspot-fokusz-nitro-communications-kft-budapest-2858675?sessionId=ed7061b1d89e7c95ce70868e0e3baa03,2026-03-20,2026-03-25,True,Budapest,,English: B2,Főiskola,,"CRM, CMS, HubSpot",Hybrid,Full-time,1-3 years,,
2858605,Kotlin Full stack fejlesztő,Microsec zrt.,https://www.profession.hu/allas/kotlin-full-stack-fejleszto-microsec-zrt-budapest-2858605?sessionId=ed7061b1d89e7c95ce70868e0e3baa03,2026-03-20,2026-03-25,True,Budapest,,English: B2,Főiskola,"Kotlin, Vue.js, ktor, Gradle","PostgreSQL, JetBrains Exposed, Git",Hybrid,Full-time,3-5 years,,
2858596,Java Full stack fejlesztő,Microsec zrt.,https://www.profession.hu/allas/java-full-stack-fejleszto-microsec-zrt-budapest-2858596?sessionId=ed7061b1d89e7c95ce70868e0e3baa03,2026-03-20,2026-03-25,True,Budapest,,English: B2,Főiskola,"Java, Vue.js","Spring, Springboot, Maven, JPA, Java EE, OracleSQL/PostgreSQL",Hibrid,Teljes munkaidő,3-5 év tapasztalat,,
2858457,Adatbázis fejlesztő,Medicontur Zrt.,https://www.profession.hu/allas/adatbazis-fejleszto-medicontur-zrt-zsambek-2858457?sessionId=ed7061b1d89e7c95ce70868e0e3baa03,2026-03-20,2026-03-25,True,Zsámbék,,,Egyetem 'B' kat.,"SQL, PL/SQL","SAP HANA Cloud, SAP CX, Migration cockpit",Hybrid,Full-time,1-3 years,,
2859928,Senior virtualizációs üzemeltető,BECK AND PARTNERS Kft.,https://www.profession.hu/allas/senior-virtualizacios-uzemelteto-beck-and-partners-kft-vac-2859928?sessionId=ed7061b1d89e7c95ce70868e0e3baa03,2026-03-20,2026-03-25,True,Budapest,,,Főiskola,"PowerCLI, PowerShell","VMWARE, POWERSHELL, ITIL",Hybrid,Full-time,5-10 év tapasztalat,,
2859618,Termelésirányítási és ERP Tanácsadó,DanubiSoft Kft.,https://www.profession.hu/allas/termelesiranyitasi-es-erp-tanacsado-danubisoft-kft-budapest-2859618?sessionId=ed7061b1d89e7c95ce70868e0e3baa03,2026-03-20,2026-03-25,True,Budapest,570e - 1.3M Ft havi bér,,Főiskola 'B' kat. jogosítvány,,"ERP AGILIS, Laptop, Monitor (2 db), Windows",Hibrid,Teljes munkaidő Alkalmazotti jogviszony,1-3 év tapasztalat,,
2859494,Diákmunka - Business Intelligence Trainee,MŰISZ Iskolaszövetkezet,https://www.profession.hu/allas/diakmunka-business-intelligence-trainee-muisz-iskolaszovetkezet-budapest-2859494?sessionId=ed7061b1d89e7c95ce70868e0e3baa03,2026-03-20,2026-03-25,True,Budapest III. kerület,2185 Ft/óra,"English: B2, Hungarian: Native",Középiskola,"Python, R","BI DATABASES, SQL, TABLEAU, POWER BI",Hybrid,Diákmunka (Student job),,,
2858871,Diákmunka - Data Scientist – Total Vehicle Quality,MŰISZ Iskolaszövetkezet,https://www.profession.hu/allas/diakmunka-data-scientist-total-vehicle-quality-muisz-iskolaszovetkezet-debrecen-2858871?sessionId=ed7061b1d89e7c95ce70868e0e3baa03,2026-03-20,2026-03-25,True,Debrecen,2145 Ft/óra,English: B2,Egyetem (University),"Python, SQL, REACT, C++","ANALYTICS, MACHINE LEARNING",Diákmunka (Student work),Full-time,,,
2858805,Diákmunka - MES fejlesztő gyakornok,MŰISZ Iskolaszövetkezet,https://www.profession.hu/allas/diakmunka-mes-fejleszto-gyakornok-muisz-iskolaszovetkezet-budapest-2858805?sessionId=ed7061b1d89e7c95ce70868e0e3baa03,2026-03-20,2026-03-25,True,Budapest,2500 Ft/óra,"English: B2, Hungarian",Középiskola,JavaScript,,Diákmunka Általános munkarend,Full-time,,,
2858636,Android fejlesztő,4D Soft Kft.,https://www.profession.hu/allas/android-fejleszto-d-soft-kft-budapest-2858636?sessionId=ed7061b1d89e7c95ce70868e0e3baa03,2026-03-20,2026-03-25,True,Budapest,,English: B2,Főiskola,"Kotlin, Java, Jetpack Compose, View rendszer, Coroutines, Hilt, Room, Retrofit","GIT, AGILIS, IOS CONFLUENCE, JIRA, REST, android, BACKEND ANALYTICS, AZURE DEVOPS, SCRUM KANBAN, jetpack",Hibrid,Teljes munkaidő,3-5 év tapasztalat,,
2858510,Quality System Test Engineer,Harman Becker Kft.,https://www.profession.hu/allas/quality-system-test-engineer-harman-becker-kft-szekesfehervar-2858510?sessionId=ed7061b1d89e7c95ce70868e0e3baa03,2026-03-20,2026-03-25,True,Székesfehérvár,,English: B2,Főiskola (Bachelor),"C#, VBA","SCAPE, Lab View",On-site,Full-time,1-3 years,,
2858469,Aladdin Financial Engineering Intern - diákmunka,Mind-Diák Szövetkezet,https://www.profession.hu/allas/aladdin-financial-engineering-intern-diakmunka-mind-diak-szovetkezet-2858469?sessionId=ed7061b1d89e7c95ce70868e0e3baa03,2026-03-20,2026-03-25,True,Budapest,2950 Ft/hour gross,English: C1,Általános iskola (High School with Diploma),"Python, C++","SPARK, WORD, OUTLOOK",Hybrid,Internship,,,
2860250,Software Architect (all genders welcome) for cloud based solutions in the field of Water Line Integrity Solutions,Rosenxt Group,https://www.profession.hu/allas/software-architect-all-genders-welcome-for-cloud-based-solutions-in-the-field-of-water-line-integrity-solutions-rosenxt-group-2860250?sessionId=ed7061b1d89e7c95ce70868e0e3baa03,2026-03-20,2026-03-25,True,Wietmarschen-Lohne or Osnabrück,,"English (B2), German",Bachelor,"Python, PowerShell, Bash","Azure Cloud services, Azure DevOps, Terraform, Ansible",Hybrid,Full-time,1-3 years,,
2860228,QA Architect (m/f/x),Allane SE,https://www.profession.hu/allas/qa-architect-m-f-x-allane-se-2860228?sessionId=ed7061b1d89e7c95ce70868e0e3baa03,2026-03-20,2026-03-25,True,Munich,,"English: B2, German",Bachelor,,"ISTQB, SCRUM, REGRESSION TESTING",Hybrid,Full-time,1-3 years,,
2860154,Senior Cyber Security Engineer (m/f/d),Clarios Germany GmbH & Co. KG,https://www.profession.hu/allas/senior-cyber-security-engineer-m-f-d-clarios-germany-gmbh-co-kg-2860154?sessionId=ed7061b1d89e7c95ce70868e0e3baa03,2026-03-20,2026-03-22,False,Germany,,"English: fluent, German: nice to have","Bachelor's or Master's degree in Systems Engineering, Software Engineering, Electrical Engineering, or a related field",,"DOORS, Jama, UL Stages",Hybrid,Full-time,10+ years,,
2860132,Working Student AI Engineer (m/f/d),ProSiebenSat.1 Careers,https://www.profession.hu/allas/working-student-ai-engineer-m-f-d-prosiebensat-careers-2860132?sessionId=ed7061b1d89e7c95ce70868e0e3baa03,2026-03-20,2026-03-25,True,Germany,"1200 EUR gross/month (first 6 months), 1300 EUR gross/month (after 7th month), 1600 EUR gross/month (tech areas)",German: B2,"Bachelor, Master","Python, SQL","Git, Network, Machine Learning",Hybrid,Full-time,1-3 years,,
2860127,Software Architect Embedded Control Systems (f/m/x),ZEISS,https://www.profession.hu/allas/software-architect-embedded-control-systems-f-m-x-zeiss-2860127?sessionId=ed7061b1d89e7c95ce70868e0e3baa03,2026-03-20,2026-03-25,True,Németország,,"English: B2, German: B2",Bachelor,,HARDWARE,Full-time,Teljes munkaidő,1-3 years,,
2860064,Intern Ai & Digital Twins (f/m/x),ZEISS,https://www.profession.hu/allas/intern-ai-digital-twins-f-m-x-zeiss-2860064?sessionId=ed7061b1d89e7c95ce70868e0e3baa03,2026-03-20,2026-03-25,True,Németország,,English: B2,Master,"Python, C, C++",MACHINE LEARNING,Full-time,Short-term,1-3 years,,
2860057,Senior Specialist in Computational Pathology Delivery Operations (m/f/d),AstraZeneca,https://www.profession.hu/allas/senior-specialist-in-computational-pathology-delivery-operations-m-f-d-astrazeneca-2860057?sessionId=ed7061b1d89e7c95ce70868e0e3baa03,2026-03-20,2026-03-25,True,Munich,,"{'Language': 'German', 'CEFR Level': 'B2'}","Bachelor's or Master's degree in data science, bioinformatics, biomedical informatics, biomedical engineering, or a related field.",Python,"{'Software/Tool': 'JIRA', 'Type': 'Project Management'}, {'Software/Tool': 'Confluence', 'Type': 'Collaboration'}",,Full-time,1-3 years,,
2860051,Business Solution Architect for Flexibility in Energy Retail (f/m/d),E.ON Digital Technology GmbH,https://www.profession.hu/allas/business-solution-architect-for-flexibility-in-energy-retail-f-m-d-e-on-digital-technology-gmbh-2860051?sessionId=ed7061b1d89e7c95ce70868e0e3baa03,2026-03-20,2026-03-25,True,Germany,,English,Bachelor,"Python, TypeScript, React Native","AWS, Microsoft Azure, DevOps automation (CI/CD), monitoring, cost-efficient cloud operations",Hybrid,Full-time,1-3 years,,
2860047,Senior Software Developer Embedded Control Systems (f/m/x) - part-time possible,ZEISS,https://www.profession.hu/allas/senior-software-developer-embedded-control-systems-f-m-x-part-time-possible-zeiss-2860047?sessionId=ed7061b1d89e7c95ce70868e0e3baa03,2026-03-20,2026-03-25,True,Németország,,"English: B2, German: B2",Középiskola,"C/C++, Linux",,Általános munkarend,Teljes munkaidő,1-3 év tapasztalat,,
2859985,Working Student (m/w/d) – Industrial Digital Solutions,Atotech Deutschland GmbH & Co. KG,https://www.profession.hu/allas/working-student-m-w-d-industrial-digital-solutions-atotech-deutschland-gmbh-co-kg-2859985?sessionId=ed7061b1d89e7c95ce70868e0e3baa03,2026-03-20,2026-03-25,True,Berlin,16.64 EUR/hour,English: B2,High School with Diploma,,,On-site,Full-time,0-1 years,,
2859982,Internship or Working Student in Realtime Physics Simulation for Soft Body Modeling (f/m/x),ZEISS,https://www.profession.hu/allas/internship-or-working-student-in-realtime-physics-simulation-for-soft-body-modeling-f-m-x-zeiss-2859982?sessionId=ed7061b1d89e7c95ce70868e0e3baa03,2026-03-20,2026-03-25,True,Németország,,English: B2,"Master's program in Computer Science, Physics, Computer Graphics, Visual Computing, Applied Mathematics, or a related field","C++, Python",NETWORK,Hybrid,Full-time,1-3 years,,
2859981,Principal Software Engineer (m/f/x),Cognex Germany Inc.,https://www.profession.hu/allas/principal-software-engineer-m-f-x-cognex-germany-inc-2859981?sessionId=ed7061b1d89e7c95ce70868e0e3baa03,2026-03-20,2026-03-25,True,Németország,,English: B2,"Master degree in Computer Engineering, Computer Science or a related field","C, C++, PYTHON","HARDWARE, LINUX TEST AUTOMATION",,Full-time,5+ years,,
2859971,Customer Success Manager,Elektronik Printing GmbH,https://www.profession.hu/allas/customer-success-manager-elektronik-printing-gmbh-2859971?sessionId=ed7061b1d89e7c95ce70868e0e3baa03,2026-03-20,2026-03-25,True,Németország,,"{'Language': 'German', 'Level': 'Native'}, {'Language': 'English', 'Level': 'Fluent'}",Középiskola,,"CRM, PROJECT MANAGEMENT",Teljes munkaidő Általános munkarend,Full-time,1-3 év tapasztalat,,
2859646,Lab IT Administrator,Solvias AG,https://www.profession.hu/allas/lab-it-administrator-solvias-ag-2859646?sessionId=ed7061b1d89e7c95ce70868e0e3baa03,2026-03-20,2026-03-25,True,Kaiseraugst,,,High School with Diploma,,"ANALYTICS, TESTING, API, ISO",Full-time,Full-time,1-3 years,,
2859640,Software Developer with focus on AI,Sulzer & Schmid Laboratories AG,https://www.profession.hu/allas/software-developer-with-focus-on-ai-sulzer-schmid-laboratories-ag-2859640?sessionId=ed7061b1d89e7c95ce70868e0e3baa03,2026-03-20,2026-03-25,True,Oetwil am See,,English: B2,"Bachelor's degree or higher in Robotics, Computer Vision, Engineering or a related technical field","Kotlin, PyTorch","ANDROID, MACHINE LEARNING, DEBUGGING, AGILE",Hybrid (up to 60% remote),Full-time,1-3 years,,
2859636,Research Associate Intelligent Signal Processing for Railway IoT 80 - 100 %,ZHAW,https://www.profession.hu/allas/research-associate-intelligent-signal-processing-for-railway-iot-zhaw-2859636?sessionId=ed7061b1d89e7c95ce70868e0e3baa03,2026-03-20,2026-03-25,True,Svájc,,Angol középfok,Főiskola,"TensorFlow, Keras, PyTorch",,Általános munkarend,Teljes munkaidő,1-3 év tapasztalat,,
2859634,Internship Data Analytics,VP Bank AG,https://www.profession.hu/allas/internship-data-analytics-vp-bank-ag-2859634?sessionId=ed7061b1d89e7c95ce70868e0e3baa03,2026-03-20,2026-03-25,True,Triesen,,English: B2,"Bachelor's or Master's student from a university or applied science program in computer science, data science, engineering, mathematics, economics - or equivalent practical experience (e.g., apprenticeship)","Python, NumPy, pandas, scikit-learn, TensorFlow","ANALYTICS, BI, PANDAS, DATABASES, POSTGRESQL, TABLEAU, EXCEL, POWER BI",,Internship,,,
2859631,Internship Data Base Engineering,VP Bank AG,https://www.profession.hu/allas/internship-data-base-engineering-vp-bank-ag-2859631?sessionId=ed7061b1d89e7c95ce70868e0e3baa03,2026-03-20,2026-03-25,True,Triesen,,English: B2,"Bachelor's or Master's student in computer science, data engineering, data science, or a related quantitative field","SQL, PostgreSQL","Tableau, Power BI, Excel",,Internship,Pályakezdő/friss diplomás,,
2859336,"Head of Software Development, Microsoft 365 Apps",BPA Solutions SA,https://www.profession.hu/allas/head-of-software-development-microsoft-apps-bpa-solutions-sa-2859336?sessionId=ed7061b1d89e7c95ce70868e0e3baa03,2026-03-20,2026-03-25,True,Yverdon-les-Bains,,English: C1,Középiskola,"C#, .NET Core, SPFx, React, SharePoint REST, CSOM, PnP",AZURE DYNAMICS BI C REACT SECURITY ISO DEVOPS POWER BI REST SCRUM AGILE,Hybrid,Full-time,1-3 years,,
2859308,projektmenedzser,ILS Nemzetközi Fordító Szolgálat Kft.,https://www.profession.hu/allas/projektmenedzser-ils-nemzetkozi-fordito-szolgalat-kft-2859308?sessionId=ed7061b1d89e7c95ce70868e0e3baa03,2026-03-20,2026-03-22,False,,,"English: C1, German: C1",High School with Diploma,,SDL Studio or other translation supporting software,Full-time,Full-time,,,
2859300,SAFe Scrum Master,DruIT Szolgáltató Zrt.,https://www.profession.hu/allas/safe-scrum-master-druit-szolgaltato-zrt-2859300?sessionId=ed7061b1d89e7c95ce70868e0e3baa03,2026-03-20,2026-03-25,True,Budapest,,,Középiskola,,"DEVOPS, SCRUM, AGILIS, LEAN",Hibrid,Teljes munkaidő,5-10 év tapasztalat,,
2859281,Staff Software Engineer,ARM Hungary Kft.,https://www.profession.hu/allas/staff-software-engineer-arm-hungary-kft-2859281?sessionId=ed7061b1d89e7c95ce70868e0e3baa03,2026-03-20,2026-03-25,True,Budapest,,,High School with Diploma,"C, C++","SECURITY, LINUX, ANDROID, VIRTUALIZATION, ASSEMBLY, DEBUGGING",Hybrid,Full-time,,,
2859279,Senior Business Analyst (Data Governance & Enablement),DruIT Szolgáltató Zrt.,https://www.profession.hu/allas/senior-business-analyst-data-governance-enablement-druit-szolgaltato-zrt-2859279?sessionId=ed7061b1d89e7c95ce70868e0e3baa03,2026-03-20,2026-03-20,False,Budapest,,,High School with Diploma,SQL,"BI TESTING, UAT, POWER BI",Full-time,Full-time,,,
2859263,Java Fullstack Software Engineer,SEON Technologies Kft.,https://www.profession.hu/allas/java-fullstack-software-engineer-seon-technologies-kft-budapest-2859263?sessionId=ed7061b1d89e7c95ce70868e0e3baa03,2026-03-20,2026-03-25,True,Budapest,,{'English': 'C1'},Középiskola,"TypeScript, React, HTML, CSS, Java, SpringBoot, REST, RDBMS","Docker, AWS, Terraform, Kubernetes",Hybrid,Full-time,5+ years,,
2859243,(Senior) Cyber Detection Engineer (m/f/d) - SAP Global Security & Cloud Compliance,SAP SE,https://www.profession.hu/allas/senior-cyber-detection-engineer-m-f-d-sap-global-security-cloud-compliance-sap-se-2859243?sessionId=ed7061b1d89e7c95ce70868e0e3baa03,2026-03-20,2026-03-25,True,Németország,,English: B2,Egyetem,"Python, PowerShell","SECURITY CLOUD, PYTHON, AZURE, AWS, TESTING, SAP, POWERSHELL",Full-time,Regular Full Time,1-3 years,,
2859242,Product Manager - AI Products,N26 GmbH,https://www.profession.hu/allas/product-manager-ai-products-n-gmbh-2859242?sessionId=ed7061b1d89e7c95ce70868e0e3baa03,2026-03-20,2026-03-22,False,Németország,,English: B2,Középiskola,,SECURITY MACHINE LEARNING AGILE ACCESS,Teljes munkaidő Általános munkarend,Full-time,1-3 years,,
2859241,(Senior) Solution Advisor (f/m/d) - Focus on Asset and Service Management (Operate & Service),SAP SE,https://www.profession.hu/allas/senior-solution-advisor-f-m-d-focus-on-asset-and-service-management-operate-service-sap-se-2859241?sessionId=ed7061b1d89e7c95ce70868e0e3baa03,2026-03-20,2026-03-25,True,Germany,,"German, Business English",Bachelor,,,Hybrid,Full-time,3-5 years,,
2859240,Solution Advisor Expert (f/m/d) - Focus on Asset and Service Management (Operate & Service),SAP SE,https://www.profession.hu/allas/solution-advisor-expert-f-m-d-focus-on-asset-and-service-management-operate-service-sap-se-2859240?sessionId=ed7061b1d89e7c95ce70868e0e3baa03,2026-03-20,2026-03-25,True,Walldorf,,"German, Business English",,,"SAP Enterprise Asset Management (EAM), SAP Asset Performance Management (APM), SAP Service and Asset Manager, SAP Dynamic Forms",Full-time,"Vollzeit, unbefristet",5+ years,,
2859239,PhD Position in the Field of Artificial Intelligence (m/f/d),Universitätsklinikum Bonn,https://www.profession.hu/allas/phd-position-in-the-field-of-artificial-intelligence-m-f-d-universit-tsklinikum-bonn-2859239?sessionId=ed7061b1d89e7c95ce70868e0e3baa03,2026-03-20,2026-03-25,True,Bonn,,"German: B2, English: B2",PhD,Python,"PyTorch, ACCESS NETWORK",Part-time (25.0 hours/week),Fixed-term until 31 March 2028,,,
2859238,Development Expert (f/m/d),SAP SE,https://www.profession.hu/allas/development-expert-f-m-d-sap-se-2859238?sessionId=ed7061b1d89e7c95ce70868e0e3baa03,2026-03-20,2026-03-25,True,Germany,,English: B2,Bachelor,"Go, Rust, Python","CLOUD, SAP NETWORK, LINUX, PYTHON, DOCKER, AWS, AZURE, SECURITY @SAP",Hybrid,"Part-time or Full-time, unbefristet",8+ years,,
2859237,(Senior) Developer (f/m/d) for Sovereign Cloud Onsite / ApeiroRA / EU AI Projects,SAP SE,https://www.profession.hu/allas/senior-developer-f-m-d-for-sovereign-cloud-onsite-apeirora-eu-ai-projects-sap-se-2859237?sessionId=ed7061b1d89e7c95ce70868e0e3baa03,2026-03-20,2026-03-25,True,,,English: B2,Bachelor,"Go, Python","Kubernetes, OpenStack, Ceph, Helm, Prometheus, Flux, Istio, Linux, AWS, Azure, GCP, Git",Hybrid,Part Time or Regular Full Time,,,
2859235,"(Senior) Cloud-Native Developer (f/m/d) SAP BTP Fabric, Central Cloud Services Team",SAP SE,https://www.profession.hu/allas/senior-cloud-native-developer-f-m-d-sap-btp-fabric-central-cloud-services-team-sap-se-2859235?sessionId=ed7061b1d89e7c95ce70868e0e3baa03,2026-03-20,2026-03-25,True,,,"{'Language': 'English', 'Level': 'B2'}",Bachelor,"C++, Node.JS, Java","Docker, AWS, AZURE, JENKINS, @SAP. AGILE, DEBUGGING",Hybrid,Full-time,1-3 years,,
2859234,Senior DevOps Engineer (f/m/d),SAP SE,https://www.profession.hu/allas/senior-devops-engineer-f-m-d-sap-se-2859234?sessionId=ed7061b1d89e7c95ce70868e0e3baa03,2026-03-20,2026-03-25,True,Munich,,English: B2,Bachelor,"Go, Python, Bash","Terraform, Ansible, Kubernetes",Hybrid,Full-time,5+ years,,
2859233,Principal Consultant (f/m/d) Business Data Strategy & Advisory - Data Architect (f/m/d),SAP SE,https://www.profession.hu/allas/principal-consultant-f-m-d-business-data-strategy-advisory-data-architect-f-m-d-sap-se-2859233?sessionId=ed7061b1d89e7c95ce70868e0e3baa03,2026-03-20,2026-03-25,True,"Walldorf, Berlin, Eschborn, Gerlingen, Hamburg, Garchingen (near Munich), Dresden, Ratingen, Hannover",,"{'Language': 'German', 'Level': 'B2'}, {'Language': 'English', 'Level': 'B2'}","High School with Diploma, Bachelor",,"SAP ANALYTICS CLOUD, @SAP. CHANGE MANAGEMENT",Hybrid,Full-time,1-3 years,,
2859232,Senior Consultant Business (f/m/d) Data Strategy & Advisory - Data Architect (f/m/d),SAP SE,https://www.profession.hu/allas/senior-consultant-business-f-m-d-data-strategy-advisory-data-architect-f-m-d-sap-se-2859232?sessionId=ed7061b1d89e7c95ce70868e0e3baa03,2026-03-20,2026-03-25,True,,,"{'Language': 'German', 'Level': 'B2'}, {'Language': 'English', 'Level': 'B2'}",Bachelor,,"SAP ANALYTICS CLOUD, @SAP. CHANGE MANAGEMENT",Hybrid,Full-time,3-5 years,,
2859230,(Senior) Developer (f/m/d) - SAP on Microsoft SQL Server,SAP SE,https://www.profession.hu/allas/senior-developer-f-m-d-sap-on-microsoft-sql-server-sap-se-2859230?sessionId=ed7061b1d89e7c95ce70868e0e3baa03,2026-03-20,2026-03-25,True,St. Leon-Rot,,"English: B2, German: B2",Bachelor,"ABAP, C, C++","SAP SQL, CLOUD, WINDOWS AZURE DATABASE",Hybrid,Full-time,1-3 years,,
2859229,Cloud Solution Architect (f/m/d) for Agentic AI - Focus Finance,SAP SE,https://www.profession.hu/allas/cloud-solution-architect-f-m-d-for-agentic-ai-focus-finance-sap-se-2859229?sessionId=ed7061b1d89e7c95ce70868e0e3baa03,2026-03-20,2026-03-25,True,"Walldorf, Hamburg, Berlin, Ratingen, Eschborn, Gerlingen, Garching",,"English: C1, German: C1",Bachelor,"ABAP, JAVA","SAP Business Technology Platform (BTP), SAP Joule",Hybrid,Full-time,1-3 years,,
2859227,Senior Consultant (f/m/d) Business Data Strategy & Advisory - Data Architect (f/m/d),SAP SE,https://www.profession.hu/allas/senior-consultant-f-m-d-business-data-strategy-advisory-data-architect-f-m-d-sap-se-2859227?sessionId=ed7061b1d89e7c95ce70868e0e3baa03,2026-03-20,2026-03-25,True,,,"English: B2, German: B2",Bachelor,,SAP ANALYTICS CLOUD @SAP. CHANGE MANAGEMENT,Hybrid,Full-time,1-3 years,,
2859226,Senior Consultant (f/m/d) Business Data Strategy & Advisory - Data Architect (f/m/d),SAP SE,https://www.profession.hu/allas/senior-consultant-f-m-d-business-data-strategy-advisory-data-architect-f-m-d-sap-se-2859226?sessionId=ed7061b1d89e7c95ce70868e0e3baa03,2026-03-20,2026-03-25,True,,,"English: B2, German: B2",Bachelor,,SAP ANALYTICS CLOUD @SAP. CHANGE MANAGEMENT,Hybrid,Full-time,1-3 years,,
2859225,Principal Consultant (f/m/d) Business Data Strategy & Advisory - Data Architect (f/m/d),SAP SE,https://www.profession.hu/allas/principal-consultant-f-m-d-business-data-strategy-advisory-data-architect-f-m-d-sap-se-2859225?sessionId=ed7061b1d89e7c95ce70868e0e3baa03,2026-03-20,2026-03-25,True,"Walldorf, Berlin, Eschborn, Gerlingen, Hamburg, Garchingen (near Munich), Dresden, Ratingen, Hannover",,"German: B2, English: B2",Bachelor,,,Hybrid,Full-time,1-3 years,,
2859224,Senior Consultant (f/m/d) Business Data Strategy & Advisory - Data Architect (f/m/d),SAP SE,https://www.profession.hu/allas/senior-consultant-f-m-d-business-data-strategy-advisory-data-architect-f-m-d-sap-se-2859224?sessionId=ed7061b1d89e7c95ce70868e0e3baa03,2026-03-20,2026-03-25,True,,,"English: B2, German: B2",Bachelor,,SAP ANALYTICS CLOUD @SAP. CHANGE MANAGEMENT,Hybrid,Full-time,1-3 years,,
2859223,Senior Consultant (f/m/d) Business Data Strategy & Advisory - Data Architect (f/m/d),SAP SE,https://www.profession.hu/allas/senior-consultant-f-m-d-business-data-strategy-advisory-data-architect-f-m-d-sap-se-2859223?sessionId=ed7061b1d89e7c95ce70868e0e3baa03,2026-03-20,2026-03-25,True,,,"{'Language': 'English', 'Level': 'B2'}, {'Language': 'German', 'Level': 'B2'}",Bachelor,,SAP ANALYTICS CLOUD @SAP. CHANGE MANAGEMENT,Hybrid,Full-time,1-3 years,,
2859221,(Senior) Principal Enterprise Architect (f/m/d) - MU Germany,SAP SE,https://www.profession.hu/allas/senior-principal-enterprise-architect-f-m-d-mu-germany-sap-se-2859221?sessionId=ed7061b1d89e7c95ce70868e0e3baa03,2026-03-20,2026-03-25,True,"Berlin, München-Garching, Hamburg, Ratingen, Eschborn, Gerlingen, Walldorf",,"{'English': 'B2'}, {'German': 'B2'}","Bachelor, Master",,"SAP Enterprise Architecture Framework featured by LeanIX EAM, SAP Certified Professional-Enterprise Architect [P_SAPEA_2023], TOGAF",Hybrid,Full-time,9-11+ years,,
2859220,Principal Consultant (f/m/d) Business Data Strategy & Advisory - Data Architect (f/m/d),SAP SE,https://www.profession.hu/allas/principal-consultant-f-m-d-business-data-strategy-advisory-data-architect-f-m-d-sap-se-2859220?sessionId=ed7061b1d89e7c95ce70868e0e3baa03,2026-03-20,2026-03-25,True,"Walldorf, Berlin, Eschborn, Gerlingen, Hamburg, Garchingen (near Munich), Dresden, Ratingen, Hannover",,"{'Language': 'German', 'Level': 'B2'}, {'Language': 'English', 'Level': 'B2'}",High School with Diploma,,"SAP ANALYTICS CLOUD, @SAP. CHANGE MANAGEMENT",Hybrid,Full-time,1-3 years,,
2859219,(Senior) Specialist (f/m/d) Transformation Advisory Center - Digital Architect (f/m/d),SAP SE,https://www.profession.hu/allas/senior-specialist-f-m-d-transformation-advisory-center-digital-architect-f-m-d-sap-se-2859219?sessionId=ed7061b1d89e7c95ce70868e0e3baa03,2026-03-20,2026-03-25,True,Walldorf or Barcelona,,"English: Fluency (spoken and written), German: Fluency (spoken and written)","Bachelor's or Master's degree in business, computer science, engineering, mathematics, or a related discipline",,CLOUD SAP ERP @SAP,Hybrid,Full-time,1-3 years,,
2859218,(Senior) Gardener Core Engineer (f/m/d),SAP SE,https://www.profession.hu/allas/senior-gardener-core-engineer-f-m-d-sap-se-2859218?sessionId=ed7061b1d89e7c95ce70868e0e3baa03,2026-03-20,2026-03-25,True,Németország,,English: B2,Bachelor,"Go, Kubernetes","CLOUD API, LINUX, AWS, AZURE, SAP","Part-Time, or Vollzeit, unbefristet",Full-time,1-3 years,,
2859217,Principal BTP AI Development Consultant (f/m/d),SAP SE,https://www.profession.hu/allas/principal-btp-ai-development-consultant-f-m-d-sap-se-2859217?sessionId=ed7061b1d89e7c95ce70868e0e3baa03,2026-03-20,2026-03-25,True,Garching or Walldorf,,"English: B2, German: C1","Bachelor's degree or higher in Information Technology, Computer Science, or a related field","ABAP, Java, JavaScript","SAP CLOUD, ABAP, JAVA, JAVASCRIPT, @SAP. AGILE PROJECT MANAGEMENT PMI CSS",Hybrid,Full-time,1-3 years,,
2859216,Senior Consultant (f/m/d) Business Data Strategy & Advisory - Data Architect (f/m/d),SAP SE,https://www.profession.hu/allas/senior-consultant-f-m-d-business-data-strategy-advisory-data-architect-f-m-d-sap-se-2859216?sessionId=ed7061b1d89e7c95ce70868e0e3baa03,2026-03-20,2026-03-25,True,Germany,,"English: B2, German: B2",Bachelor,,SAP ANALYTICS CLOUD @SAP. CHANGE MANAGEMENT,Hybrid,Full-time,1-3 years,,
2859215,Principal Consultant (f/m/d) Business Data Strategy & Advisory - Data Architect (f/m/d),SAP SE,https://www.profession.hu/allas/principal-consultant-f-m-d-business-data-strategy-advisory-data-architect-f-m-d-sap-se-2859215?sessionId=ed7061b1d89e7c95ce70868e0e3baa03,2026-03-20,2026-03-25,True,"Walldorf, Berlin, Eschborn, Gerlingen, Hamburg, Garchingen (near Munich), Dresden, Ratingen, Hannover",,"{'Language': 'German', 'Level': 'B2'}, {'Language': 'English', 'Level': 'B2'}",High School with Diploma,,"SAP ANALYTICS CLOUD, @SAP. CHANGE MANAGEMENT",Hybrid,Full-time,1-3 years,,
2859214,Architecture Advisor Expert (f/m/d) Discrete Manufacturing,SAP SE,https://www.profession.hu/allas/architecture-advisor-expert-f-m-d-discrete-manufacturing-sap-se-2859214?sessionId=ed7061b1d89e7c95ce70868e0e3baa03,2026-03-20,2026-03-25,True,Németország,,"English: B2, German: B2",Bachelor's degree (or equivalent),,,Full-time,"Vollzeit, unbefristet",10+ years,,
2859212,(Senior) Developer (f/m/d) for Gardener Dashboard,SAP SE,https://www.profession.hu/allas/senior-developer-f-m-d-for-gardener-dashboard-sap-se-2859212?sessionId=ed7061b1d89e7c95ce70868e0e3baa03,2026-03-20,2026-03-25,True,Németország,,English: B2,Főiskola,"Go, JavaScript",VUE. CLOUD JAVASCRIPT. SAP @SAP.,"Part-Time, or Vollzeit",Full-time,1-3 years,,
2859211,Principal Consultant (f/m/d) Business Data Strategy & Advisory - Data Architect (f/m/d),SAP SE,https://www.profession.hu/allas/principal-consultant-f-m-d-business-data-strategy-advisory-data-architect-f-m-d-sap-se-2859211?sessionId=ed7061b1d89e7c95ce70868e0e3baa03,2026-03-20,2026-03-25,True,"Walldorf, Berlin, Eschborn, Gerlingen, Hamburg, Garchingen (near Munich), Dresden, Ratingen, Hannover",,"German: B2, English: B2",Bachelor,,"SAP ANALYTICS CLOUD, @SAP. CHANGE MANAGEMENT",Hybrid,Full-time,1-3 years,,
2859210,Customer Success Partner Expert/Chief Expert- Integrated Toolchain (f/m/d),SAP SE,https://www.profession.hu/allas/customer-success-partner-expert-chief-expert-integrated-toolchain-f-m-d-sap-se-2859210?sessionId=ed7061b1d89e7c95ce70868e0e3baa03,2026-03-20,2026-03-25,True,Németország,,English: B2,Középiskola,,"SAP CLOUD @SAP, SAP Signavio, SAP LeanIX, SAP Cloud ALM, Tricentis, Syniti",Full-time,Regular Full Time,8+ years,,
2859209,Senior Consultant (f/m/d) Business Data Strategy & Advisory - Data Architect (f/m/d),SAP SE,https://www.profession.hu/allas/senior-consultant-f-m-d-business-data-strategy-advisory-data-architect-f-m-d-sap-se-2859209?sessionId=ed7061b1d89e7c95ce70868e0e3baa03,2026-03-20,2026-03-25,True,,,"English: B2, German: B2",Bachelor,,SAP ANALYTICS CLOUD @SAP. CHANGE MANAGEMENT,Hybrid,Full-time,1-3 years,,
2859208,Senior BTP AI Development Consultant (f/m/d),SAP SE,https://www.profession.hu/allas/senior-btp-ai-development-consultant-f-m-d-sap-se-2859208?sessionId=ed7061b1d89e7c95ce70868e0e3baa03,2026-03-20,2026-03-25,True,Garching or Walldorf,,"English: B2, German: C1","Bachelor's degree or higher in Information Technology, Computer Science, or a related field","ABAP, Java, JavaScript","SAP ABAP, CLOUD, JAVA, JAVASCRIPT, HTML5, REACT, @SAP. AGILE, CSS",Hybrid,Full-time,1-3 years,,
2859205,Senior BTP AI Development Consultant (f/m/d),SAP SE,https://www.profession.hu/allas/senior-btp-ai-development-consultant-f-m-d-sap-se-2859205?sessionId=ed7061b1d89e7c95ce70868e0e3baa03,2026-03-20,2026-03-25,True,Garching or Walldorf,,"English: B2, German: C1","Bachelor's degree or higher in Information Technology, Computer Science, or a related field","ABAP, Java, JavaScript","SAP ABAP, CLOUD, JAVA, JAVASCRIPT, HTML5, REACT, @SAP. AGILE, CSS",Hybrid,Full-time,1-3 years,,
2859204,Principal BTP AI Development Consultant (f/m/d),SAP SE,https://www.profession.hu/allas/principal-btp-ai-development-consultant-f-m-d-sap-se-2859204?sessionId=ed7061b1d89e7c95ce70868e0e3baa03,2026-03-20,2026-03-25,True,Garching or Walldorf,,"English: B2, German: B1","Bachelor's degree or higher in Information Technology, Computer Science, or a related field","ABAP, Java, JavaScript","SAP CLOUD, ABAP, JAVA, JAVASCRIPT, @SAP. AGILE PROJECT MANAGEMENT PMI CSS",Hybrid,Full-time,1-3 years,,
2859202,Chief Expert Enterprise Architect (f/m/d) - MU Germany,SAP SE,https://www.profession.hu/allas/chief-expert-enterprise-architect-f-m-d-mu-germany-sap-se-2859202?sessionId=ed7061b1d89e7c95ce70868e0e3baa03,2026-03-20,2026-03-25,True,Hibrid,,"English: B2, German: B2","Bachelor or Master's degree in Business Administration, Informatics or any comparable education",,,Hybrid,Full-time,14+ years,,
2859201,Senior/Expert Gardener Networking Engineer (f/m/d),SAP SE,https://www.profession.hu/allas/senior-expert-gardener-networking-engineer-f-m-d-sap-se-2859201?sessionId=ed7061b1d89e7c95ce70868e0e3baa03,2026-03-20,2026-03-25,True,Germany,,English: B2,Bachelor,Go,"Calico, Cilium, Istio, eBPF","Part-Time, or Vollzeit, unbefristet",Full-time,1-3 years,,
2859200,Principal Consultant (f/m/d) Business Data Strategy & Advisory - Data Architect (f/m/d),SAP SE,https://www.profession.hu/allas/principal-consultant-f-m-d-business-data-strategy-advisory-data-architect-f-m-d-sap-se-2859200?sessionId=ed7061b1d89e7c95ce70868e0e3baa03,2026-03-20,2026-03-25,True,"Walldorf, Berlin, Eschborn, Gerlingen, Hamburg, Garchingen (near Munich), Dresden, Ratingen, Hannover",,"German: B2, English: B2",Bachelor,,,Hybrid,Full-time,1-3 years,,
2859198,AI Data Lead - SAP-RPT Model Family (f/m/d),SAP SE,https://www.profession.hu/allas/ai-data-lead-sap-rpt-model-family-f-m-d-sap-se-2859198?sessionId=ed7061b1d89e7c95ce70868e0e3baa03,2026-03-20,2026-03-25,True,Germany,,English: B2,"Master's degree in Computer Science, AI, or a relevant field","Python, SQL","SAP ACCESS DATABASES, CLOUD, @SAP. MACHINE LEARNING EXCEL",Hybrid,Full-time,7+ years,,
2859197,"Senior Business Process Consultant (f/m/d) for Business Data Cloud, Data & Analytics",SAP SE,https://www.profession.hu/allas/senior-business-process-consultant-f-m-d-for-business-data-cloud-data-analytics-sap-se-2859197?sessionId=ed7061b1d89e7c95ce70868e0e3baa03,2026-03-20,2026-03-25,True,Németország,,"English: B2, German: B2",Bachelor,,"SAP Business Warehouse (BW), SAP Analytics Cloud (SAC), SAP Datasphere (DSP), SAP Business Data Cloud (BDC), SAP Business Technology Platform (BTP)",Full-time,Full-time,5+ years,,
2859196,Senior Cloud Architect & Advisor (f/m/d) for RISE with SAP and BDC in MEE,SAP SE,https://www.profession.hu/allas/senior-cloud-architect-advisor-f-m-d-for-rise-with-sap-and-bdc-in-mee-sap-se-2859196?sessionId=ed7061b1d89e7c95ce70868e0e3baa03,2026-03-20,2026-03-25,True,Germany,,"English: B2, German",Bachelor,,CLOUD SAP AWS AZURE VIRTUALIZATION HARDWARE @SAP,Hybrid,"Part-Time, or Vollzeit, unbefristet",5+ years,,
2859194,Senior Consultant (f/m/d) Sales & Service Cloud,SAP SE,https://www.profession.hu/allas/senior-consultant-f-m-d-sales-service-cloud-sap-se-2859194?sessionId=ed7061b1d89e7c95ce70868e0e3baa03,2026-03-20,2026-03-25,True,Németország,,English: B2,Középiskola,"Python, ABAP, JavaScript","SAP Sales and Service Cloud solutions, SAP S/4HANA",,"Vollzeit, unbefristet",5+ years,,
2859192,Expert Sovereign Cloud Architect & Advisor (f/m/d),SAP SE,https://www.profession.hu/allas/expert-sovereign-cloud-architect-advisor-f-m-d-sap-se-2859192?sessionId=ed7061b1d89e7c95ce70868e0e3baa03,2026-03-20,2026-03-23,False,Germany,,English: B2,Bachelor,,"AWS, Azure, SAP HANA, S/4 HANA, SAP NetWeaver",Hybrid,Part Time or Regular Full Time,8+ years,,
2859191,Principal Researcher (f/m/d) - Foundation and World Models on Structured Business Data,SAP SE,https://www.profession.hu/allas/principal-researcher-f-m-d-foundation-and-world-models-on-structured-business-data-sap-se-2859191?sessionId=ed7061b1d89e7c95ce70868e0e3baa03,2026-03-20,2026-03-25,True,,,"{'Language': 'English', 'CEFR Level': 'B2'}",PhD,Python,"PyTorch, TensorFlow",Hybrid,Full-time,3-5 years,,
2859189,Lead Research Engineer (f/m/d): Foundation and World Models on Structured Data,SAP SE,https://www.profession.hu/allas/lead-research-engineer-f-m-d-foundation-and-world-models-on-structured-data-sap-se-2859189?sessionId=ed7061b1d89e7c95ce70868e0e3baa03,2026-03-20,2026-03-25,True,Germany,,English: B2,"Master's degree in computer science, artificial intelligence, physics, mathematics or other relevant disciplines.",Python,"SAP, @SAP. MACHINE LEARNING",Hybrid,Full-time,5+ years,,
2859188,Senior Consultant Business (f/m/d) Data Strategy & Advisory - Data Architect,SAP SE,https://www.profession.hu/allas/senior-consultant-business-f-m-d-data-strategy-advisory-data-architect-sap-se-2859188?sessionId=ed7061b1d89e7c95ce70868e0e3baa03,2026-03-20,2026-03-25,True,Germany,,"{'Language': 'German', 'Level': 'B2'}, {'Language': 'English', 'Level': 'B2'}",Bachelor,,"SAP ANALYTICS CLOUD, @SAP. CHANGE MANAGEMENT",Hybrid,Full-time,1-3 years,,
2859186,Working Student (m/f/d) - Engineering Management for Adobe Cloud Platform,Adobe Systems Europe Limited,https://www.profession.hu/allas/working-student-m-f-d-engineering-management-for-adobe-cloud-platform-adobe-systems-europe-limited-2859186?sessionId=ed7061b1d89e7c95ce70868e0e3baa03,2026-03-20,2026-03-25,True,Németország,,English: B2,Egyetem,,"@ADOBE, ADOBE CLOUD","20 hours/week, flexibly arranged around your studies",Full-time,1-3 years,,
2859184,Research Data Engineer (m/f/x),Ruhr-Universität Bochum,https://www.profession.hu/allas/research-data-engineer-m-f-x-ruhr-universit-t-bochum-2859184?sessionId=ed7061b1d89e7c95ce70868e0e3baa03,2026-03-20,2026-03-25,True,Bochum,,"{'English': 'B2'}, {'German': 'B2'}",Master,Python,"XML, TEI XML, eXist-db, TEI Publisher","Part-time, Full-time",Research Associate,1-3 years,,
2859178,Principal Consultant (f/m/d) Business Data Strategy & Advisory - Data Architect (f/m/d),SAP SE,https://www.profession.hu/allas/principal-consultant-f-m-d-business-data-strategy-advisory-data-architect-f-m-d-sap-se-2859178?sessionId=ed7061b1d89e7c95ce70868e0e3baa03,2026-03-20,2026-03-25,True,Németország,,"English, German",Bachelor,,"SAP ANALYTICS CLOUD, CHANGE MANAGEMENT, AWS, AZURE, APACHE",Full-time,"Vollzeit, unbefristet",Berufserfahren,,
2859173,Researcher (m/f/x) – AI-Enhanced Streaming Data Systems,Ruhr-Universität Bochum,https://www.profession.hu/allas/researcher-m-f-x-ai-enhanced-streaming-data-systems-ruhr-universit-t-bochum-2859173?sessionId=ed7061b1d89e7c95ce70868e0e3baa03,2026-03-20,2026-03-25,True,Bochum,,"English: B2, German: B2",Master's or equivalent in computer science or a closely related field,Python,"DATABASE, PYTHON, LINUX, .HTML., MACHINE LEARNING, DATA MANAGEMENT",Hybrid,Full-time,1-3 years,,
2859170,Senior SAP Consultant FI/CO (f/m/div.),Bosch Gruppe,https://www.profession.hu/allas/senior-sap-consultant-fi-co-f-m-div-bosch-gruppe-2859170?sessionId=ed7061b1d89e7c95ce70868e0e3baa03,2026-03-20,2026-03-25,True,Wetzlar,,"English: B2, German: B2",Bachelor,,"SAP ERP/R3, S4/Hana",Hybrid,Full-time,1-3 years,,
2859169,Research associate (m/f/x),Ruhr-Universität Bochum,https://www.profession.hu/allas/research-associate-m-f-x-ruhr-universit-t-bochum-2859169?sessionId=ed7061b1d89e7c95ce70868e0e3baa03,2026-03-20,2026-03-23,False,Bochum,,English: B2,Master,Python,,Hybrid,Full-time,1-3 years,,
2859168,"full-time PhD position ( m,f,x) for 3 years with 39,83 hours per week",Ruhr-Universität Bochum,https://www.profession.hu/allas/full-time-phd-position-m-f-x-for-years-with-hours-per-week-ruhr-universit-t-bochum-2859168?sessionId=ed7061b1d89e7c95ce70868e0e3baa03,2026-03-20,2026-03-23,False,Ruhr metropolitan region,,English: B2,Master,,".HTML, SECURITY WORD",Hybrid,Full-time,1-3 years,,
2859167,"Postdoctoral Researcher (m,f,x) in Machine Learning Potentials, Theoretical Chemistry II, Research Alliance Ruhr",Ruhr-Universität Bochum,https://www.profession.hu/allas/postdoctoral-researcher-m-f-x-in-machine-learning-potentials-theoretical-chemistry-ii-research-alliance-ruhr-ruhr-universit-t-bochum-2859167?sessionId=ed7061b1d89e7c95ce70868e0e3baa03,2026-03-20,2026-03-25,True,Bochum,,"English: B2, German: B2",PhD,"Python, Fortran",,Full-time,Fixed-term,3-5 years,,
2859165,Researcher (m/f/x) on Autonomous Cloud-Edge Continuum Orchestration,Ruhr-Universität Bochum,https://www.profession.hu/allas/researcher-m-f-x-on-autonomous-cloud-edge-continuum-orchestration-ruhr-universit-t-bochum-2859165?sessionId=ed7061b1d89e7c95ce70868e0e3baa03,2026-03-20,2026-03-23,False,Bochum,,English: B2,"Master's degree in Electrical Engineering, Computer Science, Telecommunications, or a related field","Python, C/C++, Java","Kubernetes, ClusterAPI, PyTorch, JAX, ns-3, OMNeT++, FPGA, embedded systems",Hybrid,Full-time,1-3 years,,
2859162,Senior SAP Consultant CO (f/m/div.),Bosch Gruppe,https://www.profession.hu/allas/senior-sap-consultant-co-f-m-div-bosch-gruppe-2859162?sessionId=ed7061b1d89e7c95ce70868e0e3baa03,2026-03-20,2026-03-25,True,Wetzlar,,"English: B2, German: B2",Bachelor,,"SAP ERP/R3, S4/Hana",Hybrid,Full-time,1-3 years,,
2859157,Researcher (m/f/x) in Distributed Intelligence and Learning Across the Cloud-Edge Continuum,Ruhr-Universität Bochum,https://www.profession.hu/allas/researcher-m-f-x-in-distributed-intelligence-and-learning-across-the-cloud-edge-continuum-ruhr-universit-t-bochum-2859157?sessionId=ed7061b1d89e7c95ce70868e0e3baa03,2026-03-20,2026-03-23,False,Bochum,,"English: B2, German: B2","Master's degree in machine learning, computer science, or a related field","Python, C/C++, Java","PyTorch, JAX, ns-3, OMNeT++, FPGA, embedded systems",Hybrid,Full-time,1-3 years,,
2859149,Working Student (m/f/d) - Software Engineering for Adobe Cloud Platform,Adobe Systems Europe Limited,https://www.profession.hu/allas/working-student-m-f-d-software-engineering-for-adobe-cloud-platform-adobe-systems-europe-limited-2859149?sessionId=ed7061b1d89e7c95ce70868e0e3baa03,2026-03-20,2026-03-25,True,Hamburg,,"{'English': 'B2'}, {'German': 'B2'}",Bachelor,"Java, Spring Framework","ADOBE CLOUD, JAVA, AWS, TESTING, GIT",Hybrid,Full-time,1-3 years,,
2859146,"Researcher (75%, m/f/x) - Computational Linguistics",Ruhr-Universität Bochum,https://www.profession.hu/allas/researcher-m-f-x-computational-linguistics-ruhr-universit-t-bochum-2859146?sessionId=ed7061b1d89e7c95ce70868e0e3baa03,2026-03-20,2026-03-25,True,Bochum,,"{'English': 'B2'}, {'German': 'B2'}",Master's degree in computational linguistics or a related subject,Python,"HTML, MACHINE LEARNING",Part-time (29.87 hours/week = 75%),"Fixed-term, 42 months",1-3 years,,
2859141,Principal Consultant (f/m/d) Business Data Strategy & Advisory - Data Architect (f/m/d),SAP SE,https://www.profession.hu/allas/principal-consultant-f-m-d-business-data-strategy-advisory-data-architect-f-m-d-sap-se-2859141?sessionId=ed7061b1d89e7c95ce70868e0e3baa03,2026-03-20,2026-03-25,True,Németország,,"English, German",Bachelor,,"SAP ANALYTICS CLOUD, CHANGE MANAGEMENT, AWS, AZURE, APACHE",Full-time,"Vollzeit, unbefristet",Berufserfahren,,
2859138,Data Architect Global Program Lead (f/m/d),SAP SE,https://www.profession.hu/allas/data-architect-global-program-lead-f-m-d-sap-se-2859138?sessionId=ed7061b1d89e7c95ce70868e0e3baa03,2026-03-20,2026-03-25,True,Németország,,English: B2,Egyetem,,SAP @SAP,"Vollzeit, unbefristet",Full-time,1-3 years,,
2859137,"PhD researcher on German legal question answering (m,f,x)",Ruhr-Universität Bochum,https://www.profession.hu/allas/phd-researcher-on-german-legal-question-answering-m-f-x-ruhr-universit-t-bochum-2859137?sessionId=ed7061b1d89e7c95ce70868e0e3baa03,2026-03-20,2026-03-25,True,Bochum,,"{'English': 'C1'}, {'German': 'C1'}","Master degree in computer science or related fields (AI, mathematics, statistics)",,.HTML,Hybrid,Full-time,1-3 years,,
2859134,Research assistant (WHB) (m/f/x) with a Bachelor's degree,Ruhr-Universität Bochum,https://www.profession.hu/allas/research-assistant-whb-m-f-x-with-a-bachelor-s-degree-ruhr-universit-t-bochum-2859134?sessionId=ed7061b1d89e7c95ce70868e0e3baa03,2026-03-20,2026-03-22,False,Bochum,16.30 €/hour,English: B2,Bachelor's degree,"MATLAB, Python",,Part-time (8 hours/week),"Fixed-term, part-time",0-1 years,,
2859129,"PhD (m/f/x) for 3 years with 39,83 hours per week, TV-L E13",Ruhr-Universität Bochum,https://www.profession.hu/allas/phd-m-f-x-for-years-with-hours-per-week-tv-l-e-ruhr-universit-t-bochum-2859129?sessionId=ed7061b1d89e7c95ce70868e0e3baa03,2026-03-20,2026-03-25,True,Bochum,,English: B2,Master,Python,"Ansys Fluent, OpenFOAM",Full-time,Fixed-term,1-3 years,,
2859124,Principal Consultant (f/m/d) Business Data Strategy & Advisory - Data Architect (f/m/d),SAP SE,https://www.profession.hu/allas/principal-consultant-f-m-d-business-data-strategy-advisory-data-architect-f-m-d-sap-se-2859124?sessionId=ed7061b1d89e7c95ce70868e0e3baa03,2026-03-20,2026-03-25,True,Németország,,"English, German",Bachelor,,"SAP ANALYTICS CLOUD, CHANGE MANAGEMENT, AWS, AZURE, APACHE",Full-time,"Vollzeit, unbefristet",Berufserfahren,,
2859086,C++ Software Developer (f/m/d) for Speech Recognition and Understanding Systems,EML Speech Technology GmbH,https://www.profession.hu/allas/c-software-developer-f-m-d-for-speech-recognition-and-understanding-systems-eml-speech-technology-gmbh-2859086?sessionId=ed7061b1d89e7c95ce70868e0e3baa03,2026-03-20,2026-03-25,True,Németország,,English: B2,Főiskola,C++,"GIT, MAVEN, JENKINS",Home-Office,Full-time,1-3 years,,
2859082,Solution Architect (m/f/d) – Logistics,Techtronic Industries ELC GmbH,https://www.profession.hu/allas/solution-architect-m-f-d-logistics-techtronic-industries-elc-gmbh-2859082?sessionId=ed7061b1d89e7c95ce70868e0e3baa03,2026-03-20,2026-03-25,True,Winnenden,,English: B2,Bachelor,,"SAP S/4HANA, API, NETWORK, CLOUD, DATABASES, ERP, REST",On-site with home office,Full-time,1-3 years,,
2858659,"Senior Project Manager Digital Platforms, 80-100%",AO Foundation,https://www.profession.hu/allas/senior-project-manager-digital-platforms-ao-foundation-2858659?sessionId=ed7061b1d89e7c95ce70868e0e3baa03,2026-03-20,2026-03-25,True,Svájc,,Angol középfok,Középiskola,,"NETWORK SECURITY, CMS PROJECT MANAGEMENT",Teljes munkaidő Általános munkarend,Full-time,5-10 év tapasztalat,,
2858649,SAP ABAP / Fiori Developer,United Machining,https://www.profession.hu/allas/sap-abap-fiori-developer-united-machining-2858649?sessionId=ed7061b1d89e7c95ce70868e0e3baa03,2026-03-20,2026-03-25,True,Switzerland,,,Bachelor,"SAP ABAP, UI5","SAP Fiori, SAP Gateway, SE80/SE11, ALV, Forms (SmartForms/Adobe), CDS Views, REST APIs, Web IDE/BAS",Full-time,Full-time,5+ years,,
2858648,Senior SAP BTP & Cloud Integration Developer  100%,Franke Group,https://www.profession.hu/allas/senior-sap-btp-cloud-integration-developer-franke-group-2858648?sessionId=ed7061b1d89e7c95ce70868e0e3baa03,2026-03-20,2026-03-25,True,Aarburg,,English: B2,"Bachelor's or Master's degree in Computer Science, Business Informatics or a related field (or equivalent practical experience)","JavaScript, ABAP, SQL","SAP BTP, SAP CPI, SAP Fiori Elements, Azure Databricks, Git, CI/CD, Docker, Automated testing",On-site,Full-time,3-5 years,,
2858388,Programozó,DREAM4SYS Kft.,https://www.profession.hu/allas/programozo-dream-sys-kft-2858388?sessionId=ed7061b1d89e7c95ce70868e0e3baa03,2026-03-20,2026-03-25,True,,,English: B2,High School with Diploma,"MYSQL, JQUERY, JAVASCRIPT, GIT, BOOTSTRAP, LARAVEL, PHPUNIT, VUE, JIRA, CONFLUENCE, JENKINS","Laptop, MYSQL, JQUERY, JAVASCRIPT, GIT, BOOTSTRAP, LARAVEL, PHPUNIT, VUE, JIRA, CONFLUENCE, JENKINS",,Full-time,,,
2858384,SAFe Product Manager,DruIT Szolgáltató Zrt.,https://www.profession.hu/allas/safe-product-manager-druit-szolgaltato-zrt-2858384?sessionId=ed7061b1d89e7c95ce70868e0e3baa03,2026-03-20,2026-03-25,True,Budapest,,English: B2,Középiskola,,"API, AGILE, AGILIS",Hibrid,Teljes munkaidő,5-10 év tapasztalat,,
2858380,Machine Learning Engineering Manager - Identity Verification,SEON Technologies Kft.,https://www.profession.hu/allas/machine-learning-engineering-manager-identity-verification-seon-technologies-kft-2858380?sessionId=ed7061b1d89e7c95ce70868e0e3baa03,2026-03-20,2026-03-25,True,Budapest,,English: B2,Bachelor,"DOCKER, BACKEND, SECURITY, CLOUD, AWS, MACHINE LEARNING, FRONTEND, AGILE","DOCKER, KUBERNETES, TERRAFORM",Hybrid,Full-time,3-5 years,,
2858378,Senior Business Analyst,DruIT Szolgáltató Zrt.,https://www.profession.hu/allas/senior-business-analyst-druit-szolgaltato-zrt-2858378?sessionId=ed7061b1d89e7c95ce70868e0e3baa03,2026-03-20,2026-03-25,True,Budapest,,,Középiskola,,,Hibrid,Teljes munkaidő,5-10 év tapasztalat,,
2858376,Test Manager,DruIT Szolgáltató Zrt.,https://www.profession.hu/allas/test-manager-druit-szolgaltato-zrt-2858376?sessionId=ed7061b1d89e7c95ce70868e0e3baa03,2026-03-20,2026-03-23,False,Budapest,,English: B2,Főiskola (Bachelor),"Python, Robot Framework","GIT, JIRA, Gherkin",Hibrid,Teljes munkaidő (Full-time),3-5 év tapasztalat,,
2858373,Senior Test Automation Engineer – Mobile & Frontend: POS Customer Alkalmazások,DruIT Szolgáltató Zrt.,https://www.profession.hu/allas/senior-test-automation-engineer-mobile-frontend-pos-customer-alkalmazasok-druit-szolgaltato-zrt-2858373?sessionId=ed7061b1d89e7c95ce70868e0e3baa03,2026-03-20,2026-03-20,False,Budapest,,English: B2,Középiskola,"JIRA, TEST AUTOMATION, ANDROID, CONFLUENCE, FRONTEND, REACT","WebdriverIO, Appium, BrowserStack device-farm",Hibrid,Teljes munkaidő,5+ év,,
2858371,SAP FICO Consultant,NTT Magyarország Kft.,https://www.profession.hu/allas/sap-fico-consultant-ntt-magyarorszag-kft-2858371?sessionId=ed7061b1d89e7c95ce70868e0e3baa03,2026-03-20,2026-03-25,True,Budapest,,English: B2,Főiskola (Bachelor),"SAP ABAP, ABAP","SAP S/4 HANA, SAP FI-CO",Hybrid,Full-time,5-10 years,,
2858370,IT Business Analyst,GITMAX IT Services Zrt.,https://www.profession.hu/allas/it-business-analyst-gitmax-it-services-zrt-2858370?sessionId=ed7061b1d89e7c95ce70868e0e3baa03,2026-03-20,2026-03-25,True,,,"{'English': 'B2'}, {'Russian': 'B2'}, {'Ukrainian': 'B2'}",Középiskola,,"UML, AGILE, TESTING, SCRUM, BPMN",Általános munkarend,Teljes munkaidő,3-5 év tapasztalat,,
2858368,Java Fullstack Software Engineer,SEON Technologies Kft.,https://www.profession.hu/allas/java-fullstack-software-engineer-seon-technologies-kft-budapest-2858368?sessionId=ed7061b1d89e7c95ce70868e0e3baa03,2026-03-20,2026-03-25,True,Budapest,,{'English': 'C1'},Középiskola,"TypeScript, Java, SpringBoot, REST, RDBMS","Docker, AWS",Hybrid,Full-time,3-5 years,,
2858361,Senior Product Manager,SEON Technologies Kft.,https://www.profession.hu/allas/senior-product-manager-seon-technologies-kft-2858361?sessionId=ed7061b1d89e7c95ce70868e0e3baa03,2026-03-20,2026-03-25,True,Budapest,,English: B2,Bachelor,"REST, AGILE, SCRUM, JIRA, API, POSTMAN, DEBUGGING","ACCESS, ANALYTICS, TESTING",Hybrid,Full-time,5-10 years,,
2858359,Senior QA Manager,SEON Technologies Kft.,https://www.profession.hu/allas/senior-qa-manager-seon-technologies-kft-2858359?sessionId=ed7061b1d89e7c95ce70868e0e3baa03,2026-03-20,2026-03-25,True,Budapest,,,Bachelor,"Python, Java","JUNIT, SELENIUM, GIT, DATABASES, AUTOMATED TESTS",Hybrid,Full-time,3-5 years,,
2858357,Data Researcher (Client Relationships & Service),GITMAX IT Services Zrt.,https://www.profession.hu/allas/data-researcher-client-relationships-service-gitmax-it-services-zrt-2858357?sessionId=ed7061b1d89e7c95ce70868e0e3baa03,2026-03-20,2026-03-20,False,Kuala Lumpur,,,Bachelor,"Python, SQL","PYTHON, ACCESS, MACHINE LEARNING, SQL, TESTING, ANALYTICS",On-site with home office,Full-time,4-5 years,,
2858354,Senior Devops Engineer / Platform Reliability Engineer,DruIT Szolgáltató Zrt.,https://www.profession.hu/allas/senior-devops-engineer-platform-reliability-engineer-druit-szolgaltato-zrt-2858354?sessionId=ed7061b1d89e7c95ce70868e0e3baa03,2026-03-20,2026-03-25,True,Budapest,,"{'English': 'C1'}, {'Hungarian': 'C1'}",Középiskola,"Cloud DevOps, AWS, DOCKER, NETWORK, GIT","Terraform, Helm-chartok, Golden Docker-image-ek, Git-ops pipeline-ok",Hybrid,Full-time,3-5 years,,
2858353,"Senior Manager, Platform Engineering",SEON Technologies Kft.,https://www.profession.hu/allas/senior-manager-platform-engineering-seon-technologies-kft-2858353?sessionId=ed7061b1d89e7c95ce70868e0e3baa03,2026-03-20,2026-03-25,True,Budapest,,,"Bachelor's degree in Computer Science, Engineering, or related field (or equivalent practical experience)",,"CLOUD SECURITY, ISO, AWS, DEVOPS, JENKINS",Hybrid,Full-time,3-5 years,,
2858351,Open Banking / Fintech Strategy Expert,GITMAX IT Services Zrt.,https://www.profession.hu/allas/open-banking-fintech-strategy-expert-gitmax-it-services-zrt-2858351?sessionId=ed7061b1d89e7c95ce70868e0e3baa03,2026-03-20,2026-03-25,True,Tashkent,,,Bachelor,,,On-site,Full-time,5+ years,,
2858350,Engineering Manager - Identity Verification Full Stack Team,SEON Technologies Kft.,https://www.profession.hu/allas/engineering-manager-identity-verification-full-stack-team-seon-technologies-kft-2858350?sessionId=ed7061b1d89e7c95ce70868e0e3baa03,2026-03-20,2026-03-25,True,Budapest,,English: B2,Bachelor,"JavaScript, TypeScript, HTML5, CSS3, React, NodeJS","Docker, Kubernetes, AWS",Hybrid,Full-time,3-5 years,,
2858347,Product Manager,GITMAX IT Services Zrt.,https://www.profession.hu/allas/product-manager-gitmax-it-services-zrt-2858347?sessionId=ed7061b1d89e7c95ce70868e0e3baa03,2026-03-20,2026-03-25,True,,,"{'English': 'B2'}, {'Russian': 'B2'}",Bachelor,,"AGILE, SCRUM, ACCESS, KANBAN",Full-time,Full-time,3-5 years,,
2858343,Senior Product Designer,GITMAX IT Services Zrt.,https://www.profession.hu/allas/senior-product-designer-gitmax-it-services-zrt-2858343?sessionId=ed7061b1d89e7c95ce70868e0e3baa03,2026-03-20,2026-03-25,True,Magyarországon belül bárhonnan,,"English: C1, Russian",Középiskola,,"Figma, Adobe tools",Távmunka / Remote,Teljes munkaidő,3-5 év tapasztalat,,
2858337,QA Engineer (Manual + Automation | Desktop + Backend Integration),GITMAX IT Services Zrt.,https://www.profession.hu/allas/qa-engineer-manual-automation-desktop-backend-integration-gitmax-it-services-zrt-2858337?sessionId=ed7061b1d89e7c95ce70868e0e3baa03,2026-03-20,2026-03-25,True,,,English: B2,High School with Diploma,"JavaScript, TypeScript","JIRA, Confluence, CI, Windows, PostgreSQL, MySQL",Home-Office,Full-time,3-5 years,,
2858330,Senior Site Reliability Engineer,SEON Technologies Kft.,https://www.profession.hu/allas/senior-site-reliability-engineer-seon-technologies-kft-2858330?sessionId=ed7061b1d89e7c95ce70868e0e3baa03,2026-03-20,2026-03-25,True,Budapest,,,Középiskola,,"Prometheus, Grafana, ELK stack, Terraform, PagerDuty, Opsgenie",Hybrid,Full-time,6+ years,,
2858329,Senior IT Integrációs szakértő - szervező,DruIT Szolgáltató Zrt.,https://www.profession.hu/allas/senior-it-integracios-szakerto-szervezo-druit-szolgaltato-zrt-2858329?sessionId=ed7061b1d89e7c95ce70868e0e3baa03,2026-03-20,2026-03-25,True,Budapest,,English: B2,Középiskola,"LINUX, AIX, WINDOWS, SQL, DOCKER, GIT, DEVOPS, API, SVN, JIRA, HP CONFLUENCE, JENKINS, REST","LINUX, AIX, WINDOWS, SQL, DOCKER, GIT, DEVOPS, API, SVN, JIRA, HP CONFLUENCE, JENKINS, REST",Hibrid,Teljes munkaidő,,,
2858328,Java Developer,GITMAX IT Services Zrt.,https://www.profession.hu/allas/java-developer-gitmax-it-services-zrt-2858328?sessionId=ed7061b1d89e7c95ce70868e0e3baa03,2026-03-20,2026-03-25,True,,,English: B2,Középiskola,"Java, Spring, SQL","Docker, Agile, Scrum, DevOps, Debugging, Kanban",Full-time,Full-time,3-5 years,,
2858325,Senior Platform Engineer,SEON Technologies Kft.,https://www.profession.hu/allas/senior-platform-engineer-seon-technologies-kft-budapest-2858325?sessionId=ed7061b1d89e7c95ce70868e0e3baa03,2026-03-20,2026-03-23,False,Budapest,,{'English': 'CEFR B2'},Bachelor,"Go, Python","Terraform, Kubernetes, AWS, Grafana, Prometheus, Open Policy Agent (OPA), GitHub Actions",Hybrid,Full-time,5+ years,,
2858323,SAP Functional Consultant,NTT Magyarország Kft.,https://www.profession.hu/allas/sap-functional-consultant-ntt-magyarorszag-kft-2858323?sessionId=ed7061b1d89e7c95ce70868e0e3baa03,2026-03-20,2026-03-23,False,Budapest,,"English: B2, Hungarian: B2",Főiskola (College),ABAP,"SAP S/4 HANA, SAP ABAP PROJECT MANAGEMENT TESTING ACCESS DEBUGGING",Hybrid,Full-time,,,
2858320,Product Owner,DruIT Szolgáltató Zrt.,https://www.profession.hu/allas/product-owner-druit-szolgaltato-zrt-2858320?sessionId=ed7061b1d89e7c95ce70868e0e3baa03,2026-03-20,2026-03-25,True,Budapest,,English: B2,Középiskola,,"AGILIS, SCRUM, API, JIRA, CONFLUENCE",Hibrid,Teljes munkaidő,5-10 év tapasztalat,,
2858314,Senior Full-Stack Engineer (Customer Platform),SEON Technologies Kft.,https://www.profession.hu/allas/senior-full-stack-engineer-customer-platform-seon-technologies-kft-2858314?sessionId=ed7061b1d89e7c95ce70868e0e3baa03,2026-03-20,2026-03-25,True,Budapest,,,Középiskola,,,Hybrid,Full-time,,,
2858311,Senior Product Designer,SEON Technologies Kft.,https://www.profession.hu/allas/senior-product-designer-seon-technologies-kft-budapest-2858311?sessionId=ed7061b1d89e7c95ce70868e0e3baa03,2026-03-20,2026-03-23,False,Budapest,,English: C1,Bachelor,,Figma,Hybrid,Full-time,5+ years,,
2856768,CI Coordinator,Manpower SA,https://www.profession.hu/allas/ci-coordinator-manpower-sa-2856768?sessionId=ed7061b1d89e7c95ce70868e0e3baa03,2026-03-20,2026-03-25,True,Neuchâtel,,,Középiskola,"Excel, SQL","ANALYTICS, JSON, BI, SQL, DATABASES, CLOUD, CI, POWER BI, EXCEL",Full-time,Full-time,1-3 years,,
2844341,Render Wrangler,Puppetworks Budapest Produkciós Kft.,https://www.profession.hu/allas/render-wrangler-puppetworks-budapest-produkcios-kft-2844341?sessionId=ed7061b1d89e7c95ce70868e0e3baa03,2026-03-20,2026-03-25,True,Budapest,,"English: B2, Hungarian: B2",High School with Diploma,"Autodesk Maya, Nuke, 3D Studio Max",Deadline,On-site,Full-time,,,
2845407,System Trainer (f/m/d),The Stepstone Group GmbH,https://www.profession.hu/allas/system-trainer-f-m-d-the-stepstone-group-gmbh-2845407?sessionId=ed7061b1d89e7c95ce70868e0e3baa03,2026-03-20,2026-03-23,False,Germany,,"English: B2, German: B2",Bachelor,,"CRM, ERP, CLOUD, CHANGE MANAGEMENT, AGILE",Hybrid,Full-time,1-3 years,,
2860308,Self-Sovereign Identity Software Engineer,High Tech Engineering Center Kft.,https://www.profession.hu/allas/self-sovereign-identity-software-engineer-high-tech-engineering-center-kft-2860308?sessionId=ed7061b1d89e7c95ce70868e0e3baa03,2026-03-22,2026-03-25,True,,,,High School with Diploma,Rust,"Hyperledger Aries, DIF, Identity Wallets, W3C Verifiable Credentials",Full-time,Full-time,,,
2860298,Szoftvertesztelő,DruIT Szolgáltató Zrt.,https://www.profession.hu/allas/szoftvertesztelo-druit-szolgaltato-zrt-2860298?sessionId=ed7061b1d89e7c95ce70868e0e3baa03,2026-03-22,2026-03-25,True,Budapest,,English: B2,Bachelor,C,"GIT, ISTQB, AGILIS C, JIRA, JENKINS, SECURITY",Hybrid,Full-time,3-5 years,,
2858317,Senior IT Alkalmazás Rendszerszervező – ATM rendszerek,DruIT Szolgáltató Zrt.,https://www.profession.hu/allas/senior-it-alkalmazas-rendszerszervezo-atm-rendszerek-druit-szolgaltato-zrt-2858317?sessionId=ed7061b1d89e7c95ce70868e0e3baa03,2026-03-22,2026-03-25,True,Budapest,,English: B2,Középiskola,,"UAT, BRS, SRS",Hibrid,Teljes munkaidő,5-10 év,,
2858340,"Senior Java Software Engineer, Data Enrichment",SEON Technologies Kft.,https://www.profession.hu/allas/senior-java-software-engineer-data-enrichment-seon-technologies-kft-2858340?sessionId=ed7061b1d89e7c95ce70868e0e3baa03,2026-03-22,2026-03-25,True,Budapest,,,Középiskola,,WORD ACCESS,Hybrid,Full-time,,,
2858322,Full-Stack Engineer (Node.js),SEON Technologies Kft.,https://www.profession.hu/allas/full-stack-engineer-node-js-seon-technologies-kft-2858322?sessionId=ed7061b1d89e7c95ce70868e0e3baa03,2026-03-22,2026-03-23,False,Budapest,,English: B2,Középiskola,"TypeScript, JavaScript","JAVASCRIPT, NODE.JS, CLOUD, POSTGRESQL, NOSQL DATABASES, TESTING, AWS API ACCESS",Hybrid,Full-time,,,
2858369,Senior Test Engineer,SEON Technologies Kft.,https://www.profession.hu/allas/senior-test-engineer-seon-technologies-kft-2858369?sessionId=ed7061b1d89e7c95ce70868e0e3baa03,2026-03-22,2026-03-25,True,Budapest,,,Középiskola,,,Hybrid,Full-time,,,
2858349,Enterprise Architect - Payment fókusszal,DruIT Szolgáltató Zrt.,https://www.profession.hu/allas/enterprise-architect-payment-fokusszal-druit-szolgaltato-zrt-2858349?sessionId=ed7061b1d89e7c95ce70868e0e3baa03,2026-03-22,2026-03-25,True,Budapest,,English: B2,Középiskola,,,Általános munkarend,Teljes munkaidő,3-5 years,,
2860275,Senior Full Stack Engineer,NVIDIA Hungary Kft.,https://www.profession.hu/allas/senior-full-stack-engineer-nvidia-hungary-kft-2860275?sessionId=ed7061b1d89e7c95ce70868e0e3baa03,2026-03-22,2026-03-23,False,Budapest,,English: B2,Bachelor,"Angular, React, Vue, Python","AWS, Docker, MongoDB, Apache Cloud",,Full-time,5+ years,,
2850383,Quality Manager in Energy Infrastructure,Accenture Korlátolt Felelősségű Társaság,https://www.profession.hu/allas/quality-manager-in-energy-infrastructure-accenture-korlatolt-felelossegu-tarsasag-2850383?sessionId=ed7061b1d89e7c95ce70868e0e3baa03,2026-03-22,2026-03-25,True,Budapest,,"English: B2, German: B2",Bachelor,,,Hybrid,Full-time,0-1 years,,
2861667,AFR rendszerszervező,MBH Bank Nyrt.,https://www.profession.hu/allas/afr-rendszerszervezo-mbh-bank-nyrt-2861667?sessionId=ed7061b1d89e7c95ce70868e0e3baa03,2026-03-23,2026-03-25,True,Budapest,,English: B2,Főiskola (Bachelor),,SWIFT,Hybrid,Full-time,3-5 years,,
2861666,Arksys rendszerszervező,MBH Bank Nyrt.,https://www.profession.hu/allas/arksys-rendszerszervezo-mbh-bank-nyrt-2861666?sessionId=ed7061b1d89e7c95ce70868e0e3baa03,2026-03-23,2026-03-25,True,Budapest,,English: B2,Főiskola (College),"SQL, DEVOPS","JIRA, UAT",Hybrid,Full-time,1-3 years,,
2861099,"Számlázási rendszerek szakértő (Budapest, Debrecen, Győr, Pécs, Zalaegerszeg)",E.ON Ügyfélszolgálati Kft.,https://www.profession.hu/allas/szamlazasi-rendszerek-szakerto-budapest-debrecen-gyor-pecs-zalaegerszeg-e-on-ugyfelszolgalati-kft-budapest-2861099?sessionId=ed7061b1d89e7c95ce70868e0e3baa03,2026-03-23,2026-03-25,True,Budapest,,,Főiskola,,SAP,Általános munkarend,Teljes munkaidő,1-3 év tapasztalat,,
2860959,Junior portfolio manager,Fundamenta-Lakáskassza Zrt.,https://www.profession.hu/allas/junior-portfolio-manager-fundamenta-lakaskassza-zrt-budapest-2860959?sessionId=ed7061b1d89e7c95ce70868e0e3baa03,2026-03-23,2026-03-25,True,Budapest,,,Főiskola,,"JIRA, Confluence","Rugalmas munkaidő, home office lehetősége",Teljes munkaidő Alkalmazotti jogviszony,1-3 év tapasztalat,,
2860997,IT üzleti elemző | IT Business Analyst,Bosch Group,https://www.profession.hu/allas/it-uzleti-elemzo-it-business-analyst-bosch-group-2860997?sessionId=ed7061b1d89e7c95ce70868e0e3baa03,2026-03-23,2026-03-25,True,Heves megye,,English: B2,Egyetem,"POWERBI, SQL, PYTHON",Power Aps,Teljes munkaidő Általános munkarend,Full-time,3-5 év tapasztalat,,
2860996,Adatszakértő | Data Scientist,Bosch Group,https://www.profession.hu/allas/adatszakerto-data-scientist-bosch-group-2860996?sessionId=ed7061b1d89e7c95ce70868e0e3baa03,2026-03-23,2026-03-25,True,Heves megye,,English: B2,Bachelor,"Python, SQL","GIT, MYSQL, POSTGRESQL, MONGODB, LINUX, WINDOWS",On-site with home office,Full-time,3-5 years,,
2860712,Szenior Beágyazott Szoftverfejlesztő,UNIX AUTÓ KFT.,https://www.profession.hu/allas/szenior-beagyazott-szoftverfejleszto-unix-auto-kft-budapest-2860712?sessionId=ed7061b1d89e7c95ce70868e0e3baa03,2026-03-23,2026-03-25,True,Budapest,,,Főiskola,"C/C++, ARM","Linux, Git, Bash, CI/CD, Buildroot/Yocto",On-site,Full-time,3-5 years,,
2857579,JAVA fejlesztő (határozott idejű szerződés),MFB Zrt.,https://www.profession.hu/allas/java-fejleszto-hatarozott-ideju-szerzodes-mfb-zrt-budapest-2857579/pro?sessionId=ed7061b1d89e7c95ce70868e0e3baa03,2026-03-23,2026-03-25,True,Budapest,,,Középiskola,Java,"Git, Spring Boot, Spring Security, Oracle, PostgreSQL",Teljes munkaidő (Full-time),Határozott idejű (Fixed-term),3-5 év tapasztalat,,
2860895,Projektmenedzser,Tokaj-Hegyalja Egyetem,https://www.profession.hu/allas/projektmenedzser-tokaj-hegyalja-egyetem-sarospatak-2860895?sessionId=ed7061b1d89e7c95ce70868e0e3baa03,2026-03-23,2026-03-25,True,Sárospatak,,English,"Felsőfokú végzettség (pénzügyi, gazdasági területen)",,MS OFFICE,Határozatlan idejű munkaszerződés,Teljes munkaidő,5-10 év tapasztalat,,
2860892,Adattárház és BI üzleti elemző,MVM Next Energiakereskedelmi Zrt.,https://www.profession.hu/allas/adattarhaz-es-bi-uzleti-elemzo-mvm-next-energiakereskedelmi-zrt-budapest-2860892?sessionId=ed7061b1d89e7c95ce70868e0e3baa03,2026-03-23,2026-03-25,True,Budapest,,,Főiskola,,"ADATTÁRHÁZ, BI, SQL, MS OFFICE, POWER BI",Általános munkarend,Teljes munkaidő,5-10 év tapasztalat,,
2860567,Software Product Manager,4FLOW,https://www.profession.hu/allas/software-product-manager-flow-budapest-2860567?sessionId=ed7061b1d89e7c95ce70868e0e3baa03,2026-03-23,2026-03-25,True,Budapest,,English: B2,"Bachelor's or Master's degree in Business Administration, Computer Science, Engineering or a related field",,,Hybrid (remote work possible),Full-time,2-5 years,,
2860526,Junior IT Auditor,KPMG Tanácsadó Kft.,https://www.profession.hu/allas/junior-it-auditor-kpmg-tanacsado-kft-2860526?sessionId=ed7061b1d89e7c95ce70868e0e3baa03,2026-03-23,2026-03-25,True,Budapest,,"English: B2, Hungarian: Native",Főiskola (College),,MICROSOFT OFFICE ISO,Hybrid,Full-time,Pályakezdő/friss diplomás (0-1 years),,
2860512,IT business analyst,Microsec zrt.,https://www.profession.hu/allas/it-business-analyst-microsec-zrt-budapest-2860512?sessionId=ed7061b1d89e7c95ce70868e0e3baa03,2026-03-23,2026-03-25,True,Budapest,,English: B2,Főiskola,"JIRA, SQL, SCRUM, GIT, VISIO, SVN","Laptop, Monitor (2 db)",Általános munkarend,Teljes munkaidő,1-3 év tapasztalat,,
2860509,Tesztautomatizáló mérnök,Raiffeisen Software GmbH Magyarországi,https://www.profession.hu/allas/tesztautomatizalo-mernok-raiffeisen-software-gmbh-magyarorszagi-budapest-2860509?sessionId=ed7061b1d89e7c95ce70868e0e3baa03,2026-03-23,2026-03-25,True,Budapest,,Német középfok,Középiskola,,"Powershell, Groovy, Postman, JMeter, Jenkins",Hybrid,Full-time,1-3 years,,
2861112,IT gyakornok - diákmunka,Mind-Diák Szövetkezet,https://www.profession.hu/allas/it-gyakornok-diakmunka-mind-diak-szovetkezet-2861112?sessionId=ed7061b1d89e7c95ce70868e0e3baa03,2026-03-23,2026-03-25,True,Budapest,2500 Ft/óra,English: B2,Általános iskola,,DYNAMICS,"Rugalmasság, strukturáltság, fogékonyság a részletek iránt, türelem és kitartás",Diákmunka,,,
2861067,Teszt technikus ( SMT gyártás ),Cloud Network Technology Kft.,https://www.profession.hu/allas/teszt-technikus-smt-gyartas-cloud-network-technology-kft-komarom-2861067?sessionId=ed7061b1d89e7c95ce70868e0e3baa03,2026-03-23,2026-03-25,True,Komárom,,English: B2,Középiskola,,,Általános munkarend (3 műszakos),Teljes munkaidő,1-3 év,,
2860831,Webshop junior adminisztrátor - diákmunka,Mind-Diák Szövetkezet,https://www.profession.hu/allas/webshop-junior-adminisztrator-diakmunka-mind-diak-szovetkezet-pilisjaszfalu-2860831?sessionId=ed7061b1d89e7c95ce70868e0e3baa03,2026-03-23,2026-03-25,True,Pilisjászfalu,2700 Ft/óra,English: B2,Általános iskola,,,"Részmunkaidő, Általános munkarend",Diákmunka,,,
2860597,SENIOR RENDSZERSZERVEZŐ (Dokumentum menedzsent terület),Raiffeisen Bank Zrt.,https://www.profession.hu/allas/senior-rendszerszervezo-dokumentum-menedzsent-terulet-raiffeisen-bank-zrt-budapest-2860597?sessionId=ed7061b1d89e7c95ce70868e0e3baa03,2026-03-23,2026-03-25,True,Budapest,,English: B2,Főiskola,"Java, SQL","ERP, CRM, API, ORACLE, AWS, MIDDLEWARE, ACTIVE DIRECTORY, JIRA, GDPR",Hibrid,Teljes munkaidő,1-3 év,,
2861659,Manuális tesztelő (medior),Peerson,https://www.profession.hu/allas/manualis-tesztelo-medior-peerson-budapest-2861659?sessionId=ed7061b1d89e7c95ce70868e0e3baa03,2026-03-23,2026-03-25,True,Budapest,,English: B2,Főiskola,,"Postman, MS SQL",Hybrid,Full-time,3-5 years,,
2861658,Senior IT business analyst,Peerson,https://www.profession.hu/allas/senior-it-business-analyst-peerson-budapest-2861658?sessionId=ed7061b1d89e7c95ce70868e0e3baa03,2026-03-23,2026-03-25,True,Budapest,,English: Felsőfok,Egyetem,,,Hibrid,Teljes munkaidő,5-10 év,,
2861654,Senior Data Engineer (all genders) Video,ParshipMeet Group,https://www.profession.hu/allas/senior-data-engineer-all-genders-video-parshipmeet-group-2861654?sessionId=ed7061b1d89e7c95ce70868e0e3baa03,2026-03-23,2026-03-25,True,Németország,,English: B2,Egyetem,"Python, Airflow/Cloud Composer","BigQuery, Cloud Spanner, Docker, MongoDB, PostgreSQL, GDPR CI",,Teljes munkaidő,1-3 év tapasztalat,,
2861652,Java Engineer (all genders),ParshipMeet Group,https://www.profession.hu/allas/java-engineer-all-genders-parshipmeet-group-2861652?sessionId=ed7061b1d89e7c95ce70868e0e3baa03,2026-03-23,2026-03-25,True,Németország,,"English: B2, German: B2",Egyetem,"Java, Spring","Git, CI/CD pipelines (GitLab), Container-based deployments",Full-time,Full-time,1-3 years,,
2861649,.Net Engineer (all genders),ParshipMeet Group,https://www.profession.hu/allas/net-engineer-all-genders-parshipmeet-group-2861649?sessionId=ed7061b1d89e7c95ce70868e0e3baa03,2026-03-23,2026-03-25,True,Németország,,"{'English': 'B2'}, {'German': 'B2+'}",Egyetem,.NET,"BACKEND TESTING, CLEAN CODE, AGILE, KANBAN, SCRUM",Full-time,Teljes munkaidő,1-3 év tapasztalat,,
2861642,Lead Product Analyst (all genders),ParshipMeet Group,https://www.profession.hu/allas/lead-product-analyst-all-genders-parshipmeet-group-2861642?sessionId=ed7061b1d89e7c95ce70868e0e3baa03,2026-03-23,2026-03-25,True,Németország,,English: B2,Középiskola,"Python, R, SQL","ANALYTICS, BI TABLEAU POWER BI",Part-time opportunities,Full-time,5+ years,,
2861641,ServiceNow Developer (m/f/d),Moch.IT GmbH,https://www.profession.hu/allas/servicenow-developer-m-f-d-moch-it-gmbh-2861641?sessionId=ed7061b1d89e7c95ce70868e0e3baa03,2026-03-23,2026-03-25,True,Hannover,"€55,000 EUR gross/year",German: B2,Bachelor,"JavaScript, Glide, Flow Designer, IntegrationHub",ServiceNow,On-site,Full-time,2-5 years,,
2861634,FullStack Developer (m/f/d),TorAlarm GmbH,https://www.profession.hu/allas/fullstack-developer-m-f-d-toralarm-gmbh-2861634?sessionId=ed7061b1d89e7c95ce70868e0e3baa03,2026-03-23,2026-03-25,True,Németország,,English: B2,Középiskola,"JS/Typescript, Go","AWS, CMS, CLOUD, MYSQL",On-site,Full-time,3-5 years,,
2861623,Senior Contact Center Solution Architect / Pre-Sales Lead (m/f/d) - Tieto Tech Consulting,Tieto Germany GmbH,https://www.profession.hu/allas/senior-contact-center-solution-architect-pre-sales-lead-m-f-d-tieto-tech-consulting-tieto-germany-gmbh-2861623?sessionId=ed7061b1d89e7c95ce70868e0e3baa03,2026-03-23,2026-03-25,True,"Vienna, Linz, Graz, Berlin, Regensburg",,"English: C1, German: C1",Bachelor,,"DYNAMICS CRM CLOUD, Genesys (Cloud or Engage), Novomind",Hybrid,Full-time,3-5 years,,
2861621,SAP Solution Architect (m/f/d) [Full-time / part-time] - Tieto Tech Consulting,Tieto Germany GmbH,https://www.profession.hu/allas/sap-solution-architect-m-f-d-full-time-part-time-tieto-tech-consulting-tieto-germany-gmbh-2861621?sessionId=ed7061b1d89e7c95ce70868e0e3baa03,2026-03-23,2026-03-25,True,"Vienna, Linz, Graz, Berlin, Regensburg",,"['English'], ['German']",High School with Diploma,SAP CLOUD,"SAP S/4HANA, SAP BTP",Hybrid,Full-time,1-3 years,,
2861619,Bid Manager (m/f/d) - Tieto Tech Consulting,Tieto Germany GmbH,https://www.profession.hu/allas/bid-manager-m-f-d-tieto-tech-consulting-tieto-germany-gmbh-2861619?sessionId=ed7061b1d89e7c95ce70868e0e3baa03,2026-03-23,2026-03-25,True,Germany,,German: B2,Bachelor,,,Hybrid,Full-time,1-3 years,,
2861617,SAP S/4HANA Public Cloud Finance Consultant (m/f/d) [Full-time / part-time] - Tieto Tech Consulting,Tieto Germany GmbH,https://www.profession.hu/allas/sap-s-hana-public-cloud-finance-consultant-m-f-d-full-time-part-time-tieto-tech-consulting-tieto-germany-gmbh-2861617?sessionId=ed7061b1d89e7c95ce70868e0e3baa03,2026-03-23,2026-03-25,True,"Vienna, Linz, Graz, Berlin, Regensburg",,"English: C1, German: C1",Bachelor,,SAP S/4HANA Public Cloud,Hybrid,Full-time,3-5 years,,
2861613,(Senior) Web Developer (m/f/d) - Tieto Tech Consulting,Tieto Germany GmbH,https://www.profession.hu/allas/senior-web-developer-m-f-d-tieto-tech-consulting-tieto-germany-gmbh-2861613?sessionId=ed7061b1d89e7c95ce70868e0e3baa03,2026-03-23,2026-03-25,True,"Vienna, Linz, Graz, Berlin",,"{'English': 'B2'}, {'German': 'B2'}",Bachelor,"React, Angular","Azure, C ASP.NET",Hybrid,Full-time,3-5 years,,
2861612,(Senior) Fullstack Developer (m/f/d) - Tieto Tech Consulting,Tieto Germany GmbH,https://www.profession.hu/allas/senior-fullstack-developer-m-f-d-tieto-tech-consulting-tieto-germany-gmbh-2861612?sessionId=ed7061b1d89e7c95ce70868e0e3baa03,2026-03-23,2026-03-25,True,"Vienna, Linz, Graz, Berlin",,"{'English': 'B2'}, {'German': 'B2'}",Bachelor,"React, Angular, Java, C#","Azure, GitHub Copilot",Hybrid,Full-time,4+ years,,
2861601,Working student Requirements Engineering for CDCC2.0 Baselayer Software Development,Mercedes-Benz AG,https://www.profession.hu/allas/working-student-requirements-engineering-for-cdcc-baselayer-software-development-mercedes-benz-ag-2861601?sessionId=ed7061b1d89e7c95ce70868e0e3baa03,2026-03-23,2026-03-25,True,Sindelfingen,,"English: B2, German: B2",Bachelor,"MS Office, SCRUM",HARDWARE TESTING,Hybrid,Full-time,1-3 years,,
2861599,Senior Account Executive / Expert (f/m/d) Public Sector statutory accident insurance,SAP SE,https://www.profession.hu/allas/senior-account-executive-expert-f-m-d-public-sector-statutory-accident-insurance-sap-se-2861599?sessionId=ed7061b1d89e7c95ce70868e0e3baa03,2026-03-23,2026-03-25,True,Németország,,"English: Business, German: Business",Középiskola,,,Virtuell - Deutschland,"Vollzeit, unbefristet",7+ years,,
2861595,Business Processes (Senior) Consultant (f/m/d) for SAP Enterprise Asset Management in CoE EMEA,SAP SE,https://www.profession.hu/allas/business-processes-senior-consultant-f-m-d-for-sap-enterprise-asset-management-in-coe-emea-sap-se-2861595?sessionId=ed7061b1d89e7c95ce70868e0e3baa03,2026-03-23,2026-03-25,True,,,"{'Language': 'English', 'Level': 'B2'}",Bachelor,ABAP,,Hybrid,Full-time,5+ years,,
2861594,SAP AI Engineering Architect (m/f/d),SAP SE,https://www.profession.hu/allas/sap-ai-engineering-architect-m-f-d-sap-se-2861594?sessionId=ed7061b1d89e7c95ce70868e0e3baa03,2026-03-23,2026-03-25,True,Németország,,"English: B2, German: B2","Bachelor's or Master's degree in Computer Science, Engineering, or related field","Python, Java, JavaScript","SAP ANALYTICS SECURITY, CLOUD, JAVASCRIPT, HTML, @SAP. MACHINE LEARNING",,Full-time,1-3 years,,
2861593,(Senior) AI Architect (f/m/d),SAP SE,https://www.profession.hu/allas/senior-ai-architect-f-m-d-sap-se-2861593?sessionId=ed7061b1d89e7c95ce70868e0e3baa03,2026-03-23,2026-03-25,True,Germany,,"{'Language': 'German', 'Level': 'B2'}, {'Language': 'English', 'Level': 'B2'}","Bachelor's or Master's degree in Artificial Intelligence, Computer Science, Information Systems, or a related field",,"SAP Business AI, SAP Business Technology Platform, GenAI Hub",Full-time,"Vollzeit, unbefristet",1-3 years,,
2861591,(Senior) Cybersecurity Specialist – IT Resilience & Threat Intelligence (m/f/d),EOS Holding,https://www.profession.hu/allas/senior-cybersecurity-specialist-it-resilience-threat-intelligence-m-f-d-eos-holding-2861591?sessionId=ed7061b1d89e7c95ce70868e0e3baa03,2026-03-23,2026-03-25,True,Germany,,"English: C1, German: B2",Bachelor,,"BACKUP, SECURITY, TESTING, ISO, NETWORK, CLOUD, DEVOPS, INCIDENT MANAGEMENT",Hybrid,Full-time,5+ years,,
2861588,Configuration Management Expert,Utimaco GmbH,https://www.profession.hu/allas/configuration-management-expert-utimaco-gmbh-2861588?sessionId=ed7061b1d89e7c95ce70868e0e3baa03,2026-03-23,2026-03-25,True,Németország,,English: B2,Középiskola,"C++, GIT, C, JAVA, JENKINS",,Teljes munkaidő Általános munkarend,Full-time,1-3 év tapasztalat,,
2861587,Development Architect (f/m/d) for SAP Production Planning and Detailed Scheduling (PP/DS),SAP SE,https://www.profession.hu/allas/development-architect-f-m-d-for-sap-production-planning-and-detailed-scheduling-pp-ds-sap-se-2861587?sessionId=ed7061b1d89e7c95ce70868e0e3baa03,2026-03-23,2026-03-23,False,Walldorf,,"English: B2, German: B2","University degree in Computer Science, Engineering, or a related field","ABAP, RAP, CDS, OData, Fiori/UI5",,Hybrid,Full-time,5+ years,,
2861585,DevOps Engineer,Utimaco GmbH,https://www.profession.hu/allas/devops-engineer-utimaco-gmbh-2861585?sessionId=ed7061b1d89e7c95ce70868e0e3baa03,2026-03-23,2026-03-25,True,Németország,,English: B2,Egyetem,"C++, JAVA, C, GIT, JENKINS","DEVOPS, CMake, make, git",Általános munkarend (Full-time),Teljes munkaidő,1-3 év tapasztalat,,
2861584,(Senior) Data Engineer (m/f/d) - Tieto Tech Consulting,Tieto Germany GmbH,https://www.profession.hu/allas/senior-data-engineer-m-f-d-tieto-tech-consulting-tieto-germany-gmbh-2861584?sessionId=ed7061b1d89e7c95ce70868e0e3baa03,2026-03-23,2026-03-25,True,"Vienna, Linz, Graz, Berlin, Regensburg",,"{'English': 'C1'}, {'German': 'C1'}",Bachelor,,"Git, Azure, Databricks, Microsoft Fabric",Hybrid,Full-time,3-5 years,,
2861578,Head of IT Security / Cybersecurity (m/f/d),KRAFT VON WANTOCH GmbH,https://www.profession.hu/allas/head-of-it-security-cybersecurity-m-f-d-kraft-von-wantoch-gmbh-2861578?sessionId=ed7061b1d89e7c95ce70868e0e3baa03,2026-03-23,2026-03-25,True,Frankfurt am Main,,"English: B2, German: B2","Master's or bachelor's degree in computer science, information security, or a related field",,"Splunk, Microsoft Defender, Azure services (Entra ID, Conditional Access)",Hybrid,Full-time,10+ years,,
2861570,Product Manager - SAP Managed Cloud Services (f/m/d),NTT DATA Business Solutions AG,https://www.profession.hu/allas/product-manager-sap-managed-cloud-services-f-m-d-ntt-data-business-solutions-ag-2861570?sessionId=ed7061b1d89e7c95ce70868e0e3baa03,2026-03-23,2026-03-25,True,"Germany, Romania or Bulgaria",,"English: B2, German: B1",Bachelor,,"SAP CLOUD, AZURE, AWS, NETWORK",Hybrid,Full-time,3-5 years,,
2861566,Product Manager - SAP Application Management Services (f/m/d),NTT DATA Business Solutions AG,https://www.profession.hu/allas/product-manager-sap-application-management-services-f-m-d-ntt-data-business-solutions-ag-2861566?sessionId=ed7061b1d89e7c95ce70868e0e3baa03,2026-03-23,2026-03-25,True,"Germany, Romania, Bulgaria",,"{'English': 'C1'}, {'German': 'B2'}",Bachelor,,SAP CLOUD ERP NETWORK SAP,Hybrid,Full-time,3-5 years,,
2861541,Senior Expert IT Service Transformation Energy Networks (f/m/d),E.ON,https://www.profession.hu/allas/senior-expert-it-service-transformation-energy-networks-f-m-d-e-on-2861541?sessionId=ed7061b1d89e7c95ce70868e0e3baa03,2026-03-23,2026-03-25,True,Germany,,"English: B2, German: B2",Bachelor,,"CLOUD, ITIL, SECURITY, ACCESS SERVICE MANAGEMENT, AGILE PROJECT MANAGEMENT",Hybrid,Full-time,3-5 years,,
2861331,"Lufthansa Technik Graduate Management Trainee Program ""StartTechnik"" - IT / Digital Program",Lufthansa Technik AG,https://www.profession.hu/allas/lufthansa-technik-graduate-management-trainee-program-starttechnik-it-digital-program-lufthansa-technik-ag-2861331?sessionId=ed7061b1d89e7c95ce70868e0e3baa03,2026-03-23,2026-03-25,True,Germany,,"English: B2, German: B2","Master's degree in (Business-) Informatics, Data Science, IT-Management or similar",,CLOUD HARDWARE,Hybrid,Full-time,1-3 years,,
2861326,Research Data Infrastructure Engineer,Deutsches Krebsforschungszentrum DKFZ,https://www.profession.hu/allas/research-data-infrastructure-engineer-deutsches-krebsforschungszentrum-dkfz-2861326?sessionId=ed7061b1d89e7c95ce70868e0e3baa03,2026-03-23,2026-03-25,True,Germany,,English: B2,"Master's degree in computer science, bioinformatics, mathematics, physics, or similar background","Python, Linux","Kubernetes, Helm charts, Pulumi, Terraform, ArgoCD",Hybrid,Full-time,1-3 years,,
2861315,Cloud DevOps Engineer – Azure (all genders),Roland Berger Holding GmbH & Co. KGaA,https://www.profession.hu/allas/cloud-devops-engineer-azure-all-genders-roland-berger-holding-gmbh-co-kgaa-2861315?sessionId=ed7061b1d89e7c95ce70868e0e3baa03,2026-03-23,2026-03-25,True,Németország,,English: B2,"University degree in computer science, business informatics or a comparable technical field",,"CLOUD DEVOPS, AZURE, Terraform, Bicep, CI / CD automation",Full-time,Full-time,1-3 years,,
2861298,SAP DevOps Engineer (f/m/d),E.ON Digital Technology GmbH,https://www.profession.hu/allas/sap-devops-engineer-f-m-d-e-on-digital-technology-gmbh-2861298?sessionId=ed7061b1d89e7c95ce70868e0e3baa03,2026-03-23,2026-03-25,True,Germany,,English: B2,Bachelor,"Bash, Groovy","SAP DEVOPS, CLOUD SECURITY, TESTING",Hybrid,Full-time,1-3 years,,
2861289,Product Manager (f/m/d)* - SEO/GEO,Engel & Völkers - Zentrale -,https://www.profession.hu/allas/product-manager-f-m-d-seo-geo-engel-volkers-zentrale-2861289?sessionId=ed7061b1d89e7c95ce70868e0e3baa03,2026-03-23,2026-03-25,True,Hamburg,,"{'English': 'B2'}, {'German': 'B2'}",Bachelor,,"Google Search Console, Sistrix, Screaming Frog",Hybrid,Full-time,5+ years,,
2861281,Automation Solution Consultant (f/m/div),CeramTec GmbH,https://www.profession.hu/allas/automation-solution-consultant-f-m-div-ceramtec-gmbh-2861281?sessionId=ed7061b1d89e7c95ce70868e0e3baa03,2026-03-23,2026-03-25,True,Plochingen near Stuttgart,,English: B2,Bachelor,UiPath,"Agentic AI, RPA solutions using UiPath",Hybrid,Full-time,1-3 years,,
2861272,Senior Firmware Developer — Smartcard & Mobile Credentials (m/f/d),SimonsVoss Technologies GmbH,https://www.profession.hu/allas/senior-firmware-developer-smartcard-mobile-credentials-m-f-d-simonsvoss-technologies-gmbh-2861272?sessionId=ed7061b1d89e7c95ce70868e0e3baa03,2026-03-23,2026-03-25,True,Unterföhring bei München,,"English: B2, German: B2",Középiskola,C++,"JIRA, Git, ACCESS SECURITY C TESTING HARDWARE BACKEND ISO",Hybrid,Full-time,5+ years,,
2861267,Working Student (m/f/d) – Automotive Radar Simulation & AI,Dassault Systemes Deutschland GmbH,https://www.profession.hu/allas/working-student-m-f-d-automotive-radar-simulation-ai-dassault-systemes-deutschland-gmbh-2861267?sessionId=ed7061b1d89e7c95ce70868e0e3baa03,2026-03-23,2026-03-25,True,München,,English: B2,Master's student in Electrical Engineering or a related field,"Python, C/C++",CST Studio Suite,Hybrid,Full-time,1-3 years,,
2861262,Senior Sales Consultant - Industry & Automation (m/f/d),The Stepstone Group EMEA GmbH,https://www.profession.hu/allas/senior-sales-consultant-industry-automation-m-f-d-the-stepstone-group-emea-gmbh-2861262?sessionId=ed7061b1d89e7c95ce70868e0e3baa03,2026-03-23,2026-03-23,False,Németország,,"English: C1, German: C1",Középiskola,,"ANALYTICS CLOUD C, SAP ACCESS",Full-time,Full-time,13+ years,,
2860454,Test Automation Engineer,ITech Consult AG,https://www.profession.hu/allas/test-automation-engineer-itech-consult-ag-2860454?sessionId=ed7061b1d89e7c95ce70868e0e3baa03,2026-03-23,2026-03-23,False,Rotkreuz,,English: B2,Bachelor,"Selenium, Cucumber, Rust","SELENIUM DEVOPS HARDWARE SECURITY ROBOT AZURE ISO TEST AUTOMATION CYPRESS CUCUMBER, Codebeamer, GitHub, Azure DevOps (ADO)",Full-time,Temporary,3-5 years,,
2860443,Solution Architect,Rieter,https://www.profession.hu/allas/solution-architect-rieter-2860443?sessionId=ed7061b1d89e7c95ce70868e0e3baa03,2026-03-23,2026-03-25,True,Winterthur,,"English: B2, German: B2",Master,"Rust, Java, Kotlin, React, Javascript, Typescript","CLOUD API ANALYTICS, JAVA, KOTLIN, REACT, JAVASCRIPT, NOSQL, LINUX, DEVOPS, AZURE, REST, CYPRESS",,Full-time,5-10 years,,
2860440,Product Owner – Driver Integration,CTC Analytics AG,https://www.profession.hu/allas/product-owner-driver-integration-ctc-analytics-ag-2860440?sessionId=ed7061b1d89e7c95ce70868e0e3baa03,2026-03-23,2026-03-25,True,Zwingen,,English: B2,Főiskola,,ANALYTICS ISO,On-site with home office,Full-time,1-3 years,,
2860437,OT Development Lead,Rieter,https://www.profession.hu/allas/ot-development-lead-rieter-2860437?sessionId=ed7061b1d89e7c95ce70868e0e3baa03,2026-03-23,2026-03-25,True,Winterthur,,"English: B2, German: B2","Bachelor's or Master's degree in Computer Science, Electrical Engineering, Industrial Automation, or related field","C, C++","Linux, EtherCAT, CANopen, Jira, Confluence, Azure DevOps",On-site with home office,Full-time,7-10 years,,
2860406,Szenior full-stack szoftverfejlesztő,Alias Innovations Kft.,https://www.profession.hu/allas/szenior-full-stack-szoftverfejleszto-alias-innovations-kft-2860406?sessionId=ed7061b1d89e7c95ce70868e0e3baa03,2026-03-23,2026-03-25,True,Magyarország,1.2M - 1.5M HUF brutto/month + 15% bónusz,Német: középfok,Középiskola,"Python, PHP, Vue, React, Docker, AWS, Azure, Cypress","Linux, GitLab CI/CD, Kubernetes, Cursor, Claude",Hibrid,Teljes munkaidő,5-10 év,,
2860405,Projektmenedzser BA/QA fókusszal,Alias Innovations Kft.,https://www.profession.hu/allas/projektmenedzser-ba-qa-fokusszal-alias-innovations-kft-2860405?sessionId=ed7061b1d89e7c95ce70868e0e3baa03,2026-03-23,2026-03-25,True,Országos lefedettség,600k - 900k bruttó + 15% bónusz EUR gross/month,"English: B2, German: B2",Középiskola,,"API, JIRA, AGILIS, SCRUM, KANBAN, ClickUp, Monday",Rugalmas munkarend,Teljes munkaidő,,,
2860404,"Folyamatelemző, ClickUp szakértő",Alias Innovations Kft.,https://www.profession.hu/allas/folyamatelemzo-clickup-szakerto-alias-innovations-kft-2860404?sessionId=ed7061b1d89e7c95ce70868e0e3baa03,2026-03-23,2026-03-25,True,Országos lefedettség,600k - 700k bruttó + 15% bónusz EUR gross/month,English: B2,Középiskola,,"CRM, API, ClickUp, n8n",On-site with home office,Full-time,,,
2854680,Senior QM Consultant,KOSTAL Global Business Services Center Kft.,https://www.profession.hu/allas/senior-qm-consultant-kostal-global-business-services-center-kft-2854680?sessionId=ed7061b1d89e7c95ce70868e0e3baa03,2026-03-23,2026-03-23,False,Budapest,,English: B2,Bachelor,,"ANALYTICS, SAP, SQL, CHANGE MANAGEMENT, DATABASE, PROJECT MANAGEMENT",Hybrid,Full-time,1-3 years,,
2860400,Senior IT PLM Engineer,KOSTAL Global Business Services Center Kft.,https://www.profession.hu/allas/senior-it-plm-engineer-kostal-global-business-services-center-kft-2860400?sessionId=ed7061b1d89e7c95ce70868e0e3baa03,2026-03-23,2026-03-23,False,Budapest,,English: B2,Bachelor,Python,"R DATABASE, UAT TESTING, PYTHON, CHANGE MANAGEMENT, DATA MANAGEMENT, PROJECT MANAGEMENT. LEAN",Hybrid,Full-time,3-5 years,,
2858312,Senior Full-Stack Engineer (NodeJS),SEON Technologies Kft.,https://www.profession.hu/allas/senior-full-stack-engineer-nodejs-seon-technologies-kft-2858312?sessionId=ed7061b1d89e7c95ce70868e0e3baa03,2026-03-23,2026-03-25,True,Budapest,,English: B2,Bachelor,"NodeJS, TypeScript, React, NestJS, REST, RDBMS, NOSQL","Docker, AWS, API, AGILE, DATABASE ACCESS, NODEJS, AUTOMATED TESTS",Hybrid,Full-time,3-5 years,,
2858324,Engineering Manager - Customer Support Engineering,SEON Technologies Kft.,https://www.profession.hu/allas/engineering-manager-customer-support-engineering-seon-technologies-kft-2858324?sessionId=ed7061b1d89e7c95ce70868e0e3baa03,2026-03-23,2026-03-25,True,Budapest,,,Középiskola,,ACCESS,Hybrid,Full-time,,,
2836242,Global Senior IT Procurement & Vendor Management Lead,AEBI SCHMIDT Holding AG,https://www.profession.hu/allas/global-senior-it-procurement-vendor-management-lead-aebi-schmidt-holding-ag-2836242?sessionId=ed7061b1d89e7c95ce70868e0e3baa03,2026-03-23,2026-03-23,False,Glattpark,,,"Bachelor's or Master's degree in Business, Law, Supply Chain, or a related field",,,On-site with home office,Full-time,>10 years,,
2862748,Business Analyst gyakornok,Euroleasing Zrt.,https://www.profession.hu/allas/business-analyst-gyakornok-euroleasing-zrt-budapest-2862748?sessionId=ed7061b1d89e7c95ce70868e0e3baa03,2026-03-25,2026-03-25,True,Budapest,,,Középiskola,,"Figma, Power Apps, Google AI Studio",Általános munkarend,Teljes munkaidő,,,
2862797,IT projektmenedzser,EURO ONE Számítástechnikai Zrt,https://www.profession.hu/allas/it-projektmenedzser-euro-one-szamitastechnikai-zrt-budapest-2862797?sessionId=ed7061b1d89e7c95ce70868e0e3baa03,2026-03-25,2026-03-25,True,Budapest,,,Főiskola,,"WORD, VISIO, POWERPOINT, MS OFFICE, PMP, EXCEL",Hybrid,Full-time,1-3 years,,
2862291,PLC programozó,Chervon Autó Kft.,https://www.profession.hu/allas/plc-programozo-chervon-auto-kft-miskolc-2862291?sessionId=ed7061b1d89e7c95ce70868e0e3baa03,2026-03-25,2026-03-25,True,Miskolc,,English: B2,Egyetem,,"ROBOT PLC, Siemens TIA Portál, Profinet",Rugalmas munkaidő,Teljes munkaidő,3-5 év tapasztalat,,
2862292,Projektmenedzser/Sub-system Manager (vasútipar/forgóváz gyártás),ALSTOM Hungary Kft.,https://www.profession.hu/allas/projektmenedzser-sub-system-manager-vasutipar-forgovaz-gyartas-alstom-hungary-kft-matranovak-2862292?sessionId=ed7061b1d89e7c95ce70868e0e3baa03,2026-03-25,2026-03-25,True,Mátranovák,30000 EUR gross/month,English: B2,"Felsőfokú végzettség (műszaki, pénzügyi)",,"SAP, EXCEL, WORD, AGILIS, POWERPOINT, ISO LEAN",Rugalmas munkaidő,Teljes munkaidő,1-3 years,,
2861835,Szenior SAP szakértő,ZWACK UNICUM NYRT.,https://www.profession.hu/allas/szenior-sap-szakerto-zwack-unicum-nyrt-budapest-2861835?sessionId=ed7061b1d89e7c95ce70868e0e3baa03,2026-03-25,2026-03-25,True,Budapest,,English: B2,Főiskola,ABAP,SAP,Hibrid (home office),Teljes munkaidő (full-time),3-5 év tapasztalat,,
2862083,Junior Szoftver technikus,Pannonjob Kft.,https://www.profession.hu/allas/junior-szoftver-technikus-pannonjob-kft-vecses-2862083?sessionId=ed7061b1d89e7c95ce70868e0e3baa03,2026-03-25,2026-03-25,True,Vecsés,,English: A1,Középiskola,LINUX,,2 műszak,Full-time,Pályakezdő/friss diplomás,,
2862049,Master Data Support Engineer,AVL,https://www.profession.hu/allas/master-data-support-engineer-avl-erd-2862049/pro?sessionId=ed7061b1d89e7c95ce70868e0e3baa03,2026-03-25,2026-03-25,True,Érd,,English: B2,Master,,"SAP ERP, CRM & SRM systems",Hybrid,Full-time,1-3 years,,
2862009,Java fejlesztő,Profession Services,https://www.profession.hu/allas/java-fejleszto-profession-services-veszprem-2862009/pro?sessionId=ed7061b1d89e7c95ce70868e0e3baa03,2026-03-25,2026-03-25,True,Veszprém,"{'min': 1200000, 'max': 2100000}",English: B2,Felsőoktatási szakképzés,"Java, Spring, Angular, Vue.js","Git, Github",Hybrid,Full-time,,,
2861947,ALM BI DevOps expert,OTP Bank Nyrt.,https://www.profession.hu/allas/alm-bi-devops-expert-otp-bank-nyrt-budapest-2861947/pro?sessionId=ed7061b1d89e7c95ce70868e0e3baa03,2026-03-25,2026-03-25,True,Budapest,,English: B2,Egyetem,"R, Python, Java, SQL, VBA, GIT, EXCEL, POWER BI","BI, DEVOPS, ALM",Hibrid,Teljes munkaidő,1-3 years,,
2861915,Szoftverfejlesztő munkatárs,BázisNet Kft.,https://www.profession.hu/allas/szoftverfejleszto-munkatars-bazisnet-kft-gyor-2861915?sessionId=ed7061b1d89e7c95ce70868e0e3baa03,2026-03-25,2026-03-25,True,Győr,,English: B1,Bachelor,"JavaScript, PHP, LINUX, VUE, DOCKER, UBUNTU","JAVASCRIPT, PHP, LINUX, VUE, DOCKER, UBUNTU",Hybrid,Full-time,1-3 years,,
2861846,Full stack .NET fejlesztő,VFT Zrt.,https://www.profession.hu/allas/full-stack-net-fejleszto-vft-zrt-budapest-2861846?sessionId=ed7061b1d89e7c95ce70868e0e3baa03,2026-03-25,2026-03-25,True,Budapest,,,Főiskola,"SQL, HTML, CSS, JAVASCRIPT, ANGULAR, ENTITY FRAMEWORK, ASP. C#","Laptop, Mobiltelefon","Home Office, távmunkavégzés lehetősége",Teljes munkaidő,3-5 év tapasztalat,,
2861087,Integrációs rendszerszervező,Fundamenta-Lakáskassza Zrt.,https://www.profession.hu/allas/integracios-rendszerszervezo-fundamenta-lakaskassza-zrt-2861087/pro?sessionId=ed7061b1d89e7c95ce70868e0e3baa03,2026-03-25,2026-03-25,True,Budapest,,,Főiskola,,"Enterprise Architect, Middleware, Tibco, MQ, REST API, Oracle, XML",Home office lehetőség,Teljes munkaidő alkalmazotti jogviszony,1-3 év tapasztalat,,
2861722,IT Rendszerszervező (Pénzügyi fókusz),Alfa Vienna Insurance Group Biztosító Zrt.,https://www.profession.hu/allas/it-rendszerszervezo-penzugyi-fokusz-alfa-vienna-insurance-group-biztosito-zrt-budapest-2861722?sessionId=ed7061b1d89e7c95ce70868e0e3baa03,2026-03-25,2026-03-25,True,Budapest,,"English: B2, Hungarian: C1",Főiskola (Bachelor),,"Oracle, UML, DevOps, Agilis, Confluence, Jira",Hybrid,Full-time,3-5 years,,
2861721,IT Rendszerszervező (CRM fókusz),Alfa Vienna Insurance Group Biztosító Zrt.,https://www.profession.hu/allas/it-rendszerszervezo-crm-fokusz-alfa-vienna-insurance-group-biztosito-zrt-budapest-2861721?sessionId=ed7061b1d89e7c95ce70868e0e3baa03,2026-03-25,2026-03-25,True,Budapest,,"English: B2, Hungarian: C1",Főiskola (Bachelor),,"CRM, UML, ENTERPRISE ARCHITECT, DEVOPS, AGILIS, CONFLUENCE, JIRA",Hybrid,Full-time,3-5 years,,
2861719,DataStore/ DWH IT Rendszerüzemeltető,Alfa Vienna Insurance Group Biztosító Zrt.,https://www.profession.hu/allas/datastore-dwh-it-rendszeruzemelteto-alfa-vienna-insurance-group-biztosito-zrt-budapest-2861719?sessionId=ed7061b1d89e7c95ce70868e0e3baa03,2026-03-25,2026-03-25,True,Budapest,,"English: B2, Hungarian: C1",Főiskola (College),"Oracle SQL, PL/SQL",Oracle APEX,Hybrid,Full-time,3-5 years,,
2862722,Product Taxonomy Intern - diákmunka,Mind-Diák Szövetkezet,https://www.profession.hu/allas/product-taxonomy-intern-diakmunka-mind-diak-szovetkezet-2862722?sessionId=ed7061b1d89e7c95ce70868e0e3baa03,2026-03-25,2026-03-25,True,Budapest,2600 Ft/hour gross,English: B2,High School with Diploma,,"DATABASE ANALYTICS, MS OFFICE, EXCEL, PROJECT MANAGEMENT","Flexible work schedule with 30 hours/week, 2 days in the office per week",Internship position (6 months),,,
2856595,IT munkatárs,Ex Machina Kft.,https://www.profession.hu/allas/it-munkatars-ex-machina-kft-szeged-2856595?sessionId=ed7061b1d89e7c95ce70868e0e3baa03,2026-03-25,2026-03-25,True,Szeged,,English: B2,Középiskola,,"Laptop, Debian Linux op. rendszer",Általános munkarend,Teljes munkaidő Alkalmazotti jogviszony,1-3 év tapasztalat,,
2862230,Debug technikus (Üllő),Work Force Kft.,https://www.profession.hu/allas/debug-technikus-ullo-work-force-kft-ullo-2862230?sessionId=ed7061b1d89e7c95ce70868e0e3baa03,2026-03-25,2026-03-25,True,Üllő,,English,Középiskola,"Linux OS, CLI parancsok",,2-3 műszakos munkarend,Full-time,Pályakezdő/friss diplomás,,
2862064,Product Owner (digitális fejlesztések / e-commerce),ReachRise Digital Zrt.,https://www.profession.hu/allas/product-owner-digitalis-fejlesztesek-e-commerce-reachrise-digital-zrt-budapest-2862064?sessionId=ed7061b1d89e7c95ce70868e0e3baa03,2026-03-25,2026-03-25,True,Budapest,,English: B2,Középiskola,,"CRM, API, TRELLO, EXCEL, AGILE, WATERFALL",Hibrid,Teljes munkaidő,3-5 év tapasztalat,,
2861869,Adatbázis üzemeltető rendszermérnök,Pillér Nonprofit Kft,https://www.profession.hu/allas/adatbazis-uzemelteto-rendszermernok-piller-nonprofit-kft-budapest-2861869?sessionId=ed7061b1d89e7c95ce70868e0e3baa03,2026-03-25,2026-03-25,True,Budapest,,English: B1,Középiskola,"POSTGRESQL, SQL, PLSQL, LINUX, ORACLE, ANSIBLE, BASH, PYTHON",,Hibrid,Teljes munkaidő,1-3 év tapasztalat,,
2861847,IT projektkoordinátor,Digitális Magyarország Ügynökség Zrt.,https://www.profession.hu/allas/it-projektkoordinator-digitalis-magyarorszag-ugynokseg-zrt-budapest-2861847?sessionId=ed7061b1d89e7c95ce70868e0e3baa03,2026-03-25,2026-03-25,True,Budapest,,,,,"Atlassian termékcsalád (JIRA, Confluence)",Home Office,Full-time,1-3 years,,
2861800,AI Tech Lead,Futureal Shared Services Partnership,https://www.profession.hu/allas/ai-tech-lead-futureal-shared-services-partnership-budapest-2861800?sessionId=ed7061b1d89e7c95ce70868e0e3baa03,2026-03-25,2026-03-25,True,Budapest,,English: B2,Főiskola,Python,"ERP, API, CLOUD, AZURE, AWS",Hybrid,Full-time,3-5 years,,
2857158,Azure System Specialist,MOL Nyrt.,https://www.profession.hu/allas/azure-system-specialist-mol-nyrt-budapest-2857158?sessionId=ed7061b1d89e7c95ce70868e0e3baa03,2026-03-25,2026-03-25,True,Budapest,,English: B2,"Bachelor's degree in computer science, IT, or related field",,"Azure-native and custom components, PowerShell, Azure CLI, CI/CD, Azure DevOps, SonarCloud, JMeter, Selenium, Appium, Postman, Jira, Confluence",Hybrid,Full-time,2-3 years,,
2862654,C# Fejlesztő,DruIT Szolgáltató Zrt.,https://www.profession.hu/allas/c-fejleszto-druit-szolgaltato-zrt-2862654?sessionId=ed7061b1d89e7c95ce70868e0e3baa03,2026-03-25,2026-03-25,True,Budapest,,"{'English': 'B2'}, {'German': 'B2'}",Egyetem,"C#, .net","Jetbrains Rider, Git, Jira, Doors Enterprise Architect, Sonar Qube",Hibrid,Teljes munkaidő,5-10 év,,
2862652,Senior Software Engineer in Test (iOS),Diligent Governance Hungary Kft.,https://www.profession.hu/allas/senior-software-engineer-in-test-ios-diligent-governance-hungary-kft-2862652?sessionId=ed7061b1d89e7c95ce70868e0e3baa03,2026-03-25,2026-03-25,True,Budapest,,,Középiskola,"IOS, DEVOPS, GIT, BACKEND","AUTOMATED TESTS, TROUBLESHOOTING",Hybrid,Full-time,5-10 év tapasztalat,,
2858315,Senior Android POS fejlesztő,DruIT Szolgáltató Zrt.,https://www.profession.hu/allas/senior-android-pos-fejleszto-druit-szolgaltato-zrt-2858315?sessionId=ed7061b1d89e7c95ce70868e0e3baa03,2026-03-25,2026-03-25,True,Budapest,,English: B2,Középiskola,"ANDROID, KOTLIN","GIT, ISO",Hibrid,Teljes munkaidő,,,
2862648,Senior Java Engineer – Data Platform Framework,Hawk-Eye Innovations Ltd.,https://www.profession.hu/allas/senior-java-engineer-data-platform-framework-hawk-eye-innovations-ltd-2862648?sessionId=ed7061b1d89e7c95ce70868e0e3baa03,2026-03-25,2026-03-25,True,Budapest,,,High School with Diploma,Java,"AWS, APACHE SPARK, ACCESS",Hybrid,Full-time,,,
2862645,Sportsbook – Performance Architect,Betsson Group,https://www.profession.hu/allas/sportsbook-performance-architect-betsson-group-2862645?sessionId=ed7061b1d89e7c95ce70868e0e3baa03,2026-03-25,2026-03-25,True,Budapest,,,High School with Diploma,,"AWS, Kubernetes",Hybrid,Full-time,3-5 years,,
2862611,SAP Data Engineer - Bridging S/4 Expertise with AI Solutions and SAP-RPT (f/m/d),SAP SE,https://www.profession.hu/allas/sap-data-engineer-bridging-s-expertise-with-ai-solutions-and-sap-rpt-f-m-d-sap-se-2862611?sessionId=ed7061b1d89e7c95ce70868e0e3baa03,2026-03-25,2026-03-25,True,Germany,,English: B2,"Master's degree in Computer Science, Artificial Intelligence, or other relevant disciplines.","Python, ABAP, SQL","SAP S/4HANA backend, AWS, GCP, Azure",Hybrid,Full-time,2+ years of professional experience,,
2862598,Senior-Software-Entwickler/in (m/w/d),Buena,https://www.profession.hu/allas/senior-software-entwickler-in-m-w-d-buena-2862598?sessionId=ed7061b1d89e7c95ce70868e0e3baa03,2026-03-25,2026-03-25,True,Berlin,,English: B2,Középiskola,"TypeScript, React, Node.js","DATABASE FRONTEND, REACT, NODE.JS",Hybrid,Full-time,1-3 years,,
2862568,Content & Support Specialist (m/f/d),MED-EL Medical Electronics,https://www.profession.hu/allas/content-support-specialist-m-f-d-med-el-medical-electronics-2862568?sessionId=ed7061b1d89e7c95ce70868e0e3baa03,2026-03-25,2026-03-25,True,Innsbruck,47810.14 EUR gross/month,"English: B2, German: B2",Bachelor,,,Full-time,Full-time,1-3 years,,
2862558,System Trainer (f/m/d),The Stepstone Group GmbH,https://www.profession.hu/allas/system-trainer-f-m-d-the-stepstone-group-gmbh-2862558?sessionId=ed7061b1d89e7c95ce70868e0e3baa03,2026-03-25,2026-03-25,True,Germany,,English: B2,Bachelor,,"CRM, ERP, CLOUD, CHANGE MANAGEMENT, AGILE",Hybrid,Full-time,3-5 years,,
2862554,Research Software Engineer / Scientific Researcher (m/f/d),Karlsruher Institut für Technologie (KIT) Campus Nord,https://www.profession.hu/allas/research-software-engineer-scientific-researcher-m-f-d-karlsruher-institut-fur-technologie-kit-campus-nord-2862554?sessionId=ed7061b1d89e7c95ce70868e0e3baa03,2026-03-25,2026-03-25,True,Karlsruhe,,English: B2,"Master's level, PhD","C++, Python, Fortran","Linux, Git, MPI, OpenMP",Hybrid,Full-time,1-3 years,,
2862533,Pricing Manager (m/f/d) Legal Services & Legal Tech,Bird & Bird LLP,https://www.profession.hu/allas/pricing-manager-m-f-d-legal-services-legal-tech-bird-bird-llp-2862533?sessionId=ed7061b1d89e7c95ce70868e0e3baa03,2026-03-25,2026-03-25,True,"Frankfurt, Düsseldorf",,"['English: B2'], ['German']",Bachelor's degree with a finance qualification,,"Excel, Power BI",Hybrid,Full-time,1-3 years,,
2862531,Working Student Product Owner Support Insurance Platform of Services,Mercedes-Benz Insurance Services GmbH,https://www.profession.hu/allas/working-student-product-owner-support-insurance-platform-of-services-mercedes-benz-insurance-services-gmbh-2862531?sessionId=ed7061b1d89e7c95ce70868e0e3baa03,2026-03-25,2026-03-25,True,Németország,,English: felsőfok,Középiskola,,"TESTING, AGILE, AUTOMATED TESTS",Hybrid,Full-time,1-3 év tapasztalat,,
2862528,Senior Agile Business Analyst Industrial Insurance Claims,HDI Global,https://www.profession.hu/allas/senior-agile-business-analyst-industrial-insurance-claims-hdi-global-2862528?sessionId=ed7061b1d89e7c95ce70868e0e3baa03,2026-03-25,2026-03-25,True,Germany,,English: C1,Bachelor,,,Hybrid (up to 60% mobile),Full-time,1-3 years,,
2862524,Business Analyst SAP MM / PP / EWM,BBC Cellpack GmbH,https://www.profession.hu/allas/business-analyst-sap-mm-pp-ewm-bbc-cellpack-gmbh-2862524?sessionId=ed7061b1d89e7c95ce70868e0e3baa03,2026-03-25,2026-03-25,True,Germany,,English: B2,Bachelor,,SAP,Hybrid,Full-time,1-3 years,,
2862520,Software Test Engineer and DevOps,European Southern Observatory (ESO),https://www.profession.hu/allas/software-test-engineer-and-devops-european-southern-observatory-eso-2862520?sessionId=ed7061b1d89e7c95ce70868e0e3baa03,2026-03-25,2026-03-25,True,Garching near Munich,,English: Excellent,,"Java, Python","Jenkins, GitLab CI/CD, GitHub Actions, Azure DevOps, Ansible, Docker, Kubernetes, Postman, Selenium, Cypress, JMeter, Gatling, Nexus, Artifactory",,Full-time,1-3 years,,
2862519,Software Developer - Integration Testing and DevOps,European Southern Observatory (ESO),https://www.profession.hu/allas/software-developer-integration-testing-and-devops-european-southern-observatory-eso-2862519?sessionId=ed7061b1d89e7c95ce70868e0e3baa03,2026-03-25,2026-03-25,True,"Garching near Munich, Germany",,English: B2,University degree in computer science or equivalent,"C++, Python","Git/Gitlab, Puppet, Ansible, Jenkins",,Full-time,3-5 years,,
2862518,SAP ABAP Developer,Finatycs GmbH,https://www.profession.hu/allas/sap-abap-developer-finatycs-gmbh-2862518?sessionId=ed7061b1d89e7c95ce70868e0e3baa03,2026-03-25,2026-03-25,True,Berlin,,"English: B2, German: B2",Középiskola,"SAP ABAP, ABAP-OO, ODATA","SAP CLOUD, AGILE",Hybrid,Full-time,5+ years,,
2862508,Engineering Manager - Customer Risk Lifecycle,N26 GmbH,https://www.profession.hu/allas/engineering-manager-customer-risk-lifecycle-n-gmbh-2862508?sessionId=ed7061b1d89e7c95ce70868e0e3baa03,2026-03-25,2026-03-25,True,Németország,,English: B2,Egyetem,,Windows,Általános munkarend,Teljes munkaidő,1-3 év tapasztalat,,
2862503,Where you belong: The SAP Customer Value Group's AI Center of Excellence (AI4U) team is focused o,SAP SE,https://www.profession.hu/allas/where-you-belong-the-sap-customer-value-group-s-ai-center-of-excellence-ai-u-team-is-focused-o-sap-se-2862503?sessionId=ed7061b1d89e7c95ce70868e0e3baa03,2026-03-25,2026-03-25,True,Németország,,English: B2,"Bachelor's or Master's degree in Computer Science, Engineering, or related field and/or 10 years of expertise in various applicable technical roles","Python, JavaScript, Java, NodeJS","SAP Build, GenAI Hub, SAP HANA Cloud, BTP Services, Jupyter, Pandas",,Full-time,1-3 years,,
2862497,IT Business Partner Finance & Controlling (m/f/d),Liebherr-IT Services GmbH,https://www.profession.hu/allas/it-business-partner-finance-controlling-m-f-d-liebherr-it-services-gmbh-2862497?sessionId=ed7061b1d89e7c95ce70868e0e3baa03,2026-03-25,2026-03-25,True,Németország,,"{'Language': 'German', 'Level': 'B2'}, {'Language': 'English', 'Level': 'B2'}",Bachelor,,,Hybrid,Full-time,3-5 years,,
2862479,Senior Developer (f/m/d) AI Core SDKs for SAP Business AI,SAP SE,https://www.profession.hu/allas/senior-developer-f-m-d-ai-core-sdks-for-sap-business-ai-sap-se-2862479?sessionId=ed7061b1d89e7c95ce70868e0e3baa03,2026-03-25,2026-03-25,True,Germany,,English: B2,Bachelor,"Python, Java, TypeScript","SAP, PYTHON, JAVA, ACCESS, SPRING, TESTING, CLOUD, @SAP. REST, MAVEN",Hybrid,Full-time,1-3 years,,
2862468,Data Engineer (m/f/d),MISUMI Europa GmbH,https://www.profession.hu/allas/data-engineer-m-f-d-misumi-europa-gmbh-2862468?sessionId=ed7061b1d89e7c95ce70868e0e3baa03,2026-03-25,2026-03-25,True,Frankfurt,,English: B2,Bachelor,"Java, SQL","Talend, Git, Bitbucket, PostgreSQL, Oracle",Hybrid,Full-time,3-5 years,,
2862463,Master - SAP AI Engineering Architect (f/m/d),SAP SE,https://www.profession.hu/allas/master-sap-ai-engineering-architect-f-m-d-sap-se-2862463?sessionId=ed7061b1d89e7c95ce70868e0e3baa03,2026-03-25,2026-03-25,True,Németország,,English: B2,"Bachelor's or Master's degree in Computer Science, Engineering, or related field and/or 10 years of expertise in various applicable technical roles","Python, JavaScript, Java, NodeJS","SAP Build, GenAI Hub, SAP HANA Cloud, BTP Services, Jupyter, Pandas",,Full-time,1-3 years,,
2862457,System Designer - Cloud Infrastructure (m/f/d),Ericsson GmbH,https://www.profession.hu/allas/system-designer-cloud-infrastructure-m-f-d-ericsson-gmbh-2862457?sessionId=ed7061b1d89e7c95ce70868e0e3baa03,2026-03-25,2026-03-25,True,Herzogenrath,,"English: B2, German",Bachelor/Master (or equivalent),"Python, C++, JavaScript, BASH","Docker, GIT, UNIX, AGILE, SCRUM",Hybrid,Full-time,1-3 years,,
2862436,Data Engineer (m/f/d) – Procurement Reporting,ALDI Einkauf SE & Co. oHG,https://www.profession.hu/allas/data-engineer-m-f-d-procurement-reporting-aldi-einkauf-se-co-ohg-2862436?sessionId=ed7061b1d89e7c95ce70868e0e3baa03,2026-03-25,2026-03-25,True,Germany,,English: B2,Bachelor,"Python, SQL, Spark","BI, DEVOPS, ANALYTICS, AZURE, GIT, SCRUM, POWER BI",Hybrid,Full-time,5+ years,,
2862430,Senior Manager Business Process Excellence - Inbound to Outbound (f/m/x),ZEISS,https://www.profession.hu/allas/senior-manager-business-process-excellence-inbound-to-outbound-f-m-x-zeiss-2862430?sessionId=ed7061b1d89e7c95ce70868e0e3baa03,2026-03-25,2026-03-25,True,Németország,,English: B2,Középiskola,,"SAP S/4HANA, AEB for foreign trade",On-site with home office,Full-time,5+ years,,
2862401,IT Project Manager (f/m/d),BMG RIGHTS MANAGEMENT GmbH - Corporate,https://www.profession.hu/allas/it-project-manager-f-m-d-bmg-rights-management-gmbh-corporate-2862401?sessionId=ed7061b1d89e7c95ce70868e0e3baa03,2026-03-25,2026-03-25,True,Berlin,,English: B2,"Bachelor's degree in Computer Science, Information Technology, Business Engineering, or a related field.",,,Hybrid,Full-time,5+ years,,
2862400,SAP Technology Consultant (m/f/d),ALDI Einkauf SE & Co. oHG,https://www.profession.hu/allas/sap-technology-consultant-m-f-d-aldi-einkauf-se-co-ohg-2862400?sessionId=ed7061b1d89e7c95ce70868e0e3baa03,2026-03-25,2026-03-25,True,Germany,,"English: B2, German: B2",Bachelor,,"SAP CLOUD API, SAP MM standard processes, MDM strategies, SAP BTP services",Hybrid,Full-time,1-3 years,,
2862399,Software Developer (f/m/x),ZEISS,https://www.profession.hu/allas/software-developer-f-m-x-zeiss-2862399?sessionId=ed7061b1d89e7c95ce70868e0e3baa03,2026-03-25,2026-03-25,True,Németország,,English: B2,Főiskola,"C++, QML","HMI TESTING SECURITY ISO, LINUX, GIT, DEBUGGING, AGILE",Teljes munkaidő Általános munkarend,Full-time,1-3 years,,
2862390,SAP S/4HANA Public Cloud Finance Consultant (m/f/d) [Full-time / part-time] - Tieto Tech Consulting,Tieto Germany GmbH,https://www.profession.hu/allas/sap-s-hana-public-cloud-finance-consultant-m-f-d-full-time-part-time-tieto-tech-consulting-tieto-germany-gmbh-2862390?sessionId=ed7061b1d89e7c95ce70868e0e3baa03,2026-03-25,2026-03-25,True,"Vienna, Linz, Graz, Berlin, Regensburg",,"English: C1, German: C1",Bachelor,,SAP S/4HANA Public Cloud,Hybrid,Full-time,3-5 years,,
2862386,Pflichtpraktikum Quality Assurance (m/w/d),montamo GmbH,https://www.profession.hu/allas/pflichtpraktikum-quality-assurance-m-w-d-montamo-gmbh-2862386?sessionId=ed7061b1d89e7c95ce70868e0e3baa03,2026-03-25,2026-03-25,True,Németország,,"English: B2, German: B2",Középiskola,Cypress,TESTING REGRESSION TESTING SOFTWARE TESTING CYPRESS Maestro,Általános munkarend,Teljes munkaidő,1-3 év tapasztalat,,
2862106,Rust Software Engineer,Flexsis AG,https://www.profession.hu/allas/rust-software-engineer-flexsis-ag-2862106?sessionId=ed7061b1d89e7c95ce70868e0e3baa03,2026-03-25,2026-03-25,True,Switzerland,,English: B2,Bachelor,Rust,"tokio, actix-web, rocket, serde, sqlx",Full-time,Full-time,1-3 years,,
2862099,C++ Software Engineer,Lyncée Tec SA,https://www.profession.hu/allas/c-software-engineer-lyncee-tec-sa-2862099?sessionId=ed7061b1d89e7c95ce70868e0e3baa03,2026-03-25,2026-03-25,True,Svájc,,English: B2,Master’s degree or equivalent in computer science or a related domain,"C++, C#","GIT, VISUAL STUDIO",Full-time,Full-time,1-3 years,,
2862097,C# Software Engineer,Lyncée Tec SA,https://www.profession.hu/allas/c-software-engineer-lyncee-tec-sa-2862097?sessionId=ed7061b1d89e7c95ce70868e0e3baa03,2026-03-25,2026-03-25,True,Svájc,,English: B2,"Master’s degree or equivalent in computer science, applied mathematics or a related domain","C#, .NET, WPF, C++, CUDA","git, Visual Studio",Full-time,Full-time,1-3 years,,
2861706,Principal Java Engineer - Football Squad,Hawk-Eye Innovations Ltd.,https://www.profession.hu/allas/principal-java-engineer-football-squad-hawk-eye-innovations-ltd-2861706?sessionId=ed7061b1d89e7c95ce70868e0e3baa03,2026-03-25,2026-03-25,True,Budapest,,,Középiskola,Java,"Spring Boot, AWS, Datadog",Hybrid,Full-time,,,
2861699,Principal Software Engineer - C++ (Cloud Video Framework),Hawk-Eye Innovations Ltd.,https://www.profession.hu/allas/principal-software-engineer-c-cloud-video-framework-hawk-eye-innovations-ltd-2861699?sessionId=ed7061b1d89e7c95ce70868e0e3baa03,2026-03-25,2026-03-25,True,Budapest,1.8M HUF - 2.5M HUF per month,,High School with Diploma,C++,"AWS, GIT, VISUAL STUDIO",Hybrid,Full-time,,,
2861698,Data Engineer,Betsson Group,https://www.profession.hu/allas/data-engineer-betsson-group-2861698?sessionId=ed7061b1d89e7c95ce70868e0e3baa03,2026-03-25,2026-03-25,True,Budapest,,English: B2,Középiskola,"Python, Scala","GIT, DATABASES, AWS, SPARK, CLOUD DATABASE, APACHE SQL API, LINUX, DOCKER, ANALYTICS, POWERSHELL, UNIX",Hybrid,Full-time,1-3 years,,
2861695,Senior C++ Unreal Software Engineer,Hawk-Eye Innovations Ltd.,https://www.profession.hu/allas/senior-c-unreal-software-engineer-hawk-eye-innovations-ltd-2861695?sessionId=ed7061b1d89e7c95ce70868e0e3baa03,2026-03-25,2026-03-25,True,"Basingstoke, London, Bristol","58,810 - 80,190 GBP gross/year",,Bachelor,"C++, Blueprints, HLSL/GLSL","Unreal Engine (ideally Unreal 5), DirectX/OpenGL/Vulkan, Git",Hybrid,Full-time,1-3 years,,
2861694,Senior Java Engineer – Football Squad,Hawk-Eye Innovations Ltd.,https://www.profession.hu/allas/senior-java-engineer-football-squad-hawk-eye-innovations-ltd-2861694?sessionId=ed7061b1d89e7c95ce70868e0e3baa03,2026-03-25,2026-03-25,True,Budapest,,,Középiskola,"Java, Spring","AWS, DOCKER, ACCESS",Hybrid,Full-time,,,
2861693,Senior Software Engineer - C++ (SMART Officiating),Hawk-Eye Innovations Ltd.,https://www.profession.hu/allas/senior-software-engineer-c-smart-officiating-hawk-eye-innovations-ltd-2861693?sessionId=ed7061b1d89e7c95ce70868e0e3baa03,2026-03-25,2026-03-25,True,Budapest,,,High School with Diploma,C++,"GIT, TESTING, VISUAL STUDIO, AWS ACCESS, DEBUGGING",Hybrid,Full-time,,,
2861689,Senior Verification Engineer,ARM Hungary Kft.,https://www.profession.hu/allas/senior-verification-engineer-arm-hungary-kft-2861689?sessionId=ed7061b1d89e7c95ce70868e0e3baa03,2026-03-25,2026-03-25,True,Budapest,,,High School with Diploma,"C, C++, SystemVerilog, Tcl, Perl, Python",UVM,Hybrid,Full-time,,,
2861687,Infrastructure & Platform Automation Engineer,Silurus Software Korlátolt Felelősségű Társaság,https://www.profession.hu/allas/infrastructure-platform-automation-engineer-silurus-software-korlatolt-felelossegu-tarsasag-2861687?sessionId=ed7061b1d89e7c95ce70868e0e3baa03,2026-03-25,2026-03-25,True,Budapest,,English: B2,Középiskola,"POWERSHELL, BASH, ANSIBLE, AZURE DEVOPS, CLOUD, WINDOWS, LINUX, VMWARE","Terraform, Azure DevOps Server, Cloud (SaaS), Windows-alapú workloadok automatizálása, Linux-alapú pipeline agent-ekkel",Hibrid,Teljes munkaidő,Nem kell tapasztalat,,
2858375,SAP SD Consultant,NTT Magyarország Kft.,https://www.profession.hu/allas/sap-sd-consultant-ntt-magyarorszag-kft-2858375?sessionId=ed7061b1d89e7c95ce70868e0e3baa03,2026-03-25,2026-03-25,True,Budapest,,English: B2,Főiskola (Bachelor),"SAP ABAP, ACCESS, DEBUGGING",SAP S/4 HANA,Hybrid,Full-time,3-5 years,,
